# vtk DataFile Version 2.0
polydata
ASCII
DATASET POLYDATA
POINTS 9994 double
 2.41486e+00  4.20123e+00  3.71384e-01
 2.25242e+00  3.44915e+00  1.95384e+00
 3.33229e+00  3.66911e+00  8.79539e-01
 2.43074e+00  3.49041e+00  1.99451e+00
 2.15154e+00  4.32346e+00  1.61199e+00
 2.65824e+00  3.71807e+00  2.02326e+00
 2.90398e+00  4.36331e+00  1.74596e+00
 3.29430e+00  3.81376e+00  1.33934e+00
 2.65522e+00  4.42420e+00  6.71289e-01
 2.09340e+00  3.54291e+00  1.89295e+00
 3.21322e+00  3.46868e+00  9.56088e-01
 2.76843e+00  3.48996e+00  3.34271e-01
 2.32556e+00  4.39393e+00  7.90779e-01
 2.55035e+00  4.42351e+00  5.84898e-01
 3.27863e+00  3.50497e+00  7.59964e-01
 3.16975e+00  4.07623e+00  1.87067e+00
 3.14182e+00  4.10909e+00  1.86998e+00
 2.25622e+00  4.31392e+00  1.84046e+00
 2.43120e+00  4.32225e+00  1.88462e+00
 2.61769e+00  4.16245e+00  1.95400e+00
 2.09691e+00  3.54090e+00  1.90148e+00
 2.52350e+00  3.28614e+00  1.58638e+00
 3.10452e+00  3.48424e+00  6.07503e-01
 2.41316e+00  3.35864e+00  3.86717e-01
 2.40211e+00  3.35036e+00  4.38899e-01
 2.55958e+00  3.26426e+00  1.50900e+00
 2.41484e+00  3.36235e+00  3.78776e-01
 2.41755e+00  4.16948e+00  3.58980e-01
-1.22577e+00  3.91349e+00 -1.46400e-01
-1.62505e+00  3.63990e+00  5.77480e-01
-1.70766e+00  3.70612e+00  7.30986e-01
-2.65050e+00  4.48531e+00 -5.23784e-02
-2.68312e+00  3.26083e+00  3.67698e-01
-2.38791e+00  3.94687e+00 -6.52700e-01
-1.80397e+00  3.16554e+00 -5.50056e-01
-2.52326e+00  3.07697e+00  3.74882e-01
-1.38980e+00  3.60718e+00 -6.49384e-01
-1.50286e+00  4.99988e+00  3.94690e-01
-1.57991e+00  5.01714e+00  2.98167e-01
-1.45093e+00  3.52016e+00 -7.24838e-01
-2.71069e+00  4.19306e+00  2.64763e-01
-1.83898e+00  4.28405e+00  9.89338e-01
-1.84838e+00  4.06743e+00  9.99987e-01
-2.48001e+00  3.30994e+00  5.34144e-01
-1.89775e+00  4.04631e+00 -9.04975e-01
-2.61716e+00  4.52350e+00 -6.92389e-02
-2.50031e+00  3.91581e+00 -5.41415e-01
-1.82629e+00  3.21159e+00 -6.35604e-01
-1.77611e+00  3.18738e+00 -5.89208e-01
-1.83197e+00  4.07843e+00 -8.80595e-01
-2.05740e+00  3.06863e+00  2.26206e-01
-2.61583e+00  2.93948e+00  1.80792e-01
-2.63928e+00  2.99288e+00  2.48621e-01
-2.62045e+00  2.94301e+00  1.82262e-01
-1.94036e+00  3.13061e+00 -4.90835e-01
-2.33028e+00  4.20277e+00 -5.76079e-01
-1.95452e+00  3.86282e+00 -9.50601e-01
-1.43794e+00  3.56345e+00 -7.56974e-01
-2.13435e+00  3.13395e+00  3.73773e-01
-2.13133e+00  3.04938e+00  2.64822e-01
-2.60121e+00  2.98285e+00  2.69121e-01
-2.58743e+00  2.94440e+00  2.17224e-01
-1.75512e+00  3.58771e+00 -9.35486e-01
-1.55394e+00  3.62629e+00 -8.70337e-01
 7.68205e-01 -6.59847e+00  2.27169e+00
 7.71503e-02 -5.62995e+00  2.73567e+00
 6.97564e-01 -5.78242e+00  3.07651e+00
 1.10861e+00 -6.40098e+00  2.75566e+00
 9.77021e-01 -5.95413e+00  3.12121e+00
 9.35813e-01 -6.51295e+00  2.49761e+00
 7.71819e-01 -6.61987e+00  2.26768e+00
-2.09451e+00 -5.16185e+00  3.20277e+00
-2.09329e+00 -3.84176e+00  2.65799e+00
-1.11660e+00 -4.17777e+00  2.49147e+00
-2.28892e+00 -4.47101e+00  3.37647e+00
-1.74339e+00 -3.69940e+00  3.39745e+00
-1.98829e+00 -4.86011e+00  3.99082e+00
-2.00346e+00 -5.38178e+00  3.41569e+00
-1.86255e+00 -3.90663e+00  2.31377e+00
-1.93016e+00 -3.94436e+00  2.31639e+00
-9.04893e-01 -4.43041e+00  2.78784e+00
-1.50299e+00 -4.05072e+00  4.16017e+00
-1.77558e+00 -4.76630e+00  2.29021e+00
-1.65666e+00 -3.87923e+00  4.02375e+00
-2.19358e+00 -4.59256e+00  3.90818e+00
-2.00393e+00 -3.74850e+00  2.72966e+00
-1.38310e+00 -4.12758e+00  2.23135e+00
-9.27238e-01 -4.38972e+00  2.66377e+00
-9.77940e-01 -4.66149e+00  2.63694e+00
-1.75742e+00 -4.65942e+00  2.20361e+00
-1.62397e+00 -4.70280e+00  2.18304e+00
-1.70273e+00 -3.97407e+00  4.08308e+00
-1.57253e+00 -3.97826e+00  4.13250e+00
-1.74228e+00 -4.68217e+00  2.19895e+00
-1.40245e+00 -4.48469e+00  2.18682e+00
-1.77338e+00 -4.76598e+00  2.28735e+00
-9.78610e-01 -4.60901e+00  2.59736e+00
-1.53725e+00 -5.15975e+00  2.58833e+00
-1.49011e+00 -5.28822e+00  2.71935e+00
-2.08715e+00 -4.92097e+00  3.95445e+00
-2.05606e+00 -5.04707e+00  3.88231e+00
 7.61058e-01 -2.72463e+00 -5.61452e+00
 1.44638e+00 -1.86210e+00 -4.76785e+00
 7.94188e-01 -2.48310e+00 -4.93144e+00
 1.31283e+00 -1.33091e+00 -5.41918e+00
 1.11936e+00 -2.04645e+00 -4.76062e+00
 2.15588e+00 -2.17804e+00 -5.11168e+00
 7.04687e-01 -2.67651e+00 -5.60305e+00
 6.64013e-01 -2.64283e+00 -5.34188e+00
 9.34740e-01 -2.12465e+00 -4.78445e+00
 6.09424e-01 -2.00556e+00 -5.10358e+00
 1.08740e+00 -1.38413e+00 -5.49389e+00
 1.72009e+00 -1.63071e+00 -5.78766e+00
 2.14258e+00 -1.98113e+00 -5.39516e+00
 1.20301e+00 -1.70392e+00 -5.89689e+00
 1.03543e+00 -2.30185e+00 -6.00952e+00
 1.05796e+00 -2.33080e+00 -6.00909e+00
 1.80704e+00 -1.54206e+00 -5.67223e+00
 2.16536e+00 -2.10508e+00 -5.23345e+00
 2.13758e+00 -2.02388e+00 -5.40991e+00
 1.75422e+00 -2.01651e+00 -5.83299e+00
 1.05257e+00 -2.60148e+00 -4.99628e+00
 6.22013e-01 -2.51022e+00 -5.10234e+00
 8.07688e-01 -2.76499e+00 -5.49173e+00
 1.24608e+00 -2.71982e+00 -5.10480e+00
 6.01672e-01 -2.03807e+00 -5.11197e+00
 7.07725e-01 -2.58853e+00 -5.65043e+00
-2.69273e+00 -3.19859e+00 -3.94821e+00
-3.05903e+00 -3.95908e+00 -3.21312e+00
-2.25198e+00 -3.22602e+00 -3.28506e+00
-2.10911e+00 -3.78782e+00 -3.05913e+00
-2.44132e+00 -3.98954e+00 -4.41475e+00
-2.80419e+00 -3.37581e+00 -2.94711e+00
-2.25314e+00 -3.67394e+00 -4.31811e+00
-2.89384e+00 -3.56467e+00 -2.80638e+00
-3.01255e+00 -3.82992e+00 -2.83787e+00
-2.95988e+00 -3.92903e+00 -2.87446e+00
-2.87212e+00 -4.10695e+00 -2.95941e+00
-2.65653e+00 -4.19927e+00 -3.01506e+00
-2.40608e+00 -3.86958e+00 -4.46139e+00
-2.09330e+00 -4.29761e+00 -3.28745e+00
-2.66922e+00 -3.40273e+00 -4.35191e+00
-2.18643e+00 -4.32519e+00 -3.47208e+00
-2.93837e+00 -3.82245e+00 -4.08269e+00
-2.91146e+00 -3.69560e+00 -4.12448e+00
-2.16942e+00 -3.31862e+00 -3.27558e+00
-2.18904e+00 -3.20131e+00 -3.37207e+00
-2.97079e+00 -3.82002e+00 -4.02333e+00
-2.95294e+00 -3.78433e+00 -4.07877e+00
-2.57297e+00 -3.13813e+00 -4.19905e+00
-2.26100e+00 -3.43452e+00 -4.21494e+00
-2.50453e+00 -3.13068e+00 -4.17042e+00
-2.23982e+00 -3.14243e+00 -3.80212e+00
-2.08243e+00 -4.29500e+00 -3.18423e+00
-2.27441e+00 -4.35495e+00 -3.14911e+00
 2.06216e-01 -5.45326e+00  4.17310e+00
-2.70537e-01 -5.06549e+00  4.00999e+00
 1.10478e+00 -5.16418e+00  3.99652e+00
 3.50328e-01 -5.20109e+00  2.74363e+00
 6.17707e-01 -5.07491e+00  2.83554e+00
 3.10506e-01 -4.31711e+00  3.62939e+00
-4.73946e-01 -5.46176e+00  2.77479e+00
 1.14150e+00 -5.15481e+00  3.59072e+00
 1.07644e+00 -5.24949e+00  4.03824e+00
-3.57999e-02 -5.45857e+00  2.63247e+00
-4.93540e-01 -5.44996e+00  2.79225e+00
 6.49661e-01 -4.61070e+00  3.19283e+00
-4.21534e-02 -4.47421e+00  3.71940e+00
 1.14414e+00 -5.17219e+00  3.71886e+00
 1.07177e+00 -5.61271e+00  3.20710e+00
 6.13066e-01 -4.86907e+00  2.96494e+00
 1.15716e+00 -5.19850e+00  3.58590e+00
 1.08176e+00 -5.59465e+00  3.20671e+00
 1.10983e+00 -5.56207e+00  3.27165e+00
 3.21257e-01 -4.32126e+00  3.57060e+00
-7.24776e-02 -4.52152e+00  3.51512e+00
 5.19362e+00  2.42459e+00  2.19926e+00
 6.01193e+00  2.27197e+00  1.60298e+00
 4.63667e+00  1.87024e+00  1.96050e+00
 5.40538e+00  2.35338e+00  1.37709e+00
 4.75857e+00  2.08080e+00  1.28063e+00
 6.14824e+00  1.75092e+00  1.59135e+00
 5.33013e+00  2.12393e+00  2.35869e+00
 5.85003e+00  2.31718e+00  2.03726e+00
 4.90046e+00  2.44009e+00  1.58774e+00
 6.14608e+00  2.05752e+00  1.37286e+00
 5.85491e+00  2.00198e+00  2.25421e+00
 6.08358e+00  1.47549e+00  1.97996e+00
 5.54759e+00  2.00635e+00  1.00974e+00
 5.59144e+00  2.03062e+00  1.02182e+00
 5.14013e+00  1.27383e+00  1.96441e+00
 4.84725e+00  1.61995e+00  2.15708e+00
 4.55983e+00  2.29441e+00  1.81183e+00
 4.71556e+00  2.48163e+00  1.87114e+00
 4.88973e+00  1.84807e+00  1.02521e+00
 4.86297e+00  1.60463e+00  1.37885e+00
-1.87733e+00  1.08423e-01  5.20651e+00
-2.71428e+00  1.37110e-01  4.07648e+00
-2.37797e+00 -6.98795e-02  3.67692e+00
-2.31756e+00  8.62378e-02  3.59205e+00
-1.81843e+00 -2.96127e-02  5.13250e+00
-1.59768e+00  5.64429e-01  4.78485e+00
-2.53261e+00 -3.53301e-01  4.17280e+00
-1.71110e+00  2.02331e-01  5.05418e+00
-2.15003e+00  3.15457e-01  3.68160e+00
-2.17297e+00  3.84789e-01  5.23139e+00
-2.40925e+00 -5.21969e-01  4.31282e+00
-2.60222e+00  2.12065e-01  4.78982e+00
-2.38970e+00  2.30796e-01  3.67096e+00
-2.46269e+00 -4.87455e-01  4.30447e+00
-2.70735e+00  1.12327e-01  4.06964e+00
-2.43511e+00 -9.24768e-02  3.74873e+00
-5.57309e-01 -9.28160e-01  1.29176e+00
 3.35725e-01 -1.11612e+00  1.76327e+00
 4.45391e-01 -6.47768e-01  1.00538e+00
-5.98025e-01 -3.48053e-02  1.97221e+00
 2.24794e-01 -3.51554e-01  1.00454e+00
-3.97449e-01 -5.43283e-01  2.25896e+00
-2.37956e-01 -7.07608e-01  2.20677e+00
-6.04199e-01 -3.53645e-02  1.98309e+00
 5.21607e-01 -8.55004e-01  1.13487e+00
 1.38976e-01 -1.30044e+00  1.70410e+00
-3.92207e-01 -5.45991e-01  2.26224e+00
-4.19569e-01 -4.04067e-01  7.52154e-01
 1.19914e-01 -1.50714e+00  1.29045e+00
-5.99767e-01 -5.43247e-02  1.99913e+00
-7.46689e-01 -1.10062e-01  1.87280e+00
-6.52865e-01 -1.92056e-01  2.02316e+00
-9.18387e-01 -3.04174e-01  1.13117e+00
-8.60728e-01 -2.89338e-01  1.08580e+00
-3.11370e-01 -1.18850e+00  1.19837e+00
-2.47832e-01 -8.63001e-01  6.90630e-01
-3.72448e-01 -6.92889e-01  6.90912e-01
-9.14137e-01 -3.03809e-01  1.12356e+00
 4.71552e-01 -1.11322e+00  1.53555e+00
 3.33766e-01 -1.42587e+00  1.09760e+00
 2.37127e-01 -1.47744e+00  1.15268e+00
 1.17625e-01 -1.12313e+00  7.54822e-01
 3.31223e-01 -1.42264e+00  1.05469e+00
 3.07381e-01 -1.43148e+00  1.03069e+00
-3.17339e+00  5.58683e+00 -3.47060e+00
-3.59618e+00  5.36723e+00 -2.75490e+00
-3.68439e+00  5.29780e+00 -3.22529e+00
 3.02706e+00  1.50045e+00  5.91763e+00
 2.98467e+00  1.52175e+00  5.91403e+00
 3.04314e+00  1.50429e+00  5.90566e+00
-2.15681e-01 -3.83149e+00 -5.85769e+00
 7.19497e-01 -3.55494e+00 -5.28416e+00
 3.18155e-01 -4.26518e+00 -5.08681e+00
 7.71461e-01 -2.75433e+00 -5.63124e+00
 5.13254e-01 -2.63169e+00 -5.16901e+00
-9.53300e-01 -3.20795e+00 -5.16075e+00
 5.14212e-01 -4.19569e+00 -5.18617e+00
-8.60194e-01 -3.29090e+00 -5.55653e+00
 8.50210e-01 -2.87077e+00 -5.52677e+00
-9.15513e-01 -3.16685e+00 -5.03883e+00
 1.68746e-01 -3.41611e+00 -5.97715e+00
 3.87507e-01 -3.29510e+00 -5.97143e+00
 5.51154e-01 -2.70151e+00 -5.68132e+00
 6.03239e-01 -2.96859e+00 -5.84807e+00
 8.40553e-01 -2.86064e+00 -5.54844e+00
 6.68573e-01 -2.91242e+00 -5.78284e+00
-5.74301e-01 -2.76130e+00 -5.39099e+00
-7.91607e-01 -3.19762e+00 -5.57629e+00
-3.25077e-01 -2.65595e+00 -4.81094e+00
-3.94434e-01 -3.66697e+00 -4.71660e+00
-7.05711e-01 -3.40808e+00 -4.73043e+00
-9.25813e-01 -3.22908e+00 -5.03465e+00
-7.09151e-01 -2.80654e+00 -5.10892e+00
-9.19057e-01 -3.11586e+00 -5.09047e+00
-4.05920e-01 -2.66879e+00 -4.84987e+00
 1.33105e-02 -2.64021e+00 -4.91384e+00
-5.05631e-01 -3.01934e+00 -4.65292e+00
-5.96200e-01 -3.11674e+00 -4.67830e+00
-3.58120e-01 -2.66056e+00 -4.79657e+00
-3.42801e-01 -2.70850e+00 -4.73275e+00
 3.38938e-01 -4.28620e+00 -5.35665e+00
 3.76238e-01 -4.27046e+00 -5.35254e+00
-5.92633e-01 -2.71368e+00 -5.04628e+00
-6.42948e-01 -2.73439e+00 -5.15947e+00
-3.90858e+00  3.86598e+00 -9.79147e-01
-4.14894e+00  3.02736e+00 -8.74221e-01
-4.29718e+00  3.93570e+00 -1.10465e+00
-4.48195e+00  4.54288e+00 -8.21336e-01
-4.46352e+00  4.52018e+00 -8.36806e-01
-4.66490e+00  3.51544e+00 -1.09114e+00
-5.47243e+00  3.69136e+00 -1.04324e-01
-4.62364e+00  3.74747e+00  3.77702e-01
-5.03687e+00  4.49845e+00 -6.01657e-01
-4.21041e+00  3.49756e+00  3.99495e-01
-3.90516e+00  3.83085e+00 -9.98051e-01
-5.38413e+00  3.87330e+00 -6.66027e-01
-5.22101e+00  4.05547e+00  9.54672e-02
-5.47959e+00  3.69601e+00  4.86177e-02
-4.20540e+00  4.25442e+00 -4.78034e-01
-4.00310e+00  4.03208e+00 -3.51860e-01
-4.08782e+00  3.51665e+00  2.98273e-01
-3.98145e+00  3.11426e+00 -8.57498e-01
-5.42097e+00  3.62660e+00 -4.64135e-02
-5.44711e+00  4.21516e+00 -5.23876e-01
-4.87482e+00  3.78892e+00  3.87389e-01
-4.41207e+00  3.05424e+00 -4.83993e-01
-5.50091e+00  3.72277e+00  2.74645e-02
-5.51032e+00  3.95026e+00 -4.79751e-02
-4.89029e+00  3.68246e+00  4.10621e-01
-4.27387e+00  3.47109e+00  4.09613e-01
-3.91089e+00  3.36221e+00 -8.96707e-01
-3.92765e+00  3.17935e+00 -7.57353e-01
-4.20447e+00  2.84099e+00 -9.37494e-01
-4.16227e+00  1.85205e+00 -4.72135e-01
-3.72334e+00  1.63880e+00  6.39990e-02
-4.49640e+00  2.41552e+00  9.85464e-01
-2.96846e+00  2.89643e+00  2.12954e-02
-3.14864e+00  2.19639e+00 -1.38502e-01
-4.07702e+00  3.12395e+00  9.65882e-01
-3.44382e+00  2.37989e+00 -7.57487e-01
-3.97839e+00  3.08218e+00 -8.76772e-01
-4.62623e+00  2.43313e+00  1.87290e-01
-4.60456e+00  2.50446e+00  8.23884e-01
-3.55315e+00  3.30235e+00  6.41053e-01
-4.05646e+00  3.13578e+00  9.55186e-01
-4.00258e+00  1.69530e+00 -4.06007e-01
-4.44076e+00  2.96968e+00 -5.07797e-01
-3.44301e+00  2.43494e+00 -7.83547e-01
-3.81737e+00  3.47638e+00  6.79287e-01
-4.05954e+00  3.28555e+00  8.84057e-01
-2.94664e+00  2.75374e+00 -5.60528e-02
-4.17087e+00  2.87800e+00 -9.56663e-01
-3.91546e+00  1.69928e+00  2.36657e-01
-3.68073e+00  1.65225e+00  3.71286e-02
-3.87977e+00  1.62395e+00 -2.16866e-02
-3.95466e+00  1.66112e+00 -2.99042e-01
-4.07204e+00  3.14470e+00  9.58087e-01
-4.31157e+00  3.36245e+00  5.87509e-01
-3.49494e+00  3.29638e+00  5.93988e-01
-3.56146e+00  3.33750e+00  6.27881e-01
-4.04414e+00  3.53005e+00  4.41180e-01
-3.89950e+00  2.85128e+00 -9.57575e-01
-4.16096e+00  2.87943e+00 -9.57832e-01
 3.64742e+00  4.54914e+00 -2.78584e+00
 2.58621e+00  4.22794e+00 -3.44383e+00
 3.66023e+00  4.29407e+00 -3.32413e+00
 2.57081e+00  4.31373e+00 -3.60905e+00
 2.55161e+00  4.31407e+00 -3.47516e+00
 2.64409e+00  4.15135e+00 -3.60646e+00
 3.49683e+00  4.18124e+00 -3.55912e+00
 2.64125e+00  4.15965e+00 -3.61298e+00
 3.48614e+00  4.17670e+00 -3.56851e+00
-3.63221e+00 -9.69628e-01 -4.63380e+00
-4.41214e+00 -7.30169e-01 -4.84316e+00
-3.66274e+00 -1.28395e+00 -4.91717e+00
-4.16586e+00 -6.64596e-01 -4.73651e+00
-3.29906e+00 -9.40553e-01 -4.74875e+00
-4.32605e+00 -1.21775e+00 -4.95337e+00
-3.68385e+00 -1.28428e+00 -4.90846e+00
-3.55573e+00 -1.17039e+00 -5.41431e+00
-3.04385e+00 -6.90583e-01 -5.02256e+00
-4.21510e+00 -1.05912e+00 -4.80151e+00
-3.80965e+00 -9.23578e-01 -4.62278e+00
-5.67434e+00 -6.47419e-01 -3.47116e+00
-5.60263e+00 -6.18199e-01 -3.60094e+00
-5.58378e+00 -7.31689e-01 -3.54891e+00
 1.86568e+00 -1.78576e+00  5.88499e+00
 1.56987e+00 -1.60029e+00  6.76225e+00
 2.20051e+00 -2.48749e+00  6.06990e+00
 1.73734e+00 -1.89935e+00  5.98178e+00
 1.45517e+00 -1.94755e+00  6.48936e+00
 2.84776e+00 -2.45261e+00  6.71596e+00
 2.01336e+00 -1.25373e+00  6.36056e+00
 2.98452e+00 -1.41317e+00  6.51373e+00
 1.70032e+00 -1.73734e+00  7.05123e+00
 2.75399e+00 -2.56876e+00  6.67296e+00
 2.43379e+00 -1.75986e+00  7.40170e+00
 1.49528e+00 -2.07399e+00  6.57483e+00
 3.00487e+00 -1.90362e+00  7.04541e+00
 2.79094e+00 -2.53554e+00  6.68079e+00
 2.61906e+00 -1.22140e+00  6.56322e+00
 2.63515e+00 -1.68805e+00  7.36505e+00
 3.00799e+00 -1.57773e+00  6.77768e+00
 2.97117e+00 -1.77136e+00  7.15634e+00
 2.10550e+00 -2.46397e+00  6.06158e+00
 2.74764e+00 -2.57025e+00  6.66807e+00
 2.54983e+00 -1.94653e+00  5.95352e+00
 2.90516e+00 -1.64168e+00  6.30484e+00
 1.79406e+00 -2.34958e+00  6.42362e+00
 1.91940e+00 -2.03221e+00  5.84817e+00
 1.98662e+00 -1.93727e+00  5.79703e+00
 2.35047e+00 -2.02800e+00  5.82923e+00
-1.30114e+00 -3.71408e+00  2.03552e+00
-2.10636e+00 -4.69325e+00  1.80599e+00
-2.32666e+00 -4.12919e+00  2.08467e+00
-2.20648e+00 -3.93383e+00  2.19234e+00
-1.95368e+00 -3.67088e+00  2.08289e+00
-1.20672e+00 -3.45337e+00  1.37169e+00
-1.77446e+00 -3.74213e+00  2.21604e+00
-1.58634e+00 -4.79284e+00  1.68321e+00
-2.69298e+00 -4.42129e+00  1.43506e+00
-2.53586e+00 -4.03028e+00  1.25227e+00
-2.30260e+00 -3.82116e+00  2.06003e+00
-1.14528e+00 -3.49679e+00  1.46407e+00
-1.94799e+00 -3.82774e+00  9.21263e-01
-2.69062e+00 -4.17087e+00  1.66415e+00
-2.28801e+00 -4.36936e+00  9.26157e-01
-2.59523e+00 -4.35812e+00  1.15060e+00
-2.65510e+00 -4.02189e+00  1.68029e+00
-1.13327e+00 -3.60471e+00  1.37644e+00
-1.24547e+00 -3.48652e+00  1.24907e+00
-1.55006e+00 -4.77751e+00  1.60352e+00
-1.27776e+00 -4.49490e+00  1.66526e+00
 3.03883e+00  2.10726e+00  1.41947e+00
 3.29012e+00  2.48041e+00  1.51100e+00
 3.49331e+00  2.33912e+00  1.76117e+00
 2.55593e+00  3.23727e+00  1.52792e+00
 3.10138e+00  2.11730e+00  1.42950e+00
 3.19391e+00  2.91592e+00  2.77027e+00
 2.29699e+00  2.32726e+00  1.35269e+00
 1.95447e+00  3.22716e+00  2.15964e+00
 1.97107e+00  2.37302e+00  1.72031e+00
 2.03746e+00  3.30296e+00  2.10922e+00
 2.07267e+00  2.23104e+00  1.54265e+00
 2.05413e+00  2.16724e+00  1.63047e+00
 2.01869e+00  2.20561e+00  1.69932e+00
 2.02174e+00  2.72225e+00  2.57301e+00
 2.29147e+00  2.88233e+00  2.76575e+00
 1.98575e+00  2.86858e+00  2.62166e+00
 2.86149e+00  3.22264e+00  2.64347e+00
 2.34422e+00  2.86760e+00  2.78303e+00
 3.01900e+00  3.08975e+00  2.75004e+00
 2.99755e+00  2.94281e+00  2.83761e+00
 2.56643e+00  3.41832e+00  2.24478e+00
 1.86215e+00  2.97595e+00  2.13333e+00
 1.93362e+00  2.95598e+00  2.48558e+00
 1.30505e+00  2.85853e+00 -2.87007e+00
 7.16539e-01  3.84828e+00 -3.05811e+00
 9.61822e-01  3.12001e+00 -3.97022e+00
 3.22433e-01  3.73156e+00 -3.39102e+00
 1.28539e+00  2.84536e+00 -2.85112e+00
 2.41590e-01  2.74628e+00 -3.07971e+00
 1.27355e+00  2.40496e+00 -3.31166e+00
 1.32754e+00  2.72462e+00 -2.88126e+00
 1.24796e+00  2.38062e+00 -3.26686e+00
 1.29535e+00  2.67142e+00 -2.86904e+00
 2.05442e-01  2.89327e+00 -2.89628e+00
 3.05269e-02  2.87527e+00 -3.10273e+00
 1.32572e+00  2.72220e+00 -2.87942e+00
 2.11058e-01  3.57077e+00 -3.92827e+00
 5.57323e-01  3.08157e+00 -2.54435e+00
 8.70941e-01  2.93163e+00 -2.65019e+00
 5.64719e-02  3.34765e+00 -3.68123e+00
-2.23242e-02  3.00104e+00 -3.21980e+00
 3.25130e-01  3.58695e+00 -3.03898e+00
 5.19211e-01  3.61954e+00 -2.81517e+00
 1.89011e-01  3.65656e+00 -3.81304e+00
 2.30308e-01  3.55708e+00 -3.93839e+00
 8.06508e-01  3.85934e+00 -3.11798e+00
 1.04187e+00  3.76717e+00 -3.20852e+00
 8.62611e-01  3.82203e+00 -3.39296e+00
 9.79689e-01  3.72445e+00 -3.47211e+00
 9.36359e-01  3.43844e+00 -3.83855e+00
 9.44429e-01  3.83465e+00 -3.18704e+00
 9.02288e-01  3.85884e+00 -3.19389e+00
 8.70335e-01  3.86086e+00 -3.15701e+00
 3.07323e-01  3.45602e+00 -3.96544e+00
 1.23954e-01  3.43316e+00 -3.82478e+00
 1.74027e-01  3.63020e+00 -3.81827e+00
 1.79885e-01  3.55474e+00 -3.90085e+00
 1.99034e-01  3.65702e+00 -3.82649e+00
 5.14942e-01  3.74497e+00 -3.60856e+00
-7.16505e-01 -1.02283e+00  5.97507e-01
-1.20147e+00 -1.46947e+00  9.82838e-01
-1.13626e+00 -3.25731e-01  1.24918e+00
-1.14756e+00 -3.41953e-01  1.25645e+00
-5.52299e-01 -9.25414e-01  5.59199e-01
-1.05235e+00 -2.86968e-01  1.17120e+00
-1.15045e+00 -3.63264e-01  1.27637e+00
-1.24071e+00 -1.18089e+00  1.76187e+00
-3.56780e-01 -8.43644e-01  5.72198e-01
-1.24793e+00 -1.54222e+00  1.53969e+00
-7.41578e-01 -8.27209e-01  6.81640e-01
-1.07955e+00 -2.86492e-01  1.20031e+00
-1.24100e+00 -1.68503e+00  1.32109e+00
-6.51291e-01 -1.55371e+00  1.55778e+00
-7.85033e-01 -1.49767e+00  1.63574e+00
-9.56934e-01 -1.33779e+00  1.70802e+00
 6.75267e-01 -6.14795e+00 -8.15465e-01
 1.20802e+00 -6.23670e+00 -1.29763e+00
 7.40227e-01 -6.01037e+00 -7.76551e-01
 9.42416e-01 -5.90388e+00 -1.09100e+00
 1.34685e+00 -5.94917e+00 -1.22588e+00
 1.41420e+00 -6.05758e+00 -1.28763e+00
 1.25174e+00 -6.41276e+00 -2.86994e-01
 1.86056e+00 -6.35664e+00 -7.27818e-01
 1.91270e+00 -6.50579e+00 -9.26352e-01
 8.52582e-01 -6.08818e+00 -1.13675e+00
 6.36479e-01 -6.27682e+00 -9.01963e-01
 3.11702e+00 -6.39746e+00  3.79089e+00
 2.70699e+00 -6.47682e+00  3.47663e+00
 2.93618e+00 -6.32194e+00  3.90680e+00
 3.12741e+00 -6.41180e+00  3.76120e+00
 2.49314e+00 -3.25691e+00  4.30897e+00
 2.90643e+00 -2.76473e+00  4.87957e+00
 3.66371e+00 -2.72247e+00  4.97451e+00
 2.90788e+00 -2.76204e+00  4.87719e+00
 3.88933e+00 -3.75260e+00  4.34283e+00
 2.95510e+00 -2.97539e+00  4.48172e+00
 4.17024e+00 -3.55126e+00  4.46499e+00
 2.50232e+00 -3.25982e+00  4.29993e+00
 2.84803e+00 -2.82530e+00  4.75761e+00
 2.80257e+00 -3.62062e+00  4.21346e+00
 2.46174e+00 -3.37058e+00  4.61723e+00
 3.70706e+00 -2.90776e+00  4.63113e+00
 4.15364e+00 -3.34544e+00  4.53981e+00
 2.54532e+00 -3.36938e+00  4.26573e+00
 2.46510e+00 -3.30576e+00  4.34150e+00
-4.77132e+00 -4.03320e+00  1.81221e+00
-4.56446e+00 -3.57839e+00  1.95360e+00
-4.95244e+00 -3.53163e+00  1.24702e+00
-5.35740e+00 -4.20535e+00  2.15477e+00
-5.12085e+00 -2.79357e+00  1.71660e+00
-4.88628e+00 -3.21875e+00  2.44402e+00
-4.75806e+00 -3.24160e+00  1.44726e+00
-5.40219e+00 -3.46984e+00  2.67931e+00
-5.01330e+00 -2.92398e+00  1.62070e+00
-5.75607e+00 -2.98604e+00  1.66771e+00
-5.48603e+00 -4.05749e+00  2.35353e+00
-5.27349e+00 -3.31009e+00  2.68526e+00
-5.64719e+00 -2.77698e+00  1.78862e+00
-4.80749e+00 -3.27629e+00  1.37717e+00
-5.03192e+00 -3.91483e+00  1.29495e+00
-4.98372e+00 -3.47836e+00  1.26293e+00
-4.81965e+00 -3.26762e+00  1.37847e+00
-2.91304e-01 -3.46354e+00  2.63095e+00
-2.79174e-01 -3.44600e+00  1.55411e+00
 2.57173e-01 -3.65414e+00  1.50942e+00
-3.43908e-03 -4.40912e+00  1.83972e+00
-6.78511e-02 -3.84474e+00  2.73536e+00
-4.90784e-01 -3.48065e+00  1.58155e+00
 1.99903e-01 -4.07240e+00  2.43678e+00
-1.83672e-01 -4.44707e+00  2.09865e+00
-1.30099e-01 -4.10616e+00  1.55952e+00
-7.69659e-02 -4.45031e+00  1.86756e+00
 4.16763e-01 -4.09969e+00  1.90447e+00
-8.15145e-02 -4.34532e+00  1.74789e+00
-7.37620e-01 -3.24956e+00  2.16681e+00
-6.19686e-01 -4.06925e+00  2.59262e+00
-5.83339e-01 -3.40303e+00  1.68960e+00
-3.03270e-01 -3.42381e+00  1.58429e+00
-3.10390e-01 -3.21064e+00  2.21457e+00
-8.30558e-01 -3.40904e+00  2.24171e+00
-3.35913e-01 -3.31649e+00  2.47890e+00
-8.49454e-01 -3.27298e+00  2.11528e+00
-7.89269e-01 -3.62227e+00  2.41412e+00
-7.72523e-01 -3.57592e+00  2.41898e+00
-8.74027e-02 -3.32817e+00  1.83265e+00
 1.97941e-01 -3.56974e+00  1.51254e+00
-4.35303e-01 -3.47596e+00  1.56980e+00
-4.82068e-01 -3.49062e+00  1.57466e+00
-7.16160e-01 -3.85686e+00  2.54282e+00
-6.67504e-01 -3.63489e+00  2.53545e+00
-1.60470e+00 -3.20135e+00  3.49378e+00
-1.18412e+00 -3.19383e+00  3.04731e+00
-1.69857e+00 -3.66704e+00  3.90470e+00
-8.25390e-01 -3.38691e+00  3.50530e+00
-8.24028e-01 -4.25146e+00  2.65440e+00
-9.21938e-01 -3.45440e+00  3.88429e+00
-8.92334e-01 -4.42231e+00  2.80227e+00
-1.77125e+00 -3.37537e+00  3.58652e+00
-1.05195e+00 -4.04752e+00  3.90396e+00
-1.49619e+00 -4.04689e+00  4.16646e+00
-1.07141e+00 -3.44065e+00  3.97391e+00
-1.45622e+00 -3.81877e+00  4.16482e+00
-1.50943e+00 -3.97096e+00  4.18159e+00
-3.30543e+00  4.99789e-01  2.80768e-01
-3.26281e+00  2.64069e-01  1.50423e-01
-3.30374e+00  4.05977e-01 -1.22437e+00
-4.02145e+00  1.64083e+00 -4.12363e-01
-4.31665e+00  5.64208e-01 -9.16047e-02
-4.30057e+00  6.96160e-01 -7.57071e-03
-3.00180e+00  4.37459e-01 -7.96194e-01
-3.81137e+00  9.67554e-01 -1.08570e+00
-4.12319e+00  1.41847e+00 -1.04776e-01
-3.37003e+00  8.77597e-01  4.76481e-01
-3.27476e+00  2.60683e-01  1.52762e-01
-4.04297e+00  1.04432e-01 -2.50649e-01
-4.06495e+00  1.17112e+00 -8.13915e-01
-4.02446e+00  1.63834e+00 -4.13501e-01
-3.52795e+00  3.40843e-01 -1.16617e+00
-3.65521e+00  7.44611e-01 -1.19848e+00
-3.34528e+00  1.43503e+00  3.37108e-01
-3.32392e+00  1.48424e+00  2.56411e-01
-2.31065e+00 -2.89139e+00 -3.05597e+00
-1.88595e+00 -2.98034e+00 -2.18413e+00
-2.52156e+00 -2.46575e+00 -3.06638e+00
-1.98545e+00 -2.63591e+00 -3.45270e+00
-2.11279e+00 -2.96372e+00 -2.12116e+00
-2.11023e+00 -2.42580e+00 -2.02150e+00
-2.14276e+00 -2.24456e+00 -3.49391e+00
-1.71524e+00 -2.09525e+00 -3.22023e+00
-2.24380e+00 -2.93941e+00 -2.80686e+00
-1.44938e+00 -2.50961e+00 -3.13693e+00
-1.67313e+00 -2.89162e+00 -2.18565e+00
-2.08012e+00 -2.55179e+00 -1.90156e+00
-2.31483e+00 -2.51534e+00 -2.01617e+00
-2.24342e+00 -2.61976e+00 -1.90034e+00
-1.99528e+00 -2.58595e+00 -3.46682e+00
-1.93803e+00 -2.62027e+00 -3.43947e+00
-4.50453e-01 -2.14045e+00  3.36194e+00
-9.00434e-01 -3.20722e+00  4.06495e+00
-4.56773e-01 -1.97286e+00  3.90213e+00
-1.66037e+00 -2.68418e+00  3.34386e+00
-4.52701e-01 -2.08717e+00  4.03693e+00
-1.31967e+00 -2.81227e+00  2.65262e+00
-8.66590e-01 -2.49410e+00  2.82743e+00
-7.92181e-01 -3.38207e+00  3.87195e+00
-5.36596e-01 -3.23233e+00  3.65135e+00
-4.18575e-01 -3.02476e+00  3.60733e+00
-4.37063e-01 -2.50866e+00  3.22022e+00
-1.47764e+00 -2.75075e+00  2.87521e+00
-1.30191e+00 -2.75158e+00  2.62485e+00
-1.50356e+00 -2.86470e+00  2.91676e+00
-1.70491e+00 -3.04720e+00  3.38143e+00
-7.79731e-01 -2.10481e+00  3.93909e+00
-5.74414e-01 -2.20011e+00  4.12458e+00
 3.55867e+00 -3.33535e+00 -1.15457e+00
 2.88233e+00 -2.82558e+00 -9.51700e-01
 2.98233e+00 -3.24408e+00 -4.36018e-01
 2.94532e+00 -2.72211e+00 -9.71163e-01
 4.48622e+00 -2.93668e+00 -4.33150e-01
 3.60670e+00 -3.65616e+00 -7.16369e-01
 3.71017e+00 -2.46993e+00 -2.65564e-01
 3.94990e+00 -2.56684e+00  1.20625e-01
 4.49082e+00 -2.71932e+00 -4.79910e-01
 3.56991e+00 -2.77484e+00 -1.31868e+00
 3.74297e+00 -3.68428e+00 -7.30994e-01
 3.95374e+00 -2.53605e+00  9.64777e-02
 4.28749e+00 -2.64429e+00 -5.46710e-02
 4.16121e+00 -2.62929e+00 -9.49616e-01
 3.87381e+00 -2.94037e+00 -1.26418e+00
 4.05748e+00 -2.67316e+00 -1.07984e+00
 3.16143e+00 -2.80386e+00 -1.31820e+00
 3.13633e+00 -2.84099e+00 -1.30781e+00
 3.89295e+00 -3.45965e+00 -1.11155e+00
 3.89704e+00 -3.46573e+00 -1.10452e+00
 4.25957e+00 -2.72200e+00  1.86569e-02
 4.40039e+00 -3.05806e+00 -2.27691e-01
-2.72335e+00  1.03885e+00  6.15657e+00
-2.25207e+00  9.44405e-01  5.88921e+00
-2.17071e+00  5.74894e-01  5.96384e+00
-2.27259e+00  5.95918e-01  5.92143e+00
-2.56870e+00  6.57961e-01  6.10696e+00
-2.27834e+00  7.51133e-01  5.87372e+00
-2.28025e+00  7.60453e-01  5.87195e+00
-2.67833e+00  8.88997e-01  6.10633e+00
-2.73052e+00  1.03620e+00  6.15991e+00
-2.67674e+00  8.65043e-01  6.11320e+00
 2.92263e+00  9.37128e-01  1.39137e+00
 3.46166e+00  5.48099e-01  7.77818e-01
 3.39913e+00  4.75264e-01  8.63055e-01
 2.98726e+00  1.02322e+00  1.30198e+00
 2.65893e+00  1.23910e+00 -3.90367e-02
 2.12037e+00  4.18682e-01  8.08655e-01
 2.43482e+00  1.45027e+00  1.59102e-01
 2.78367e+00  1.39858e+00  4.05248e-01
 2.52023e+00  9.66849e-02  4.39804e-01
 3.14066e+00  1.03677e+00  3.87309e-02
 2.56589e+00  1.24473e-01  3.79623e-01
 2.66894e+00  6.47892e-02  4.02425e-01
 3.47240e+00  6.06294e-01  3.14856e-01
 2.86856e+00  6.62782e-02  4.02575e-01
 1.95110e+00  1.06113e+00  8.23173e-01
 2.50525e+00  9.10287e-01  1.36411e+00
 1.94973e+00  1.03199e+00  8.32893e-01
 2.16196e+00  7.09831e-01  1.13906e+00
 3.40536e+00  7.07921e-01  1.63289e-01
 3.00844e+00  1.15779e-01  4.57724e-01
 2.93199e+00  9.80171e-01  1.37478e+00
 2.83070e+00  9.48545e-01  1.40505e+00
-1.21010e-01  2.67359e-01  2.07928e+00
 7.57528e-01 -4.81249e-01  1.16329e+00
 1.09559e+00  2.77973e-01  2.30410e+00
-1.71011e-01  9.67153e-02  2.38025e+00
 6.75590e-01 -9.07778e-01  1.82790e+00
-6.40892e-02  9.56600e-02  2.43427e+00
-1.72371e-01  1.29393e-01  2.34489e+00
 9.52970e-01  2.17562e-01  2.39611e+00
 6.13569e-02 -3.99896e-01  2.71555e+00
 6.02583e-03 -4.15752e-01  2.61762e+00
 7.27524e-01  6.30332e-01  1.52478e+00
-1.19894e-01  4.38874e-02  2.46162e+00
 1.08420e+00  3.38836e-01  1.75921e+00
 1.31025e+00 -6.90867e-02  1.84094e+00
 7.25560e-01  6.22921e-01  1.45213e+00
 1.02790e+00  4.20597e-01  2.00510e+00
 1.28462e+00 -2.92355e-01  1.70000e+00
 7.07885e-01 -3.11320e-01  1.06612e+00
 3.57736e-01 -7.28242e-01  2.26585e+00
 1.14630e-01 -4.19337e-01  2.72802e+00
 6.01103e-01 -1.27569e-01  1.06921e+00
 6.69149e-01 -3.28842e-02  1.06162e+00
 6.70844e-01 -4.19466e-02  1.05930e+00
 6.63985e-01 -4.33671e-02  1.06001e+00
 7.55211e-01 -2.56214e-01  1.05951e+00
 8.80611e-01 -3.69010e-01  1.16030e+00
 7.19413e-01  6.19745e-01  1.44294e+00
 4.84302e-01  5.48567e-01  1.63915e+00
 3.63443e+00 -1.91706e+00  5.41436e+00
 3.64610e+00 -1.29645e+00  5.66790e+00
 3.53595e+00 -1.06320e+00  5.83244e+00
 3.13699e+00 -1.43450e+00  6.10230e+00
 3.15188e+00 -1.41786e+00  5.91573e+00
 3.24024e+00 -1.27038e+00  6.13893e+00
 3.33820e+00 -1.12373e+00  5.92659e+00
 3.50808e+00 -1.04677e+00  5.85619e+00
 3.53639e+00 -1.04213e+00  5.85820e+00
-3.16750e+00 -5.21756e+00 -3.48524e+00
-3.38383e+00 -4.86850e+00 -3.95531e+00
-3.93601e+00 -4.76092e+00 -3.32345e+00
-3.49081e+00 -4.74257e+00 -3.59677e+00
-3.34187e+00 -4.97491e+00 -3.37400e+00
-3.29672e+00 -5.04071e+00 -3.36513e+00
-3.93029e+00 -4.77299e+00 -3.31074e+00
-3.28615e+00 -5.01361e+00 -3.90139e+00
-2.77718e+00 -1.18850e+00  1.66130e+00
-3.50415e+00 -1.51830e+00  6.07783e-01
-3.51466e+00 -1.51646e+00  6.22989e-01
-2.36738e+00 -9.84071e-01  3.27093e-01
-2.74744e+00 -1.23036e+00  1.66208e+00
-3.19030e+00 -6.81226e-01  3.99302e-01
-2.45751e+00 -3.14130e-01  3.27165e-01
-3.31722e+00 -1.65092e+00  1.11981e+00
-2.64251e+00 -1.65830e+00  1.54396e+00
-2.57726e+00 -1.89349e+00  9.35477e-01
-2.18713e+00 -1.51873e+00  1.16961e+00
-2.17207e+00 -1.68894e+00  1.10865e+00
-2.47681e+00 -3.02334e-01  3.42237e-01
-2.57159e+00 -1.37185e+00  1.55921e+00
-2.30247e+00 -1.89058e+00  1.17092e+00
-2.63228e+00 -1.76097e+00  1.50615e+00
-2.45820e+00 -1.95647e+00  1.09331e+00
-2.79771e+00 -1.86783e+00  1.35529e+00
-3.11016e+00 -9.16648e-01  2.22303e-01
-2.45356e+00 -3.88840e-01  2.79713e-01
-3.05083e+00 -4.84746e-01  4.63273e-01
-2.78463e+00 -3.57911e-01  8.29736e-01
-2.37139e+00 -9.85028e-01  3.24453e-01
-2.65713e+00 -7.49666e-01  1.40905e-01
 1.21338e-02 -5.47941e+00  1.96595e+00
 5.85717e-01 -6.28448e+00  1.59715e+00
-3.17308e-01 -5.90479e+00  1.40453e+00
 6.49782e-01 -6.53185e+00  1.67703e+00
-9.27622e-02 -5.39871e+00  2.32091e+00
-2.62657e-01 -5.99466e+00  1.30617e+00
-8.69200e-02 -6.06391e+00  1.25219e+00
-1.11231e+00 -6.05138e+00  2.22249e+00
 2.75677e-01 -5.83392e+00  1.58581e+00
 7.70171e-01 -6.74786e+00  2.11189e+00
 5.92525e-01 -6.37166e+00  1.53596e+00
 1.79538e-01 -6.08205e+00  1.27399e+00
-4.82312e-02 -5.41078e+00  2.22503e+00
-4.90266e-01 -5.45871e+00  2.76273e+00
-5.72967e-02 -5.40735e+00  2.35809e+00
-4.46864e-01 -6.87476e-01  5.35940e+00
-1.26124e+00  1.25254e-01  6.30734e+00
-1.97482e-01 -9.84450e-01  7.05380e+00
-9.58927e-01 -1.25902e-01  7.18450e+00
-1.32451e+00 -3.06319e-01  6.83842e+00
-1.26806e+00  1.26690e-01  6.32622e+00
-1.23091e+00 -6.07535e-01  6.82608e+00
-1.24081e+00 -5.93465e-01  6.82221e+00
-8.10549e-01 -5.88669e-01  7.16922e+00
-9.86830e-01 -3.45609e-01  5.87781e+00
-3.25899e-01 -1.04140e+00  7.08280e+00
-7.23812e-01 -1.13058e+00  6.68551e+00
 2.67453e-01 -3.42986e-01  6.34497e+00
-4.04450e-01 -7.75976e-01  5.42436e+00
 2.44004e-01 -6.87058e-01  6.38680e+00
-1.10865e-01 -1.62666e-01  5.73127e+00
-8.71812e-01  3.00777e-01  6.16938e+00
-1.85556e-01  3.95575e-02  7.01597e+00
-3.27843e-01  1.37881e-01  7.04254e+00
-7.24780e-01  3.26426e-01  6.39314e+00
-4.34937e-01 -7.03100e-01  5.36179e+00
-2.42134e-01 -1.83484e-01  5.53707e+00
-1.23122e+00 -1.07883e-01  6.97101e+00
-2.59840e-01 -1.79075e-01  5.53020e+00
-1.24194e+00  1.61783e-01  6.40210e+00
-8.59938e-01  3.38027e-01  6.28163e+00
 4.99001e-01  6.33914e+00  7.20593e-01
 7.11988e-01  6.25573e+00  5.40551e-01
 1.00901e+00  6.45287e+00  1.39450e-01
 3.05164e-01  6.83310e+00  1.17396e-01
 6.73242e-01  6.99826e+00  1.53172e+00
 1.16190e+00  6.91380e+00  1.25951e+00
 1.40439e+00  6.63402e+00  8.10994e-01
 1.20471e+00  6.47362e+00  6.65391e-01
 8.34015e-01  6.36903e+00  1.41843e-01
 1.00032e+00  6.44965e+00  1.32727e-01
-1.27392e+00  2.33825e-01 -2.69211e+00
-1.14075e+00  1.54807e-01 -2.68415e+00
-2.34853e-01 -5.46723e-01 -2.54949e+00
-1.04338e+00 -1.08696e+00 -2.95949e+00
-2.58817e-01 -5.50234e-01 -2.46107e+00
-1.53437e+00 -3.32827e-01 -2.03176e+00
-1.11829e+00 -7.25907e-01 -1.86986e+00
-1.71168e+00 -3.79331e-01 -2.92559e+00
-6.51714e-01 -8.44891e-01 -2.82338e+00
-5.94809e-01 -2.51637e-01 -2.67108e+00
-1.02566e+00 -8.62312e-01 -2.02228e+00
-9.30487e-01 -7.84816e-01 -1.90786e+00
-2.55266e-01 -5.50540e-01 -2.47073e+00
-2.31593e-01 -5.55934e-01 -2.54975e+00
 3.19771e+00  1.04539e+00  3.87672e+00
 2.76867e+00  1.63823e+00  5.27987e+00
 2.71458e+00  2.22674e+00  4.55235e+00
 2.57173e+00  2.09168e+00  4.29073e+00
 2.72384e+00  2.16622e+00  4.67896e+00
 2.26950e+00  1.31914e+00  4.03782e+00
 3.76546e+00  1.20832e+00  4.23270e+00
 2.43792e+00  1.07014e+00  3.80680e+00
 2.62882e+00  9.20769e-01  3.73515e+00
 2.70940e+00  2.22385e+00  4.54557e+00
 3.51474e+00  9.14822e-01  4.42017e+00
 3.01242e+00  1.44477e+00  3.65829e+00
 2.55948e+00  2.09125e+00  4.29870e+00
 2.66821e+00  2.19581e+00  4.50043e+00
 2.86467e+00  2.18757e+00  4.58215e+00
 2.72430e+00  2.16505e+00  4.68129e+00
 3.86807e+00  1.76423e+00  4.56278e+00
 2.20842e+00  1.11860e+00  4.22310e+00
 2.43973e+00  7.75563e-01  3.92913e+00
 2.89439e+00  1.05945e+00  3.66370e+00
 3.75259e+00  1.51042e+00  4.15554e+00
 3.66325e+00  1.06000e+00  4.19550e+00
 3.69254e+00  1.31698e+00  5.05639e+00
 3.66643e+00  1.37193e+00  5.12985e+00
 3.89640e+00  1.50261e+00  4.69384e+00
 3.90514e+00  1.61863e+00  4.71538e+00
 2.21450e+00  1.16892e+00  4.19406e+00
 2.22261e+00  1.07156e+00  4.30445e+00
 2.21118e+00  1.03455e+00  4.24721e+00
 2.47703e+00  1.90403e+00  4.24358e+00
 2.41581e+00  7.91334e-01  3.94583e+00
 2.44235e+00  7.90715e-01  3.89593e+00
 2.42495e+00  1.11762e+00  3.81471e+00
 2.94896e+00  1.48784e+00  3.68157e+00
 2.61855e+00  9.16204e-01  3.73798e+00
 2.48408e+00  8.46649e-01  3.79764e+00
 2.54754e+00  9.13599e-01  3.75989e+00
 2.48391e+00  8.50762e-01  3.79654e+00
-1.25262e+00 -2.11313e+00  6.07572e+00
-6.39244e-02 -2.47858e+00  6.79910e+00
-1.09996e+00 -2.33962e+00  7.03200e+00
-6.20273e-01 -1.99397e+00  5.69923e+00
-6.87457e-01 -2.51609e+00  6.90047e+00
-6.35997e-01 -1.92816e+00  5.74192e+00
 2.06286e-01 -2.25769e+00  6.28502e+00
-1.19855e+00 -2.13164e+00  6.02962e+00
-7.58480e-01 -1.85605e+00  7.12479e+00
-4.80335e-02 -2.36865e+00  6.83142e+00
-8.46452e-01 -1.51729e+00  6.57111e+00
-1.18937e+00 -1.74801e+00  6.49717e+00
-5.34718e-01 -1.48987e+00  6.88330e+00
-1.15142e+00 -2.16339e+00  7.09781e+00
 1.17415e-01 -1.82871e+00  6.57679e+00
 1.82452e-01 -1.91825e+00  6.56197e+00
-1.26072e+00 -2.00240e+00  6.75911e+00
-1.27390e+00 -2.14700e+00  6.35041e+00
-1.20809e+00 -1.90438e+00  6.14630e+00
-8.45354e-01 -1.76876e+00  5.96293e+00
-1.51527e+00  5.48396e-01 -1.75243e+00
-2.00049e+00  1.05415e+00 -3.07678e+00
-2.71740e+00  1.12488e+00 -2.09959e+00
-1.73917e+00  6.61391e-01 -3.15886e+00
-2.24576e+00  1.61033e+00 -2.25415e+00
-1.46580e+00  5.59423e-01 -1.75041e+00
-2.35207e+00  1.05430e+00 -1.84683e+00
-2.28554e+00  1.02996e+00 -1.81697e+00
-1.77315e+00  1.37579e+00 -1.80772e+00
-2.26187e+00  1.07728e+00 -1.81813e+00
-1.85260e+00  1.41929e+00 -2.92980e+00
-1.42006e+00  5.95232e-01 -1.74983e+00
-2.63304e+00  7.39579e-01 -2.56062e+00
-1.14706e+00  1.06755e+00 -1.85144e+00
-1.68715e+00  5.99875e-01 -3.16972e+00
-2.17726e+00  3.42361e-01 -2.68046e+00
-1.69606e+00  5.73607e-01 -3.16663e+00
-1.39004e+00  6.27710e-01 -3.02113e+00
-2.25526e+00  3.62592e-01 -2.72716e+00
-2.18531e+00  3.34869e-01 -2.76855e+00
-1.20259e+00  1.09906e+00 -2.91773e+00
-1.10988e+00  1.05084e+00 -2.26158e+00
-1.42082e+00  5.57976e-01 -1.92528e+00
-1.33234e+00  7.96729e-01 -3.04074e+00
-1.35957e+00  5.26273e-01 -2.62144e+00
-1.70000e+00  4.67771e-01 -3.13736e+00
-1.40690e+00  5.01063e-01 -2.84923e+00
-1.73803e+00  4.12046e-01 -3.09708e+00
-1.42467e+00  1.20403e+00 -1.78085e+00
-1.41630e+00  6.01988e-01 -1.74997e+00
-5.57229e-01 -2.23059e+00 -6.18286e+00
-7.67955e-01 -1.72773e+00 -5.95494e+00
-1.67827e+00 -1.52401e+00 -6.13252e+00
-1.70990e+00 -1.55741e+00 -6.10981e+00
-7.10461e-01 -1.89452e+00 -5.97404e+00
-6.95356e-01 -1.97918e+00 -5.98651e+00
-6.08583e-01 -1.65948e+00 -6.18506e+00
-7.22094e-01 -1.56626e+00 -6.06853e+00
-4.89977e-01 -1.79873e+00 -6.36572e+00
-5.06410e-01 -2.17212e+00 -6.27887e+00
-3.52409e+00 -5.29191e+00 -4.32705e-01
-3.27244e+00 -4.41199e+00  3.17087e-01
-3.92053e+00 -3.94734e+00 -2.32695e-01
-3.53283e+00 -5.32554e+00 -3.37970e-01
-3.35509e+00 -4.70998e+00  4.26040e-01
-4.43235e+00 -4.31450e+00 -7.03342e-01
-4.23568e+00 -4.30827e+00 -8.17059e-01
-3.23120e+00 -4.25711e+00  1.89124e-02
-3.77919e+00 -4.00867e+00 -1.32845e-01
-4.51517e+00 -4.21232e+00 -3.90633e-01
-4.43290e+00 -4.20318e+00 -6.49819e-01
-3.89199e+00 -3.98241e+00 -7.13067e-01
-3.32963e+00 -4.26271e+00 -1.11635e+00
-3.32522e+00 -4.56262e+00 -1.17772e+00
-3.91038e+00 -4.38778e+00 -9.92095e-01
-3.49597e+00 -4.44317e+00 -1.18272e+00
-4.36590e+00 -4.17777e+00 -6.77435e-01
-3.25097e+00 -4.29908e+00 -1.11018e+00
-6.44240e-01  6.35279e+00  1.52882e-01
-3.24923e-01  5.48047e+00  2.49012e-01
-3.66957e-01  5.49768e+00  3.26770e-01
-6.87086e-01  6.49329e+00 -8.43915e-01
-8.16818e-01  6.58111e+00 -2.94940e-01
-1.27742e+00  5.97525e+00  6.55523e-02
-1.29149e+00  5.79049e+00  2.89386e-01
-1.35716e+00  5.40610e+00 -6.75706e-01
-1.31426e+00  5.31757e+00 -6.51246e-01
-3.68667e-01  5.54075e+00 -7.07806e-01
-7.50014e-01  6.33408e+00 -9.26988e-01
-6.02437e-01  6.72237e+00 -2.82558e-01
-1.42973e-01  5.80718e+00 -4.59105e-01
-4.57949e-01  6.71639e+00 -5.99081e-01
-4.32745e-01  5.45350e+00 -6.84215e-01
-1.36763e+00  5.19691e+00  4.17265e-01
-9.15864e-01  5.25252e+00  3.57241e-01
-6.76352e-01  5.36843e+00 -6.62090e-01
-1.22824e+00  5.30564e+00 -6.47561e-01
-1.39138e+00  5.24531e+00 -1.66011e-01
-5.89313e-01  5.36548e+00  3.60736e-01
-3.47211e-01  5.45356e+00  2.29321e-01
-7.14492e-01  5.32173e+00  3.73356e-01
-1.08913e+00  5.22921e+00  4.02979e-01
-1.39383e+00  5.29565e+00 -4.60570e-01
-1.39267e+00  5.39410e+00 -5.87813e-01
-1.39878e+00  5.29103e+00 -4.29510e-01
-1.39881e+00  5.30137e+00 -4.57645e-01
 1.19778e+00 -2.24703e+00 -5.04195e-01
 1.28126e+00 -1.48038e+00 -1.15789e+00
 1.21320e+00 -3.46517e+00 -1.14600e+00
 1.14059e+00 -2.78720e+00 -6.33399e-01
 2.32194e+00 -3.26771e+00 -1.54898e+00
 2.13117e+00 -3.48940e+00 -1.56106e+00
 2.31765e+00 -3.20834e+00 -1.62537e+00
 1.14264e+00 -2.82240e+00 -6.47303e-01
 1.47046e+00 -1.49062e+00 -1.14451e+00
 1.17392e+00 -2.31027e+00 -5.01231e-01
 1.02522e+00 -2.02713e+00 -2.06425e+00
 1.00658e+00 -2.15738e+00 -1.96332e+00
 2.07283e+00 -3.51569e+00 -1.61385e+00
 2.11951e+00 -3.32461e+00 -1.77270e+00
 1.86099e+00 -2.13049e+00 -1.60262e+00
 1.06805e+00 -1.76224e+00 -1.96785e+00
 1.51938e+00 -2.14495e+00 -4.70518e-01
 1.13847e+00 -2.78979e+00 -6.39220e-01
 2.08713e+00 -3.13627e+00 -8.79384e-01
 1.13099e+00 -1.41605e+00 -1.41648e+00
 1.24083e+00 -3.47323e+00 -1.17934e+00
 1.17882e+00 -3.25176e+00 -1.29869e+00
 1.23131e+00 -2.20759e+00 -5.03510e-01
 1.05655e+00 -2.23072e+00 -8.02452e-01
 1.09520e+00 -1.67096e+00 -1.17710e+00
 1.03264e+00 -2.09531e+00 -9.60215e-01
 1.11993e+00 -1.49765e+00 -1.31544e+00
 1.26582e+00 -1.50704e+00 -1.13819e+00
 1.58189e+00 -2.19922e+00 -4.56698e-01
 1.18136e+00 -2.40728e+00 -4.90698e-01
 1.20948e+00 -3.36748e+00 -8.66671e-01
 1.97776e+00 -3.28607e+00 -9.24762e-01
 1.57747e+00 -2.18752e+00 -4.58446e-01
 1.28401e+00 -1.41503e+00 -1.24569e+00
 1.55403e+00 -2.10998e+00 -4.91838e-01
 1.47834e+00 -1.62841e+00 -9.59428e-01
-1.21456e+00 -1.12935e+00 -4.55426e+00
-1.16589e+00 -1.99976e+00 -4.56799e+00
-5.85485e-01 -1.72791e+00 -5.21853e+00
-1.13173e+00 -1.20788e+00 -5.08093e+00
-7.73186e-01 -1.71161e+00 -5.50949e+00
-5.39434e-01 -2.50822e+00 -4.90325e+00
-1.40959e+00 -1.11295e+00 -4.83719e+00
-1.18770e+00 -1.13329e+00 -4.53049e+00
-1.43818e+00 -1.42936e+00 -4.90969e+00
-7.92632e-01 -1.78446e+00 -5.51621e+00
-5.44694e-01 -2.51136e+00 -4.91027e+00
-9.42332e-01 -1.75726e+00 -4.21825e+00
-1.04440e+00 -1.90941e+00 -4.38196e+00
-8.79984e-01 -1.91534e+00 -4.30052e+00
-1.08725e+00 -1.26913e+00 -4.38214e+00
-1.00252e+00 -1.37523e+00 -4.26886e+00
-9.39074e-01 -1.19576e+00 -4.54544e+00
-8.82387e-01 -1.22508e+00 -4.68509e+00
 4.72563e+00 -4.56873e+00  2.51289e+00
 4.54129e+00 -4.91090e+00  2.54774e+00
 4.71745e+00 -4.78043e+00  2.43067e+00
 1.31190e-01  1.52241e-01 -6.12144e+00
 5.23620e-01 -7.54612e-01 -6.00289e+00
 6.56211e-01 -8.53696e-01 -6.18028e+00
 1.01253e+00  1.04652e-01 -6.12792e+00
-1.71461e-02 -2.84618e-01 -6.53123e+00
 1.21028e+00 -5.10818e-01 -6.43687e+00
 2.31748e-01  2.55545e-01 -6.18402e+00
 8.06836e-03  4.64999e-02 -6.34132e+00
 3.31878e-01 -7.06384e-01 -6.24567e+00
 7.20147e-01 -6.55385e-01 -5.68447e+00
 1.14706e+00 -5.80242e-01 -6.48712e+00
 1.30424e+00 -3.23262e-01 -5.89563e+00
 7.78693e-01 -8.76700e-01 -6.18226e+00
 8.86857e-01 -6.81866e-01 -5.67576e+00
-8.34461e-01  2.04690e+00 -4.82042e+00
-4.47753e-01  1.93780e+00 -3.77863e+00
-9.91711e-01  2.87122e+00 -4.21981e+00
 2.58419e-01  3.51649e+00 -4.21510e+00
 3.38169e-01  2.56479e+00 -4.98095e+00
 2.15400e-01  3.57635e+00 -3.95475e+00
-3.14509e-01  2.66055e+00 -5.37154e+00
 6.77338e-01  2.34673e+00 -4.56764e+00
-6.68179e-01  2.22028e+00 -3.52414e+00
-3.63687e-01  2.88062e+00 -5.21674e+00
-1.95137e-02  1.79098e+00 -4.16229e+00
-1.19078e+00  2.47062e+00 -4.13105e+00
-2.94943e-01  1.67903e+00 -4.13670e+00
-9.59307e-01  2.09909e+00 -4.61442e+00
-1.01656e+00  2.84822e+00 -4.25223e+00
-1.11210e+00  2.47506e+00 -3.91809e+00
-8.57866e-01  1.96876e+00 -4.73248e+00
 6.26056e-01  3.03418e+00 -4.33712e+00
 6.04315e-01  3.06232e+00 -4.35727e+00
 2.14054e-01  3.57654e+00 -3.95192e+00
 1.40927e-01  3.54684e+00 -3.92667e+00
-6.54984e-01  2.43248e+00 -3.47625e+00
-1.03584e+00  2.44246e+00 -3.81820e+00
-8.50140e-01  2.33976e+00 -3.64220e+00
-7.90095e-01  2.42067e+00 -3.58181e+00
 3.97756e+00 -2.49685e+00 -4.90014e+00
 2.88934e+00 -3.21780e+00 -4.35306e+00
 4.08239e+00 -2.49707e+00 -4.79471e+00
 4.28654e+00 -2.29482e+00 -4.56052e+00
 3.67133e+00 -2.79631e+00 -3.61766e+00
 4.14113e+00 -2.51770e+00 -3.68679e+00
 2.94096e+00 -2.09822e+00 -3.57193e+00
 3.59704e+00 -2.77974e+00 -4.82705e+00
 3.77082e+00 -1.92329e+00 -3.71240e+00
 3.63990e+00 -2.37073e+00 -3.35029e+00
 3.68810e+00 -1.63173e+00 -3.94859e+00
 2.90333e+00 -3.20161e+00 -4.51411e+00
 4.31950e+00 -2.37908e+00 -4.37405e+00
 3.46415e+00 -2.09426e+00 -4.90842e+00
 3.74210e+00 -2.33431e+00 -3.37963e+00
 3.77719e+00 -2.33246e+00 -3.39601e+00
 3.77310e+00 -1.76886e+00 -3.83743e+00
 4.28064e+00 -2.42397e+00 -3.92871e+00
 3.46743e+00 -1.64190e+00 -3.94066e+00
 4.22865e+00 -2.41665e+00 -4.68901e+00
 2.87959e+00 -3.21726e+00 -4.35834e+00
 3.09629e+00 -2.02658e+00 -4.71403e+00
 3.88194e+00 -2.54922e+00 -4.91186e+00
 3.24493e+00 -2.38086e+00 -4.89353e+00
 3.92679e+00 -1.84375e+00 -4.43454e+00
 3.56983e+00 -2.08332e+00 -4.89922e+00
 4.22974e+00 -2.40324e+00 -4.69480e+00
 4.00872e+00 -2.44819e+00 -4.89380e+00
 3.38388e+00 -2.28729e+00 -4.93017e+00
 3.17007e+00 -3.03502e+00 -4.72254e+00
 2.61633e+00 -2.76244e+00 -4.40439e+00
 2.86702e+00 -2.23237e+00 -4.66945e+00
 2.67894e+00 -2.90362e+00 -4.26401e+00
 2.89327e+00 -3.20228e+00 -4.50729e+00
 2.71697e+00 -2.31886e+00 -3.84961e+00
 2.61317e+00 -2.76182e+00 -4.38596e+00
 2.60930e+00 -2.44006e+00 -4.23151e+00
 2.65733e+00 -2.41254e+00 -4.49648e+00
-4.52864e+00 -3.31554e+00  3.34066e+00
-5.23188e+00 -3.96415e+00  3.15840e+00
-4.76036e+00 -2.43944e+00  3.35029e+00
-4.61631e+00 -2.65073e+00  3.21508e+00
-4.48824e+00 -2.97185e+00  3.14652e+00
-4.98899e+00 -2.72287e+00  3.80479e+00
-5.00380e+00 -2.79832e+00  3.85636e+00
-4.82909e+00 -4.06055e+00  3.57521e+00
-4.85001e+00 -4.08058e+00  3.57029e+00
-4.74145e+00 -2.44833e+00  3.32524e+00
-4.76721e+00 -2.48327e+00  3.21526e+00
-1.19827e-01 -6.11832e+00  6.52115e-01
 7.31523e-01 -6.51708e+00  9.58803e-01
 6.31852e-01 -6.44946e+00  8.64010e-01
 6.52200e-01 -6.42046e+00  1.47728e+00
 1.95626e-01 -6.12822e+00  7.99995e-01
 1.20831e+00  1.33799e-01 -7.31667e+00
 1.60886e+00  6.05431e-01 -7.40361e+00
 1.58938e+00  6.41707e-01 -7.41102e+00
-5.72542e+00  2.76218e-01  1.92562e+00
-5.49820e+00 -2.83547e-01  2.65847e+00
-5.70970e+00  8.22882e-01  2.23065e+00
-5.70435e+00  1.30143e+00  2.87086e+00
-4.94274e+00 -1.38481e-01  2.18952e+00
-6.04641e+00  1.08098e+00  2.89887e+00
-6.11193e+00  7.90092e-02  2.39571e+00
-4.76537e+00  1.04226e-02  2.17252e+00
-5.90734e+00  1.16777e+00  2.73926e+00
-5.69552e+00 -1.42361e-01  3.07443e+00
-5.78345e+00 -1.88785e-01  2.89549e+00
-5.72047e+00  1.28808e+00  2.82948e+00
-5.94838e+00 -1.20410e-01  2.61928e+00
-5.69887e+00 -2.53185e-01  2.70426e+00
-5.53741e+00  3.80531e-01  3.56416e+00
-5.10453e+00  4.94132e-01  3.19941e+00
-5.01904e+00  1.72229e-01  1.76011e+00
-5.17362e+00  2.21057e-01  1.75739e+00
-4.57964e+00  4.46432e-01  2.17189e+00
-4.59120e+00  2.92104e-01  2.33112e+00
-5.60555e+00  3.97148e-01  1.81579e+00
-5.49940e+00  9.09850e-01  2.27022e+00
-5.57300e+00  7.90752e-01  2.14294e+00
-5.56357e+00  3.99448e-01  1.79941e+00
-6.02541e+00  1.10961e+00  2.88411e+00
-5.10963e+00  9.86608e-01  2.77682e+00
-5.76660e+00  1.26982e+00  2.93652e+00
-5.83492e+00  9.64894e-01  3.24218e+00
-4.75540e+00  2.47483e-01  1.90505e+00
-4.60913e+00  4.28059e-01  2.10834e+00
-4.38671e-02 -4.91492e+00  4.75078e-02
-1.32111e+00 -5.81088e+00 -1.09987e+00
-3.00532e-01 -5.49752e+00 -1.44257e+00
 4.95502e-01 -5.17656e+00 -9.59661e-02
-1.38364e+00 -5.87117e+00 -9.33285e-01
-8.25035e-01 -4.73519e+00 -9.21474e-01
-1.77617e-01 -4.67862e+00 -3.65477e-01
-2.19560e-01 -5.99327e+00  4.03425e-01
-4.28589e-01 -6.35253e+00  1.02750e-02
-4.20463e-01 -5.75273e+00 -1.48389e+00
 7.23794e-03 -6.12870e+00 -6.62346e-01
 2.35787e-01 -5.82565e+00 -4.87517e-01
-1.21723e+00 -5.06731e+00 -4.12275e-01
 5.45521e-01 -4.92650e+00 -2.23785e-01
-3.02332e-01 -5.09096e+00 -1.28987e+00
-7.51092e-02 -5.15331e+00 -1.29388e+00
 4.87842e-01 -5.35489e+00 -3.66278e-01
 5.78209e-01 -4.85454e+00 -4.96626e-01
 4.06277e-01 -4.78117e+00 -4.49290e-01
 5.79043e-01 -4.82511e+00 -4.46467e-01
-1.42105e+00 -5.34322e+00 -7.65740e-01
-1.37501e+00 -5.31507e+00 -8.90352e-01
-8.02363e-01 -4.69920e+00 -8.50463e-01
-7.96436e-01 -4.67283e+00 -7.30419e-01
-5.27206e-01 -5.29969e+00  3.15804e-01
-2.02555e-01 -5.94123e+00  4.44574e-01
 1.96170e-01 -4.94599e+00 -9.46481e-03
 2.68329e-01 -5.39755e+00  1.25232e-01
 5.53416e+00  1.31777e+00  4.18189e+00
 6.24766e+00  6.54614e-01  4.13280e+00
 6.22449e+00  4.52865e-01  4.28835e+00
 5.55020e+00  1.02965e+00  4.36918e+00
 2.64054e+00  3.83799e-01  1.83246e+00
 2.42112e+00 -3.64582e-01  3.50525e+00
 2.93273e+00  5.19962e-01  2.51541e+00
 2.22424e+00 -2.11023e-01  1.68893e+00
 2.55669e+00  1.90886e-01  3.56740e+00
 2.81885e+00 -4.41579e-01  3.47308e+00
 2.53787e+00  5.41008e-01  2.15775e+00
 2.69818e+00  3.62225e-01  1.83366e+00
 2.81417e+00  3.67916e-01  1.97145e+00
 2.52525e+00  4.42772e-01  3.51277e+00
 3.00350e+00  4.68665e-01  3.09792e+00
 2.74450e+00  1.92915e-01  1.80733e+00
 1.89190e+00  4.69411e-01  2.94546e+00
 2.34803e+00 -3.90632e-01  3.44285e+00
 2.09634e+00 -8.27160e-01  2.63870e+00
 1.84634e+00  3.90371e-01  2.91320e+00
 2.85036e+00 -3.28401e-01  3.48552e+00
 2.37710e+00 -9.48881e-01  2.50152e+00
 1.75404e+00 -3.19980e-01  2.19485e+00
 2.64797e+00 -7.65793e-01  2.87980e+00
 2.54140e+00  5.54868e-01  2.19968e+00
 1.93557e+00  5.00154e-01  2.98113e+00
 2.09924e+00 -3.05171e-01  1.74607e+00
 2.22062e+00 -3.44774e-01  1.66459e+00
 2.48144e+00 -5.26946e-01  1.65484e+00
 2.55822e+00 -4.44714e-01  1.67638e+00
 1.76108e+00 -3.57789e-01  2.25061e+00
 1.73990e+00 -2.87452e-01  2.25255e+00
-6.28517e+00 -9.41131e-01  2.14592e-01
-6.83405e+00  4.36132e-01  5.25372e-01
-6.80061e+00  4.14660e-01  5.51667e-01
-6.33751e+00 -7.67318e-01  6.15265e-01
-6.29101e+00 -9.24552e-01  2.67786e-01
-6.59344e+00  2.95499e-01 -1.49714e-01
-6.49880e+00  2.26062e-01  4.66526e-01
-6.85536e+00  4.52268e-01  3.55365e-01
-6.46288e+00  2.12998e-01 -1.29303e-01
-6.45244e+00  1.65925e-01 -1.71813e-01
-1.59974e+00 -3.52983e+00 -2.84146e+00
-9.44540e-01 -4.03116e+00 -2.48295e+00
-2.12484e-01 -3.04127e+00 -2.54196e+00
-4.35497e-01 -2.97764e+00 -2.02018e+00
-1.33801e+00 -2.64632e+00 -2.96865e+00
-1.61518e+00 -2.91412e+00 -2.19359e+00
-1.33957e+00 -3.94512e+00 -3.00506e+00
-6.23006e-01 -2.57115e+00 -2.08000e+00
-7.48083e-01 -4.00578e+00 -2.83025e+00
-8.12452e-01 -3.94715e+00 -3.31242e+00
-6.68302e-01 -3.24749e+00 -3.37635e+00
-1.22448e+00 -2.59054e+00 -3.03323e+00
-5.88816e-01 -2.54500e+00 -2.14331e+00
-1.64182e+00 -3.03602e+00 -2.21129e+00
-2.18199e-01 -2.89196e+00 -2.32485e+00
-9.49050e-01 -3.57667e+00 -1.84716e+00
-1.06027e+00 -3.44354e+00 -1.84005e+00
-4.32612e-01 -2.93348e+00 -2.02586e+00
-1.20952e+00 -2.81959e+00 -1.93280e+00
-1.14594e+00 -2.84299e+00 -1.89211e+00
-8.00779e-01 -3.92131e+00 -3.31848e+00
-4.62248e-01 -3.28738e+00 -3.19858e+00
-4.05613e-01 -2.95271e+00 -2.04393e+00
-6.35305e-01 -2.62664e+00 -2.02033e+00
-4.15612e-01 -2.68654e+00 -2.24466e+00
-5.95528e-01 -2.53126e+00 -2.21942e+00
-1.63944e+00 -5.38982e+00 -4.49783e+00
-1.78440e+00 -5.57459e+00 -4.26863e+00
-1.60441e+00 -5.41859e+00 -4.46314e+00
-1.94146e+00 -1.25819e-02  5.83396e+00
-2.06201e+00 -8.10637e-01  4.39598e+00
-2.07447e+00 -1.57773e-01  5.89132e+00
-1.85679e+00 -7.49796e-01  4.60472e+00
-2.60796e+00  2.23666e-01  4.80390e+00
-1.59577e+00 -6.90780e-01  5.13347e+00
-1.68857e+00 -8.03412e-01  4.96248e+00
-2.20435e+00  4.09525e-01  5.25280e+00
-1.95459e+00  3.04464e-02  5.82576e+00
-2.07355e+00 -1.07162e+00  5.45308e+00
-1.64985e+00 -4.52971e-01  4.97758e+00
-3.28065e+00 -6.44151e-01  5.72653e+00
-2.15482e+00 -1.21962e+00  5.00578e+00
-2.14670e+00 -1.21440e+00  4.99277e+00
-2.17882e+00 -9.55971e-01  4.47682e+00
-2.24501e+00  3.12692e-01  5.80628e+00
-3.29135e+00 -6.38106e-01  5.71355e+00
-2.63185e+00  1.65138e-02  5.94266e+00
-2.69136e+00 -9.22308e-01  4.55873e+00
-2.18643e+00 -8.34455e-01  5.67424e+00
-1.60526e+00 -6.90183e-01  5.18900e+00
-2.61526e+00  7.28079e-02  5.92629e+00
-3.14572e+00 -2.06464e-01  5.60458e+00
-3.15341e+00 -7.10973e-01  5.70617e+00
-2.19610e+00 -1.20663e+00  5.31007e+00
-2.66635e+00 -9.06834e-01  4.51993e+00
-5.78547e+00 -1.40532e+00  2.00689e+00
-5.23399e+00 -2.24826e+00  2.50054e+00
-5.62535e+00 -2.69490e+00  1.78757e+00
-5.58261e+00 -2.42316e+00  1.71551e+00
-5.47898e+00 -2.46418e+00  1.77304e+00
-5.81516e+00 -1.91957e+00  1.77836e+00
-5.52426e+00 -2.39634e+00  1.73134e+00
-5.76057e+00 -1.66176e+00  1.84119e+00
-5.72195e+00 -1.40787e+00  2.14511e+00
-6.54533e-01  3.24553e+00 -6.50334e+00
-1.82914e+00  2.08290e+00 -6.87332e+00
-6.60807e-01  2.34136e+00 -6.64991e+00
-1.82466e+00  3.06579e+00 -6.64792e+00
-5.54710e-01  2.52300e+00 -7.44376e+00
-2.08553e+00  2.67857e+00 -6.77315e+00
-6.62116e-01  3.20686e+00 -6.45217e+00
-1.18671e+00  3.30766e+00 -6.50289e+00
-5.43880e-01  2.55926e+00 -7.52096e+00
-3.46538e+00 -1.74194e+00  3.03963e+00
-3.96151e+00 -2.51530e+00  3.38076e+00
-4.12080e+00 -1.25705e+00  3.89991e+00
-3.44699e+00 -1.75146e+00  3.16793e+00
-3.71599e+00 -2.13248e+00  3.10461e+00
-4.01975e+00 -1.32871e+00  3.88287e+00
-3.96369e+00 -1.39578e+00  2.85237e+00
-3.64423e+00 -1.61980e+00  2.89402e+00
-3.93957e+00 -2.53523e+00  3.35196e+00
-4.71689e+00 -2.08000e+00  3.22782e+00
-4.72850e+00 -2.36512e+00  3.34088e+00
-4.80284e+00 -2.10861e+00  3.44101e+00
-4.47429e+00 -2.45179e+00  3.33824e+00
-3.96317e+00 -2.55707e+00  3.30598e+00
 3.70141e+00  4.63591e-01  2.29430e+00
 4.55005e+00  4.91010e-02  1.31658e+00
 4.17508e+00  5.89646e-01  2.36716e+00
 3.95454e+00  1.02859e+00  1.59668e+00
 4.12688e+00  6.58535e-01  2.33683e+00
 3.78261e+00  4.63940e-01  2.36175e+00
 3.59605e+00  7.02267e-01  1.82177e+00
 4.68966e+00  4.07422e-02  1.50090e+00
 4.71206e+00  6.23879e-02  1.47946e+00
 4.06967e+00  3.77158e-01  2.42859e+00
 4.10688e+00  7.15595e-02  1.24140e+00
 4.22274e+00  1.74678e-01  1.16809e+00
 4.03619e+00  7.05564e-02  1.80317e+00
 4.31085e+00  5.54403e-02  1.99956e+00
 4.40780e+00  5.34583e-01  1.09726e+00
 4.69243e+00  1.15816e-01  1.33759e+00
 4.50809e+00  5.12829e-02  1.30255e+00
 4.12126e+00  7.09485e-02  1.22912e+00
-1.92218e+00  4.43733e+00  4.15256e+00
-1.80179e+00  4.06863e+00  4.63582e+00
-1.76376e+00  4.39989e+00  4.66228e+00
-1.84373e+00  4.55730e+00  4.36592e+00
-2.81417e+00  3.45477e+00  4.18821e+00
-1.93828e+00  3.82216e+00  4.73486e+00
-2.50997e+00  4.06762e+00  3.90562e+00
 7.40104e-02  5.32170e+00 -1.39979e+00
 2.80369e-01  6.33434e+00 -2.01203e+00
 1.17684e-02  5.38670e+00 -2.56328e+00
-5.62570e-01  6.17012e+00 -1.84056e+00
-1.02229e-01  5.43169e+00 -2.45759e+00
-2.56473e-02  6.45493e+00 -2.55732e+00
 1.76498e-01  5.26201e+00 -2.53677e+00
 2.25048e-02  6.22341e+00 -1.75494e+00
-2.24116e-01  5.20606e+00 -1.52254e+00
-4.31829e-01  5.40518e+00 -1.68177e+00
-5.89662e-01  6.23835e+00 -2.08285e+00
-6.33994e-01  6.18905e+00 -1.93673e+00
-1.90259e-01  6.41432e+00 -2.49502e+00
-2.49596e-02  5.35567e+00 -1.33480e+00
 1.50315e-01  6.31903e+00 -2.76121e+00
 1.02536e+00  5.75990e+00 -2.66396e+00
-2.22931e-01  5.21650e+00 -1.40365e+00
-3.30092e-01  5.28871e+00 -1.54690e+00
-1.56223e-01  5.25960e+00 -1.31240e+00
-1.59296e-01  5.24630e+00 -1.31687e+00
 1.03511e-01  6.22186e+00 -2.75776e+00
 1.12859e+00  5.61155e+00 -2.37912e+00
 1.02222e+00  5.55810e+00 -2.56754e+00
 1.67216e-01  6.27944e+00 -2.77198e+00
 7.84201e-02  6.36777e+00 -2.73066e+00
 4.92594e-02  6.35861e+00 -2.72195e+00
 1.11054e+00  5.76299e+00 -2.43117e+00
 1.13273e+00  5.64211e+00 -2.39591e+00
 9.58177e-01  5.53187e+00 -2.61026e+00
 1.02795e+00  5.78613e+00 -2.65142e+00
 1.04731e+00  5.68488e+00 -2.61979e+00
 1.03174e+00  5.72018e+00 -2.65486e+00
-2.23059e+00  1.99797e+00 -2.39863e+00
-1.15174e+00  2.71272e+00 -2.16605e+00
-1.75643e+00  1.75764e+00 -3.08916e+00
-1.71721e+00  2.01790e+00 -3.40639e+00
-8.76097e-01  1.84773e+00 -3.29163e+00
-9.79168e-01  2.73324e+00 -3.02949e+00
-2.30533e+00  2.32525e+00 -2.55852e+00
-1.92748e+00  2.73162e+00 -1.95331e+00
-2.06665e+00  2.74340e+00 -2.19215e+00
-1.89304e+00  2.33793e+00 -1.86146e+00
-6.35654e-01  1.93667e+00 -3.31377e+00
-1.89626e+00  2.34184e+00 -1.86157e+00
-1.90248e+00  2.33107e+00 -1.87114e+00
-9.05550e-01  2.40553e+00 -2.15590e+00
-9.04827e-01  2.40501e+00 -2.15727e+00
-7.86549e-01  2.58659e+00 -3.36737e+00
-6.56211e-01  1.89685e+00 -3.28862e+00
-1.33552e+00  2.11681e+00 -3.56617e+00
-6.48425e-01  2.44110e+00 -3.46084e+00
-5.79416e-01  2.31690e+00 -3.31736e+00
-5.97992e-01  2.28828e+00 -3.12694e+00
-5.90311e-01  2.05539e+00 -3.34342e+00
-6.05497e-01  2.06054e+00 -3.39789e+00
-5.88206e-01  2.07038e+00 -3.35839e+00
-3.96530e+00  2.40424e+00  3.91678e+00
-4.37891e+00  2.76992e+00  3.63408e+00
-3.95829e+00  2.46852e+00  3.86688e+00
-4.34349e+00  3.85377e+00  4.53697e+00
-4.92272e+00  2.46315e+00  3.87353e+00
-4.41348e+00  3.81738e+00  4.42933e+00
-4.77559e+00  2.37590e+00  3.94085e+00
-3.99113e+00  2.33175e+00  4.03138e+00
-4.02395e+00  2.33836e+00  3.96805e+00
-4.84736e+00  2.40431e+00  3.91899e+00
-2.87522e-01 -1.10647e+00  7.12277e+00
-4.22422e-01 -8.87090e-01  5.27748e+00
 4.30335e-01 -8.80323e-01  6.42127e+00
-3.93309e-01 -9.49546e-01  5.24718e+00
 5.61325e-01 -1.23076e+00  6.63356e+00
-1.49274e-01 -1.09081e+00  7.11858e+00
 5.57735e-01 -1.31836e+00  6.74805e+00
 5.07344e-01 -1.00505e+00  6.38590e+00
 5.58039e-01 -1.25114e+00  6.68117e+00
 4.71763e-01 -1.36122e+00  6.86301e+00
 5.19658e-01 -1.04684e+00  6.43457e+00
 5.06882e-01 -9.99989e-01  6.39088e+00
 5.00297e-01 -1.49122e+00  6.76957e+00
 5.63097e-01 -1.34649e+00  6.72908e+00
-4.16379e-01 -9.04788e-01  5.26595e+00
-4.25026e-01 -8.95519e-01  5.27453e+00
 5.31735e+00 -1.77769e+00  2.60770e+00
 5.25165e+00 -2.24713e+00  2.27959e+00
 6.22097e+00 -2.03548e+00  2.39435e+00
 5.58917e+00 -1.52937e+00  2.77229e+00
 5.61849e+00 -1.60592e+00  2.89240e+00
 5.59151e+00 -2.74140e+00  2.20296e+00
 5.25219e+00 -2.37385e+00  3.09978e+00
 5.48060e+00 -1.78438e+00  2.26573e+00
 5.44840e+00 -1.57009e+00  2.60002e+00
 6.13938e+00 -2.09100e+00  2.24116e+00
 5.15895e+00 -2.18463e+00  2.77154e+00
 5.26577e+00 -2.26152e+00  2.23637e+00
 5.43282e+00 -1.58936e+00  2.55626e+00
 5.42647e+00 -1.58093e+00  2.57763e+00
-1.66598e+00  6.52604e+00 -1.65663e-01
-1.98485e+00  6.32634e+00  3.83844e-01
-2.20300e+00  6.26558e+00  2.88630e-01
-2.21458e+00  6.44905e+00 -8.75936e-01
-2.28933e+00  6.26971e+00  7.59780e-02
-2.23286e+00  6.44173e+00 -8.70045e-01
 1.82677e+00  5.58149e+00  1.00044e+00
 1.95878e+00  5.34821e+00  1.21483e+00
 2.79187e+00  5.39935e+00  1.53038e+00
 1.89409e+00  5.73619e+00  9.23390e-01
 3.22741e+00  5.08012e+00  5.24225e-01
 2.65178e+00  4.76339e+00  4.63727e-01
 3.33306e+00  5.39080e+00  1.14119e+00
 3.35598e+00  5.40097e+00  1.04117e+00
 2.95190e+00  5.61937e+00  1.44784e+00
 2.76054e+00  4.76995e+00  5.88043e-01
 2.65551e+00  4.74128e+00  5.15306e-01
 3.27400e+00  5.20923e+00  3.09870e-01
 3.25103e+00  5.10847e+00  4.94179e-01
 3.36302e+00  5.44603e+00  8.67360e-01
 3.23855e+00  5.25984e+00  1.18979e+00
 3.08602e+00  5.17829e+00  1.28720e+00
 3.30316e+00  5.29998e+00  3.83330e-01
 2.86040e+00  5.72897e+00  1.33471e+00
 3.11083e+00  5.72032e+00  6.50483e-01
 2.89422e+00  5.88078e+00  7.20487e-01
 1.96895e+00  5.55324e+00  5.77302e-01
 2.07335e+00  5.49817e+00  3.67257e-01
 1.91642e+00  5.75099e+00  8.71029e-01
 2.22133e+00  5.85709e+00  5.52749e-01
 2.15801e+00  5.57292e+00  3.28960e-01
 3.15134e+00  5.16425e+00  2.49293e-01
 3.64770e+00  3.48206e+00 -3.58876e+00
 3.76616e+00  3.03519e+00 -4.61439e+00
 3.63085e+00  3.45184e+00 -3.62227e+00
 3.37869e+00  3.23973e+00 -4.67695e+00
 3.64445e+00  3.08077e+00 -4.68886e+00
 3.76570e+00  3.37492e+00 -3.61733e+00
 3.77583e+00  3.39850e+00 -3.59271e+00
 3.65263e+00  3.48133e+00 -3.58685e+00
 3.64921e+00  3.48600e+00 -3.58853e+00
-2.68134e+00  2.24094e+00  4.82530e+00
-3.23538e+00  1.15990e+00  4.12939e+00
-2.72237e+00  8.77549e-01  4.36281e+00
-2.36650e+00  2.22228e+00  3.90438e+00
-2.84801e+00  2.02383e+00  5.02483e+00
-2.58431e+00  1.60200e+00  4.93338e+00
-3.53715e+00  1.43522e+00  4.41057e+00
-2.95677e+00  2.43416e+00  4.09860e+00
-2.72259e+00  2.52040e+00  4.23700e+00
-2.30710e+00  1.86752e+00  4.62951e+00
-2.83807e+00  9.86499e-01  4.75756e+00
-3.64525e+00  1.73650e+00  4.54163e+00
-3.50505e+00  1.35001e+00  4.41866e+00
-3.50719e+00  1.39167e+00  4.81781e+00
-2.10625e+00  1.82430e+00  4.12215e+00
-2.67336e+00  2.20032e+00  3.83822e+00
-2.36375e+00  2.21984e+00  3.90214e+00
-2.36407e+00  2.22012e+00  3.90196e+00
-3.27767e+00  1.18897e+00  4.16737e+00
-3.58565e+00  1.60630e+00  4.86804e+00
 7.47168e-01 -2.45551e+00 -4.13298e+00
 4.96724e-01 -2.57115e+00 -5.06240e+00
 7.11496e-01 -2.61247e+00 -4.54949e+00
 4.49258e-01 -2.00371e+00 -5.06701e+00
-3.40175e-01 -2.64657e+00 -4.29279e+00
 8.45649e-01 -2.20619e+00 -4.04056e+00
 5.77350e-01 -1.98961e+00 -5.10623e+00
-3.78175e-01 -2.58071e+00 -4.77560e+00
 2.42833e-01 -1.81192e+00 -3.96111e+00
-3.65947e-01 -1.93697e+00 -4.05666e+00
-1.25849e-01 -2.05081e+00 -4.81201e+00
 5.93290e-01 -1.98608e+00 -5.10247e+00
 8.20100e-01 -1.75885e+00 -4.18891e+00
 8.90123e-01 -1.79888e+00 -4.44238e+00
 9.81175e-01 -1.96937e+00 -4.52409e+00
 9.26385e-01 -2.03082e+00 -4.13159e+00
-4.49582e-01 -2.20709e+00 -4.15476e+00
-3.25829e-01 -2.74670e+00 -4.57083e+00
 5.06219e-01 -2.67216e+00 -4.64413e+00
 2.16204e+00 -5.34534e+00 -2.25245e+00
 2.82100e+00 -4.85338e+00 -2.01868e+00
 3.54849e+00 -4.17698e+00 -3.08813e+00
 2.04881e+00 -5.05910e+00 -3.13416e+00
 3.66624e+00 -4.20069e+00 -3.02920e+00
 2.88231e+00 -4.53251e+00 -3.26815e+00
 3.66794e+00 -4.20264e+00 -3.02785e+00
 2.30938e+00 -5.05619e+00 -3.35470e+00
 2.15702e+00 -5.19502e+00 -2.25398e+00
 2.04515e+00 -5.10020e+00 -3.17642e+00
 2.21985e+00 -5.16134e+00 -3.36092e+00
 2.19080e+00 -5.13982e+00 -3.34527e+00
 2.12828e+00 -5.62066e+00 -2.61381e+00
 2.16683e+00 -5.41062e+00 -2.25087e+00
 2.15888e+00 -5.44225e+00 -2.30571e+00
 2.73825e+00 -5.32043e+00 -2.04872e+00
 3.62546e+00 -4.16036e+00 -2.95989e+00
 3.62599e+00 -4.16130e+00 -2.95440e+00
 4.30013e-02 -1.47184e+00 -4.91874e+00
 4.24801e-01 -6.42074e-01 -5.04825e+00
 1.57040e-02 -2.63477e-01 -4.98436e+00
-7.12984e-01 -1.50992e+00 -5.78729e+00
-9.51033e-01 -9.64048e-01 -5.65479e+00
-1.52732e-01 -1.04264e+00 -4.58175e+00
-2.23362e-01 -9.76709e-01 -4.62561e+00
 1.94818e-03 -1.04873e+00 -4.52960e+00
-1.93191e-01 -1.51678e+00 -5.05023e+00
 3.13361e-01 -1.34814e+00 -5.07408e+00
-2.43939e-03 -2.56589e-01 -4.97022e+00
 2.20971e-02 -5.30076e-01 -4.68769e+00
 4.08646e-01 -6.38430e-01 -5.07000e+00
-9.67840e-01 -8.62077e-01 -5.77085e+00
 3.52336e-01 -8.00124e-01 -4.77988e+00
 4.43027e-01 -6.89331e-01 -5.01640e+00
 1.35498e-01 -7.41562e-01 -4.58374e+00
 1.25560e-01 -9.25893e-01 -4.52846e+00
-6.86164e-01 -4.59806e-01 -5.74201e+00
-7.28071e-01 -6.97290e-01 -6.01632e+00
-1.28371e-01 -1.35407e+00 -5.65065e+00
 2.62666e-02 -8.08386e-01 -5.54111e+00
-6.92284e-01 -1.45070e+00 -6.00973e+00
-8.67559e-01 -9.48725e-01 -6.10999e+00
 3.76701e-03 -2.61722e-01 -5.00244e+00
-3.78722e-02 -2.51439e-01 -5.02445e+00
 2.93156e-01 -9.48442e-01 -4.68568e+00
 3.00447e-01 -1.36083e+00 -5.03796e+00
-4.50895e+00  4.61999e+00 -8.30909e-01
-4.68556e+00  4.17985e+00 -1.73880e+00
-4.01034e+00  4.68459e+00 -2.35359e+00
-4.35285e+00  4.23547e+00 -2.19316e+00
-3.75388e+00  5.06474e+00 -1.19076e+00
-3.80130e+00  5.14847e+00 -1.30592e+00
-4.17674e+00  4.62304e+00 -2.30852e+00
-3.91179e+00  4.25192e+00 -2.28183e+00
-4.68760e+00  4.84516e+00 -9.95739e-01
-3.93607e+00  4.17192e+00 -2.26035e+00
-3.63834e+00  4.47002e+00 -1.16332e+00
-3.59427e+00  4.09260e+00 -1.25044e+00
-3.68849e+00  3.82877e+00 -1.14961e+00
-3.69928e+00  3.96865e+00 -1.07633e+00
-3.87844e+00  5.12944e+00 -1.14859e+00
-3.90047e+00  5.15167e+00 -1.16510e+00
-4.78156e+00  4.64630e+00 -1.43909e+00
-3.67242e+00  3.83362e+00 -1.17973e+00
-3.65261e+00  3.86371e+00 -1.15894e+00
-3.65332e+00  3.86344e+00 -1.15775e+00
-4.08132e+00 -3.01839e+00 -4.10612e+00
-3.67917e+00 -3.24539e+00 -3.33879e+00
-3.25393e+00 -2.39111e+00 -3.54713e+00
-4.05899e+00 -3.13593e+00 -3.96573e+00
-3.99580e+00 -2.88977e+00 -4.10778e+00
-3.27783e+00 -2.72698e+00 -3.26719e+00
-3.19042e+00 -3.06360e+00 -4.56225e+00
-2.76178e+00 -3.26453e+00 -4.44554e+00
-2.83186e+00 -2.67795e+00 -4.07627e+00
-3.00515e+00 -3.73565e+00 -4.08938e+00
-3.18734e+00 -3.71490e+00 -3.95801e+00
-2.59012e+00 -3.07829e+00 -4.21175e+00
-1.25125e+00  6.61976e+00  8.18009e-01
-1.28672e+00  6.61351e+00  8.42100e-01
-5.21306e-01  6.73876e+00  1.09269e+00
-5.02183e-01  6.74759e+00  6.40307e-01
-4.79896e-01  6.74600e+00  1.06863e+00
-1.95708e+00  6.06453e+00  9.03790e-01
-3.00703e+00  5.13774e+00 -4.06637e-02
-3.06989e+00  5.34881e+00  6.99553e-03
-2.43805e+00  4.95988e+00  9.20190e-02
-3.09306e+00  5.05911e+00  6.23929e-01
-2.92266e+00  4.79099e+00 -1.16729e-03
-2.83838e+00  5.47281e+00  1.32560e+00
-2.33895e+00  5.81630e+00  1.26016e+00
-1.82715e+00  5.85397e+00  7.59949e-01
-2.23884e+00  5.54551e+00  1.16721e+00
-2.10810e+00  6.15434e+00  5.91393e-01
-2.05125e+00  6.13889e+00  6.63726e-01
-2.65450e+00  5.93846e+00  1.38122e+00
-1.66887e+00  5.42512e+00  6.36006e-01
-1.73439e+00  5.31218e+00  4.42408e-01
-1.84793e+00  5.89202e+00  8.02269e-01
-1.74905e+00  5.65616e+00  7.10427e-01
 1.43683e+00 -5.09131e+00 -9.26603e-01
 2.31989e+00 -6.60229e+00 -8.05182e-01
 2.17754e+00 -5.22911e+00 -8.36512e-01
 2.14541e+00 -6.12969e+00 -3.48316e-01
 1.12455e+00 -5.08469e+00 -1.28439e+00
 2.19095e+00 -5.41833e+00 -6.96144e-01
 2.01825e+00 -5.79002e+00 -4.17109e-01
 2.61007e+00 -6.53837e+00 -8.57874e-01
 1.36282e+00 -5.04769e+00 -1.52370e+00
 2.62924e+00 -5.52137e+00 -1.65274e+00
 2.60503e+00 -6.44099e+00 -1.10859e+00
 1.68805e+00 -5.07146e+00 -9.45521e-01
 1.21289e+00 -5.06472e+00 -1.44933e+00
 1.87622e+00 -6.08057e+00 -2.08429e+00
 2.63658e+00 -5.49874e+00 -1.49498e+00
 2.29755e+00 -6.05628e+00 -3.42745e-01
 2.08760e+00 -6.27475e+00 -4.47919e-01
 2.62462e+00 -6.35936e+00 -7.14245e-01
 2.21945e+00 -6.05918e+00 -3.16662e-01
 2.13924e+00 -6.00207e+00 -3.26289e-01
 2.04880e+00 -6.58339e+00 -9.56806e-01
 1.99815e+00 -6.23675e+00 -1.86171e+00
 2.13414e+00 -5.43472e+00 -2.21766e+00
 1.88847e+00 -5.74360e+00 -2.28019e+00
-5.69034e+00  3.07651e+00  2.06055e+00
-4.47909e+00  3.58768e+00  3.25297e+00
-4.86885e+00  3.81053e+00  1.85300e+00
-4.91217e+00  4.00738e+00  1.91350e+00
-5.75919e+00  2.97502e+00  2.34811e+00
-5.27743e+00  3.21046e+00  3.45585e+00
-4.47765e+00  3.57102e+00  3.24946e+00
-5.55047e+00  3.05773e+00  2.06656e+00
-5.46198e+00  3.98169e+00  1.80122e+00
-5.78859e+00  3.03695e+00  2.19474e+00
-5.29108e+00  4.37268e+00  1.93437e+00
-4.63900e+00  3.47108e+00  1.95161e+00
-4.49388e+00  4.16242e+00  2.75198e+00
-4.46203e+00  3.94824e+00  2.46710e+00
-4.42467e+00  3.57578e+00  2.29430e+00
-5.51437e+00  3.09927e+00  3.30176e+00
-5.75267e+00  2.97138e+00  2.35565e+00
-5.55090e+00  3.73890e+00  1.87066e+00
-4.49747e+00  4.12845e+00  2.86149e+00
-4.54060e+00  3.54325e+00  3.29603e+00
-4.55437e+00  3.66749e+00  3.32464e+00
-5.34194e+00  4.35749e+00  1.91310e+00
-5.32589e+00  4.01886e+00  1.79112e+00
 2.22713e+00  3.98661e+00  3.50790e+00
 1.98928e+00  5.01507e+00  3.71831e+00
 3.38452e+00  4.28578e+00  4.15833e+00
 3.45704e+00  4.34180e+00  3.33417e+00
 1.77642e+00  4.65212e+00  3.74884e+00
 3.19311e+00  4.79314e+00  3.26601e+00
 3.14141e+00  4.02414e+00  4.33351e+00
 2.90559e+00  3.75233e+00  3.87225e+00
 2.99938e+00  3.83699e+00  3.23403e+00
 2.97201e+00  3.84505e+00  3.22751e+00
 3.10352e+00  4.93103e+00  3.31459e+00
 2.61978e+00  4.70323e+00  4.52603e+00
 2.16415e+00  5.13142e+00  3.67087e+00
 1.79210e+00  4.87617e+00  3.97462e+00
 1.75395e+00  4.85543e+00  3.86263e+00
 1.73114e+00  4.81747e+00  3.86633e+00
 3.14962e+00  4.05209e+00  4.36708e+00
 2.98758e+00  4.41991e+00  4.57549e+00
 1.73179e+00  4.82593e+00  3.87492e+00
 1.75633e+00  4.85468e+00  3.92336e+00
-6.64089e-01 -2.35957e+00 -8.26379e-01
-3.40951e-01 -2.83049e+00 -1.02028e+00
-3.69286e-01 -2.81714e+00 -1.04134e+00
-4.10605e-01 -3.43940e+00 -9.73138e-01
-9.05129e-01 -2.67229e+00  2.13586e-01
-8.49938e-01 -2.64339e+00  2.20649e-01
-8.35034e-01 -3.45602e+00  7.84984e-02
-4.53044e-02 -3.52997e+00 -7.14293e-01
 8.80747e-02 -3.63517e+00 -5.02676e-01
-4.57687e-02 -2.69086e+00  2.41298e-01
-1.13155e+00 -3.29560e+00  9.59794e-02
 2.67442e-01 -2.86360e+00  1.01208e-01
-1.27327e+00 -2.78266e+00 -3.06282e-01
-6.26136e-01 -3.85208e+00 -3.69047e-01
-9.28024e-03 -2.51291e+00 -2.91517e-01
-5.90547e-01 -2.39715e+00 -8.84250e-01
-1.23806e+00 -3.33751e+00 -5.07949e-02
-9.25858e-01 -3.80781e+00 -5.32647e-01
-8.63815e-02 -2.39674e+00  2.13852e-01
-2.76181e-01 -2.32728e+00  2.03706e-01
 4.69488e-02 -2.84633e+00  2.17341e-01
 1.94391e-01 -2.52454e+00  8.37307e-02
-1.31406e+00 -3.09165e+00 -2.55888e-01
-1.14426e+00 -3.59009e+00 -3.66670e-01
 5.42794e-01  1.04100e+00  6.78527e+00
 5.43537e-01  1.04109e+00  6.78530e+00
 5.42967e-01  1.04047e+00  6.78549e+00
-5.57347e-01 -1.93592e-01 -3.63294e+00
-6.19890e-01 -1.79112e-01 -2.70034e+00
-3.48084e-01 -1.12997e+00 -3.22215e+00
-1.21230e-01 -9.79743e-01 -3.30235e+00
-1.67470e-01 -8.09622e-01 -3.43141e+00
-2.03583e-01 -3.47508e-01 -2.62890e+00
-1.72983e-01 -4.68945e-01 -3.49616e+00
-1.01548e+00  2.61428e-01 -3.24165e+00
-1.23503e+00 -5.46774e-03 -3.60005e+00
-1.25097e+00 -1.71571e-01 -3.79124e+00
-8.18100e-01  1.69055e-01 -2.95712e+00
-1.08872e+00 -8.99248e-01 -3.48269e+00
-1.26354e+00 -6.13653e-01 -3.71161e+00
-1.29388e+00 -2.01319e-01 -3.79524e+00
-1.33625e+00 -3.05104e-01 -3.78530e+00
-1.32610e+00 -1.90016e-01 -3.75708e+00
 1.15758e-01 -5.49530e-01 -2.84151e+00
-1.58539e-01 -2.93938e-01 -2.68085e+00
-8.74983e-01 -1.21328e+00 -3.22827e+00
-8.89360e-01 -1.20839e+00 -3.21978e+00
 9.74236e-02 -7.02152e-01 -2.78537e+00
 1.21291e-01 -6.98689e-01 -2.80622e+00
-2.11272e-01 -1.06929e+00 -3.24885e+00
-6.15016e-02 -9.56703e-01 -3.17305e+00
 4.95872e+00 -2.33438e+00  2.63856e+00
 5.24641e+00 -2.28071e+00  2.21240e+00
 5.22158e+00 -2.27041e+00  2.25628e+00
 4.50943e+00 -3.64761e+00  2.71975e+00
 4.59776e+00 -2.31215e+00  2.05355e+00
 4.51461e+00 -3.21048e+00  2.91940e+00
 4.07314e+00 -2.72483e+00  2.12924e+00
 4.76045e+00 -2.34041e+00  2.51788e+00
 5.25307e+00 -2.50013e+00  2.09765e+00
 4.54741e+00 -3.86381e+00  2.50646e+00
 5.21756e+00 -2.44738e+00  2.07300e+00
 4.17268e+00 -2.63171e+00  1.99461e+00
 5.17487e+00 -2.30926e+00  2.08591e+00
 4.61054e+00 -2.30825e+00  2.07093e+00
 3.91939e+00 -2.91065e+00  2.35396e+00
 4.59132e+00 -3.83525e+00  2.50199e+00
 4.12953e+00 -3.69346e+00  2.46081e+00
 3.87461e+00 -3.21092e+00  2.51769e+00
 4.18404e+00 -2.60089e+00  1.99864e+00
 4.16907e+00 -2.62437e+00  1.99522e+00
 4.57004e+00 -3.85391e+00  2.52654e+00
 4.21706e+00 -3.74510e+00  2.49252e+00
 4.19977e+00 -3.76862e+00  2.42205e+00
 4.26747e+00 -3.80861e+00  2.44648e+00
-3.10724e+00 -3.87820e+00 -3.84172e+00
-3.42568e+00 -4.21012e+00 -3.61345e+00
-2.35997e+00 -4.40587e+00 -4.69572e+00
-3.06609e+00 -4.88599e+00 -3.05490e+00
-3.17972e+00 -3.96573e+00 -3.35857e+00
-3.40650e+00 -4.68301e+00 -4.11864e+00
-2.61189e+00 -4.75233e+00 -2.90193e+00
-3.54121e+00 -4.50174e+00 -3.70135e+00
-3.18646e+00 -4.59099e+00 -4.41331e+00
-3.03451e+00 -4.63452e+00 -4.51042e+00
-2.86043e+00 -4.45050e+00 -2.88338e+00
-2.83118e+00 -5.19922e+00 -3.40183e+00
-2.98406e+00 -5.23418e+00 -3.39081e+00
-2.34133e+00 -4.42655e+00 -3.07489e+00
-2.74826e+00 -4.96825e+00 -2.99580e+00
-2.81569e+00 -4.99946e+00 -3.02161e+00
-3.06255e+00 -4.89563e+00 -3.05662e+00
-2.22851e+00 -4.61185e+00 -4.27138e+00
-4.19964e-01 -1.77511e+00  3.09646e+00
-7.63247e-01 -3.23240e+00  2.16026e+00
 3.55688e-01 -2.94014e+00  2.58433e+00
-4.74528e-01 -1.77306e+00  2.98291e+00
-3.51138e-02 -1.90958e+00  2.44717e+00
 5.27278e-01 -2.74111e+00  2.30233e+00
 4.12666e-01 -2.79923e+00  2.60102e+00
 5.29330e-01 -2.73673e+00  2.29311e+00
-2.81570e-02 -1.90986e+00  2.46139e+00
-4.02975e-01 -2.04056e+00  3.36948e+00
-1.06760e-01 -3.27069e+00  2.74397e+00
 4.24437e-01 -2.77678e+00  2.22746e+00
 8.89189e-02 -2.23130e+00  2.08121e+00
 4.34917e-01 -2.52591e+00  2.23966e+00
 3.09272e-01 -2.43620e+00  2.14831e+00
 4.60328e-01 -2.75812e+00  2.23546e+00
 4.38673e-01 -2.73202e+00  2.22085e+00
-8.69293e-01 -2.49564e+00  2.82327e+00
 6.60979e+00 -2.07054e+00  1.43212e+00
 6.55348e+00 -2.21125e+00  1.90254e+00
 5.83482e+00 -2.93932e+00  1.92755e+00
 5.81680e+00 -3.45269e+00  1.66085e+00
 5.83322e+00 -2.98691e+00  1.16333e+00
 5.83942e+00 -2.81043e+00  1.23171e+00
 5.86516e+00 -3.08510e+00  1.13476e+00
 5.96760e+00 -3.68761e+00  1.31195e+00
 6.61128e+00 -2.07046e+00  1.44004e+00
 6.83822e-01  1.39567e+00 -1.85931e+00
 1.26409e+00  8.55049e-01 -2.05791e+00
 2.22172e+00  1.72564e+00 -2.26040e+00
 1.52244e+00  1.35514e+00 -1.56422e+00
 1.44178e+00  1.06402e+00 -2.93141e+00
 1.31304e+00  8.33667e-01 -2.12722e+00
 2.03475e+00  1.48412e+00 -1.79497e+00
 2.03281e+00  1.59239e+00 -2.62679e+00
 5.72465e-01  1.66340e+00 -2.17705e+00
 1.54778e+00  2.10439e+00 -2.35211e+00
 1.93853e+00  1.98442e+00 -2.10729e+00
 1.88822e+00  1.51903e+00 -1.62829e+00
 1.12369e+00  1.61491e+00 -3.02227e+00
 1.49727e+00  1.88517e+00 -2.83530e+00
 1.13954e+00  1.43904e+00 -3.03073e+00
 9.58735e-01  1.57659e+00 -2.90178e+00
 2.04499e+00  1.65250e+00 -2.61620e+00
 2.20430e+00  1.71452e+00 -2.30299e+00
 4.27614e-01 -5.40610e+00  5.41783e+00
-5.71574e-01 -4.65787e+00  4.41161e+00
 1.28540e+00 -5.08052e+00  4.27004e+00
-5.70837e-01 -5.20055e+00  4.40215e+00
-1.24234e-01 -4.41267e+00  3.82813e+00
 1.31838e+00 -5.16782e+00  4.44023e+00
 1.00198e-01 -4.48394e+00  5.09422e+00
 2.75145e-03 -5.95076e+00  4.96847e+00
-5.65695e-01 -4.65380e+00  4.41746e+00
 8.53028e-01 -5.22576e+00  5.25543e+00
 1.09846e+00 -5.39452e+00  4.25358e+00
 1.31418e+00 -5.05237e+00  4.32382e+00
 1.29829e-01 -5.90844e+00  4.82188e+00
 1.32113e+00 -5.07175e+00  4.33326e+00
 3.71978e-01 -4.16805e+00  4.90561e+00
 4.10127e-01 -4.02275e+00  4.68881e+00
 6.25840e-01 -3.94830e+00  4.26014e+00
 3.74314e-01 -4.09710e+00  3.85703e+00
 5.71907e-01 -3.94257e+00  4.34135e+00
 3.31606e-01 -4.12850e+00  3.78435e+00
 1.49789e-02 -5.90440e+00  5.07569e+00
-5.85348e-01 -5.15928e+00  4.42184e+00
 3.57726e-01 -5.43929e+00  5.40564e+00
 3.68381e-01 -5.36646e+00  5.41306e+00
 3.81358e-02 -5.87950e+00  5.09830e+00
 5.47617e-01 -5.40263e+00  5.39206e+00
 5.58753e+00 -2.83599e+00  2.14870e+00
 6.52336e+00 -2.17929e+00  1.94111e+00
 6.47764e+00 -2.06612e+00  2.27668e+00
-2.25221e+00  5.53807e+00  2.77027e+00
-1.55738e+00  5.75305e+00  2.53686e+00
-2.10510e+00  5.36243e+00  2.87174e+00
-2.12290e+00  5.40908e+00  3.97664e+00
-2.87457e+00  5.64931e+00  3.38990e+00
-1.89242e+00  5.83867e+00  2.52027e+00
-2.34797e+00  5.33488e+00  3.99134e+00
-2.60788e+00  5.23756e+00  3.76397e+00
-1.07797e+00  5.73620e+00  2.81987e+00
-9.73746e-01  5.85277e+00  3.13100e+00
-1.19530e+00  5.65698e+00  2.69897e+00
-1.35426e+00  5.60013e+00  2.61584e+00
-2.87459e+00  5.64982e+00  3.38464e+00
-2.60449e+00  5.23664e+00  3.72088e+00
-2.61952e+00  5.25324e+00  3.77309e+00
-1.02037e+00  5.74250e+00  3.27274e+00
-1.11144e+00  5.68830e+00  2.77062e+00
 3.99867e+00  1.69508e+00 -4.70252e+00
 3.23818e+00  1.88692e+00 -5.03459e+00
 4.23080e+00  2.06166e+00 -4.27271e+00
 3.70477e+00  1.70933e+00 -3.73023e+00
 2.97077e+00  2.44850e+00 -4.70383e+00
 2.34799e+00  2.00945e+00 -4.51031e+00
 3.86505e+00  1.59126e+00 -4.61008e+00
 2.36986e+00  1.70927e+00 -4.44807e+00
 3.12858e+00  2.07305e+00 -3.78306e+00
 2.63349e+00  2.19922e+00 -3.88400e+00
 3.53574e+00  1.50719e+00 -3.83779e+00
 2.45116e+00  2.08438e+00 -4.67938e+00
 2.89745e+00  2.39813e+00 -4.76319e+00
 2.64544e+00  1.74281e+00 -4.84797e+00
 3.05053e+00  2.28454e+00 -4.85305e+00
 3.84493e+00  1.92770e+00 -3.73564e+00
 3.11497e+00  2.42426e+00 -4.70759e+00
 2.85395e+00  1.73519e+00 -4.92973e+00
 2.38306e+00  1.65829e+00 -4.11533e+00
 2.36240e+00  2.01159e+00 -4.01580e+00
 3.80822e+00  1.81211e+00 -3.73074e+00
 3.95832e+00  1.93607e+00 -3.81130e+00
 4.23030e+00  2.05731e+00 -4.28494e+00
 4.22972e+00  2.06455e+00 -4.27986e+00
-4.92030e+00  3.63787e+00  4.90947e-01
-4.38597e+00  3.21303e+00  1.89392e+00
-5.73466e+00  3.69635e+00  1.27693e+00
-5.40265e+00  3.50180e+00  5.15606e-01
-5.90913e+00  2.78120e+00  1.69944e+00
-5.79013e+00  3.49104e+00  1.40935e+00
-5.58787e+00  3.87782e+00  1.63114e+00
-5.59658e+00  3.85107e+00  1.64128e+00
-4.43569e+00  2.67506e+00  1.86456e+00
-4.16104e+00  3.38834e+00  1.26091e+00
-4.35830e+00  2.35499e+00  1.53575e+00
-4.44009e+00  2.27320e+00  1.43274e+00
-4.17982e+00  3.35545e+00  1.33999e+00
-5.54293e+00  2.25846e+00  8.66513e-01
-5.89360e+00  2.74263e+00  1.66447e+00
-4.52838e+00  2.25477e+00  1.18917e+00
-5.43318e+00  2.22369e+00  8.79670e-01
-5.90723e+00  2.77367e+00  1.69522e+00
-5.90331e+00  2.78733e+00  1.71060e+00
-5.50372e+00  2.22288e+00  8.77827e-01
-5.46481e+00  2.24747e+00  1.21358e+00
 1.96784e+00 -5.82924e+00 -2.46658e-01
 6.91057e-01 -4.74271e+00 -4.79223e-01
 1.06732e+00 -5.06248e+00 -1.26780e+00
 7.76124e-01 -4.85315e+00 -8.06746e-01
 7.13606e-01 -4.74095e+00 -4.44661e-01
 1.30496e+00 -6.38121e+00 -1.31318e-01
 2.01974e+00 -6.27190e+00 -3.32381e-01
 7.92016e-01 -5.41702e+00  1.77544e-01
 9.82235e-01 -5.23032e+00  1.48915e-01
 7.02569e-01 -4.84378e+00 -2.04671e-01
 6.94147e-01 -4.83692e+00 -2.12458e-01
 6.97322e-01 -4.83122e+00 -2.22716e-01
-2.41731e+00 -3.79287e+00  2.66983e+00
-2.01853e+00 -3.36425e+00  2.99838e+00
-3.07153e+00 -3.10258e+00  2.20041e+00
-2.32265e+00 -2.87286e+00  2.09083e+00
-2.65016e+00 -2.70462e+00  2.42680e+00
-3.14307e+00 -2.94410e+00  2.40428e+00
-1.99056e+00 -3.33838e+00  2.95117e+00
-1.75395e+00 -3.38193e+00  2.39081e+00
-2.44565e+00 -3.14053e+00  1.86234e+00
-2.79830e+00 -3.31159e+00  1.84653e+00
-2.74709e+00 -3.16951e+00  3.08452e+00
-2.41926e+00 -3.79817e+00  2.64582e+00
-2.77999e+00 -3.19793e+00  3.06229e+00
-3.12051e+00 -2.91540e+00  2.58193e+00
-2.79547e+00 -3.31203e+00  1.84472e+00
-2.79596e+00 -3.31362e+00  1.84503e+00
-2.97843e+00 -2.75128e+00  2.53275e+00
-2.90425e+00 -3.06564e+00  2.97675e+00
-2.87471e+00 -3.05733e+00  2.99682e+00
-2.90867e+00 -2.70515e+00  2.54905e+00
 5.50507e+00  1.33338e+00  4.15680e+00
 5.31468e+00  8.32492e-01  4.36678e+00
 5.36023e+00  1.09588e+00  4.22746e+00
-1.51617e+00  2.69521e+00  5.75965e+00
-1.17565e+00  3.25508e+00  5.15434e+00
-1.80753e+00  2.62299e+00  5.57651e+00
-1.32209e+00  3.21570e+00  5.06760e+00
-1.24055e+00  3.05009e+00  5.43908e+00
-1.35192e+00  2.88448e+00  6.04742e+00
-3.85734e-01 -1.44682e+00 -3.49272e+00
 4.26304e-01 -2.90747e+00 -2.97446e+00
 1.06637e+00 -2.60122e+00 -3.47101e+00
-5.23090e-01 -2.06139e+00 -4.00202e+00
-4.97333e-01 -1.61200e+00 -3.74338e+00
-2.30443e-01 -1.57178e+00 -3.31715e+00
 1.11506e+00 -2.45921e+00 -3.43244e+00
 1.01965e+00 -2.45198e+00 -2.95757e+00
 4.21205e-01 -2.90788e+00 -2.97670e+00
-3.95001e-01 -2.71377e+00 -4.12538e+00
 1.05697e+00 -2.47297e+00 -2.99118e+00
 9.66915e-01 -2.42100e+00 -2.92123e+00
 1.04174e+00 -2.51634e+00 -3.00000e+00
 9.66244e-01 -2.74740e+00 -3.09380e+00
 4.26448e-01 -2.76202e+00 -2.89750e+00
 4.23320e-01 -2.90614e+00 -2.97263e+00
-2.87468e-01 -1.47921e+00 -3.77278e+00
-3.61965e-01 -1.54530e+00 -3.81569e+00
-5.20467e-01 -2.07546e+00 -4.01300e+00
-5.21235e-01 -2.08139e+00 -4.00895e+00
-1.29848e+00 -3.46479e+00 -5.52202e+00
-1.31793e+00 -3.50041e+00 -5.49287e+00
-2.70241e+00 -3.56698e+00 -5.48754e+00
-2.34116e+00 -4.09215e+00 -5.03426e+00
-2.07683e+00 -3.10553e+00 -5.85145e+00
-2.27873e+00 -3.11665e+00 -5.84950e+00
-2.69287e+00 -3.58340e+00 -5.47343e+00
-1.32967e+00 -6.43769e+00 -6.69010e-01
-2.61536e+00 -6.93796e+00 -4.21014e-01
-1.53977e+00 -6.38027e+00 -6.09829e-01
-5.84223e-01 -6.78434e+00  5.60963e-02
-1.84855e+00 -6.46867e+00  6.07688e-01
-2.87433e+00 -7.02838e+00  3.35819e-01
-2.47148e+00 -6.79452e+00  6.70551e-01
-2.76378e+00 -7.01350e+00 -3.72082e-01
-2.77016e+00 -7.01571e+00 -3.53109e-01
-9.66105e-01 -6.73019e+00  4.92228e-01
-9.67275e-01 -6.72994e+00  4.93022e-01
-1.50459e+00 -6.58686e+00  6.69032e-01
-1.82515e+00 -6.48644e+00  6.75497e-01
-2.35207e+00 -5.58052e+00  1.45028e+00
-2.37738e+00 -5.37740e+00  1.44231e+00
-1.61011e+00 -5.58628e+00  6.17883e-01
-1.68055e+00 -5.54934e+00  1.46090e+00
-2.97168e+00 -5.42105e+00  9.40819e-01
-1.48963e+00 -5.19286e+00  1.45103e+00
-3.04905e+00 -5.45830e+00  9.75167e-01
-1.98052e+00 -5.11978e+00  5.61116e-01
-1.59207e+00 -5.42299e+00  5.56834e-01
-1.42363e+00 -5.11482e+00  1.22239e+00
-1.53000e+00 -5.43812e+00  6.06727e-01
-3.07730e+00 -5.46209e+00  1.02880e+00
-3.05035e+00 -5.44643e+00  9.78763e-01
-1.46007e+00 -5.15227e+00  1.37670e+00
-1.49380e+00 -5.17391e+00  1.45025e+00
 4.32768e+00 -3.10488e+00 -1.91386e+00
 4.08045e+00 -3.72867e+00 -1.30929e+00
 3.13304e+00 -2.44288e+00 -2.35895e+00
 4.08961e+00 -3.84757e+00 -1.74916e+00
 4.19770e+00 -3.75981e+00 -1.48111e+00
 4.27278e+00 -3.04434e+00 -2.19448e+00
 3.25195e+00 -2.58562e+00 -1.51755e+00
 3.44191e+00 -3.59534e+00 -2.65895e+00
 3.63609e+00 -3.83996e+00 -2.55641e+00
 3.93745e+00 -3.82357e+00 -2.32927e+00
 3.58116e+00 -3.90467e+00 -1.70760e+00
 3.51288e+00 -3.90928e+00 -1.74612e+00
 3.36654e+00 -3.15625e+00 -2.63832e+00
 2.86707e+00 -3.04475e+00 -1.56959e+00
 3.95487e+00 -3.55449e+00 -1.17475e+00
 4.05854e+00 -3.72767e+00 -1.29483e+00
 3.14082e+00 -2.43380e+00 -2.34440e+00
 3.92700e+00 -2.82944e+00 -2.49132e+00
 3.54840e+00 -2.62394e+00 -2.55293e+00
 3.51880e+00 -3.67875e+00 -2.67079e+00
 3.62757e+00 -3.14256e+00 -2.67100e+00
 3.56130e+00 -3.02628e+00 -2.65967e+00
 2.91818e+00 -3.27673e+00 -1.60548e+00
 3.09882e+00 -3.49600e+00 -1.54242e+00
 3.04449e+00 -2.52584e+00 -2.13526e+00
 3.11655e+00 -2.44749e+00 -2.11092e+00
 3.29024e+00 -2.50034e+00 -2.44878e+00
 3.15777e+00 -2.47144e+00 -2.40419e+00
-3.88690e+00  2.25892e+00  4.22182e+00
-3.97344e+00  4.17497e+00  4.51940e+00
-4.06878e+00  4.20177e+00  4.56545e+00
-3.21175e+00  3.26667e+00  3.88836e+00
-2.99279e+00  3.21635e+00  4.16405e+00
-2.98158e+00  2.97691e+00  4.22668e+00
-3.89862e+00  2.46669e+00  3.84373e+00
-3.42988e+00  2.67333e+00  3.74558e+00
-3.22990e+00  2.59326e+00  4.00435e+00
 2.33912e+00 -5.26425e+00 -3.58402e+00
 1.81344e+00 -4.89460e+00 -3.51565e+00
 1.81417e+00 -4.89347e+00 -3.51616e+00
 3.21522e+00 -5.16337e+00 -4.24053e+00
 2.54998e+00 -3.89156e+00 -4.29233e+00
 1.60883e+00 -4.93013e+00 -3.94559e+00
 1.79699e+00 -4.39887e+00 -4.58083e+00
 1.81432e+00 -4.89511e+00 -3.51549e+00
 3.14345e+00 -4.91747e+00 -4.09748e+00
 2.31352e+00 -3.99756e+00 -4.13957e+00
 1.85615e+00 -4.33184e+00 -4.57385e+00
 2.47265e+00 -3.99764e+00 -4.64554e+00
 2.60302e+00 -4.40356e+00 -4.84964e+00
 1.41647e+00  1.04238e+00  5.18199e-01
 8.55658e-01  3.46003e-01 -3.84295e-01
 7.33381e-01  9.20833e-01  1.16180e+00
 2.50034e-02  6.92671e-01 -1.46487e-01
 1.23780e+00  1.17746e+00 -2.52696e-02
 1.26618e+00  4.09290e-01  2.99237e-01
 1.21791e-01  5.84000e-01 -3.78926e-01
 7.86373e-01  6.65287e-01 -5.26399e-01
 3.83273e-01  1.49718e+00  2.89052e-01
 1.12156e+00  1.37253e+00  1.65974e-01
-1.53719e-02  1.05133e+00  1.03145e-01
 7.34188e-01  9.38673e-01  1.15972e+00
 4.51542e-01  1.48605e+00  4.46337e-01
 1.76443e-01  7.66214e-01  5.71091e-01
 1.38566e-01  9.26857e-01  6.00318e-01
 3.03262e-01  9.99708e-01  8.36793e-01
 7.21837e-02  1.23019e+00  2.79200e-02
 2.05155e-01  7.29702e-01 -4.62531e-01
 6.76266e-01  8.12603e-01  1.15729e+00
 7.02024e-01  2.60152e-01 -3.17984e-01
 1.01453e+00  2.56294e-01  4.71980e-01
 1.44372e+00  1.08568e+00  3.27680e-01
 1.09626e+00  1.18190e+00  9.36747e-01
 1.09941e+00  1.18319e+00  9.34212e-01
 1.09677e+00  1.18490e+00  9.36191e-01
 7.44987e-01  1.43716e+00  6.73483e-01
 8.37388e-01  1.07253e+00  1.09027e+00
 1.16144e+00  1.36605e+00  2.65107e-01
 5.92062e-01  6.24248e-01  1.01429e+00
 6.61104e-01  5.90062e-01  1.04084e+00
 5.72737e-01  8.85638e-01  1.11377e+00
 5.95637e-01  8.51454e-01  1.12576e+00
 1.28766e+00  4.46551e-01  1.59092e-01
 1.44293e+00  1.06155e+00  2.59556e-01
 1.05100e+00  1.21874e+00  9.58471e-01
 9.34142e-01  1.40544e+00  7.35265e-01
-2.17127e+00 -4.38040e+00 -3.44629e-02
-1.86871e+00 -2.54617e+00 -7.15199e-01
-2.72589e+00 -4.07915e+00 -1.26735e+00
-1.58975e+00 -2.70404e+00 -5.61596e-01
-1.80262e+00 -4.23378e+00 -7.93893e-02
-1.82704e+00 -2.56045e+00 -6.59551e-01
-1.80623e+00 -3.95703e+00  1.46014e-01
-2.60807e+00 -3.54971e+00 -1.28161e+00
-2.58364e+00 -4.10862e+00 -1.23297e+00
-2.72948e+00 -4.06886e+00 -1.26896e+00
-2.59708e+00 -4.25181e+00 -5.93407e-01
-2.75604e+00 -4.20005e+00 -1.14644e+00
-1.66890e+00 -2.63994e+00 -7.03696e-01
-1.37844e+00 -3.58635e+00 -1.00120e+00
-2.79594e+00 -3.67677e+00 -1.14272e+00
-2.65658e+00 -3.29776e+00 -1.19551e+00
-1.58002e+00 -3.56389e+00  1.84643e-01
-1.30090e+00 -3.74426e+00 -9.71508e-01
-2.67535e+00 -4.26553e+00 -8.76666e-01
-2.35556e+00 -4.37034e+00 -2.50850e-01
-1.12372e+00 -3.81968e+00 -5.75034e-01
-2.77228e+00 -4.15542e+00 -1.19197e+00
-2.78685e+00 -4.06789e+00 -1.21953e+00
-1.77604e+00 -2.58123e+00 -7.06594e-01
-1.84953e+00 -2.54297e+00 -6.95054e-01
-2.62783e+00  2.90563e+00  1.63191e-01
-2.80361e+00  3.90895e+00 -1.37822e+00
-2.13177e+00  2.87495e+00 -1.49307e+00
-2.07845e+00  3.18592e+00 -1.76670e+00
-2.40729e+00  2.66254e+00 -1.31840e+00
-3.06691e+00  3.95282e+00 -1.25855e+00
-3.10825e+00  3.20091e+00 -1.83271e+00
-2.72858e+00  3.68518e+00 -1.60083e+00
-3.17455e+00  3.34979e+00 -1.76371e+00
-2.63173e+00  2.90414e+00  1.62202e-01
-2.01678e+00  3.33765e+00 -1.73423e+00
-1.97084e+00  3.40838e+00 -1.63902e+00
-2.05476e+00  3.84732e+00 -1.17979e+00
-2.18541e+00  2.93875e+00 -3.66009e-01
-3.65169e+00  3.76075e+00 -1.25110e+00
-3.31301e+00  2.40307e+00 -1.13416e+00
-2.12506e+00  3.22891e+00 -1.80729e+00
-2.05328e+00  3.32504e+00 -1.76130e+00
-3.53531e+00  2.63449e+00 -1.35119e+00
-2.64128e+00  2.93493e+00  1.76933e-01
 2.97273e+00 -1.18262e+00  6.51166e+00
 3.03787e+00 -1.15128e+00  6.40727e+00
 3.17700e+00 -1.29627e+00  6.24824e+00
 3.01440e+00 -1.37447e+00  6.50880e+00
 5.36552e+00 -8.26795e-01 -8.15329e-01
 6.10245e+00  4.06457e-01 -1.48254e+00
 4.96868e+00 -4.95969e-01 -7.63320e-01
 6.18265e+00 -5.56183e-01 -1.05306e+00
 5.18813e+00 -3.28810e-01 -3.22854e-01
 5.12547e+00 -4.95535e-01 -4.57664e-01
 5.81343e+00 -7.19032e-01 -9.90362e-01
 4.93186e+00  2.31895e-01 -6.84272e-01
 5.76712e+00  5.69573e-01 -6.41367e-01
 6.27640e+00 -2.67223e-01 -7.96037e-01
 5.37397e+00 -2.12798e-01 -1.90356e+00
 6.25535e+00 -4.49558e-01 -1.10718e+00
 6.10700e+00  4.25490e-01 -1.43290e+00
 6.27046e+00 -4.65746e-01 -1.01096e+00
 4.99749e+00  2.65676e-01 -6.60072e-01
 6.08768e+00 -1.04879e-01 -4.93290e-01
 4.93541e+00  2.35268e-01 -6.78517e-01
 4.97462e+00 -9.57453e-03 -5.59159e-01
 4.92457e+00 -8.01648e-02 -6.35858e-01
 5.19631e+00 -7.31369e-01 -1.05300e+00
 4.92995e+00 -8.12041e-02 -6.25906e-01
 5.30488e+00 -7.13032e-01 -6.50153e-01
 5.16908e+00 -5.33219e-01 -4.66684e-01
 5.32678e+00 -2.49976e-02 -1.86115e+00
 6.01210e+00 -2.11082e-02 -4.03220e-01
 5.69597e+00  5.66898e-02 -2.27764e-01
 5.79728e+00  3.18907e-01 -3.16453e-01
 5.75679e+00  2.79386e-01 -2.88384e-01
 5.48916e+00 -3.66496e-01 -1.82445e+00
 5.42654e+00 -2.46463e-01 -1.91441e+00
 5.26204e+00 -1.78496e-01 -1.83236e+00
 5.25520e+00 -3.76738e-02 -1.81809e+00
 5.06562e+00 -5.88341e-01 -1.10241e+00
 5.58571e+00  7.56959e-02 -1.85930e+00
 5.99413e+00 -5.62824e-01 -1.31255e+00
 6.16992e+00 -5.32751e-01 -1.16158e+00
 4.99237e+00 -5.46953e-01 -8.44126e-01
 5.22343e+00 -7.72705e-01 -9.56795e-01
 5.15033e+00 -4.31531e-01 -3.84596e-01
 5.14216e+00 -4.38881e-01 -3.96094e-01
-1.80649e+00  6.03436e+00 -3.03769e+00
-1.85514e+00  6.27605e+00 -2.83383e+00
-1.17877e+00  6.22600e+00 -3.12020e+00
-1.32888e+00  5.94746e+00 -3.27958e+00
-1.28855e+00  6.34313e+00 -2.98982e+00
-1.72434e+00 -5.36055e+00 -2.11188e+00
-1.71044e+00 -5.36753e+00 -1.90789e+00
-9.36573e-01 -5.20306e+00 -2.46185e+00
-1.05785e+00 -4.28063e+00 -1.75922e+00
-1.52946e+00 -5.13973e+00 -1.21130e+00
-5.27547e-01 -5.88475e+00 -1.99517e+00
-1.14946e+00 -4.33186e+00 -1.77580e+00
-6.00718e-01 -5.79353e+00 -2.09044e+00
-1.19300e+00 -6.13367e+00 -1.61965e+00
-1.20063e+00 -6.12363e+00 -1.64219e+00
-1.33595e+00 -5.88746e+00 -1.19979e+00
-4.04272e-01 -5.95092e+00 -1.77072e+00
-1.02212e+00 -4.29074e+00 -1.83247e+00
-3.94372e-01 -5.93911e+00 -1.77896e+00
-1.64369e+00 -5.18183e+00 -2.27643e+00
-1.22389e+00 -6.09071e+00 -1.67695e+00
-4.42158e-01 -5.97613e+00 -1.78655e+00
-4.36678e-01 -5.94243e+00 -1.85554e+00
-1.14305e+00 -4.34693e+00 -1.60884e+00
-1.08017e+00 -4.31372e+00 -1.58015e+00
-8.10630e-01 -4.44491e+00 -1.94693e+00
-8.79650e-01 -4.44831e+00 -2.07109e+00
-1.01567e+00 -4.34388e+00 -1.98161e+00
-1.23100e+00 -4.45132e+00 -1.98623e+00
-6.22909e+00 -1.00124e+00  1.69650e-01
-5.98785e+00 -1.25880e+00 -4.97801e-02
-5.97516e+00 -1.24841e+00 -4.78562e-02
-6.41178e+00 -2.02291e-02 -5.86562e-01
-6.40553e+00 -8.38597e-02 -6.73602e-01
-6.41144e+00 -1.48016e+00 -5.93055e-01
-6.03278e+00 -1.08132e+00 -8.76621e-01
-5.95646e+00 -1.01114e+00 -8.94677e-01
-6.10561e+00 -7.78027e-01 -1.02207e+00
-5.82162e+00 -9.23279e-01 -7.88330e-01
-6.05127e+00 -8.35091e-01 -1.00261e+00
-6.31249e+00  3.52248e-02 -2.94795e-01
-5.73477e+00 -9.03626e-01 -5.78446e-01
-6.33885e+00 -2.50009e-01 -7.97096e-01
-5.93994e+00 -8.79095e-01 -9.56454e-01
-5.96827e+00 -8.44027e-01 -9.66143e-01
-5.93793e+00 -8.76983e-01 -9.55375e-01
-4.70911e+00  1.84671e-01  3.93376e+00
-5.01741e+00  2.21097e-01  4.87205e+00
-4.48123e+00  1.49069e+00  5.00168e+00
-5.00465e+00  1.30603e-01  4.12210e+00
-4.77036e+00  5.85776e-01  5.15977e+00
-5.03587e+00  1.33338e-01  4.14414e+00
-3.78762e+00  5.44809e-01  4.23992e+00
-3.67860e+00  1.75734e+00  4.52925e+00
-4.48116e+00  9.14051e-01  3.96324e+00
-4.55945e+00  4.40344e-01  3.89640e+00
-4.27948e+00 -1.13205e-02  3.98719e+00
-4.34896e+00 -5.94606e-02  3.98911e+00
-3.76493e+00  1.57033e+00  4.32065e+00
-4.49688e+00  1.51155e+00  4.89389e+00
-5.02993e+00  6.15575e-01  5.12408e+00
-5.06507e+00  8.12483e-01  4.33669e+00
-5.04407e+00  8.55853e-01  5.07181e+00
-5.06567e+00  9.93014e-01  4.61412e+00
-3.96912e+00  1.80377e+00  4.86377e+00
-3.97357e+00  1.76396e+00  5.00155e+00
-3.54747e+00  1.29651e+00  4.95713e+00
-3.64200e+00  1.36349e+00  5.12357e+00
-4.76790e+00 -5.50085e-02  4.36515e+00
-5.02199e+00  9.78336e-02  4.21965e+00
-4.96238e+00  1.46530e-01  4.78640e+00
-4.98080e+00  1.76289e-01  4.83950e+00
-3.67624e+00  1.59039e+00  5.07184e+00
-5.02524e+00  5.01192e-01  5.08476e+00
-4.94879e+00  5.72668e-01  5.14233e+00
-5.03246e+00  1.06496e-01  4.20778e+00
-4.44424e+00  3.29857e-02  3.91846e+00
-4.39646e+00 -2.03121e-02  3.93560e+00
-4.35325e+00 -4.32889e-02  3.95284e+00
 3.12314e+00 -4.40437e+00 -5.12763e+00
 2.82403e+00 -4.26840e+00 -5.11183e+00
 2.76061e+00 -4.45719e+00 -5.05187e+00
 7.00148e-01 -4.02730e+00  2.93834e+00
 8.51288e-01 -4.08013e+00  1.89249e+00
 7.77500e-01 -2.91449e+00  2.12503e+00
 5.34224e-01 -2.73757e+00  2.29371e+00
 1.20007e+00 -3.78993e+00  2.32869e+00
 3.09885e-01 -3.58431e+00  1.46588e+00
 6.32520e-01 -2.99265e+00  1.95495e+00
 3.18190e-01 -3.60688e+00  1.46846e+00
 9.71850e-01 -4.03524e+00  2.69176e+00
 8.43261e-01 -4.08827e+00  1.89957e+00
 4.12819e-01 -3.85463e+00  3.09743e+00
-1.03332e-01 -3.34142e+00  2.79393e+00
 3.05013e-01 -3.62465e+00  3.05488e+00
 7.71934e-01 -2.88570e+00  2.16536e+00
 8.79369e-01 -3.08001e+00  2.18617e+00
-1.19827e+00 -3.59079e+00 -4.94775e+00
-1.06072e-01 -4.81721e+00 -4.46786e+00
-1.12930e+00 -3.52687e+00 -4.90505e+00
-1.33342e-01 -4.06677e+00 -4.62747e+00
-1.44362e-01 -4.88511e+00 -4.50210e+00
 2.83313e-01 -4.30087e+00 -4.98790e+00
-2.91195e-01 -4.42329e+00 -4.42744e+00
-7.49517e-01 -3.49993e+00 -4.67793e+00
-3.32485e-01 -4.85393e+00 -4.46269e+00
-2.18972e-01 -4.40715e+00 -4.45658e+00
-1.15630e-01 -4.80681e+00 -4.46084e+00
-2.53379e-01 -4.75057e+00 -4.41297e+00
 1.15641e+00 -3.19250e-02 -9.62609e-01
 1.26704e+00 -1.19475e+00 -1.39961e+00
 2.76306e+00 -4.24310e-01 -8.42295e-01
 1.50254e+00  1.30557e-01 -4.45242e-01
 1.73365e+00 -1.30721e-01 -1.36900e-01
 1.72302e+00  3.43995e-02 -1.35719e-01
 2.27115e+00  3.89073e-02 -4.16327e-01
 1.43391e+00  1.62621e-01 -1.11356e+00
 1.09300e+00 -7.19026e-01 -1.12334e+00
 2.01508e+00  2.44388e-01 -1.18023e+00
 2.34434e+00  5.76409e-02 -5.31972e-01
 1.65051e+00  2.60306e-01 -1.07515e+00
 2.18444e+00 -4.37687e-01 -1.86406e+00
 2.63741e+00 -2.64634e-01 -5.95926e-01
 2.10812e+00 -5.62312e-01 -3.17398e-01
 2.75004e+00 -5.44219e-01 -1.12462e+00
 2.63593e+00 -3.91663e-01 -5.91892e-01
 1.57302e+00 -1.21543e+00 -1.23874e+00
 1.17345e+00  2.33231e-02 -9.32401e-01
 1.18182e+00  3.01781e-02 -9.62978e-01
 2.37065e+00  1.86093e-01 -1.32298e+00
 2.70072e+00 -2.23377e-01 -7.21115e-01
 2.55335e+00  5.58269e-02 -8.06644e-01
 2.51349e+00 -3.29430e-01 -1.70549e+00
 1.52484e+00 -1.05021e+00 -1.55085e+00
 1.12109e+00 -7.66170e-01 -1.08740e+00
 2.22679e+00 -4.16754e-01 -1.85482e+00
 2.45868e+00 -2.20290e-01 -1.72722e+00
 1.46243e+00 -1.23376e+00 -1.32082e+00
 1.26706e+00 -1.19478e+00 -1.39957e+00
 1.20074e+00  4.55104e+00 -5.05738e-01
 8.55275e-01  4.95293e+00 -4.62155e-01
 9.91504e-01  4.87113e+00 -6.96202e-01
 1.75524e+00  4.32597e+00 -3.61751e-01
 1.81676e+00  5.32138e+00  1.37382e-01
 1.44379e+00  5.88458e+00 -1.05729e+00
 1.36013e+00  5.04068e+00  2.86817e-01
 9.35647e-01  4.93365e+00 -1.50469e-01
 9.20860e-01  4.82654e+00 -3.28748e-01
 2.09242e+00  4.59811e+00 -5.10969e-01
 8.46464e-01  5.01781e+00 -4.27727e-01
 1.57702e+00  5.97081e+00 -1.11675e+00
 1.83245e+00  5.44874e+00  1.78651e-02
 1.40093e+00  5.08140e+00  2.75933e-01
 1.89222e+00  5.59483e+00 -2.71203e-01
 2.09404e+00  4.66479e+00 -5.49532e-01
 1.25100e+00  4.98968e+00  2.15223e-01
 1.35807e+00  4.96772e+00  2.76186e-01
 1.55075e+00  5.98794e+00 -1.07990e+00
 1.51869e+00  5.77549e+00 -1.20672e+00
 1.69845e+00  5.67180e+00 -1.14226e+00
 1.55288e+00  5.80012e+00 -1.22014e+00
 1.67380e+00  5.96448e+00 -8.58432e-01
 1.69182e+00  5.55003e+00 -1.11533e-01
 1.65869e+00  5.98176e+00 -9.10651e-01
 1.63362e+00  5.95951e+00 -1.06828e+00
 1.98474e+00  4.48812e+00 -6.52693e-02
 1.91982e+00  4.43626e+00 -4.59063e-02
-3.56300e+00 -2.19426e+00  5.19566e+00
-4.45569e+00 -2.13739e+00  5.72331e+00
-3.62550e+00 -9.83935e-01  4.54577e+00
-4.56080e+00 -2.14810e+00  5.00972e+00
-3.58639e+00 -9.03977e-01  5.54355e+00
-4.28490e+00 -8.88446e-01  5.72857e+00
-4.25555e+00 -2.33694e+00  5.72489e+00
-4.13220e+00 -2.52873e+00  5.30133e+00
-4.13628e+00 -2.46450e+00  5.67246e+00
-4.31126e+00 -5.72314e-01  4.66606e+00
-4.73656e+00 -1.17106e+00  5.12900e+00
-3.47593e+00 -2.10052e+00  5.13655e+00
-3.54031e+00 -1.72233e+00  4.64994e+00
-4.32557e+00 -1.75308e+00  4.54550e+00
-4.20819e+00 -2.38561e+00  5.03723e+00
-4.00164e+00 -2.45762e+00  5.24589e+00
-4.23450e+00 -8.90464e-01  5.75806e+00
-4.27901e+00 -1.04960e+00  5.76835e+00
-4.74019e+00 -1.92678e+00  5.27028e+00
-4.40583e+00 -2.06765e+00  5.78202e+00
-3.60426e+00 -7.34703e-01  5.55415e+00
-3.80877e+00 -1.72727e+00  4.49553e+00
-4.31628e+00 -5.67896e-01  4.69976e+00
-4.07533e+00 -1.91623e+00  4.56031e+00
-4.25098e+00 -2.44151e+00  5.10777e+00
-4.14695e+00 -2.45169e+00  5.68583e+00
-4.47448e+00 -8.85136e-01  4.63936e+00
-4.17031e+00 -6.40013e-01  4.54250e+00
-4.08312e+00 -8.81096e-01  4.37963e+00
-4.30933e+00 -1.15595e+00  4.41150e+00
-3.58659e+00 -1.37407e+00  4.47351e+00
-3.78267e+00 -1.64298e+00  4.47457e+00
-3.91854e+00 -1.07721e+00  4.36057e+00
-4.10231e+00 -9.72104e-01  4.35296e+00
-3.61601e+00 -1.12275e+00  4.42917e+00
-3.76635e+00 -1.07074e+00  4.39060e+00
-3.60878e+00 -7.17727e-01  5.49835e+00
-4.56958e+00 -7.93554e-01  5.29772e+00
-4.18900e+00 -5.66664e-01  4.75423e+00
-4.23038e+00 -5.83160e-01  4.60731e+00
 2.33022e+00 -2.36086e+00 -5.83179e+00
 2.31089e+00 -2.84437e+00 -6.07070e+00
 2.05643e+00 -3.22360e+00 -5.30325e+00
 1.64326e+00 -3.17076e+00 -5.07831e+00
 2.01845e+00 -2.95929e+00 -4.97893e+00
 2.36477e+00 -2.50266e+00 -6.06236e+00
 1.10702e+00 -3.07740e+00 -5.45368e+00
 1.64677e+00 -3.05570e+00 -4.99964e+00
 2.02076e+00 -3.22361e+00 -5.16092e+00
 2.17849e+00 -2.18091e+00 -5.10878e+00
 2.18800e+00 -2.16485e+00 -5.13619e+00
 2.87901e+00 -4.54425e+00 -5.83476e-01
 3.95440e+00 -4.41015e+00 -8.23192e-01
 2.57633e+00 -4.07091e+00 -1.52090e+00
 3.02478e+00 -4.67648e+00 -1.69536e+00
 3.10787e+00 -4.82813e+00 -1.08334e+00
 3.42504e+00 -4.69948e+00 -4.96861e-01
 2.99917e+00 -4.63733e+00 -1.75994e+00
 3.28527e+00 -4.25162e+00 -1.75649e+00
 3.69179e+00 -3.90924e+00 -5.44464e-01
 3.74095e+00 -4.22058e+00 -5.07457e-01
 3.54954e+00 -3.86859e+00 -5.37876e-01
 3.47609e+00 -4.76413e+00 -6.11609e-01
 3.36259e+00 -4.10796e+00 -4.90530e-01
 2.97409e+00 -4.53377e+00 -4.76492e-01
 3.86058e+00 -4.54029e+00 -5.96929e-01
 3.80592e+00 -4.50172e+00 -5.11980e-01
 4.47621e-01  5.65552e-01  5.17920e+00
 1.98361e+00  6.39653e-01  5.44098e+00
 1.06704e+00  3.62129e-01  6.05206e+00
 9.88430e-01  1.40107e+00  5.76333e+00
 2.00582e+00  9.69156e-01  5.46330e+00
 3.96547e-01  8.01116e-01  5.29692e+00
 4.15355e-01  9.24435e-01  5.70697e+00
 7.23050e-01  1.00591e+00  6.44098e+00
 5.27895e-01  1.07120e+00  5.50354e+00
 1.90047e+00  6.76122e-01  5.25511e+00
 8.35632e-01  8.96539e-01  6.48046e+00
 3.86865e-01  9.43739e-01  5.53069e+00
 4.32819e-01  6.04315e-01  5.14963e+00
 1.86533e+00  6.75634e-01  5.23880e+00
 1.71365e+00  4.90840e-01  6.26043e+00
 1.69532e+00  4.10587e-01  6.18814e+00
 5.92861e-01  5.41023e-01  5.10594e+00
 5.08098e-01  5.05997e-01  5.19909e+00
 2.01779e+00  9.60476e-01  5.46402e+00
 2.05325e+00  8.57662e-01  5.55715e+00
-9.06648e-01  1.55114e+00  6.08571e+00
-6.35656e-01  1.19035e+00  5.98351e+00
-7.28989e-01  8.22362e-01  6.32373e+00
-4.66248e-01  7.80307e-01  6.54309e+00
 1.32459e-01  1.19992e+00  6.48009e+00
-2.80904e-01  1.81976e+00  5.95677e+00
-8.90729e-01  1.57594e+00  6.08417e+00
-2.73246e-01  1.46703e+00  5.92060e+00
-1.16252e-01  1.85568e+00  6.07605e+00
-1.85609e-01  1.46423e+00  5.98151e+00
-9.52569e-01 -3.96565e+00 -1.66186e+00
-2.05498e+00 -3.94287e+00 -2.01632e+00
-2.47381e+00 -3.60378e+00 -1.87705e+00
-9.62320e-01 -3.66364e+00 -1.79010e+00
-1.94354e+00 -4.16701e+00 -1.97165e+00
-2.11879e+00 -3.42818e+00 -2.07493e+00
-1.06135e+00 -3.46023e+00 -1.83015e+00
-9.33892e-01 -3.81539e+00 -1.66365e+00
-1.04308e+00 -4.18698e+00 -1.45243e+00
-2.42742e+00 -3.45210e+00 -1.92510e+00
-1.09449e+00 -3.92966e+00 -1.18175e+00
-1.01447e+00 -4.15771e+00 -1.75979e+00
-2.68451e+00 -4.04764e+00 -1.43198e+00
-2.67685e+00 -4.07553e+00 -1.42130e+00
-2.99734e+00  2.20068e+00 -2.70916e+00
-2.36228e+00  2.40099e+00 -2.60717e+00
-2.10100e+00  1.48647e+00 -3.29141e+00
-2.96049e+00  1.62592e+00 -3.45127e+00
-2.12279e+00  1.57236e+00 -3.45704e+00
-3.25345e+00  1.89024e+00 -2.90244e+00
-1.87241e+00  1.54631e+00 -2.97916e+00
-3.20102e+00  2.33124e+00 -3.17334e+00
-2.28295e+00  1.86376e+00 -2.35743e+00
-1.74836e+00  2.12506e+00 -3.61999e+00
-2.05318e+00  2.55011e+00 -3.93647e+00
-3.18049e+00  2.37086e+00 -3.16996e+00
-3.23130e+00  2.23590e+00 -3.14795e+00
-3.14538e+00  2.41480e+00 -3.22650e+00
-3.25418e+00  1.93658e+00 -3.14482e+00
-2.64499e+00  1.73631e+00 -3.70961e+00
-3.28086e+00  1.94148e+00 -2.99260e+00
-3.06686e+00  1.94790e+00 -2.62301e+00
-2.96402e+00  1.63279e+00 -3.46427e+00
-2.31184e+00  2.76775e+00 -3.79813e+00
-2.97324e+00  1.64424e+00 -3.46370e+00
-2.63231e+00  1.93077e+00 -3.80533e+00
-2.93367e+00  2.61095e+00 -3.43735e+00
-2.46562e+00  2.80106e+00 -3.44257e+00
-2.33641e+00  2.63199e+00 -4.06984e+00
-2.37730e+00  2.68009e+00 -4.02303e+00
-3.28731e+00  2.02845e+00 -3.07543e+00
-3.27917e+00  1.95917e+00 -3.09824e+00
 1.07942e+00  6.62475e+00  2.10690e+00
 1.22337e+00  6.12288e+00  2.05954e+00
 2.52781e+00  5.63155e+00  2.52509e+00
 1.99451e+00  5.94821e+00  3.00782e+00
 1.00697e+00  6.29430e+00  2.50492e+00
 9.92216e-01  6.44843e+00  2.44387e+00
 2.08105e+00  5.91367e+00  3.02735e+00
 1.14937e+00  6.69909e+00  2.01653e+00
 1.67017e+00  6.56186e+00  1.48990e+00
 1.54578e+00  5.92951e+00  1.75647e+00
 2.67963e+00  5.71195e+00  2.43765e+00
 2.72218e+00  5.73201e+00  2.38052e+00
 2.51114e+00  5.60863e+00  2.34942e+00
 1.54972e+00  2.20166e+00 -1.06159e+00
 9.13404e-01  2.59857e+00 -9.44852e-01
 1.30469e+00  2.42486e+00 -2.16160e+00
 4.02073e-01  1.44949e+00 -1.80402e+00
 1.92550e+00  2.02645e+00 -2.09368e+00
 5.89751e-01  2.34206e+00 -1.95121e+00
 5.23287e-01  1.66700e+00 -2.15941e+00
 1.50743e+00  2.30283e+00 -2.27092e+00
 9.01694e-01  2.55751e+00 -1.98181e+00
 6.61253e-01  2.45546e+00 -1.93637e+00
 1.22292e+00  2.40228e+00 -9.49242e-01
 1.74827e+00  1.51957e+00 -1.17562e+00
 1.66365e+00  1.51912e+00 -1.15081e+00
 5.16046e-01  1.72420e+00 -2.13747e+00
 1.76072e+00  1.49761e+00 -1.20099e+00
 4.37246e-01  2.07794e+00 -1.90144e+00
 2.65601e-01  1.57372e+00 -1.40017e+00
 2.58783e-01  1.64204e+00 -1.37937e+00
 7.70985e-01  2.62087e+00 -1.88209e+00
 8.41159e-01  2.69216e+00 -1.72122e+00
 1.56434e+00  1.44579e+00 -1.19350e+00
 1.61905e+00  1.42977e+00 -1.22563e+00
 1.59020e+00  2.13086e+00 -1.07926e+00
 1.58688e+00  2.18056e+00 -1.10229e+00
-3.13966e+00  5.28648e-02 -5.50757e+00
-2.84270e+00 -1.06395e+00 -6.53604e+00
-2.76274e+00 -3.30085e-01 -5.45346e+00
-2.96227e+00 -6.41649e-01 -5.04182e+00
-3.29887e+00 -1.30959e+00 -6.34526e+00
-2.84771e+00 -6.02999e-01 -5.15810e+00
-2.68289e+00 -7.26139e-01 -5.85583e+00
-4.31858e+00  4.77261e+00 -3.93042e-01
-3.51241e+00  5.01651e+00 -1.11592e+00
-3.56984e+00  5.37682e+00 -4.25867e-01
-3.14462e+00  4.69458e+00 -8.76143e-02
-3.28840e+00  5.26999e+00 -4.41329e-01
-4.04100e+00  4.99572e+00 -1.12255e-02
-3.63444e+00  4.48204e+00  2.15940e-01
-3.17470e+00  5.04828e+00 -3.23608e-01
-3.23789e+00  5.20089e+00 -5.45419e-01
-4.50974e+00  4.61935e+00 -8.29069e-01
 3.22043e+00 -6.08791e+00  5.52485e-01
 3.38995e+00 -5.13460e+00  1.76718e+00
 3.16224e+00 -6.06097e+00  1.93031e+00
 3.10178e+00 -5.37277e+00  2.07176e+00
 3.04661e+00 -6.19342e+00  1.75432e+00
 2.62231e+00 -5.45267e+00  1.78195e+00
 3.29648e+00 -6.01354e+00  4.68762e-01
 3.63565e+00 -5.57075e+00  1.83508e+00
 3.43991e+00 -5.86463e+00  4.45897e-01
 2.95868e+00 -4.97968e+00  6.26679e-01
 2.35728e+00 -5.87418e+00  9.65183e-01
 2.93596e+00 -6.35935e+00  9.72144e-01
 2.66586e+00 -6.22441e+00  1.60970e+00
 3.12509e+00 -5.65585e+00  3.19957e-01
 3.49827e+00 -5.19700e+00  5.74359e-01
 2.46526e+00 -5.71850e+00  7.30087e-01
 3.01743e+00 -4.88749e+00  7.63528e-01
 3.28392e+00 -4.86617e+00  9.82751e-01
 3.70753e+00 -5.57078e+00  6.54127e-01
 3.59738e+00 -5.69291e+00  5.49985e-01
 3.39819e+00 -5.80251e+00  2.10425e+00
 3.35891e+00 -5.77331e+00  2.11417e+00
 3.15715e+00 -6.06658e+00  1.92602e+00
 2.81478e+00 -6.20552e+00  1.69820e+00
 3.36916e+00 -4.98079e+00  6.60955e-01
 3.21901e+00 -4.83965e+00  8.49491e-01
 2.50776e+00 -5.62795e+00  1.67289e+00
 2.58798e+00 -6.09658e+00  1.59851e+00
 3.21095e+00 -5.99156e+00  4.45974e-01
 2.48478e+00 -6.11422e+00  8.65278e-01
 2.98916e+00 -5.83736e+00  3.54910e-01
 2.61094e+00 -5.90714e+00  5.80051e-01
 2.37828e+00 -5.83445e+00  1.25327e+00
 2.65008e+00 -6.34080e+00  1.06080e+00
 3.19138e+00 -5.13076e+00  4.31163e-01
 3.41947e+00 -5.05745e+00  5.55824e-01
-3.86446e-03  3.54917e+00  3.99768e+00
-3.10728e-01  4.05280e+00  4.13076e+00
-6.27923e-01  2.87274e+00  3.13274e+00
-2.14303e-01  3.36150e+00  4.11562e+00
-7.56000e-01  3.38492e+00  4.39385e+00
-6.41262e-01  2.87454e+00  3.14247e+00
-1.29914e+00  3.16982e+00  4.02900e+00
-1.03279e+00  3.97830e+00  2.63402e+00
-1.60482e+00  3.32382e+00  3.60373e+00
-1.52156e+00  4.14696e+00  2.91274e+00
-8.33475e-01  4.39972e+00  3.76204e+00
-5.31187e-01  4.01197e+00  4.24652e+00
-5.49111e-01  4.10918e+00  4.17664e+00
-3.65988e-01  4.08474e+00  4.15767e+00
-1.25994e+00  3.15077e+00  4.04885e+00
-1.24447e+00  3.16649e+00  4.07958e+00
-5.59785e-01  2.89200e+00  3.15013e+00
 5.01520e-02  3.48617e+00  3.16904e+00
-1.58231e-01  3.99144e+00  2.93302e+00
-6.54598e-02  4.13523e+00  3.32541e+00
 8.52634e-02  3.60092e+00  3.74862e+00
-3.77701e-01  4.38009e+00  3.93660e+00
 7.52008e-02  3.60559e+00  3.85223e+00
-1.65759e-01  4.32106e+00  3.76567e+00
-1.96730e-01  4.33806e+00  3.79931e+00
-3.71903e-01  4.40377e+00  3.91254e+00
 7.37027e-02  3.73007e+00  3.34113e+00
 5.43130e-02  3.57335e+00  3.14223e+00
-1.51949e+00  3.27985e+00  3.77157e+00
-1.70329e+00  3.83260e+00  3.30122e+00
-1.72914e+00  4.05425e+00  3.15526e+00
-1.42403e+00  4.28734e+00  3.29796e+00
 5.97195e+00  2.92040e+00  7.58684e-01
 5.47352e+00  3.27251e+00  1.55718e+00
 5.71950e+00  3.23847e+00  1.20489e+00
 5.64354e+00  3.32465e+00  1.33631e+00
 5.75951e+00  2.12704e+00  8.16899e-01
 5.65321e+00  3.32684e+00  1.33214e+00
-6.00427e+00 -1.20846e+00  1.61666e+00
-6.01381e+00 -1.22422e+00  1.59831e+00
-6.36773e+00 -6.33069e-01  1.92933e+00
-6.16583e+00 -9.27312e-01  1.05674e+00
-6.05701e+00 -6.76406e-01  1.23342e+00
-6.00863e+00 -1.21920e+00  1.60988e+00
-6.56365e+00 -1.12946e-01  1.92358e+00
-6.51039e+00  1.23163e-01  1.56711e+00
-6.31319e+00 -7.09632e-01  1.88825e+00
-6.37670e+00 -5.92951e-01  1.93048e+00
 4.48615e+00  1.79538e+00 -4.28535e+00
 5.68794e+00  1.82300e+00 -3.47809e+00
 4.82375e+00  1.70462e+00 -4.27860e+00
 5.62044e+00  1.45344e+00 -4.10598e+00
 4.65732e+00  1.53184e+00 -3.36087e+00
 5.99148e+00  1.90215e+00 -4.08743e+00
 4.33301e+00  2.61392e+00 -3.46796e+00
 5.25550e+00  1.38065e+00 -3.38962e+00
 4.22792e+00  2.43905e+00 -3.60205e+00
 5.98395e+00  1.89117e+00 -4.09184e+00
 5.64459e+00  1.94150e+00 -3.48919e+00
 5.99135e+00  1.90239e+00 -4.08736e+00
 5.28446e+00  1.37711e+00 -3.40703e+00
 5.28723e+00  1.38692e+00 -3.39290e+00
 4.30338e+00  1.71667e+00 -3.74764e+00
 4.56765e+00  2.61872e+00 -4.00636e+00
 4.31459e+00  2.65391e+00 -3.59821e+00
 4.31106e+00  2.55277e+00 -3.45872e+00
 4.12733e+00  2.01381e+00 -3.87150e+00
 4.24437e+00  2.06787e+00 -4.22210e+00
 4.34453e+00  2.66160e+00 -3.69713e+00
 4.37743e+00  2.49678e+00 -4.06696e+00
-4.55151e+00 -1.84640e+00 -5.94619e-01
-4.89177e+00 -1.28724e+00 -6.58024e-01
-3.53662e+00 -1.51564e+00 -4.07213e-01
-4.25428e+00 -1.76800e+00  3.20872e-01
-3.42339e+00 -1.27683e+00 -5.17283e-01
-4.53699e+00 -1.61660e+00 -7.87323e-01
-5.11533e+00 -6.60890e-01 -3.06716e-01
-4.10960e+00 -2.66552e-01 -1.25907e-01
-4.71484e+00 -7.06854e-01  6.96780e-01
-5.06378e+00 -8.88164e-01 -5.13441e-01
-4.19835e+00 -2.58478e-01 -3.38589e-01
-4.81344e+00 -5.11190e-01 -3.96213e-01
-3.44477e+00 -1.35058e+00 -4.67352e-01
-4.02964e+00 -1.66922e+00 -8.29101e-01
-3.53603e+00 -1.22631e+00 -7.00719e-01
-4.25723e+00 -1.62847e+00  5.24687e-01
-4.22265e+00 -1.73261e+00 -8.41743e-01
-4.66376e+00 -1.69431e+00 -6.64680e-01
-4.11305e+00 -1.72312e+00  4.00280e-01
-3.55476e+00 -1.52426e+00 -2.84256e-01
 1.33100e+00 -1.43996e+00  1.17264e+00
 2.46198e+00 -1.62535e+00  1.50317e+00
 1.84458e+00 -1.40209e+00  1.52579e+00
 1.16468e+00 -1.53383e+00  1.98050e+00
 1.33251e+00 -2.41237e+00  1.44071e+00
 2.18226e+00 -2.29995e+00  1.17572e+00
 2.30433e+00 -1.70333e+00  1.28438e+00
 1.06307e+00 -1.53551e+00  1.84491e+00
 1.22656e+00 -1.64417e+00  7.73900e-01
 1.13920e+00 -1.61827e+00  7.67631e-01
 1.02446e+00 -1.50996e+00  8.82996e-01
 7.05136e-01 -1.66095e+00  8.89798e-01
 2.16261e+00 -2.08858e+00  2.16463e+00
 6.58117e-01 -1.60869e+00  9.42545e-01
 6.56629e-01 -1.62224e+00  1.29683e+00
 1.17331e+00 -2.24928e+00  1.94085e+00
 2.54966e+00 -2.10937e+00  2.01479e+00
 2.65909e+00 -1.98925e+00  1.82901e+00
 2.08517e+00 -2.40405e+00  1.28764e+00
 2.18412e+00 -2.30384e+00  1.17884e+00
 1.49552e+00 -2.02102e+00  2.38674e+00
 1.47882e+00 -2.07610e+00  2.36054e+00
 3.70418e+00 -1.29108e+00  5.53635e+00
 3.79692e+00 -2.00206e+00  4.69037e+00
 2.69473e+00 -2.06588e+00  4.79478e+00
 2.87856e+00 -2.29197e+00  4.93741e+00
 2.65249e+00 -1.85080e+00  5.65682e+00
 2.85315e+00 -2.25979e+00  4.90065e+00
 2.52070e+00 -1.90050e+00  5.54674e+00
 3.06918e+00 -1.89882e+00  4.52507e+00
 3.65004e+00 -1.14086e+00  5.60481e+00
 2.91188e+00 -7.84737e-01  5.24738e+00
 2.97251e+00 -8.47230e-01  4.86106e+00
 2.95642e+00 -8.35345e-01  4.90479e+00
 2.72478e+00 -1.91541e+00  4.65918e+00
 2.84077e+00 -9.00082e-01  4.89922e+00
 2.86199e+00 -8.16972e-01  5.05200e+00
 2.85362e+00 -7.95891e-01  5.19173e+00
 2.59575e+00 -1.39595e+00  4.85790e+00
 3.67863e+00 -2.27691e+00  5.11114e+00
 3.89214e+00 -1.92540e+00  4.81609e+00
 3.76443e+00 -2.22419e+00  4.97568e+00
 3.59138e+00 -1.71684e+00  4.36603e+00
 3.65472e+00 -1.42897e+00  4.42181e+00
 3.56542e+00 -1.18292e+00  4.52730e+00
 3.87997e+00 -2.00499e+00  4.80821e+00
 3.68843e+00 -2.22813e+00  5.14921e+00
 3.68742e+00 -2.32403e+00  5.03147e+00
 3.70203e+00 -2.30889e+00  5.01612e+00
 3.35262e+00 -9.66986e-01  5.84080e+00
 2.45000e+00 -1.80914e+00  5.41139e+00
 2.47225e+00 -1.53287e+00  5.25675e+00
-5.40862e-01 -1.10572e+00 -4.53566e-01
-5.39429e-01 -1.12740e+00 -9.35589e-01
 5.27242e-01 -1.76199e+00  5.63304e-01
 1.00276e-01 -1.18524e+00  6.24717e-01
 4.61439e-01 -1.19620e+00  2.40439e-01
-5.39922e-01 -1.12479e+00 -9.12782e-01
-4.68695e-01 -1.06752e+00 -2.63761e-01
 4.58482e-01 -1.75723e+00  6.34599e-01
 1.95391e-01 -1.11779e+00  4.74503e-01
 2.88123e-01 -1.63267e+00  7.32667e-01
 9.23021e-01 -1.46186e+00 -1.34444e+00
-2.22888e-01 -1.06929e+00  3.73293e-01
-2.41856e-01 -1.04760e+00  3.25678e-01
-2.44135e-01 -2.18463e+00  2.38364e-01
-2.41137e-01 -2.19169e+00  2.45628e-01
-9.70050e-02 -2.27678e+00  2.71503e-01
 4.88944e-01 -2.38360e+00  7.31771e-02
 1.98235e-01 -1.83340e+00  6.39317e-01
 4.27219e-01 -1.83950e+00  5.95346e-01
-1.01503e-01 -2.18336e+00  3.60138e-01
-2.06125e-01 -2.22706e+00  2.70576e-01
-3.80927e+00  4.76104e+00  3.45452e+00
-3.82749e+00  4.69915e+00  3.56814e+00
-3.78063e+00  4.79292e+00  3.49148e+00
 8.63366e-01 -1.74163e+00  6.31245e+00
 3.09025e-01 -3.23637e+00  5.56028e+00
 1.43794e+00 -1.83218e+00  6.04192e+00
 8.95030e-01 -1.74587e+00  6.11354e+00
 1.47764e+00 -3.23107e+00  6.16382e+00
 8.45583e-02 -2.65757e+00  5.26569e+00
 1.37174e-01 -2.96150e+00  5.47607e+00
 1.31186e+00 -2.34254e+00  6.80733e+00
 8.34755e-01 -2.92100e+00  4.95024e+00
 1.35699e+00 -2.40997e+00  6.79272e+00
 1.18591e+00 -2.34081e+00  6.82995e+00
 1.59868e+00 -3.02844e+00  5.65717e+00
 7.88294e-01 -1.78147e+00  6.49363e+00
 1.05171e+00 -2.84234e+00  6.80508e+00
 1.92931e+00 -2.90829e+00  5.94619e+00
 8.05834e-01 -1.76726e+00  6.47984e+00
 2.92436e-01 -2.76715e+00  6.29033e+00
 2.61590e-01 -2.32746e+00  6.21335e+00
 1.12601e+00 -3.31419e+00  6.43905e+00
 1.67437e-01 -2.59123e+00  5.19587e+00
 3.02206e-01 -3.23714e+00  5.57083e+00
 8.72848e-01 -3.21937e+00  6.73450e+00
 6.20122e-01 -3.25647e+00  6.57114e+00
 5.41260e-01 -3.38683e+00  6.10698e+00
 1.12235e+00 -3.35051e+00  6.31221e+00
 1.39121e+00 -3.26771e+00  6.22128e+00
 4.23495e-01 -3.10200e+00  5.24240e+00
 3.24046e-01 -3.25328e+00  5.61586e+00
 3.04374e-01 -3.23669e+00  5.56660e+00
 8.23956e-01 -2.86144e+00  4.93435e+00
 2.64549e-01 -2.97675e+00  5.28379e+00
 9.69429e-02 -2.78449e+00  5.30539e+00
-2.48712e+00 -1.28534e+00 -4.62984e+00
-2.52858e+00 -1.03748e+00 -4.63143e+00
-2.31906e+00 -1.33814e+00 -3.29866e+00
-1.56240e+00 -7.11630e-01 -4.69835e+00
-1.04064e+00 -1.53519e+00 -3.17311e+00
-1.75608e+00 -1.41191e+00 -3.05451e+00
-1.28905e+00 -6.06544e-01 -3.72519e+00
-1.64180e+00 -8.52046e-01 -3.23217e+00
-2.50459e+00 -1.48157e+00 -3.49054e+00
-2.05419e+00 -1.90807e+00 -3.88846e+00
-9.05519e-01 -1.59260e+00 -4.00521e+00
-2.31675e+00 -1.94883e+00 -3.89497e+00
-1.14384e+00 -1.69030e+00 -3.25373e+00
-2.08834e+00 -1.22402e+00 -3.12628e+00
-9.88018e-01 -1.39925e+00 -4.22558e+00
-1.10725e+00 -1.20771e+00 -3.09942e+00
-8.27566e-01 -1.57659e+00 -3.89143e+00
-1.55584e+00 -9.56801e-01 -4.80156e+00
-1.43819e+00 -6.53277e-01 -4.55426e+00
-1.39316e+00 -5.06200e-01 -3.97808e+00
-2.39736e+00 -1.18428e+00 -4.71988e+00
-2.09601e+00 -7.25782e-01 -4.59252e+00
-7.71922e-01 -1.57369e+00 -3.61774e+00
-2.15204e+00 -1.26030e+00 -3.15998e+00
-2.56118e+00 -1.07317e+00 -4.59888e+00
-2.52954e+00 -1.36901e+00 -3.66902e+00
-2.33669e+00 -1.93182e+00 -3.70221e+00
-1.26533e+00 -1.72268e+00 -3.26372e+00
-2.06795e+00 -1.25793e+00 -3.11462e+00
-1.21368e+00 -1.35023e+00 -3.05673e+00
-1.69271e+00 -1.78876e+00 -3.27185e+00
-8.02132e-01 -1.37978e+00 -3.28725e+00
-1.40838e+00 -4.90850e-01 -3.79871e+00
-1.41796e+00 -4.90982e-01 -3.79322e+00
-1.42270e+00 -5.25321e-01 -4.16647e+00
-1.63990e+00 -5.37509e-01 -4.14308e+00
 3.01134e+00  1.47245e-01  6.87318e+00
 1.94194e+00 -1.81658e-01  6.63314e+00
 2.28052e+00  5.43671e-01  6.95742e+00
 1.85315e+00  1.74780e-02  6.70372e+00
 2.00408e+00 -5.24137e-01  6.70854e+00
 1.67293e+00 -6.39366e-01  7.49879e+00
 2.95505e+00  3.49009e-01  6.94811e+00
-2.25910e+00 -1.50798e-01 -5.90247e+00
-1.48848e+00  7.43337e-01 -5.52615e+00
-2.26004e+00  9.50669e-01 -6.12589e+00
-1.48051e+00  5.69060e-01 -6.01656e+00
-1.93212e+00  5.33048e-02 -5.23975e+00
-2.09045e+00  1.94414e-02 -5.19566e+00
-1.93249e+00  8.98961e-01 -5.28907e+00
-2.61798e+00 -1.73853e-01 -5.50083e+00
-2.84544e+00  9.06846e-01 -5.30700e+00
-2.12720e+00  9.78883e-03 -6.20136e+00
-3.18364e+00  5.39357e-01 -5.61317e+00
-2.17745e+00 -3.32386e-03 -5.19479e+00
-1.42498e+00  5.89742e-01 -5.80286e+00
-1.53624e+00  4.15094e-01 -5.26717e+00
-1.54491e+00  7.77306e-01 -5.26849e+00
-1.54461e+00  5.01992e-01 -5.23832e+00
-2.83838e+00  1.13131e+00 -6.17096e+00
-3.03809e+00  1.21089e+00 -5.91063e+00
-3.17239e+00  7.33451e-01 -5.54823e+00
-3.11416e+00  1.19745e+00 -5.83176e+00
-2.82285e+00  1.01494e+00 -5.31842e+00
-3.13289e+00  1.14253e+00 -5.63250e+00
-1.43183e+00  5.93063e-01 -5.87174e+00
-1.46825e+00  7.01611e-01 -5.61512e+00
 2.60464e+00 -4.46834e+00  6.62842e-01
 3.61427e+00 -3.93917e+00  9.88911e-01
 2.61374e+00 -4.62421e+00  5.46751e-01
 2.84833e+00 -4.55933e+00  8.48504e-01
 2.87681e+00 -4.52408e+00 -4.35960e-01
 2.53117e+00 -4.10691e+00  4.43531e-01
 4.03969e+00 -4.13320e+00  5.57619e-01
 3.24474e+00 -4.44933e+00  1.02434e+00
 4.20838e+00 -4.25286e+00  1.25208e-01
 4.10468e+00 -4.21562e+00  4.65352e-01
 4.15265e+00 -4.20162e+00  3.39665e-01
 4.00559e+00 -4.62640e+00  3.37929e-01
 4.17780e+00 -4.44608e+00  1.85335e-02
 3.47067e+00 -5.03155e+00  5.55815e-01
 4.05857e+00 -4.49233e+00 -1.61051e-01
 3.19626e+00 -4.99758e+00  4.37246e-02
 3.49808e+00 -5.01347e+00  5.43311e-01
 2.62186e+00 -3.75939e+00  3.26119e-01
 2.55199e+00 -3.80588e+00 -8.23598e-02
 2.48083e+00 -4.23553e+00 -1.91700e-01
 2.54687e+00 -3.78367e+00  4.44093e-02
 2.45778e+00 -3.96966e+00 -6.39772e-02
 2.45558e+00 -3.98290e+00 -1.01578e-01
 3.50099e+00 -4.88367e+00 -6.63603e-01
 3.02469e+00 -5.16798e+00 -1.41028e+00
 3.06500e+00 -5.17202e+00 -1.36612e+00
 3.54163e+00 -5.33601e+00 -7.36896e-01
 2.84690e+00 -5.94307e+00  1.08559e-01
 2.69856e+00 -6.34560e+00 -6.52739e-01
 2.82398e+00 -5.98727e+00  4.39131e-02
 2.30616e+00 -5.05750e+00 -7.37270e-01
 2.79750e+00 -4.53010e+00 -5.05277e-01
 3.48136e+00 -5.56353e+00 -5.87779e-01
 2.80986e+00 -5.96146e+00  8.24660e-02
 3.12580e+00 -5.62951e+00  2.34534e-01
 2.99427e+00 -4.69774e+00 -1.82900e+00
 4.66889e+00 -4.24536e+00 -1.41030e+00
 4.38344e+00 -3.91529e+00 -1.40787e+00
 2.99824e+00 -4.72347e+00 -1.83542e+00
 4.02750e+00 -4.80323e+00 -1.96507e+00
 4.48604e+00 -4.44736e+00 -1.93165e+00
 4.47826e+00 -4.62901e+00 -1.41036e+00
 4.66890e+00 -4.24526e+00 -1.41036e+00
 4.47815e+00 -4.52760e+00 -1.11388e+00
 4.63046e+00 -4.41578e+00 -1.68186e+00
 4.66893e+00 -4.24534e+00 -1.41043e+00
-9.39241e-01  2.81719e+00 -3.23867e+00
-1.00807e+00  3.48707e+00 -2.97491e+00
-1.13274e-01  2.73076e+00 -2.26550e+00
-2.51251e-01  2.95393e+00 -3.39106e+00
-5.83849e-01  3.61498e+00 -1.52088e+00
-9.04953e-01  3.86354e+00 -2.22481e+00
-5.49025e-02  2.97470e+00 -3.21324e+00
-8.17104e-01  2.45251e+00 -2.08975e+00
-2.64065e-02  2.86252e+00 -3.11650e+00
-5.04553e-01  3.42086e+00 -1.53723e+00
-6.55411e-01  2.63846e+00 -1.92906e+00
-1.21964e+00  3.43965e+00 -1.91371e+00
-5.66296e-01  3.80489e+00 -2.08782e+00
-6.06333e-01  3.79006e+00 -1.80663e+00
-1.12731e+00  3.84224e+00 -2.42220e+00
-2.11231e-01  2.63184e+00 -2.25747e+00
-6.34054e-01  2.53741e+00 -2.00947e+00
-9.05101e-01  2.40526e+00 -2.15577e+00
-5.93929e-01  3.60276e+00 -1.51295e+00
-5.78383e-01  3.59558e+00 -1.50746e+00
-7.14321e-01 -4.62265e+00  9.69066e-01
-1.64767e+00 -3.61320e+00  2.66064e-01
-1.04016e+00 -3.88984e+00 -6.26425e-01
-2.24874e-01 -4.57038e+00  4.90362e-01
-1.42825e+00 -5.03796e+00 -2.70762e-01
-7.17630e-01 -4.63753e+00  9.67296e-01
-6.03480e-01 -3.87221e+00  5.06425e-01
-9.12411e-01 -3.88610e+00  7.99413e-01
-1.31519e+00 -3.45273e+00  4.96125e-01
-1.80290e+00 -3.93528e+00  1.68331e-01
-7.04204e-01 -4.69622e+00  9.35626e-01
-5.49349e-01 -4.62153e+00  8.15626e-01
-6.71893e-01 -5.28785e+00  4.85120e-01
 3.40831e+00  3.17400e+00 -2.56389e+00
 2.98600e+00  4.40004e+00 -2.15439e+00
 2.56851e+00  4.23918e+00 -3.39803e+00
 3.80168e+00  4.33870e+00 -2.05970e+00
 3.83208e+00  4.38062e+00 -2.13355e+00
 2.58820e+00  3.67267e+00 -3.62775e+00
 2.40160e+00  3.74808e+00 -3.15878e+00
 3.72897e+00  4.19083e+00 -1.99475e+00
 3.78891e+00  4.43648e+00 -2.10752e+00
 3.06740e+00  4.63264e+00 -2.25920e+00
 3.71823e+00  3.51103e+00 -3.52890e+00
 3.70411e+00  3.46830e+00 -3.54917e+00
 2.70244e+00  3.97007e+00 -2.44567e+00
 3.47601e+00  4.68456e+00 -2.25133e+00
 3.83421e+00  3.90968e+00 -3.25057e+00
 2.47597e+00  3.64790e+00 -2.71492e+00
 2.57973e+00  3.65640e+00 -3.61282e+00
 2.65916e+00  3.26178e+00 -2.78052e+00
 2.42035e+00  3.66917e+00 -3.22893e+00
 3.81551e+00  4.41936e+00 -2.13539e+00
 3.65432e+00  4.59057e+00 -2.64699e+00
 2.56617e+00  3.35096e+00 -2.77203e+00
 2.50674e+00  3.55698e+00 -2.69928e+00
 2.80807e+00  3.51675e+00 -3.62423e+00
 2.71842e+00  3.50384e+00 -3.57395e+00
 7.67273e-01 -3.04821e+00  9.19573e-03
 1.10481e+00 -3.21886e+00  5.46802e-01
 5.52755e-01 -3.63603e+00  8.33955e-01
-4.10612e-02 -2.21375e+00  1.01467e+00
 3.61987e-01 -3.50540e+00  1.22565e+00
 1.15933e+00 -3.20437e+00  6.98141e-01
 9.03521e-01 -3.56026e+00  5.27663e-01
 6.30409e-01 -3.01721e+00  1.55487e+00
 1.16783e+00 -2.78316e+00  1.24012e+00
 9.20102e-01 -3.46769e+00  4.08425e-01
 8.01044e-02 -3.15483e+00  1.00073e+00
 2.07039e-01 -3.40631e+00  1.08891e+00
 2.95651e-01 -3.46869e+00  7.96083e-01
 7.76247e-01 -3.00833e+00  3.26258e-03
-6.35153e-02 -2.10139e+00  9.23788e-01
 5.23747e-01 -2.50427e+00  9.03675e-03
 6.29181e+00 -9.03174e-01  1.29740e+00
 6.59099e+00 -1.14425e+00  1.81279e+00
 6.49347e+00 -1.15616e+00  2.45094e+00
 5.57580e+00 -1.42168e+00  2.80017e+00
 6.17568e+00 -8.04384e-01  2.34728e+00
 6.39264e+00 -1.05006e+00  2.44889e+00
 6.06008e+00 -9.19049e-01  2.50802e+00
 6.43523e+00 -9.39115e-01  1.57915e+00
 6.24243e+00 -7.67614e-01  1.75054e+00
 5.58283e+00 -1.41422e+00  2.79864e+00
 6.49241e+00 -1.16710e+00  2.45455e+00
 6.60470e+00 -2.06024e+00  1.44222e+00
 5.85418e+00 -1.23051e+00  9.58887e-01
 5.40113e+00 -1.65688e+00  1.98266e+00
 5.61097e+00 -1.48239e+00  1.11481e+00
 6.20243e+00 -8.35439e-01  1.32429e+00
 6.58663e+00 -2.04224e+00  1.41259e+00
 5.70053e+00 -1.48759e+00  9.96169e-01
 5.79514e+00 -1.29260e+00  9.80535e-01
 6.20985e+00 -1.44411e+00  8.91812e-01
 5.97061e+00 -1.44178e+00  8.49606e-01
 5.85574e+00 -1.53063e+00  8.98100e-01
 5.95392e+00 -1.38895e+00  8.69771e-01
 6.01213e+00 -1.43462e+00  8.51151e-01
 2.91033e+00  6.20253e+00  6.05654e-01
 3.04662e+00  6.28979e+00  4.99776e-01
 3.07701e+00  6.42452e+00  3.45130e-01
 2.76604e+00  6.26113e+00  5.46121e-01
 2.81018e+00  6.38791e+00  3.99838e-01
 4.82156e+00  3.50799e+00 -3.70178e+00
 5.22510e+00  3.41474e+00 -3.82659e+00
 3.87867e+00  3.38686e+00 -3.55863e+00
 4.33167e+00  2.48886e+00 -4.24969e+00
 5.14125e+00  3.52980e+00 -3.79456e+00
 4.14993e+00  3.32935e+00 -3.51532e+00
 3.81521e+00  3.38628e+00 -3.56807e+00
 4.32308e+00  2.71828e+00 -3.60524e+00
 4.09692e+00  3.12180e+00 -3.51293e+00
 4.30489e+00  2.74218e+00 -3.59836e+00
 3.35440e+00  1.79674e+00  2.17203e+00
 2.84347e+00  1.65197e+00  1.77011e+00
 3.35047e+00  2.07709e+00  2.69247e+00
 3.59761e+00  2.49830e+00  2.92814e+00
 3.42072e+00  1.79753e+00  2.03028e+00
 3.14224e+00  1.70451e+00  1.65933e+00
 3.61192e+00  2.30263e+00  1.85818e+00
 2.05492e+00  2.13061e+00  2.45567e+00
 2.41415e+00  2.19413e+00  2.66709e+00
 2.02543e+00  2.09280e+00  1.68698e+00
 2.05078e+00  1.81364e+00  1.86503e+00
 3.75362e+00  2.49592e+00  2.58698e+00
 3.79219e+00  2.30471e+00  2.15454e+00
 2.55139e+00  2.80444e+00  2.88210e+00
 2.65614e+00  2.43944e+00  2.85591e+00
 3.52862e+00  2.42408e+00  2.94152e+00
 2.97239e+00  2.80946e+00  2.95809e+00
 3.18098e+00  1.94603e+00  1.48985e+00
 3.08748e+00  2.09200e+00  1.41717e+00
 3.59941e+00  2.66954e+00  2.78730e+00
 3.63004e+00  2.51921e+00  2.89629e+00
 3.37510e+00  2.53814e+00  2.99678e+00
 3.37552e+00  2.53200e+00  2.99610e+00
 1.47608e+00  2.38441e+00 -2.29864e+00
 1.23577e+00  3.70719e+00 -2.02746e+00
 1.60335e+00  2.56487e+00 -2.30745e+00
 5.81731e-01  3.07368e+00 -2.43312e+00
 9.02670e-01  3.91821e+00 -1.73292e+00
 6.18265e-01  3.36436e+00 -1.65749e+00
 5.23049e-01  2.94358e+00 -2.08299e+00
 1.28762e+00  3.78049e+00 -1.80658e+00
 1.23278e+00  3.84357e+00 -1.80072e+00
 1.32614e+00  2.55777e+00 -2.70239e+00
 1.41804e+00  3.50254e+00 -1.76449e+00
 1.19903e+00  3.81015e+00 -1.92014e+00
 9.82599e-01  3.46052e+00 -1.48024e+00
 7.98886e-01  3.19168e+00 -1.47122e+00
 9.85863e-01  3.92090e+00 -1.68384e+00
 7.58130e-01  3.82498e+00 -1.77865e+00
-1.58751e+00 -1.25234e+00  6.57557e+00
-1.83112e+00 -1.43603e+00  5.88441e+00
-1.64877e+00 -1.48393e+00  5.98015e+00
-1.30107e+00  1.27609e-01  6.29191e+00
-1.14445e+00 -7.31763e-01  5.35063e+00
-1.25651e+00 -6.21103e-01  6.82162e+00
-1.48246e+00 -1.04342e+00  6.69474e+00
 2.38228e+00  6.29462e+00  4.33066e-01
-7.26105e-01 -2.25701e+00 -1.02987e+00
 4.97470e-01 -1.22550e+00 -1.60239e+00
-5.51985e-01 -2.24958e+00 -1.34662e+00
 6.65146e-01 -2.49058e+00 -1.09945e-01
 8.77577e-01 -2.20775e+00 -9.43998e-01
-5.40701e-01 -1.12546e+00 -9.39706e-01
-2.46003e-01 -2.24155e+00  2.53857e-01
-5.60686e-01 -1.11689e+00 -9.96461e-01
-4.86213e-01 -1.08291e+00 -1.10406e+00
-6.87603e-01 -1.62334e+00 -1.15481e+00
-4.39087e-01 -1.07080e+00 -1.17930e+00
-6.02903e-01 -2.28506e+00 -1.25110e+00
-6.08178e-01 -1.62549e+00 -1.29881e+00
-4.91863e-01 -1.97819e+00 -1.47934e+00
 3.85358e-01 -1.18700e+00 -1.60592e+00
 3.18615e-01 -1.29905e+00 -1.61485e+00
-2.42956e-01 -2.19612e+00  2.45669e-01
-3.99900e+00 -2.43267e+00  4.16894e+00
-3.34635e+00 -2.64155e+00  4.04927e+00
-3.86316e+00 -2.41855e+00  3.93146e+00
-3.45120e+00 -1.78249e+00  4.65350e+00
-3.40842e+00 -2.15430e+00  5.15111e+00
-3.30393e+00 -2.18194e+00  5.09324e+00
-3.97096e+00 -2.37724e+00  4.06177e+00
-3.80150e+00 -2.49055e+00  3.91048e+00
-3.23150e+00 -2.69684e+00  4.80128e+00
 5.91148e+00 -4.26058e-01  2.49420e+00
 6.13736e+00 -7.13514e-01  1.34186e+00
 6.09902e+00 -4.85715e-01  2.31800e+00
 4.64080e+00 -6.36985e-01  2.40509e+00
 5.57558e+00 -1.41710e+00  2.80379e+00
 4.90269e+00 -1.16592e+00  2.59580e+00
 5.53862e+00 -1.33987e+00  2.84441e+00
 5.19469e+00 -1.18488e-01  1.61611e+00
 6.11811e+00 -4.39252e-01  2.07616e+00
 5.48651e+00 -1.68529e-01  2.37207e+00
 6.01817e+00 -6.15580e-01  1.31904e+00
 5.71503e+00 -7.04078e-01  1.11298e+00
 5.89066e+00 -8.25196e-01  2.65345e+00
 5.49616e+00 -1.50757e+00  1.20879e+00
 4.79890e+00 -4.16411e-01  1.91681e+00
 5.09252e+00 -1.13133e+00  2.74100e+00
 4.77811e+00 -5.91473e-01  2.51045e+00
 5.46528e+00 -2.64428e-02  1.81521e+00
 5.82741e+00 -1.18153e+00  9.65592e-01
 5.37839e+00 -1.64805e+00  1.92640e+00
 4.80989e+00 -1.21809e+00  1.81910e+00
 5.95161e+00 -2.62794e-01  1.70625e+00
 6.03879e+00 -4.98063e-01  1.46260e+00
 4.65734e+00 -1.07480e+00  1.96348e+00
 4.66708e+00 -8.09504e-01  1.98454e+00
 4.58259e+00 -9.52819e-01  2.35549e+00
 4.58743e+00 -8.40183e-01  2.36105e+00
-1.74791e+00 -4.15118e+00 -3.00962e+00
-3.08825e+00 -3.75921e+00 -2.72551e+00
-2.40946e+00 -3.26763e+00 -2.04353e+00
-1.82693e+00 -3.76827e+00 -2.93912e+00
-1.82453e+00 -4.42919e+00 -2.57630e+00
-2.96986e+00 -3.52289e+00 -2.71498e+00
-2.11781e+00 -3.34481e+00 -2.12531e+00
-1.91386e+00 -4.31853e+00 -3.12197e+00
-1.99669e+00 -4.52068e+00 -2.89134e+00
-3.09109e+00 -3.75199e+00 -2.72511e+00
-3.09135e+00 -3.75027e+00 -2.72397e+00
-3.08597e+00 -3.75306e+00 -2.71337e+00
-2.80228e+00 -3.44070e+00 -2.51884e+00
-2.95216e+00 -3.52087e+00 -2.73007e+00
 3.72150e-01 -5.80695e+00  5.66681e-01
 1.23944e+00 -6.30513e+00  1.02799e+00
 1.94563e+00 -5.75693e+00  1.07680e+00
 4.37630e-01 -5.53607e+00  1.39033e+00
 1.54922e+00 -5.95128e+00  1.39841e+00
 1.93607e+00 -5.74586e+00  1.13306e+00
 1.25634e+00 -4.82153e+00  1.41835e+00
 1.43170e+00 -4.75146e+00  1.10543e+00
 9.25155e-01 -5.18941e+00  1.85181e+00
 1.68764e+00 -5.19195e+00  6.50887e-01
 1.27920e+00 -5.34844e+00  1.91898e+00
 3.64401e-01 -5.64426e+00  1.63764e+00
 1.16652e+00 -6.25027e+00  1.36607e+00
 1.66088e+00 -5.28659e+00  1.72663e+00
 1.62353e+00 -5.20996e+00  1.70270e+00
 1.41815e+00 -5.33177e+00  1.86937e+00
 1.55019e+00 -5.33705e+00  1.80812e+00
 1.40575e+00 -4.72578e+00  1.29026e+00
 1.71838e+00 -5.25262e+00  6.53157e-01
 7.50933e-01 -6.52443e+00  8.98394e-01
 1.14443e+00 -5.20458e+00  3.17687e-01
 1.20835e+00 -5.13433e+00  3.75469e-01
 7.51071e-01 -5.54586e+00  3.12028e-01
 7.21669e-01 -6.50460e+00  8.70873e-01
 1.17415e+00 -3.02453e+00  4.19238e+00
 2.39038e+00 -2.88502e+00  3.69089e+00
 2.38291e+00 -4.07272e+00  3.27247e+00
 2.65677e+00 -3.95695e+00  3.40097e+00
 2.15120e+00 -2.87738e+00  4.07094e+00
 2.67412e+00 -3.93768e+00  3.23946e+00
 1.28165e+00 -2.88696e+00  4.10002e+00
 1.37274e+00 -2.89110e+00  3.91064e+00
 2.54299e+00 -4.02913e+00  3.25746e+00
 2.30422e+00 -4.08382e+00  3.31847e+00
 1.67086e+00 -3.97223e+00  3.42773e+00
 1.48791e+00 -3.82172e+00  3.30571e+00
 2.86031e+00 -3.02796e+00  3.21537e+00
 2.89937e+00 -3.05601e+00  3.13433e+00
 1.51980e+00 -3.42501e+00  4.44394e+00
 2.01504e+00 -3.46164e+00  4.45478e+00
 2.93076e+00 -3.18807e+00  3.14579e+00
 2.66772e+00 -3.83193e+00  3.85665e+00
 2.72931e+00 -3.62454e+00  3.97003e+00
 2.69806e+00 -3.61645e+00  4.04490e+00
 1.59665e+00 -3.13677e+00  3.22840e+00
 1.32486e+00 -3.66058e+00  3.29995e+00
 2.66561e+00 -3.77583e+00  3.96300e+00
 2.67465e+00 -3.79783e+00  3.92264e+00
 1.19617e+00 -3.25837e+00  4.34399e+00
 1.39999e+00 -3.45609e+00  4.36535e+00
 1.11359e+00 -3.23394e+00  4.12303e+00
 1.17961e+00 -3.24416e+00  4.33518e+00
-3.75664e+00 -2.55449e+00  3.59640e+00
-3.25415e+00 -1.23592e+00  4.17716e+00
-3.84333e+00 -2.44624e+00  3.80743e+00
-3.07277e+00 -1.59393e+00  3.50400e+00
-3.07394e+00 -1.67001e+00  3.54472e+00
-3.08180e+00 -1.60951e+00  3.47407e+00
-3.25940e+00 -1.23320e+00  4.14984e+00
-3.05600e+00 -1.60397e+00  3.58303e+00
-3.33478e+00 -1.21307e+00  4.30128e+00
 3.87319e+00  2.10121e+00 -3.61640e+00
 2.65057e+00  2.40292e+00 -3.66221e+00
 3.73935e+00  2.82140e+00 -2.42287e+00
 2.63593e+00  3.05895e+00 -2.60014e+00
 3.45920e+00  3.07935e+00 -2.46845e+00
 2.66947e+00  2.69050e+00 -3.66078e+00
 3.66931e+00  2.17149e+00 -2.55291e+00
 4.29226e+00  2.60465e+00 -3.17664e+00
 2.84862e+00  3.48732e+00 -3.65198e+00
 4.17275e+00  2.76439e+00 -2.97614e+00
 2.61111e+00  2.42671e+00 -2.91006e+00
 3.55590e+00  2.20235e+00 -2.40283e+00
 2.65250e+00  3.00497e+00 -2.54798e+00
 2.70880e+00  2.41009e+00 -2.50444e+00
 4.33311e+00  2.59650e+00 -3.36572e+00
 4.32023e+00  2.71156e+00 -3.59786e+00
 4.33690e+00  2.62125e+00 -3.44938e+00
-4.07570e+00  1.02406e+00  1.65149e+00
-5.37883e+00  1.58918e+00  1.70056e+00
-4.28491e+00  7.85537e-01  1.65733e+00
-3.87169e+00  1.48191e+00  1.66951e+00
-5.39501e+00  1.74857e+00  1.70211e+00
-4.74523e+00  1.48272e+00  2.79279e+00
-5.64015e+00  1.46397e+00  2.88169e+00
-5.68748e+00  1.48966e+00  2.66889e+00
-4.54465e+00  4.69112e-01  2.16099e+00
-5.06984e+00  1.63111e+00  2.84161e+00
-4.19810e+00  2.08319e+00  1.70631e+00
-4.00023e+00  1.54042e+00  2.34920e+00
-3.83195e+00  1.28281e+00  2.11426e+00
-3.76262e+00  1.37368e+00  1.82282e+00
-4.12442e+00  2.05204e+00  1.98925e+00
-3.78160e+00  1.35469e+00  1.75851e+00
-4.02770e+00  1.95964e+00  2.01481e+00
-4.55171e+00  4.65719e-01  2.04733e+00
-3.89912e+00  1.49690e+00  1.64825e+00
-4.23396e+00  2.08096e+00  1.66357e+00
-3.96918e+00  1.87324e+00  1.82554e+00
-3.94181e+00  1.85273e+00  1.87064e+00
-4.26984e-01 -8.42698e-01  5.29203e+00
-4.61685e-01 -7.05037e-01  5.33601e+00
-1.40279e+00 -1.46432e+00  6.57471e+00
-8.73532e-01 -7.55555e-01  5.29680e+00
-1.42244e+00  3.29665e+00  4.78780e+00
-2.21723e+00  2.98521e+00  4.03612e+00
-2.65669e+00  2.63137e+00  4.24102e+00
-1.64297e+00  3.60510e+00  4.67072e+00
-2.84418e+00  3.33865e+00  4.09403e+00
-1.40464e+00  3.32255e+00  4.73999e+00
-2.72534e+00  2.61933e+00  4.26122e+00
-1.53824e+00  3.30726e+00  4.48703e+00
-3.10478e+00 -4.96748e+00  2.66509e+00
-2.94231e+00 -5.02689e+00  2.71528e+00
-3.15767e+00 -4.97473e+00  2.60382e+00
-3.04260e+00 -5.06571e+00  2.55671e+00
 3.68484e+00 -1.38672e+00 -5.60059e+00
 4.34134e+00 -1.18049e+00 -4.42393e+00
 4.96889e+00 -9.04187e-01 -5.03116e+00
 4.98976e+00 -1.55380e+00 -4.93930e+00
 4.84523e+00 -5.82545e-01 -4.97547e+00
 3.63905e+00 -1.51424e+00 -5.61953e+00
 4.45595e+00 -8.83807e-01 -4.57670e+00
 5.02796e+00 -1.36009e+00 -5.00635e+00
 4.82727e+00 -5.71870e-01 -4.96125e+00
 4.30486e+00 -7.68248e-01 -5.07149e+00
 4.35015e+00 -2.26750e+00 -4.56870e+00
 4.64693e+00 -1.89705e+00 -4.57485e+00
 3.60035e+00 -1.65006e+00 -5.42666e+00
 3.62561e+00 -1.47529e+00 -5.61064e+00
 3.11195e-01  3.68341e-01 -6.18630e+00
 1.03613e+00  1.42300e-01 -7.09150e+00
 6.31359e-01  4.04089e-01 -6.16938e+00
 1.08023e+00  1.92522e-02 -7.27880e+00
-1.08134e-01 -2.51162e-01 -6.57620e+00
 9.81651e-01  2.07534e-01 -6.13618e+00
-2.71633e-02  2.17291e-02 -6.37840e+00
 1.22394e+00 -5.45099e-01 -6.52700e+00
 1.19146e+00 -5.76764e-01 -6.54461e+00
 1.05859e+00  8.87312e-02 -7.26267e+00
-2.89898e+00  1.01497e+00 -3.22485e+00
-2.09870e+00  1.24869e+00 -3.68050e+00
-3.01274e+00  8.04450e-01 -3.64328e+00
-3.05430e+00  9.70854e-01 -3.79623e+00
-2.61295e+00  7.95088e-01 -3.67980e+00
-2.61113e+00  1.21214e+00 -4.07518e+00
-2.43617e+00  1.12621e+00 -4.01362e+00
-2.04116e+00  1.04663e+00 -3.19914e+00
-2.04066e+00  1.07736e+00 -3.13734e+00
 6.22750e+00 -9.46674e-01 -2.59725e+00
 6.09852e+00 -1.35375e+00 -2.43031e+00
 6.11161e+00 -1.17181e+00 -2.49639e+00
 6.19895e+00 -2.02270e+00 -3.39275e+00
 6.15619e+00 -1.03192e+00 -2.82712e+00
 6.22863e+00 -9.39832e-01 -2.62373e+00
 6.36631e+00 -1.14213e+00 -2.29776e+00
 6.09864e+00 -1.35916e+00 -2.43248e+00
 6.63860e+00 -1.87599e+00 -3.98403e+00
 6.19367e+00 -1.02664e+00 -2.48974e+00
 6.30466e+00 -1.07036e+00 -2.37922e+00
 6.59097e+00 -1.93116e+00 -3.98916e+00
 6.23686e+00 -1.83542e+00 -3.65898e+00
 6.19852e+00 -1.27787e+00 -3.22482e+00
 1.44213e+00  1.94433e+00  5.37707e+00
 1.19184e+00  2.15509e+00  5.74698e+00
 1.66159e+00  2.05062e+00  5.17929e+00
 1.16199e+00  2.42446e+00  5.62432e+00
 1.41061e+00  2.48922e+00  5.04881e+00
 2.65696e+00  2.05783e+00  5.29111e+00
 1.73678e+00  1.68222e+00  5.57374e+00
 2.02795e+00  3.30414e+00  5.25483e+00
 2.23538e+00  3.43288e+00  4.96141e+00
 1.08844e+00  2.25204e+00  5.45363e+00
 1.58198e+00  1.91205e+00  5.31472e+00
 1.63897e+00  1.77008e+00  5.47009e+00
 1.09887e+00  2.24434e+00  5.38954e+00
 2.72206e+00  1.60726e+00  5.86050e+00
 2.45827e+00  1.43480e+00  5.91912e+00
 1.29536e+00  2.25654e+00  6.00942e+00
 1.23510e+00  2.47632e+00  5.81278e+00
 2.45186e+00  1.43321e+00  5.92001e+00
 1.10889e+00  2.31143e+00  5.49928e+00
 1.11510e+00  2.26563e+00  5.36637e+00
 2.30976e+00  3.39572e+00  4.94079e+00
 2.22210e+00  3.40409e+00  4.92885e+00
 2.69891e+00  1.62298e+00  5.75109e+00
 2.67012e+00  1.56436e+00  5.90299e+00
 2.46720e+00  1.43811e+00  5.91673e+00
 2.45235e+00  1.43409e+00  5.92186e+00
 3.71125e+00  4.24274e+00  1.95280e+00
 3.72587e+00  3.85527e+00  8.44543e-01
 3.01418e+00  4.68891e+00  1.71127e+00
 3.48595e+00  4.13051e+00  1.95691e+00
 3.62598e+00  4.21406e+00  1.99308e+00
 3.54726e+00  4.16926e+00  1.97883e+00
 4.91977e+00 -1.45306e+00 -3.41786e+00
 3.78495e+00 -1.75156e+00 -3.82820e+00
 5.09251e+00 -1.95276e+00 -3.54536e+00
 4.52256e+00 -2.68414e+00 -3.79498e+00
 5.11888e+00 -2.26630e+00 -3.41250e+00
 4.67539e+00 -2.72367e+00 -3.64574e+00
 4.75626e+00 -2.14213e+00 -2.55109e+00
 4.40397e+00 -2.48044e+00 -2.68352e+00
 4.43801e+00 -2.53077e+00 -3.92345e+00
 4.32199e+00 -1.39209e+00 -3.55797e+00
 4.77838e+00 -1.45154e+00 -3.05188e+00
 4.65569e+00 -2.23545e+00 -2.58201e+00
 4.37683e+00 -2.47004e+00 -2.68601e+00
-1.71568e+00  8.86761e-01  2.20613e+00
-1.19702e+00  1.70617e+00  3.65237e+00
-1.95366e+00  1.87054e+00  3.41055e+00
-1.51383e+00  2.14219e+00  2.94106e+00
-2.02077e+00  1.80443e+00  3.31474e+00
-8.30961e-01  6.71003e-01  2.66249e+00
-9.40409e-01  1.86605e+00  3.37615e+00
-2.03236e+00  1.76326e+00  3.09602e+00
-1.73961e+00  1.90670e+00  2.52968e+00
-1.63662e+00  1.14735e+00  2.11282e+00
-7.71751e-01  7.66441e-01  2.83348e+00
-2.00942e+00  1.75063e+00  3.31931e+00
-1.38246e+00  9.92701e-01  3.67273e+00
-1.41078e+00  1.06977e+00  3.73160e+00
-2.01956e+00  1.67811e+00  3.04670e+00
-9.36208e-01  6.90079e-01  2.56059e+00
-1.63128e+00  1.64407e+00  3.77348e+00
-1.56148e+00  1.14032e+00  3.77065e+00
-1.54402e+00  1.10949e+00  3.76686e+00
-1.44955e+00  8.95444e-01  3.60270e+00
-8.39344e-01  6.51369e-01  2.74022e+00
-7.58911e-01  7.89915e-01  2.82429e+00
-1.35031e+00  5.45629e-01  3.05043e+00
-1.58648e+00  7.09202e-01  2.33168e+00
-2.72459e+00  5.48970e-01  3.37359e+00
-2.71012e+00  6.01359e-01  3.51080e+00
-2.27640e+00 -4.55215e-02  3.45438e+00
-2.32675e+00  1.05355e+00  2.53601e+00
-1.56132e+00  1.11396e+00  3.78196e+00
-2.47978e+00  3.76892e-01  3.70478e+00
-1.97657e+00 -1.73694e-01  3.27101e+00
-1.68099e+00  9.48094e-01  3.80170e+00
-1.81742e+00  4.90781e-01  3.70867e+00
-2.26456e+00 -2.74212e-02  3.52008e+00
-1.72076e+00 -9.32409e-03  3.41965e+00
-1.90077e+00 -1.58038e-01  3.37600e+00
-1.58051e+00  1.46522e-01  3.37992e+00
-1.68220e+00  6.67877e-01  2.23884e+00
-1.75654e+00  8.33350e-01  2.16654e+00
-2.93418e+00  4.50853e+00 -1.65063e+00
-2.93193e+00  4.70517e+00 -2.64067e+00
-3.52819e+00  3.72505e+00 -2.42073e+00
-3.22560e+00  4.29344e+00 -1.36681e+00
-2.90103e+00  4.67650e+00 -2.58665e+00
-3.47419e+00  4.35856e+00 -2.88910e+00
-2.92706e+00  4.78118e+00 -2.59435e+00
-2.92883e+00  4.78707e+00 -2.59091e+00
-3.64822e+00  3.93369e+00 -2.71064e+00
-3.53482e+00  4.56524e+00 -2.76846e+00
-3.79229e+00  3.97712e+00 -2.49777e+00
-3.90225e+00  4.06815e+00 -2.32574e+00
 5.07729e+00 -2.22545e+00  2.80235e+00
 4.66849e+00 -1.94977e+00  2.80414e+00
 4.34658e+00 -1.36184e+00  2.62845e+00
 4.39004e+00 -1.41313e+00  2.69458e+00
 4.47749e+00 -1.36551e+00  2.66035e+00
-2.91989e+00  4.80338e+00 -2.58575e+00
-2.80534e+00  4.93885e+00 -2.26203e+00
-3.68832e+00  5.76751e+00 -2.13904e+00
-3.12418e+00  5.24863e+00 -1.41460e+00
-3.70152e+00  5.76646e+00 -2.31240e+00
-3.08010e+00  5.18629e+00 -1.32851e+00
-3.05829e+00  5.16306e+00 -1.35877e+00
-2.89490e+00  4.59383e+00 -1.67598e+00
-3.69852e+00  5.77489e+00 -2.30416e+00
-2.89489e+00  5.02685e+00 -1.94768e+00
-2.88191e+00  4.86781e+00 -2.54695e+00
-2.80559e+00  4.93905e+00 -2.26450e+00
-3.74661e+00  4.99880e+00 -2.73078e+00
-2.88826e+00  4.87615e+00 -2.56454e+00
-3.17266e+00  5.11711e+00 -1.23857e+00
-3.92148e+00  5.05988e+00 -2.58485e+00
-2.89856e+00  5.02253e+00 -2.53826e+00
-2.94581e+00  5.06677e+00 -2.54010e+00
-3.60408e+00  5.31287e+00 -2.63793e+00
-1.29015e+00  2.16590e+00  6.29230e+00
-1.97802e+00  2.29811e+00  5.51962e+00
-1.88965e+00  2.18826e+00  5.59862e+00
-1.55633e+00  2.34433e+00  5.79507e+00
-1.51503e+00  2.39451e+00  5.81392e+00
-1.50132e+00  2.35176e+00  5.84808e+00
-1.16655e+00  2.71315e+00  6.43878e+00
-4.45565e+00 -1.48999e-01 -2.33822e+00
-3.94506e+00  5.83940e-01 -2.57192e+00
-4.76601e+00  6.09490e-01 -3.09055e+00
-4.53058e+00  1.20082e+00 -2.05874e+00
-4.11020e+00  2.20678e-01 -3.07271e+00
-4.89411e+00  1.12891e+00 -2.57225e+00
-4.51294e+00 -1.61490e-01 -2.30027e+00
-4.55397e+00  1.19364e+00 -2.04359e+00
-4.28712e+00  6.23648e-03 -2.81126e+00
-5.02888e+00  7.51663e-01 -2.86439e+00
-4.54211e+00 -1.44656e-01 -2.34036e+00
-4.36400e+00 -7.14797e-02 -2.62699e+00
-3.87418e+00  1.11106e+00 -2.53279e+00
-4.13826e+00  5.74459e-01 -3.35459e+00
-3.89549e+00  1.17852e+00 -2.65158e+00
-4.21419e+00  1.31670e+00 -2.61809e+00
-3.90773e+00  1.18916e+00 -2.66139e+00
-4.24252e+00  1.31059e+00 -2.64863e+00
-5.00006e+00  6.83325e-01 -2.93701e+00
-5.03272e+00  6.73106e-01 -2.88866e+00
-4.03450e+00  9.08561e-01 -3.09009e+00
-4.02770e+00  1.09402e+00 -2.92447e+00
-4.52882e+00 -1.50546e-01 -2.34685e+00
-4.52845e+00 -1.56659e-01 -2.32255e+00
-6.46548e+00 -7.84206e-01 -1.44206e+00
-6.42878e+00 -1.52036e+00 -6.05481e-01
-6.31043e+00 -1.59961e+00 -9.30312e-01
-6.50026e+00 -6.93956e-01 -1.41378e+00
-6.30345e+00 -6.47177e-01 -1.15120e+00
 2.57886e+00  1.31504e+00 -4.89228e+00
 2.58499e+00  1.14985e+00 -3.99598e+00
 3.80175e+00  1.46757e+00 -4.59415e+00
 3.67944e+00  1.26338e+00 -4.52045e+00
 2.76425e+00  7.83020e-01 -4.54291e+00
 2.54025e+00  1.00164e+00 -4.19411e+00
 2.69047e+00  1.64057e+00 -4.94948e+00
 2.80928e+00  1.06302e+00 -3.93355e+00
 2.55182e+00  9.76022e-01 -4.22854e+00
 2.69468e+00  8.85905e-01 -4.21388e+00
 2.58680e+00  9.56262e-01 -4.21184e+00
 3.51710e+00  1.46825e+00 -3.83620e+00
 2.61826e+00  8.62139e-01 -4.63183e+00
 2.51269e+00  1.17996e+00 -4.83892e+00
 2.34628e+00  1.52088e+00 -4.17375e+00
 2.33999e+00  1.58182e+00 -4.44630e+00
 2.49804e+00  1.10202e+00 -4.11159e+00
 2.37487e+00  1.62243e+00 -4.11188e+00
 4.09129e+00  6.58512e-02  1.22242e+00
 4.53539e+00  3.60754e-02  1.30561e+00
 3.19380e+00 -2.16085e-01  1.34742e+00
 4.16761e+00 -8.15275e-01  2.55715e+00
 3.99316e+00 -6.18448e-01  2.45009e+00
 4.25687e+00 -3.64277e-01  1.18934e+00
 4.36720e+00 -4.93910e-01  2.57529e+00
 4.17176e+00 -7.30346e-01  2.58368e+00
 4.13053e+00 -6.70903e-01  1.21197e+00
 3.08236e+00 -2.46466e-01  1.48335e+00
 3.47098e+00 -5.96610e-01  1.18308e+00
 2.94006e+00 -4.03643e-01  1.54334e+00
 3.91635e+00 -1.32792e-01  1.15747e+00
 3.93730e+00  1.51844e-02  1.18424e+00
 2.98155e+00 -5.59311e-01  1.33252e+00
 2.89406e+00 -5.63009e-01  1.45858e+00
 4.37893e+00 -4.84021e-01  2.57335e+00
 2.86887e+00  3.23223e+00  2.64466e+00
 3.80876e+00  3.77840e+00  2.48524e+00
 3.45076e+00  2.88571e+00  1.15767e+00
 3.89380e+00  2.40679e+00  1.88526e+00
 4.02601e+00  2.47883e+00  2.22665e+00
 2.64504e+00  3.46399e+00  2.29171e+00
 4.02024e+00  2.39200e+00  2.16337e+00
 3.91175e+00  2.44546e+00  2.37872e+00
 4.00191e+00  2.38039e+00  2.18253e+00
 3.73118e+00  3.64768e+00  2.59091e+00
 3.03167e+00  3.22923e+00  2.72249e+00
 2.64389e+00 -8.25229e-02 -7.23880e+00
 2.27439e+00  9.51776e-02 -6.50780e+00
 2.65937e+00 -2.29853e-01 -7.30921e+00
 2.01772e+00 -5.11239e-01 -6.20752e+00
 1.58736e+00 -5.24086e-01 -6.51119e+00
 1.12977e+00  3.72396e-02 -7.29634e+00
 1.68668e+00 -5.52692e-01 -6.41573e+00
 2.61823e+00 -5.01307e-01 -7.31061e+00
 2.04151e+00 -6.21216e-01 -6.28258e+00
 2.02320e+00 -6.40990e-01 -6.30803e+00
 1.62408e+00  6.14752e-01 -7.40000e+00
-2.70415e+00 -3.56625e+00 -5.48327e+00
 1.97592e+00 -7.55498e-01 -2.23886e+00
 2.85046e+00  6.55750e-01 -2.25777e+00
 2.51150e+00 -5.68225e-01 -3.56532e+00
 2.95082e+00 -4.52707e-01 -1.72542e+00
 2.86178e+00  6.56538e-01 -2.26267e+00
 3.08593e+00 -1.86429e-01 -1.81027e+00
 3.12841e+00  2.81180e-01 -1.93619e+00
 3.30418e+00  1.27343e-01 -2.04795e+00
 2.97869e+00 -1.15838e+00 -2.40065e+00
 2.57886e+00 -5.50980e-01 -3.59767e+00
 2.09170e+00 -2.75371e-01 -2.12264e+00
 2.40462e+00 -1.23588e+00 -2.96378e+00
 2.50541e+00  5.03403e-01 -2.83704e+00
 3.66786e+00  1.37899e-02 -2.99434e+00
 2.95734e+00 -4.88890e-01 -3.74956e+00
 3.60831e+00 -5.38743e-01 -3.33325e+00
 3.07397e+00  3.41348e-01 -1.94530e+00
 2.76196e+00  4.13915e-01 -1.92711e+00
 1.85624e+00 -1.85563e-01 -2.97588e+00
 2.43251e+00 -5.15992e-01 -3.49850e+00
 2.63423e+00  2.41543e-01 -1.86742e+00
 2.77176e+00 -1.22833e+00 -2.51512e+00
 3.39019e+00 -8.44183e-01 -3.08868e+00
 3.49400e+00 -7.17964e-01 -3.50786e+00
 3.57026e+00 -6.31201e-01 -3.40909e+00
 3.52499e+00 -7.18795e-01 -3.43157e+00
 3.16153e+00  5.62902e-01 -3.04255e+00
 3.08271e+00  5.39750e-01 -3.10873e+00
 1.77650e+00 -3.77675e-01 -2.73891e+00
 1.83254e+00 -7.99837e-01 -2.51973e+00
 2.18922e+00 -4.37791e-01 -1.88366e+00
 3.35617e+00 -7.57152e-01 -3.62287e+00
 2.48713e+00 -1.27046e+00 -2.95555e+00
-3.54517e+00 -3.37487e+00  1.17145e+00
-3.17331e+00 -2.88070e+00  6.72973e-01
-2.72823e+00 -2.70815e+00  1.10192e+00
-3.91259e+00 -2.68602e+00  1.74504e+00
-3.98413e+00 -2.81929e+00  1.34960e+00
-3.33322e+00 -3.03932e+00  2.18548e+00
-3.26300e+00 -3.08955e+00  2.14050e+00
-3.40338e+00 -2.50746e+00  1.79153e+00
-3.77830e+00 -2.61326e+00  1.09800e+00
-3.76429e+00 -2.43270e+00  1.46322e+00
-3.97367e+00 -2.78734e+00  1.32908e+00
-3.36742e+00 -2.38467e+00  1.63317e+00
-3.34967e+00 -3.04527e+00  2.18649e+00
-3.17878e+00 -3.38177e+00  1.88915e+00
-3.30703e+00 -3.11590e+00  2.13761e+00
-2.98428e+00 -3.24215e+00  1.91937e+00
-3.81000e+00 -2.72838e+00  1.86932e+00
-3.87062e+00 -2.54113e+00  1.55789e+00
 6.15095e+00  1.42162e+00  2.00246e+00
 6.51536e+00  1.31101e+00  1.89753e+00
 5.90387e+00  2.17595e+00  3.29044e+00
 6.13690e+00  8.68199e-01  2.86761e+00
 5.82475e+00  2.01472e+00  3.40435e+00
 5.79290e+00  1.22126e+00  2.91025e+00
 5.86207e+00  2.14276e+00  3.38915e+00
 6.11131e+00  2.00404e+00  2.55106e+00
 6.49898e+00  1.20917e+00  1.92004e+00
 6.04074e+00  1.08351e+00  2.09611e+00
 6.03534e+00  1.08902e+00  2.09702e+00
-3.92765e+00 -1.13199e+00  2.25638e+00
-4.02012e+00 -1.14060e+00  2.38778e+00
-3.93527e+00 -1.37151e+00  1.74690e+00
-3.94444e+00 -6.43813e-01  1.05185e+00
-4.86198e+00 -1.18984e+00  2.28525e+00
-4.12935e+00 -4.29743e-01  1.01614e+00
-4.43600e+00 -8.09916e-01  2.29843e+00
-4.62886e+00 -8.59059e-01  8.04751e-01
-3.75599e+00 -9.62981e-01  1.53352e+00
-3.80466e+00 -1.17986e+00  1.34410e+00
-3.80214e+00 -9.73917e-01  1.80843e+00
-4.15168e+00 -4.75392e-01  1.32707e+00
-4.51266e+00 -1.36286e+00  2.34888e+00
-5.12512e+00 -1.37175e+00  1.63819e+00
-4.39785e+00 -1.61288e+00  1.97218e+00
-4.85412e+00 -1.44249e+00  1.07247e+00
-3.92639e+00 -1.09864e+00  1.00585e+00
-5.04634e+00 -1.25736e+00  1.10620e+00
-4.44729e+00 -1.21172e+00  8.23571e-01
-4.40741e+00 -1.61041e+00  1.99309e+00
-5.07434e+00 -1.29728e+00  1.13018e+00
-5.08515e+00 -1.29551e+00  1.14791e+00
-5.13822e+00 -1.35955e+00  1.34848e+00
-4.98067e+00 -1.40341e+00  1.11828e+00
-4.39885e+00 -1.51970e+00  2.17685e+00
-4.12224e+00 -1.21882e+00  2.38322e+00
-2.27934e+00  6.23127e+00  1.32873e-01
-2.13166e+00  6.18891e+00  5.26675e-01
-2.12688e+00  6.17036e+00  5.54040e-01
-2.15101e-01 -6.09149e+00  5.84395e-01
-2.26179e-01 -6.12847e+00  5.62266e-01
 4.77330e+00 -1.94707e+00 -9.95379e-01
 5.91155e+00 -1.58210e+00  4.61708e-01
 4.75662e+00 -1.98305e+00 -1.01263e+00
 5.84653e+00 -1.63482e+00  4.78567e-01
 5.65879e+00 -2.95142e+00 -8.35167e-01
 5.32842e+00 -1.30641e+00 -3.20212e-01
 5.46329e+00 -1.12458e+00 -7.25521e-01
 5.48771e+00 -1.20417e+00 -7.74936e-01
 5.09787e+00 -1.75889e+00 -1.25093e+00
 4.95568e+00 -2.63201e+00 -6.10570e-01
 5.74965e+00 -2.50002e+00  1.74393e-02
 5.62974e+00 -2.22729e+00  2.77206e-01
 5.15380e+00 -1.48427e+00 -1.04748e+00
 5.07650e+00 -1.74841e+00 -1.24869e+00
 4.83903e+00 -2.42181e+00 -8.15214e-01
 6.15673e+00 -2.42747e+00 -2.52138e-01
 6.15633e+00 -2.40696e+00 -2.34317e-01
 5.48056e+00 -1.13296e+00 -7.27273e-01
 6.08220e+00 -1.60721e+00  3.16407e-01
 6.06290e+00 -1.60061e+00  3.35169e-01
 5.44144e+00 -1.16548e+00 -4.10956e-01
 5.60054e+00 -1.29087e+00 -1.35082e-01
 6.05488e+00 -2.68892e+00 -3.92246e-01
 5.84752e+00 -2.88313e+00 -3.89074e-01
 5.66029e+00 -2.95325e+00 -8.33870e-01
 5.62283e+00 -3.02205e+00 -6.89863e-01
-2.30192e-01 -3.43250e+00  1.48302e+00
-1.07689e+00 -3.42616e+00  1.53355e+00
-1.18613e+00 -2.45094e+00  9.22215e-01
-4.96846e-01 -2.31251e+00  3.10931e-01
-1.24168e+00 -2.55070e+00  1.01307e+00
-1.05045e-01 -2.12854e+00  1.09045e+00
-1.02901e+00 -2.86133e+00  1.69438e+00
-1.18448e+00 -2.79511e+00  1.43535e+00
-9.36433e-01 -3.29025e+00  1.79466e+00
-4.82690e-01 -2.18986e+00  1.26105e+00
-1.17595e-01 -2.09807e+00  1.08571e+00
-9.48140e-01 -2.46699e+00  3.93803e-01
-9.66447e-01 -2.44236e+00  4.41791e-01
-9.03658e-01 -2.65157e+00  2.38059e-01
-1.29010e+00 -3.06879e+00  9.56986e-01
-1.24987e+00 -3.25297e+00  1.25915e+00
 2.31064e+00  1.50940e+00 -3.25498e+00
 2.51058e+00  1.49316e+00 -2.06461e+00
 2.29219e+00  1.87237e+00 -2.99947e+00
 2.56733e+00  1.05053e+00 -3.52393e+00
 3.45607e+00  1.40365e+00 -2.48239e+00
 3.11119e+00  8.56577e-01 -3.50357e+00
 3.10448e+00  8.75963e-01 -3.52440e+00
 3.14040e+00  8.86740e-01 -3.50836e+00
 3.43784e+00  1.47819e+00 -2.47045e+00
 2.32895e+00  1.89359e+00 -2.97576e+00
 2.22834e+00  1.72489e+00 -2.26283e+00
 2.04698e+00  1.31585e+00 -2.82172e+00
 2.26314e+00  7.14834e-01 -2.99750e+00
 3.58995e+00  1.08625e+00 -3.22259e+00
 3.58800e+00  1.10402e+00 -3.24913e+00
 3.52521e+00  1.32468e+00 -3.10574e+00
 2.82122e+00  1.81082e+00 -2.18335e+00
 2.51679e+00  1.92565e+00 -2.31766e+00
-1.80388e+00 -3.57811e+00  6.55092e+00
-1.82995e+00 -3.46438e+00  6.52954e+00
-1.56657e+00 -3.37922e+00  6.50808e+00
-1.56942e+00 -3.34035e+00  6.50066e+00
-1.68555e+00 -3.84404e+00  6.59980e+00
 1.78383e+00  1.74050e+00  4.65603e+00
 2.51049e+00  2.11849e+00  4.28679e+00
 1.26246e+00  1.68640e+00  4.09461e+00
 1.27081e+00  2.15038e+00  3.67408e+00
 1.27251e+00  2.41035e+00  4.14700e+00
 1.83974e+00  2.13216e+00  4.73843e+00
 2.18532e+00  1.16208e+00  4.21144e+00
 2.46105e+00  2.21650e+00  4.34973e+00
 1.95943e+00  1.67887e+00  3.83346e+00
 1.79166e+00  2.62085e+00  3.78533e+00
 1.29100e+00  2.16357e+00  3.65445e+00
 1.23819e+00  1.72331e+00  4.07074e+00
 1.53900e+00  2.75344e+00  4.45210e+00
 1.84547e+00  2.68259e+00  3.83117e+00
 1.86394e+00  2.87104e+00  4.19615e+00
 1.32105e+00  2.21405e+00  3.66222e+00
 1.27257e+00  2.22569e+00  3.76134e+00
 5.38694e+00 -1.00931e+00 -4.30482e-01
 4.64343e+00 -6.40346e-01 -7.43423e-01
 4.82228e+00 -1.45712e+00 -4.94830e-02
 4.39372e+00 -1.77452e+00 -2.08371e-01
 4.48512e+00 -7.96325e-01 -3.43116e-01
 4.09524e+00 -1.46608e+00 -6.93770e-01
 4.92018e+00 -6.11395e-01 -3.32398e-01
 4.53006e+00 -9.37821e-01 -6.43633e-02
 4.32758e+00 -9.90501e-01 -1.27075e-01
 4.86105e+00 -5.34556e-01 -7.98626e-01
 4.05485e+00 -1.43478e+00 -2.58968e-01
 4.63967e+00 -2.00466e+00 -9.60303e-01
 3.64034e+00  5.09516e+00 -1.92196e+00
 4.53018e+00  5.29287e+00 -7.36975e-01
 3.83302e+00  4.74263e+00 -1.92715e+00
 5.09611e+00  4.86626e+00 -1.02514e+00
 4.10215e+00  4.47371e+00 -1.14794e+00
 3.80748e+00  4.87605e+00 -8.98642e-01
 3.88233e+00  5.42774e+00 -6.46359e-01
 3.98111e+00  4.54187e+00 -1.09903e+00
 3.99760e+00  4.49589e+00 -1.28706e+00
 3.89197e+00  5.35182e+00 -6.44524e-01
 3.65514e+00  5.13542e+00 -1.12379e+00
 6.49432e-02  5.12887e+00  2.90573e+00
 1.12052e-01  4.49566e+00  2.82538e+00
-1.26168e+00  4.48983e+00  2.22218e+00
-1.52901e+00  4.15841e+00  2.84227e+00
 2.00097e-01  4.62433e+00  3.31208e+00
-1.09922e-01  4.09855e+00  2.66471e+00
 2.33361e-01  4.96376e+00  3.63712e+00
 8.37169e-02  5.18476e+00  3.02332e+00
-1.40794e-01  4.09916e+00  2.65128e+00
-9.95279e-01  5.52666e+00  3.83864e+00
 1.11626e-01  5.03376e+00  3.80804e+00
-2.13136e-01  5.25838e+00  4.03266e+00
-1.10699e+00  4.02815e+00  2.47221e+00
-1.23850e+00  4.68538e+00  2.26354e+00
 2.19417e-01  4.96894e+00  3.67405e+00
-3.58051e-01  4.49931e+00  3.92941e+00
-1.92657e-01  5.24250e+00  4.02898e+00
-1.32409e-01  4.39481e+00  3.77847e+00
 9.88245e-02  4.81371e+00  3.75866e+00
-3.21786e-01  5.24933e+00  4.03834e+00
-7.09648e-01  5.78231e+00  3.27409e+00
-1.13285e+00  5.64161e+00  2.71545e+00
-9.64690e-01  5.49725e+00  2.51308e+00
-1.06246e+00  5.33780e+00  2.44478e+00
-1.51289e+00  4.26319e+00  2.75480e+00
-9.98561e-01  5.50776e+00  3.85193e+00
-8.12346e-01  5.80436e+00  3.64415e+00
-1.06305e+00  5.65072e+00  2.68420e+00
-9.26863e-01  5.86955e+00  3.20807e+00
-8.45533e-01  5.86942e+00  3.41003e+00
-1.27572e+00  4.62809e+00  3.64794e+00
-1.29968e+00  4.38163e+00  2.26446e+00
-1.29274e+00  4.11447e+00  2.39100e+00
-1.21754e+00  5.40975e+00  2.58466e+00
-1.21640e+00  5.40029e+00  2.57681e+00
-6.43798e+00 -2.89081e-02 -1.95773e+00
-6.56665e+00 -4.39882e-01 -1.76258e+00
-6.39474e+00 -7.73769e-01 -2.45528e+00
-6.38630e+00 -3.54280e-02 -2.12006e+00
-6.40902e+00  1.55300e-02 -2.02517e+00
 4.05554e+00  1.52505e+00  2.01465e+00
 4.45370e+00  1.85215e+00  2.10450e+00
 3.19791e+00  1.27494e+00  1.48117e+00
 3.19346e+00  1.70116e+00  1.31031e+00
 3.94302e+00  1.11614e+00  1.54578e+00
 3.81377e+00  1.08632e+00  1.18191e+00
 4.28054e+00  9.50985e-01  1.00195e+00
 3.22853e+00  1.27355e+00  1.51540e+00
 4.79235e+00  1.80884e+00  5.48383e-01
 4.56037e+00  1.02976e+00  8.53341e-01
 4.75642e+00  1.86913e+00  5.49532e-01
 3.20583e+00  1.82319e+00  1.27355e+00
 3.14983e+00  1.36189e+00  1.47512e+00
 3.46246e+00  1.67298e+00  2.00791e+00
 4.78321e+00  1.19691e+00  8.81323e-01
 4.75732e+00  1.86981e+00  5.50195e-01
 4.70322e+00  2.01162e+00  8.13008e-01
 4.26821e+00  2.42679e+00  1.72520e+00
 4.35745e+00  2.41764e+00  1.90172e+00
 4.86355e+00  1.76297e+00  6.23984e-01
 4.80354e+00  1.81571e+00  5.56140e-01
 4.81385e+00  1.43463e+00  6.76768e-01
 4.78163e+00  1.43556e+00  6.48360e-01
-1.47760e+00 -3.16123e+00  6.38137e+00
-4.85870e-01 -3.01610e+00  5.80259e+00
-9.39827e-01 -2.58559e+00  5.39749e+00
-4.52863e-01 -2.78306e+00  6.92573e+00
-8.71199e-01 -2.66417e+00  5.40290e+00
-1.45920e+00 -3.16415e+00  6.36719e+00
-1.43437e+00 -2.32307e+00  5.95820e+00
-1.40617e+00 -2.28960e+00  5.94868e+00
-1.02185e+00 -2.56742e+00  5.45627e+00
-1.50532e+00 -2.57332e+00  5.90009e+00
 4.25204e+00  1.99456e+00 -4.38702e+00
 4.54926e+00  1.68560e+00 -4.39925e+00
 4.34425e+00  1.75663e+00 -4.74883e+00
 4.23442e+00  2.09118e+00 -4.28501e+00
-3.15680e+00  6.50505e-01 -2.00646e+00
-3.73678e+00 -2.38799e-01 -3.34226e+00
-4.19700e+00 -4.51199e-01 -2.21181e+00
-2.94310e+00  1.47701e-01 -2.42323e+00
-3.56283e+00 -6.44723e-01 -2.89101e+00
-3.94988e+00 -7.37396e-02 -3.29477e+00
-4.28645e+00 -3.93653e-02 -2.81084e+00
-4.12695e+00 -2.31167e-01 -2.00682e+00
-4.42408e+00 -2.30292e-01 -2.24255e+00
-3.21672e+00  1.40298e-01 -1.61009e+00
-3.89786e+00 -6.36786e-01 -2.36180e+00
-2.95402e+00 -9.14107e-02 -2.69177e+00
-3.11596e+00 -4.42484e-01 -2.13472e+00
-2.98691e+00  5.04552e-02 -2.25181e+00
-3.20800e+00  1.20637e-01 -1.62745e+00
-3.05884e+00 -4.86289e-01 -2.51660e+00
-3.09685e+00 -4.46243e-01 -2.18763e+00
-1.57893e+00  2.04164e-01  6.09680e+00
 1.61400e+00 -6.72992e-01 -4.75963e+00
 2.51073e+00 -2.88347e-01 -5.69816e+00
 1.48489e+00 -2.55162e-01 -5.65727e+00
 2.60687e+00  5.88711e-01 -5.07529e+00
 1.47920e+00  2.57619e-01 -4.32617e+00
 2.94403e+00  1.61457e-02 -4.96030e+00
 1.17650e+00 -4.72677e-01 -5.12903e+00
 2.93268e+00 -3.08668e-02 -4.92935e+00
 1.27803e+00 -5.42990e-01 -4.87884e+00
 1.54816e+00 -1.29578e-01 -4.17681e+00
 1.17012e+00  4.45115e-01 -5.08942e+00
 1.60891e+00 -5.59477e-01 -4.49521e+00
 1.37169e+00 -6.14211e-01 -4.92909e+00
 2.36461e+00  2.15978e-01 -5.87923e+00
 2.66137e+00 -2.96547e-01 -5.19817e+00
 1.94983e+00 -6.99437e-01 -5.23486e+00
 1.60325e+00  6.08382e-01 -5.41512e+00
 2.94293e+00 -1.01148e-01 -5.10185e+00
 2.95004e+00 -7.77145e-02 -5.05735e+00
 1.24912e+00 -5.29898e-01 -5.25679e+00
 1.61680e+00  2.92629e-01 -4.37443e+00
 1.42925e+00 -4.63172e-01 -4.49501e+00
 1.83999e+00 -2.98337e-01 -4.18700e+00
 1.78944e+00 -2.61022e-01 -4.17875e+00
 1.76823e+00  4.96556e-01 -5.63804e+00
 2.50628e+00  6.77752e-01 -5.20650e+00
 2.27595e+00  3.91319e-01 -5.82317e+00
 2.73661e+00 -1.31092e-01 -5.62285e+00
 1.90834e+00 -6.69765e-01 -5.51689e+00
 1.31440e+00 -5.78582e-01 -5.24957e+00
 2.51764e+00  6.72987e-01 -5.18541e+00
 2.55005e+00  6.43343e-01 -5.07268e+00
 2.42547e+00  4.75405e-01 -5.63640e+00
 2.51740e+00  1.60684e-01 -5.79298e+00
 2.08703e+00 -3.98929e-01 -5.87969e+00
 2.13896e+00 -4.75991e-01 -5.83766e+00
 1.43430e+00  3.35162e-01 -5.55115e+00
 1.27425e+00  5.14951e-01 -5.26789e+00
 5.70046e+00  3.84678e+00  3.01745e+00
 3.89466e+00  4.24209e+00  2.96045e+00
 5.66299e+00  3.82484e+00  3.00690e+00
 4.97476e+00  4.54616e+00  3.01529e+00
 5.52836e+00  4.17410e+00  2.87530e+00
 4.13379e+00  3.64556e+00  3.32334e+00
 5.28090e+00  4.25062e+00  2.75718e+00
 5.14292e+00  4.18036e+00  2.71604e+00
 4.01907e+00  4.35222e+00  2.95686e+00
 3.91262e+00  4.28159e+00  2.91241e+00
 4.07196e+00  4.13765e+00  3.48184e+00
 3.91059e+00  4.17953e+00  2.83361e+00
 3.89312e+00  4.13653e+00  2.87640e+00
 5.31398e+00 -4.22158e+00 -2.01312e+00
 4.39550e+00 -4.50213e+00 -2.83549e+00
 5.36023e+00 -4.05505e+00 -1.98922e+00
 4.63160e+00 -2.90072e+00 -2.32361e+00
 5.18322e+00 -3.67747e+00 -1.66746e+00
 4.27614e+00 -4.41676e+00 -2.73980e+00
 5.16057e+00 -4.35126e+00 -1.92027e+00
 4.42742e+00 -4.57100e+00 -2.57412e+00
 4.50378e+00 -4.61169e+00 -2.72216e+00
 4.83561e+00 -3.25412e+00 -2.56935e+00
 5.12727e+00 -3.27909e+00 -1.91231e+00
 4.66632e+00 -2.89762e+00 -2.29679e+00
 4.58402e+00 -2.99972e+00 -2.01540e+00
 5.15884e+00 -3.13958e+00 -2.22660e+00
 5.17781e+00 -3.18151e+00 -2.25929e+00
 4.75726e+00 -4.01026e+00 -1.39858e+00
 5.02830e+00 -4.58354e+00 -2.23735e+00
 5.12547e+00 -4.50021e+00 -2.15651e+00
 6.11146e+00  5.06435e-01 -1.60148e+00
 6.11304e+00  4.33177e-01 -1.50138e+00
 6.15673e+00  5.55261e-01 -1.48791e+00
 6.12673e+00  5.45657e-01 -1.59235e+00
-3.02723e+00  4.68764e-01 -4.47048e+00
-2.29294e+00  1.59185e-01 -3.91259e+00
-2.34912e+00 -3.63679e-01 -4.72013e+00
-2.30809e+00  6.63769e-01 -4.41137e+00
-2.96730e+00  5.91497e-01 -4.31614e+00
-2.77840e+00 -5.59978e-01 -4.49811e+00
-2.26963e+00  1.40016e-01 -4.80257e+00
-2.56295e+00  1.02744e-01 -3.84702e+00
-2.69091e+00  8.33274e-01 -4.56534e+00
-2.72363e+00  7.68921e-01 -4.64177e+00
-2.41268e+00 -5.58745e-01 -4.67257e+00
-2.16835e+00  5.10877e-01 -4.42822e+00
-2.28969e+00 -2.28135e-01 -4.35522e+00
-2.20616e+00  3.36167e-01 -4.09085e+00
-2.17125e+00  3.59237e-01 -4.18942e+00
-2.24504e+00 -6.45237e-02 -4.19038e+00
-2.39780e+00 -5.40067e-01 -4.68132e+00
-2.40083e+00 -5.52542e-01 -4.67120e+00
 3.65066e+00  9.05740e-01 -3.73923e+00
 3.55305e+00  1.13967e+00 -3.51333e+00
 4.62358e+00  5.27030e-01 -5.05300e+00
 4.30654e+00  1.15201e+00 -3.46946e+00
 4.48034e+00  4.59047e-01 -5.08928e+00
 4.30985e+00  1.16903e+00 -3.47829e+00
 4.69287e+00  6.62955e-01 -4.70835e+00
 4.73624e+00  8.78040e-01 -4.96269e+00
 4.41520e+00  1.52066e+00 -4.87892e+00
 3.92865e+00  5.07642e-01 -4.83173e+00
 3.90739e+00  4.09694e-01 -4.53311e+00
 3.89447e+00  5.88458e-01 -3.94409e+00
 4.09666e+00  8.27789e-01 -3.43775e+00
 4.08824e+00  9.17031e-01 -3.32531e+00
 4.26373e+00  1.73606e+00 -4.77011e+00
 3.86647e+00  7.63983e-01 -4.86754e+00
 4.67519e+00  1.33005e+00 -4.55502e+00
 4.08658e+00  1.00333e+00 -5.03718e+00
 4.09388e+00  1.11479e+00 -5.01291e+00
 4.14258e+00  1.44814e+00 -4.93615e+00
 4.34355e+00  1.75127e+00 -4.75667e+00
 4.76307e+00  9.33608e-01 -4.83990e+00
 4.70748e+00  7.06129e-01 -4.68816e+00
 4.47446e+00  4.57740e-01 -5.08606e+00
 3.90850e+00  4.08915e-01 -4.53166e+00
 3.72432e+00  1.61468e+00 -3.62249e+00
 3.64343e+00  1.16865e+00 -3.39197e+00
 4.10961e+00  1.64388e+00 -4.83061e+00
-4.14921e+00 -7.04715e-01 -1.42383e+00
-4.31148e+00 -1.51927e+00 -1.40911e+00
-3.65402e+00  4.61270e-02 -1.13278e+00
-2.90484e+00 -9.57119e-01 -1.01663e+00
-4.33607e+00 -1.15859e+00 -2.18428e+00
-3.14560e+00  1.55544e-01 -1.32221e+00
-3.61566e+00  1.99121e-01 -1.19621e+00
-3.50075e+00 -1.19526e+00 -7.57304e-01
-4.27641e+00 -1.56469e+00 -1.85625e+00
-3.88510e+00 -1.51191e+00 -1.70978e+00
-2.99415e+00 -1.04362e+00 -1.09340e+00
-3.21147e+00  2.45992e-01 -1.33318e+00
-3.08403e+00 -9.82892e-01 -1.72069e+00
-4.07514e+00 -1.26304e-01 -1.76222e+00
-2.99936e+00 -9.52461e-01 -1.58848e+00
-2.75670e+00 -7.67327e-01 -1.12543e+00
-3.62247e+00  1.96640e-01 -1.19838e+00
-3.62077e+00  1.93666e-01 -1.19283e+00
-3.07494e+00 -5.05832e-01 -2.06853e+00
-2.79685e+00 -7.67354e-01 -1.35805e+00
-4.37465e+00 -1.49195e+00 -1.95649e+00
-3.72979e+00 -1.51261e+00 -1.17148e+00
-3.88619e+00 -1.54272e+00 -1.02973e+00
-4.22766e+00 -1.58131e+00 -1.32322e+00
-2.75255e+00 -7.55518e-01 -1.16155e+00
-2.80501e+00 -6.19812e-01 -1.16103e+00
 5.17789e+00  3.24963e+00  1.66402e+00
 5.15057e+00  3.38525e+00  2.79867e+00
 5.53612e+00  4.32825e+00  2.14965e+00
 5.85953e+00  4.23620e+00  2.26697e+00
 4.85197e+00  2.94221e+00  1.94461e+00
 4.70337e+00  3.83869e+00  1.59581e+00
 4.60570e+00  3.20482e+00  1.92904e+00
 4.63487e+00  3.82292e+00  1.63232e+00
 4.72327e+00  3.89263e+00  1.62368e+00
 5.23465e+00  3.22462e+00  2.72614e+00
 5.93287e+00  4.03892e+00  2.23246e+00
 4.44955e+00  3.81977e+00  2.41104e+00
 5.19266e+00  3.29953e+00  1.63476e+00
 5.22457e+00  3.28867e+00  1.64572e+00
 5.20482e+00  3.26580e+00  1.65744e+00
 4.92875e+00  2.93163e+00  2.02767e+00
 5.78001e+00  3.81442e+00  3.00365e+00
 5.79673e+00  3.83456e+00  2.98274e+00
 5.94576e+00  4.04305e+00  2.37973e+00
 5.87236e+00  4.21962e+00  2.33181e+00
 5.70077e+00  4.15172e+00  2.81347e+00
 4.31912e+00  3.73708e+00  2.15955e+00
 4.61006e+00  3.84064e+00  1.66381e+00
 1.63650e+00 -1.12566e+00  3.92413e+00
 2.21718e+00 -1.08926e+00  4.12810e+00
 1.71527e+00 -9.92029e-01  3.99209e+00
 1.84374e+00 -7.40744e-01  3.82615e+00
 2.32873e+00 -1.44923e+00  4.05239e+00
 2.70382e+00 -1.70641e+00  2.29040e+00
 1.44737e+00 -1.34155e+00  2.88924e+00
 3.29033e+00 -1.72455e+00  3.30868e+00
 1.42729e+00 -1.37842e+00  2.89524e+00
 2.64038e+00 -1.88717e+00  2.30398e+00
 3.19308e+00 -1.95095e+00  3.04271e+00
 2.89075e+00 -2.07853e+00  2.72361e+00
 2.99060e+00 -5.19900e-01  3.50445e+00
 1.97890e+00 -6.96515e-01  3.96033e+00
 1.83489e+00 -7.71842e-01  3.95205e+00
 2.26849e+00 -8.96794e-01  4.08174e+00
 3.13927e+00 -6.86541e-01  3.39346e+00
 3.47292e+00 -1.48898e+00  3.15819e+00
 3.45578e+00 -1.56087e+00  3.17392e+00
 3.03008e+00 -2.12339e+00  2.92490e+00
 2.74440e+00 -1.78219e+00  3.73780e+00
 2.87873e+00 -2.04850e+00  3.18783e+00
 2.09702e+00 -1.76962e+00  2.55959e+00
 1.79359e+00 -1.64007e+00  2.70767e+00
 6.23185e+00 -9.23411e-01 -2.62057e+00
 6.90611e+00 -1.32301e+00 -4.24181e+00
 6.14545e+00 -1.10337e+00 -3.11053e+00
 6.90828e+00 -1.36542e+00 -4.25432e+00
 6.14797e+00 -1.02243e+00 -2.85973e+00
 6.77187e+00 -7.90196e-01 -3.93234e+00
 6.81842e+00 -9.17126e-01 -4.02680e+00
 6.22969e+00 -8.81560e-01 -2.64800e+00
 3.52301e+00  9.04575e-01 -1.60822e-01
 3.00885e+00  1.83270e+00  6.74766e-01
 4.16537e+00  7.87133e-01  8.40574e-01
 3.52057e+00  8.08390e-01 -5.21469e-02
 3.08452e+00  1.89141e+00  8.39498e-01
 3.09271e+00  1.88622e+00  8.67145e-01
 3.09460e+00  1.89308e+00  8.19169e-01
 3.12406e+00  1.88722e+00  6.85956e-01
 3.98972e+00  1.13961e+00 -9.46277e-02
 4.09179e+00  9.89399e-01  1.51329e-01
 3.74211e+00  5.50014e-01  7.19720e-01
 3.06612e+00  1.16139e+00  1.40818e+00
 3.60437e+00  6.52605e-01  1.87045e-01
 3.58461e+00  6.10068e-01  2.67769e-01
 3.94569e+00  1.12225e+00 -1.06392e-01
 3.98259e+00  1.14739e+00 -9.70018e-02
-2.62104e+00 -2.62269e+00  4.94892e+00
-3.02336e+00 -3.04598e+00  4.63035e+00
-3.07086e+00 -3.21373e+00  4.62521e+00
-2.42228e+00 -3.37159e+00  5.37044e+00
-2.49665e+00 -3.45623e+00  5.59672e+00
-2.49515e+00 -3.48086e+00  5.53922e+00
-2.33655e+00 -2.88649e+00  5.88883e+00
-2.67049e+00 -2.29223e+00  5.77747e+00
-2.77311e+00 -2.18748e+00  5.47193e+00
-2.78979e+00 -2.25155e+00  5.13954e+00
-2.31401e+00 -3.06790e+00  5.40386e+00
-3.06682e+00 -3.51180e+00  4.72698e+00
-2.36487e+00 -2.94208e+00  5.92805e+00
-2.44287e+00 -3.20777e+00  5.80962e+00
-3.06025e+00 -3.46838e+00  4.70690e+00
-3.05066e+00 -3.50186e+00  4.72651e+00
 3.63391e+00  5.30430e+00 -7.04768e-02
 4.92603e+00  5.03271e+00 -4.26872e-01
 4.57504e+00  4.81087e+00  4.18342e-02
 4.69955e+00  5.09949e+00  7.19864e-01
 4.23288e+00  5.68269e+00  5.51859e-01
 3.79842e+00  5.62116e+00 -5.22270e-01
 4.21099e+00  4.77613e+00  2.06932e-01
 4.46199e+00  4.79525e+00  4.17396e-01
 4.98194e+00  5.11301e+00 -5.75418e-01
 3.74239e+00  5.65516e+00 -4.10903e-01
 4.82291e+00  5.41247e+00  9.32871e-01
 4.75041e+00  5.18350e+00  7.91437e-01
 4.86789e+00  5.35518e+00  9.19815e-01
 4.83087e+00  5.38044e+00  9.27770e-01
 3.68676e+00  5.06585e+00 -1.13677e-01
 4.53264e+00  9.09111e-01 -2.64515e+00
 4.02043e+00  1.74135e+00 -1.74773e+00
 4.44448e+00  9.65511e-01 -1.35567e+00
 3.77977e+00  1.34023e+00 -2.27999e+00
 3.98956e+00  7.06658e-01 -1.43385e+00
 4.67069e+00  3.80150e-01 -1.88150e+00
 4.68740e+00  9.62374e-01 -2.63681e+00
 5.18202e+00  9.95375e-01 -2.17116e+00
 4.65037e+00  3.83825e-01 -1.85694e+00
 4.34888e+00  4.93556e-01 -1.59457e+00
 3.86338e+00  8.62506e-01 -1.52698e+00
 4.24039e+00  1.70169e+00 -1.65821e+00
 5.14329e+00  1.06837e+00 -2.09375e+00
 4.97709e+00  8.66698e-01 -2.36490e+00
 4.95388e+00  8.85019e-01 -2.40066e+00
 3.97151e+00  1.73973e+00 -1.76437e+00
 5.06653e+00  1.29280e+00 -2.17207e+00
 5.05455e+00  7.32509e-01 -2.14972e+00
 4.98343e+00  8.91394e-01 -2.37500e+00
 4.86608e+00  1.25655e+00 -2.49041e+00
 3.92107e+00  1.65993e+00 -2.11303e+00
 3.87974e+00  1.66387e+00 -2.10458e+00
 4.27312e+00  6.40470e-01 -1.31372e+00
 4.24940e+00  6.34130e-01 -1.32004e+00
 5.09915e+00  1.24805e+00 -2.28591e+00
 5.17289e+00  1.03358e+00 -2.21391e+00
 4.91241e+00 -4.63193e-01 -4.87897e+00
 5.92138e+00 -1.58819e+00 -4.68710e+00
 6.27781e+00 -6.81348e-01 -4.78828e+00
 5.48864e+00 -3.79567e-01 -4.73489e+00
 5.36585e+00 -4.18504e-01 -4.72023e+00
 4.84588e+00 -5.52183e-01 -4.96195e+00
 6.28990e+00 -1.82728e+00 -4.70478e+00
 5.23780e+00 -5.50196e-01 -4.69822e+00
 6.63266e+00 -1.36132e+00 -4.77208e+00
 4.92870e+00 -3.71033e-01 -4.92410e+00
 4.91341e+00 -2.96418e-01 -5.03160e+00
-5.03599e+00 -1.88292e+00  3.69552e+00
-5.07142e+00 -1.35606e+00  3.20835e+00
-4.25716e+00 -6.42907e-01  3.63342e+00
-4.18857e+00 -1.08922e+00  4.09464e+00
-4.74900e+00 -1.58068e+00  2.76302e+00
-3.98430e+00 -1.26833e+00  2.72965e+00
-5.00237e+00 -1.94791e+00  3.69346e+00
-4.89386e+00 -1.78724e+00  3.79390e+00
-4.99451e+00 -1.95588e+00  3.68526e+00
-4.99707e+00 -1.94501e+00  3.69693e+00
-2.20550e-01 -1.38293e+00  4.80202e+00
-2.62132e-01 -1.25583e+00  4.91104e+00
 7.38851e-01 -1.31038e+00  5.79295e+00
 1.13049e-01 -1.31852e+00  4.85963e+00
-3.87859e-01 -2.42113e+00  5.11318e+00
-2.35328e-01 -2.07099e+00  4.78043e+00
 5.72060e-01 -1.20686e+00  6.58581e+00
-3.80461e-01 -9.66134e-01  5.21536e+00
 5.14609e-01 -1.55870e+00  6.75084e+00
-1.09352e-01 -1.94656e+00  4.65319e+00
-1.46951e-01 -1.43860e+00  4.72072e+00
-7.63374e-02 -1.61486e+00  4.63605e+00
-1.27821e-01 -1.45947e+00  4.69924e+00
-1.50412e-02 -1.46530e+00  4.69767e+00
 2.21566e+00 -4.81535e+00  3.69049e+00
 1.89142e+00 -4.74545e+00  4.37820e+00
 2.81934e+00 -5.05731e+00  3.69492e+00
 2.53071e+00 -4.59240e+00  3.57391e+00
 2.73739e+00 -4.17838e+00  4.00521e+00
 2.41094e+00 -5.40406e+00  3.86570e+00
 1.86550e+00 -4.84935e+00  4.43780e+00
 2.15261e+00 -5.23852e+00  3.84270e+00
 3.05456e+00 -4.65541e+00  3.90393e+00
 2.81530e+00 -4.20986e+00  3.81213e+00
 1.87722e+00 -5.10414e+00  4.42362e+00
 1.65955e+00  3.42380e+00 -5.90447e+00
 1.37200e+00  3.33046e+00 -5.05346e+00
 6.79089e-01  3.59532e+00 -4.89723e+00
 6.56663e-01  4.22039e+00 -4.84966e+00
 7.23732e-01  3.47470e+00 -5.05721e+00
 7.45688e-01  3.49864e+00 -4.91716e+00
 1.12923e+00  3.32932e+00 -6.04531e+00
 9.36466e-01  3.27046e+00 -5.84107e+00
 1.42532e+00  3.30208e+00 -5.13335e+00
 9.33386e-01  3.26872e+00 -5.82945e+00
-1.40053e+00 -5.52825e+00  2.76013e+00
-1.24775e+00 -6.00744e+00  2.27573e+00
-5.12577e-01 -5.44698e+00  2.77595e+00
 5.97131e+00 -4.19574e-01  4.93953e+00
 6.08732e+00 -8.19096e-01  4.89879e+00
 6.20901e+00 -3.49560e-01  3.99011e+00
 6.06122e+00 -7.80269e-02  4.27339e+00
-2.93990e+00 -2.75496e+00 -1.44764e+00
-3.00233e+00 -3.02840e+00 -3.97171e-01
-3.67862e+00 -3.56251e+00 -8.96028e-01
-2.92643e+00 -3.01377e+00 -4.22571e-01
-4.18960e+00 -2.03767e+00 -8.96023e-01
-2.87823e+00 -3.36272e+00 -1.08211e+00
-3.36331e+00 -3.57352e+00 -1.13047e+00
-3.93312e+00 -1.96525e+00 -8.56782e-01
-3.64967e+00 -3.47197e+00 -7.53124e-01
-3.56066e+00 -2.94644e+00 -1.55385e+00
-4.15688e+00 -2.54444e+00 -6.15935e-01
-4.25364e+00 -2.46213e+00 -6.89181e-01
-4.29675e+00 -2.89974e+00 -1.22006e+00
-4.29962e+00 -2.22870e+00 -8.27580e-01
-4.22848e+00 -2.63088e+00 -1.30610e+00
-4.31367e+00 -2.76271e+00 -1.23980e+00
-2.59690e+00 -2.89415e+00 -1.09728e+00
-2.77723e+00 -2.63078e+00 -2.24765e-01
-2.74012e+00 -2.60409e+00 -2.80513e-01
-2.81344e+00 -2.62547e+00 -2.04057e-01
-3.66663e+00 -3.18239e+00 -1.45686e+00
-4.21467e+00 -3.03849e+00 -1.23035e+00
-2.92673e+00 -2.48140e+00 -2.76157e-01
-2.87597e+00 -2.57833e+00 -2.09075e-01
-2.68332e+00 -3.08862e+00 -1.16995e+00
-2.66980e+00 -2.89009e+00 -1.27771e+00
 3.25122e+00  3.94867e-01 -1.89567e+00
 4.17508e+00 -6.91746e-03 -2.15450e+00
 4.66800e+00  3.72188e-01 -1.87665e+00
 4.50605e+00  8.95246e-01 -2.66726e+00
 3.77695e+00  1.33866e+00 -2.28245e+00
 3.80978e+00  7.30408e-01 -1.44100e+00
 4.45079e+00  1.49866e-01 -1.93941e+00
 3.67806e+00  1.11163e-01 -2.11887e+00
 4.09362e+00  7.54229e-02 -2.35697e+00
-7.14958e+00  1.91913e+00  2.70972e+00
-7.13839e+00  1.53496e+00  2.66492e+00
-6.91215e+00  2.15697e+00  1.86456e+00
-6.92960e+00  2.22554e+00  1.92773e+00
-6.92735e+00  2.22445e+00  1.91970e+00
-6.93932e+00  1.23202e+00  1.95003e+00
-7.10207e+00  1.88482e+00  1.50430e+00
-7.12050e+00  1.06256e+00  1.47888e+00
-6.91616e+00  1.25846e+00  1.86765e+00
 8.45838e-01 -4.15987e+00 -5.06980e+00
 1.16513e+00 -4.16275e+00 -5.06897e+00
 1.15680e+00 -4.17841e+00 -5.06341e+00
-8.11764e-01  1.15945e+00  1.34440e-01
-1.87755e-02  1.83337e+00 -1.90864e-01
 3.26096e-02  2.12798e+00  3.01991e-01
-1.14787e+00  1.12314e+00  7.82942e-01
-1.13970e+00  1.09051e+00  6.98559e-01
-3.31640e-03  1.85508e+00 -1.79652e-01
-4.57036e-01  1.20108e+00  1.17113e+00
-8.53196e-01  1.61410e+00  1.15469e+00
 1.36437e+00 -3.74125e+00  2.32657e+00
 1.37783e+00 -3.72975e+00  2.33688e+00
 4.43930e-01 -3.73338e+00  3.48817e+00
 1.28926e+00 -3.75633e+00  3.15895e+00
 1.02655e+00 -2.48352e+00  3.82463e+00
 1.13916e+00 -2.42653e+00  3.46279e+00
 4.77878e-01 -3.79979e+00  3.51369e+00
 9.72139e-01 -4.03687e+00  2.69491e+00
 1.65631e+00 -3.12716e+00  2.62862e+00
 1.34302e+00 -3.75846e+00  2.32883e+00
 9.76787e-01 -4.03572e+00  2.69469e+00
 9.38474e-01 -4.05889e+00  2.83887e+00
 8.91851e-01 -4.07062e+00  2.84385e+00
 4.87793e-01 -3.94836e+00  3.26059e+00
 1.21741e+00 -2.38799e+00  2.53183e+00
 8.49128e-01 -2.57662e+00  2.28608e+00
 8.83640e-01 -2.55896e+00  2.30066e+00
 8.60777e-01 -2.57474e+00  2.28395e+00
 7.23585e-01 -4.05090e+00  2.96535e+00
 1.07949e+00 -2.68900e+00  4.13215e+00
 1.10367e+00 -2.72383e+00  4.15123e+00
 4.71686e+00 -1.95684e+00 -4.52348e+00
 5.20788e+00 -8.82872e-01 -3.85821e+00
 5.30379e+00 -1.14862e+00 -3.58966e+00
 5.84494e+00 -1.84428e+00 -3.86980e+00
 5.05563e+00 -1.37420e+00 -3.55552e+00
 6.16641e+00 -2.02126e+00 -4.59644e+00
 5.84699e+00 -1.84324e+00 -3.87023e+00
 6.15160e+00 -2.02684e+00 -4.58964e+00
 4.34161e+00 -9.99657e-01 -4.27446e+00
 5.20510e+00 -1.77228e+00 -3.66856e+00
 6.17535e+00 -2.01416e+00 -4.59332e+00
 5.13028e+00 -1.53717e+00 -4.96852e+00
 4.37601e+00 -9.13679e-01 -4.32287e+00
 4.63692e+00 -6.48330e-01 -4.38125e+00
-1.66186e+00 -2.62502e+00 -7.27376e-01
-1.80197e+00 -3.09595e+00 -2.20904e+00
-2.60097e+00 -2.71015e+00 -1.56739e+00
-2.54411e+00 -2.72000e+00 -1.75727e+00
-2.01484e+00 -2.51154e+00 -1.82816e+00
-2.41443e+00 -3.22018e+00 -2.04147e+00
-2.14700e+00 -2.44878e+00 -1.16146e+00
-2.02319e+00 -2.48854e+00 -7.72807e-01
-3.00448e+00 -3.95391e+00  3.28312e+00
-2.93676e+00 -3.56416e+00  3.21968e+00
-2.79133e+00 -4.08218e+00  3.05682e+00
-2.48741e+00 -3.09126e+00  3.42663e+00
-2.24141e+00 -3.07238e+00  3.61124e+00
-2.36717e+00 -4.47160e+00  3.92974e+00
-1.96223e+00 -3.92961e+00  4.08182e+00
-1.87494e+00 -3.21042e+00  3.46672e+00
-2.20749e+00 -3.07949e+00  3.61216e+00
-2.16430e+00 -1.95635e-02 -5.15417e+00
-2.93578e+00 -8.10267e-01 -4.61843e+00
-2.30724e+00 -3.55636e-01 -4.83896e+00
-3.26798e+00  3.30195e-01 -4.61717e+00
-2.71859e+00 -8.04717e-01 -4.69676e+00
-2.91469e+00 -8.11790e-01 -4.60767e+00
-3.30073e+00  5.93034e-01 -5.43736e+00
-3.24360e+00  4.23413e-01 -5.58203e+00
-2.89657e+00 -8.20694e-01 -4.62254e+00
-2.93394e+00 -8.14413e-01 -4.63023e+00
 4.36049e+00  8.68842e-01  9.09613e-01
 4.51532e+00  9.71870e-01  8.55720e-01
 5.18634e+00  9.12198e-01  1.86155e+00
 4.12599e+00  9.78958e-01  2.32596e+00
 4.45873e+00  1.01131e+00  2.51893e+00
 4.78706e+00  1.43906e+00  2.43824e+00
 4.82262e+00  1.35665e+00  2.45355e+00
 5.15050e+00  1.24371e+00  1.97471e+00
 4.92226e+00  1.45850e-01  1.38891e+00
 4.89209e+00  1.70633e-01  1.31164e+00
 4.91379e+00  3.46432e-01  1.21404e+00
 5.00144e+00  6.40598e-01  1.14886e+00
 5.16227e+00  5.31323e-01  1.54275e+00
 4.79172e+00  1.25927e+00  2.47810e+00
 4.69599e+00  1.48542e+00  2.43592e+00
 4.55817e+00  1.11326e+00  2.53147e+00
-1.16135e+00  3.09166e+00 -5.91488e+00
-1.34856e+00  3.27523e+00 -5.68046e+00
-1.44397e+00  3.31113e+00 -5.53890e+00
-1.36370e+00  3.34354e+00 -4.67756e+00
-7.58566e-01  2.21634e+00 -5.75595e+00
-1.11925e+00  2.51665e+00 -5.76316e+00
-1.61297e+00  2.74773e+00 -5.04801e+00
-1.61915e+00  2.59028e+00 -4.39320e+00
-1.33281e+00  3.45422e+00 -4.80313e+00
-1.26794e+00  3.46050e+00 -4.74989e+00
-1.26822e+00  3.39791e+00 -4.66244e+00
-4.97991e-01  2.43109e+00 -5.87137e+00
-4.12903e-01  3.03598e+00 -5.92241e+00
-7.33232e-01  2.15407e+00 -5.58957e+00
-6.61024e-01  2.23712e+00 -5.78250e+00
-1.47909e+00  2.43807e+00 -4.24705e+00
-4.53001e-01  3.23177e+00 -5.57941e+00
-4.57066e-01  3.17102e+00 -5.87672e+00
-4.44547e-01  3.17550e+00 -5.85053e+00
-5.62228e-01  3.03794e+00 -6.02728e+00
-4.69253e-01  3.09060e+00 -5.97183e+00
-3.18835e-01  2.64766e+00 -5.78558e+00
-2.09031e+00 -5.02414e+00  5.03585e-01
-1.42848e+00 -4.97966e+00  1.31858e+00
-7.12391e-01 -5.33009e+00  5.70185e-01
-2.35992e+00 -4.51473e+00  5.69315e-01
-7.95690e-01 -5.18499e+00  8.87096e-01
-1.77009e+00 -5.09984e+00 -2.17773e-01
-1.79138e+00 -5.15692e+00 -9.43186e-02
-1.40566e+00 -5.09343e+00  1.25974e+00
-2.28382e+00 -4.44627e+00  7.10785e-01
-1.84759e+00 -3.95271e+00  1.85975e-01
-7.63517e-01 -4.72186e+00  1.05784e+00
-2.23790e+00 -4.34907e+00  5.80657e-02
-2.18311e+00 -4.38823e+00 -3.34968e-02
-7.55610e-01 -4.75712e+00  1.03914e+00
 4.73372e+00  3.03632e+00 -1.08779e+00
 4.52761e+00  3.96599e+00 -1.02304e+00
 5.39301e+00  3.17938e+00 -9.34409e-01
 5.85066e+00  3.77154e+00 -9.43785e-01
 4.78214e+00  4.25356e+00 -1.05088e+00
 4.53087e+00  3.65238e+00 -1.11946e+00
 5.14619e+00  4.60778e+00 -1.01152e+00
 5.33025e+00  4.76918e+00 -1.01168e+00
 5.61890e+00  4.55594e+00 -9.90012e-01
 5.15524e+00  2.88924e+00 -1.10017e+00
 4.58586e+00  3.32474e+00 -9.73806e-01
 5.14437e+00  3.14953e+00 -1.54868e+00
 5.10823e+00  2.84959e+00 -1.30548e+00
 5.44540e+00  4.78646e+00 -1.00785e+00
 5.18808e+00  3.10637e+00 -1.53711e+00
 5.05069e+00  2.85557e+00 -1.35583e+00
 4.87917e+00  2.91806e+00 -1.34106e+00
 4.85509e+00  3.09602e+00 -1.43428e+00
 4.51845e+00  3.53171e+00 -9.86256e-01
 4.52602e+00  3.95181e+00 -1.00570e+00
 6.18236e-01 -4.84935e+00 -1.77643e+00
 5.43670e-01 -4.71607e+00 -2.28144e+00
 7.10802e-01 -3.65344e+00 -2.55833e+00
 9.53283e-01 -4.53476e+00 -1.53554e+00
-2.61901e-03 -4.00106e+00 -1.81186e+00
 1.07123e+00 -4.32560e+00 -1.66926e+00
 2.86806e-01 -3.38724e+00 -2.37198e+00
 2.62903e-01 -3.42778e+00 -1.92287e+00
-2.38286e-01 -4.51879e+00 -2.06642e+00
 7.29846e-01 -3.80930e+00 -2.61830e+00
 9.24884e-01 -4.19835e+00 -1.45170e+00
 8.96064e-01 -4.25122e+00 -2.32552e+00
-2.31472e-01 -4.51914e+00 -2.66670e+00
-1.07700e-01 -4.52827e+00 -2.69651e+00
-2.50498e-01 -4.55632e+00 -2.50421e+00
 2.32121e-01 -4.76189e+00 -1.92483e+00
 1.02576e+00 -3.99480e+00 -1.56278e+00
 9.87431e-01 -3.97557e+00 -1.50768e+00
-1.27500e+00 -2.51379e+00 -3.12826e+00
-1.20708e+00 -1.70808e+00 -2.10016e+00
-1.77006e+00 -1.74048e+00 -1.98981e+00
-1.59428e+00 -1.44138e+00 -2.30476e+00
-1.81316e+00 -1.42955e+00 -2.87953e+00
-1.35910e+00 -1.41069e+00 -2.36751e+00
-1.82750e+00 -1.80546e+00 -1.96929e+00
-2.03716e+00 -1.91445e+00 -2.21706e+00
-1.44634e+00 -2.51121e+00 -3.13652e+00
-1.16257e+00 -1.76322e+00 -3.25207e+00
-6.22531e-01 -2.40267e+00 -2.30208e+00
-5.94413e-01 -2.50556e+00 -2.12145e+00
-6.07038e-01 -2.49905e+00 -2.09382e+00
 9.94211e-01 -1.12951e+00  2.12657e+00
 1.48591e+00 -3.01301e-01  1.80052e+00
 1.75474e+00 -5.83782e-01  1.55990e+00
 1.55155e+00 -2.69677e-01  1.85302e+00
 1.10140e+00 -1.39095e+00  2.01801e+00
 1.32434e+00 -1.46306e+00  2.88574e+00
 2.59712e+00 -2.09882e+00  2.06029e+00
 1.27862e+00 -1.39148e+00  2.83943e+00
 2.57062e+00 -2.11038e+00  2.05210e+00
 1.37009e+00 -1.28396e+00  2.83541e+00
 1.76438e+00 -4.18203e-01  1.56618e+00
 2.56007e+00 -6.53901e-01  1.53906e+00
 2.80981e+00 -1.57514e+00  1.77935e+00
 1.43748e+00 -1.77032e+00  2.69855e+00
 2.72695e+00 -1.16192e+00  1.51539e+00
 2.80952e+00 -1.57917e+00  1.77026e+00
 2.71651e+00 -1.08534e+00  1.51863e+00
 2.20722e+00 -4.04570e-01  1.55677e+00
 1.38167e+00 -1.60816e+00  2.81542e+00
 2.66232e+00 -1.98824e+00  1.83124e+00
 2.78461e+00 -2.87788e+00 -6.21634e+00
 2.08587e+00 -3.30717e+00 -5.17122e+00
 2.69665e+00 -3.55599e+00 -5.00193e+00
 3.03779e+00 -3.21845e+00 -5.73435e+00
 3.04215e+00 -3.33142e+00 -5.54021e+00
 2.08675e+00 -3.30742e+00 -5.17085e+00
 2.08584e+00 -3.30699e+00 -5.17122e+00
-2.87263e+00 -6.85497e+00 -5.36992e-01
-2.86316e+00 -6.85865e+00 -5.47839e-01
-2.81196e+00 -6.93102e+00 -4.75744e-01
 5.58410e+00 -1.41432e+00  3.18297e+00
 5.55782e+00 -1.36221e+00  3.15901e+00
 5.77189e+00 -1.11874e+00  3.49087e+00
 5.61723e+00 -1.49056e+00  3.01442e+00
 6.11532e+00 -6.70152e-01  3.64948e+00
 5.80441e+00 -1.44676e+00  3.46658e+00
 3.90968e+00  2.47538e+00  4.44574e+00
 3.86622e+00  2.47977e+00  4.44880e+00
 3.85929e+00  2.51487e+00  4.42745e+00
-1.26723e+00  1.76067e+00 -6.29645e+00
-9.54283e-01  9.85790e-01 -7.09473e+00
-1.91409e+00  2.02025e+00 -6.84346e+00
-5.76368e-01  1.76650e+00 -6.56630e+00
-5.68922e-01  2.03943e+00 -6.29358e+00
-1.09157e+00  9.46510e-01 -7.03785e+00
-1.19533e+00  1.12204e+00 -6.78584e+00
-5.63505e-01  2.03468e+00 -6.30224e+00
-4.88078e-01  2.01381e+00 -6.52563e+00
-1.52114e+00  1.80076e+00 -6.44620e+00
-6.84683e-01  1.97625e+00 -6.27622e+00
-1.26426e+00  1.46599e+00 -6.44412e+00
-1.23112e+00  1.39116e+00 -6.48648e+00
-9.92198e-02  2.31909e+00 -4.44111e-01
-4.63591e-01  3.33634e+00 -1.27525e+00
 1.07058e+00  3.00430e+00 -8.93063e-01
 1.57717e-01  3.35594e+00  4.60524e-01
-4.06852e-01  2.91652e+00 -9.94505e-01
 4.81452e-02  2.73697e+00  1.64158e-01
 1.11591e-01  3.48361e+00  3.45929e-01
 8.20348e-02  2.31759e+00 -6.30205e-01
-3.14527e-02  2.53188e+00 -4.47323e-02
 5.17150e-01  2.45660e+00 -7.63470e-01
 8.60344e-01  2.92243e+00 -1.11105e+00
 6.50726e-01  3.19050e+00  1.52088e-01
 1.77394e-01  3.87922e+00 -2.29328e-01
-1.27306e-01  3.98631e+00 -2.51737e-01
 1.13869e+00  3.28832e+00 -4.87641e-01
 1.04548e+00  2.81656e+00 -8.38648e-01
 1.13418e+00  3.22215e+00 -3.98276e-01
 9.09141e-01  2.64471e+00 -9.26330e-01
 1.07571e+00  3.19930e+00 -3.07393e-01
 1.03402e+00  2.79732e+00 -8.43849e-01
-4.56834e-01  3.10357e+00 -1.11740e+00
-5.07513e-01  3.38160e+00 -1.23970e+00
-7.53493e-02  2.45982e+00 -1.58856e-01
-1.81745e-01  2.37049e+00 -4.33234e-01
 4.71423e+00  5.13423e+00  2.82736e+00
 4.83095e+00  5.19724e+00  2.51622e+00
 5.48250e+00  4.62668e+00  1.89617e+00
 4.90598e-01 -3.45607e+00  6.06965e+00
 1.29718e+00 -4.27570e+00  6.09863e+00
 5.66676e-01 -3.38963e+00  7.12818e+00
 1.12915e+00 -4.40292e+00  6.00496e+00
 8.60514e-01 -3.25569e+00  6.88945e+00
 4.88116e-01 -3.40287e+00  7.08543e+00
-3.65771e+00  1.70160e+00 -4.60116e+00
-3.11261e+00  2.66501e+00 -3.56500e+00
-3.44800e+00  1.50968e+00 -3.75020e+00
-3.32393e+00  2.48513e+00 -3.57314e+00
-2.48683e+00  2.37799e+00 -4.62512e+00
-3.63608e+00  1.86462e+00 -4.56818e+00
-3.32483e+00  1.98703e+00 -4.95104e+00
-3.23231e+00  2.30286e+00 -3.17186e+00
-3.03157e+00  2.18106e+00 -5.09376e+00
-3.04793e+00  2.61856e+00 -3.40738e+00
-2.65649e+00  2.28060e+00 -4.84793e+00
-2.62622e+00  2.79037e+00 -4.34596e+00
-2.53106e+00  2.28949e+00 -4.69541e+00
-2.42628e+00  2.72445e+00 -4.18040e+00
-2.76736e+00  2.37194e+00 -4.96356e+00
-2.82072e+00  2.38808e+00 -5.00932e+00
-2.34342e+00  2.63282e+00 -4.18102e+00
-2.11342e+00  1.37609e+00 -2.43359e-01
-2.39729e+00  1.39111e+00 -3.27490e-01
-2.40998e+00  4.46151e-01 -6.35685e-01
-3.17851e+00  1.24582e+00  8.70733e-01
-2.49755e+00  1.08442e+00  1.22323e+00
-3.36328e+00  8.76131e-01  4.95778e-01
-2.74155e+00  1.82600e+00  2.24711e-01
-1.70071e+00  1.17805e+00  7.35167e-01
-2.03954e+00  1.45658e+00 -9.28045e-02
-1.79193e+00  1.28157e+00  8.31579e-01
-2.35393e+00 -1.57181e-01 -1.94901e-01
-1.75526e+00  5.15535e-01  7.51984e-01
-2.17466e+00  2.41667e-03  5.98497e-01
-2.32897e+00  5.86856e-01 -5.64997e-01
-2.97462e+00  4.28914e-01 -8.18193e-01
-3.20109e+00  1.30989e+00  7.84144e-01
-2.45022e+00 -2.82784e-01  3.31768e-01
-2.44727e+00 -2.83815e-01  3.29688e-01
-2.35789e+00  4.48406e-01 -6.01239e-01
-2.34319e+00 -2.60141e-01  2.48060e-01
-2.06980e+00  4.02877e-01  1.05276e+00
-1.94146e+00  3.37153e-01  9.37060e-01
-2.39985e+00 -2.87966e-01  2.60347e-01
-2.77951e+00  3.05319e-01 -7.96836e-01
-2.05956e+00  1.11335e+00  1.14238e+00
-2.72525e+00  1.83187e+00  2.20730e-01
-2.16463e+00  1.58256e+00  6.59464e-01
-2.46320e+00  1.81674e+00  2.96457e-01
-1.71442e+00  1.21371e+00  6.96482e-01
-1.90399e+00  3.81584e-01  9.43578e-01
-1.72889e+00  1.22768e+00  7.63903e-01
-2.25176e+00  1.18353e+00  1.14973e+00
-1.97711e+00  5.36381e-01  1.08382e+00
-1.71406e+00  8.82067e-01  7.67682e-01
-2.19815e+00 -1.06873e-01 -1.20928e-01
-2.16430e+00 -1.10913e-01 -4.32527e-02
-2.15145e+00  7.97989e-01  1.26432e+00
-2.07693e+00  6.15225e-01  1.19137e+00
 3.35467e-01 -4.11501e+00  3.78383e+00
-3.55407e-01 -3.19921e+00  3.54135e+00
-1.35216e-01 -2.12418e+00 -6.41656e+00
 8.01175e-01 -1.89239e+00 -6.48155e+00
-5.25157e-02 -1.89578e+00 -6.49460e+00
 2.46848e-02 -1.87051e+00 -6.46235e+00
-1.87044e+00 -5.28174e+00 -2.05111e-01
-1.84326e+00 -5.20912e+00 -3.61141e-01
-2.25831e-01 -6.08661e+00  5.93637e-01
-1.45971e+00 -6.03352e+00 -9.29935e-01
-1.53414e+00 -6.04209e+00 -8.85632e-01
-1.78157e+00 -5.29471e+00 -5.26584e-01
-5.40739e-01 -6.74449e+00  7.48972e-02
-1.07287e+00 -6.59021e+00  6.53063e-01
-3.37141e-01 -6.37649e+00  4.32839e-01
-1.59333e+00 -5.78041e+00  1.78373e+00
-2.32202e+00 -5.67980e+00  1.58840e+00
 3.73079e+00  2.45372e+00  2.61981e-01
 3.56769e+00  1.89139e+00 -1.14107e+00
 2.95951e+00  2.69436e+00 -2.54270e-01
 4.22580e+00  1.91504e+00 -7.82490e-01
 3.16131e+00  2.75633e+00 -1.42019e-01
 2.96317e+00  1.68684e+00 -8.18873e-01
 4.43336e+00  2.20491e+00  2.77412e-01
 4.33580e+00  2.35438e+00 -1.70502e-01
 3.50899e+00  2.65173e+00 -2.06283e-01
 4.18109e+00  1.31589e+00 -6.64160e-02
 3.24437e+00  1.42405e+00 -7.52528e-01
 4.32441e+00  1.36051e+00 -3.72255e-02
 3.02909e+00  2.72222e+00 -3.56512e-01
 3.01019e+00  2.69306e+00 -3.78993e-01
 4.18989e+00  1.92520e+00  3.10007e-01
 4.44994e+00  1.91577e+00  3.07148e-01
 3.50577e+00  1.87003e+00 -1.15110e+00
 3.09912e+00  2.02097e+00 -9.67224e-01
 2.94690e+00  2.65349e+00 -2.45959e-01
 3.43290e+00  2.59679e+00  1.09670e-01
 3.19799e+00  1.88904e+00 -1.09359e+00
 2.98033e+00  1.62474e+00 -8.42743e-01
 3.02361e+00  2.76651e+00 -2.40342e-01
 3.03590e+00  2.74089e+00 -3.29441e-01
 4.38141e+00  1.44535e+00 -1.08760e-01
 4.41268e+00  1.50661e+00  5.40143e-02
 3.97838e+00 -1.72474e+00  3.13496e+00
 4.94801e+00 -2.70974e+00  3.58228e+00
 4.64266e+00 -1.62457e+00  3.70968e+00
 5.01931e+00 -2.65616e+00  3.44331e+00
 5.23185e+00 -1.21461e+00  3.19444e+00
 3.96287e+00 -1.74400e+00  3.17554e+00
 5.16893e+00 -1.98039e+00  3.73085e+00
 4.70232e+00 -1.73355e+00  3.75785e+00
 4.18587e+00 -1.75744e+00  3.51874e+00
 4.51558e+00 -2.18807e+00  3.66315e+00
 4.44430e+00 -2.02874e+00  3.69047e+00
 4.30534e+00 -2.12742e+00  3.38199e+00
 4.74619e+00 -2.58419e+00  3.59754e+00
-4.42247e+00  4.89373e+00 -2.35725e-01
-4.08041e+00  4.91904e+00  3.82752e-01
-3.60502e+00  4.32487e+00  6.27036e-01
-4.80655e+00  4.51523e+00  5.30638e-01
-3.61460e+00  4.33010e+00  6.44286e-01
-4.46917e+00  4.53248e+00  6.03179e-01
-4.33823e+00  4.78470e+00  4.67972e-01
-4.79394e+00  4.57301e+00  4.95331e-01
-4.05716e+00  5.00862e+00  4.51834e-03
-3.66585e+00  4.23936e+00  6.93222e-01
-3.67061e+00  4.16658e+00  6.74253e-01
-5.72420e+00  8.29281e-01 -2.69892e+00
-5.29912e+00  1.25507e+00 -2.67649e+00
-5.29891e+00  4.84947e-01 -2.80984e+00
-4.99879e+00  7.99323e-01 -3.91707e+00
-4.96492e+00  6.22045e-01 -3.20639e+00
-5.86019e+00  1.09165e+00 -2.68883e+00
-5.31639e+00  4.61284e-01 -2.83867e+00
-5.25984e+00  3.27502e-01 -3.37793e+00
-5.27859e+00  1.49326e+00 -3.46207e+00
-5.39261e+00  6.53654e-01 -2.70342e+00
-5.16122e+00  1.08395e+00 -2.68261e+00
-5.19923e+00  1.18526e+00 -2.67858e+00
-5.24077e+00  1.31297e+00 -2.81366e+00
-4.93919e+00  6.24822e-01 -3.79489e+00
-5.30861e+00  2.65160e-01 -3.76518e+00
 1.46045e-01 -1.61276e+00 -5.73480e+00
 5.36847e-01 -1.91790e+00 -5.11028e+00
-7.83911e-03 -1.57997e+00 -5.87689e+00
-7.06251e-01 -2.39087e+00 -5.38141e+00
-5.90007e-01 -1.63875e+00 -6.19724e+00
-8.29369e-01 -1.93266e+00 -5.66129e+00
-7.22521e-01 -1.97251e+00 -5.88945e+00
-8.22276e-01 -1.97448e+00 -5.64850e+00
-5.63179e-01 -2.63611e+00 -4.99411e+00
-7.03433e-01 -1.49710e+00 -6.07150e+00
 5.27780e-01 -1.86993e+00 -5.10900e+00
 4.14835e-01 -1.48534e+00 -5.17523e+00
-1.09417e+00  3.69736e+00 -4.44974e+00
-1.09586e+00  3.83272e+00 -4.64723e+00
-9.65434e-01  3.89919e+00 -4.71189e+00
-4.29060e-01  3.29286e+00 -5.55897e+00
 2.36144e-01  3.77243e+00 -4.38884e+00
-4.00235e-01  3.81554e+00 -5.23766e+00
 9.54046e-03  3.97891e+00 -4.58803e+00
-1.01653e+00  3.63096e+00 -4.33397e+00
 2.17905e-01  3.86149e+00 -4.36581e+00
 2.15037e-01  3.58189e+00 -3.95946e+00
-3.31304e+00  3.42902e+00  3.53231e+00
-2.97149e+00  4.00218e+00  2.96504e+00
-3.27558e+00  4.32184e+00  2.44243e+00
-3.68658e+00  2.79439e+00  3.21899e+00
-3.08491e+00  4.15204e+00  2.66318e+00
-3.30354e+00  4.17571e+00  3.00708e+00
-3.43635e+00  2.98092e+00  3.22655e+00
-3.54644e+00  2.86012e+00  3.33586e+00
-4.05234e+00  2.90503e+00  2.89934e+00
-3.65529e+00  2.79337e+00  3.29071e+00
-4.12819e+00  2.99985e+00  3.21067e+00
-3.06241e+00  3.51854e+00  3.02946e+00
-3.19957e+00  4.14563e+00  2.43816e+00
-3.28896e+00  4.18353e+00  2.35130e+00
-4.36339e+00  3.48019e+00  2.24023e+00
-3.28351e+00  4.31905e+00  2.42341e+00
-3.29287e+00  4.31825e+00  2.41200e+00
-2.94413e+00  3.80131e+00  3.12144e+00
-3.32231e+00  3.44079e+00  3.53254e+00
-3.51525e+00  4.37542e+00  2.47926e+00
-3.18703e+00  4.15592e+00  2.45790e+00
-3.10397e+00  3.66337e+00  3.33145e+00
-3.20821e+00  3.67513e+00  3.38125e+00
-4.43131e+00  4.22824e+00  2.79970e+00
-3.74153e+00  4.47397e+00  2.72681e+00
-3.68747e+00  4.46676e+00  2.74012e+00
-3.93169e+00 -3.72238e+00  3.77011e+00
-4.30563e+00 -4.37566e+00  3.06504e+00
-4.19990e+00 -4.24929e+00  3.08244e+00
-3.43603e+00 -4.04859e+00  3.48745e+00
-4.79653e+00 -4.07430e+00  3.57424e+00
-3.37708e+00 -4.00820e+00  4.56510e+00
-2.92127e+00 -4.53129e+00  4.10285e+00
-4.00062e+00 -3.76114e+00  3.28132e+00
-3.48987e+00 -3.99329e+00  3.47376e+00
-3.56061e+00 -3.85470e+00  4.14988e+00
-4.09141e+00 -3.69987e+00  3.37917e+00
-4.81659e+00 -4.10322e+00  3.56765e+00
-4.77853e+00 -4.14461e+00  3.51620e+00
 5.82585e+00  1.64567e+00  2.02021e-01
 5.90650e+00  1.70807e+00 -7.72153e-01
 5.70350e+00  1.78684e+00  2.37398e-01
 5.85607e+00  2.30761e+00 -1.80219e-01
 5.83081e+00  2.00993e+00 -8.02100e-01
 5.70210e+00  2.20465e+00 -3.20341e-01
 5.80181e+00  1.83151e+00 -7.58019e-01
 6.11015e+00  1.75857e+00 -8.98642e-01
 5.81011e+00  1.86792e+00 -7.74874e-01
 6.09727e+00  1.87255e+00 -9.30551e-01
 5.58371e+00  1.96913e+00  2.57178e-03
 5.63293e+00  2.12039e+00 -1.16210e-01
-4.69951e-01 -1.81532e+00  7.56182e+00
-7.37359e-01 -1.82962e+00  7.29710e+00
 2.27025e-01 -2.00265e+00  7.84748e+00
 2.43903e-01 -2.36845e+00  7.62694e+00
-5.69595e-01 -1.89910e+00  7.45191e+00
 2.42658e-01 -2.36726e+00  7.62871e+00
 3.10603e-01 -1.87065e+00  7.84738e+00
 4.53069e-01 -1.32406e+00  7.51999e+00
 2.42273e-01 -1.26206e+00  7.68812e+00
-5.91673e-01 -1.60510e+00  7.47246e+00
-3.64606e-01 -1.24370e+00  7.47158e+00
 2.76676e-01 -1.24467e+00  7.65069e+00
 5.65730e-01 -1.87501e+00  7.61822e+00
 5.72133e-01 -1.90410e+00  7.59619e+00
 5.82380e+00 -1.76639e-01 -4.16547e+00
 5.32338e+00  6.10205e-01 -3.75924e+00
 5.67682e+00  1.30896e+00 -4.16720e+00
 6.09922e+00 -1.44674e-01 -4.54751e+00
 4.93415e+00  2.03177e-01 -4.24898e+00
 5.59581e+00  1.04976e+00 -3.91283e+00
 4.87011e+00  1.47734e-01 -4.35186e+00
 5.15848e+00  5.30623e-01 -3.90293e+00
 4.81271e+00 -1.77892e-01 -4.76693e+00
 5.84463e+00  2.39689e-01 -3.73236e+00
 5.81146e+00  1.05958e-01 -3.84213e+00
 5.19878e+00  1.13982e+00 -4.45615e+00
 5.46673e+00  9.01559e-01 -3.85596e+00
 6.05933e+00 -1.30972e-01 -4.37658e+00
 4.89768e+00 -2.54049e-01 -5.05251e+00
 4.62742e+00  3.68026e-01 -5.13521e+00
 4.65803e+00  3.19308e-01 -5.18254e+00
 1.18342e-01  2.21392e+00 -6.79289e-01
 9.76489e-01  2.04406e+00  6.78844e-01
 1.05718e+00  2.21765e+00 -5.06856e-01
 1.12245e+00  2.16155e+00 -3.16657e-01
 9.51152e-01  1.98568e+00  7.28225e-01
-2.62513e-02  1.91824e+00 -2.83841e-01
 1.07347e+00  1.48643e+00 -1.87300e-02
 1.19024e+00  2.04215e+00  2.38407e-01
 1.24700e+00  1.94013e+00  1.16539e-01
-7.79586e-02  2.09201e+00 -4.91858e-01
-1.89860e-02  2.47775e+00  2.45475e-01
 1.25645e-02  2.35268e+00  3.56092e-01
 3.24507e-02  2.08004e+00 -6.06478e-01
 2.26789e-01  2.21340e+00  4.89338e-01
 5.20037e-01  2.45581e+00 -7.64920e-01
-3.01442e-02  2.06222e+00 -5.44308e-01
-5.63298e-02  2.52796e+00  3.07556e-02
-4.14371e+00  5.48440e+00  1.12550e-01
-4.14527e+00  5.27196e+00  4.69435e-01
 2.58673e+00 -6.28168e+00  3.67679e+00
 1.90089e+00 -5.35876e+00  3.08845e+00
 1.86636e+00 -5.43936e+00  3.03006e+00
 2.79559e+00 -6.22976e+00  3.93134e+00
 2.03907e+00 -5.33987e+00  3.25336e+00
 2.49360e+00 -5.49504e+00  3.74661e+00
 1.36733e+00 -5.16840e+00  4.46691e+00
 1.46748e+00 -5.07035e+00  4.40950e+00
-5.13832e+00 -5.10440e-02  4.18859e+00
-4.96209e+00  1.44737e-01  4.82958e+00
-4.97423e+00 -1.06732e+00  4.43162e+00
-3.79798e+00  8.37480e-01 -5.11584e+00
-3.89175e+00  2.48700e-01 -4.10777e+00
-4.11988e+00  9.03597e-01 -5.16167e+00
-4.61477e+00  5.11203e-01 -4.40222e+00
-3.85464e+00  2.05025e-01 -4.18963e+00
-3.74145e+00  6.27673e-01 -4.77485e+00
-3.80226e+00  3.21863e-01 -4.24881e+00
-4.84394e+00  7.58688e-01 -4.77152e+00
-4.71398e+00  9.83811e-01 -5.17603e+00
 5.83857e+00  4.04055e-01 -1.89676e+00
 6.11068e+00  9.88945e-01 -2.57485e+00
 6.06521e+00 -3.96368e-03 -2.40899e+00
 5.96283e+00  7.41976e-01 -1.82662e+00
 6.15364e+00  1.12607e+00 -2.30414e+00
 6.01602e+00  1.03551e+00 -2.35364e+00
 5.85252e+00  7.07869e-01 -1.94759e+00
-2.26287e+00 -1.08430e+00 -1.25086e+00
-2.46555e+00 -8.48616e-01 -1.27254e+00
-2.84904e+00 -2.27816e+00 -2.19252e+00
-2.64335e+00 -1.79462e+00 -2.35685e+00
-2.42028e+00 -8.79543e-01 -1.24744e+00
-2.63114e+00 -1.77069e+00 -2.33012e+00
-2.89597e+00 -1.82586e+00 -2.44362e+00
-2.84692e+00 -2.34699e+00 -1.62876e+00
-2.40427e+00 -1.43136e+00 -1.02540e+00
-2.56173e+00 -8.34415e-01 -1.37391e+00
-2.83008e+00 -9.53989e-01 -9.84088e-01
-2.74301e+00 -7.81290e-01 -1.10575e+00
 5.60675e+00 -3.21130e+00 -6.60269e-01
 5.67462e+00 -3.18350e+00 -9.40743e-01
 5.14128e+00 -4.20068e+00 -5.67224e-01
 5.09753e+00 -4.29080e+00 -5.89934e-01
 5.39331e+00 -3.38860e+00 -6.24905e-01
 4.79478e+00 -4.42023e+00 -1.06539e+00
 5.91456e+00 -2.40367e+00 -1.80674e+00
 5.77395e+00 -2.05594e+00 -1.81317e+00
 6.27018e+00 -1.41037e+00 -2.11013e+00
 5.92572e+00 -2.44503e+00 -1.52563e+00
 5.77530e+00 -2.06550e+00 -1.68653e+00
 6.01469e+00 -1.73082e+00 -2.09157e+00
 5.92366e+00 -1.89303e+00 -1.54379e+00
 1.00681e+00  6.44922e+00  1.26222e-01
-3.77988e+00 -1.73840e+00 -4.93814e+00
-3.42529e+00 -1.89484e+00 -5.04383e+00
-4.08361e+00 -1.78213e+00 -4.96310e+00
-3.90985e+00 -1.91568e+00 -4.82090e+00
-3.55643e+00 -1.77756e+00 -5.02462e+00
-3.28737e+00 -3.02860e+00 -4.72600e+00
-3.26407e+00 -3.04504e+00 -4.79227e+00
-3.30303e+00 -2.71425e+00 -4.82418e+00
-3.43818e+00 -1.91174e+00 -5.12344e+00
-3.53590e+00 -1.81498e+00 -5.08228e+00
 8.70657e-04 -5.90288e+00 -2.90606e+00
 2.22707e-01 -5.84625e+00 -3.28196e+00
 1.28358e+00 -5.96095e+00 -2.71135e+00
 1.26018e+00 -5.92585e+00 -2.71500e+00
 7.00332e-01 -5.53880e+00 -3.34458e+00
 1.43297e-02 -5.89204e+00 -2.92065e+00
 8.13675e-01 -5.78084e+00 -2.61655e+00
 6.99271e-01 -5.84243e+00 -2.55972e+00
 7.39273e-01 -5.99881e+00 -2.52263e+00
 7.11558e-01 -5.51916e+00 -3.29912e+00
 6.93699e-01 -5.52260e+00 -3.26634e+00
 7.11065e-01 -5.51920e+00 -3.29804e+00
 7.13285e-01 -5.52036e+00 -3.29719e+00
-1.91880e+00  1.63909e+00  4.64314e+00
-1.71321e+00  1.60222e+00  4.06136e+00
-2.67125e+00  7.97041e-01  4.74848e+00
-2.44546e+00  8.21055e-01  4.98559e+00
-2.31659e+00  1.25730e+00  5.07975e+00
-1.83371e+00  1.17186e+00  4.13596e+00
-2.77575e+00  9.13543e-01  4.79192e+00
-2.46948e+00  8.16454e-01  4.97107e+00
-2.70703e+00  8.60162e-01  4.36142e+00
-1.69427e+00  1.42995e+00  4.07657e+00
-1.71499e+00  1.60498e+00  4.06144e+00
-1.71194e+00  1.60215e+00  4.06867e+00
-1.69039e+00  1.57367e+00  4.17785e+00
 8.88057e-01  2.04545e+00 -6.47604e+00
 2.97490e-01  2.20354e+00 -7.33834e+00
 9.04773e-01  2.06146e+00 -6.46752e+00
 9.87280e-01  2.29587e+00 -6.54598e+00
 3.83352e-01  1.97772e+00 -7.05566e+00
 8.88951e-01  1.46535e+00 -6.86830e+00
 7.88082e-01  2.51855e+00 -6.96819e+00
 9.04008e-01  1.48692e+00 -6.83776e+00
 1.46012e+00  1.41277e+00 -6.94508e+00
 6.13707e-01 -3.47466e+00 -3.33063e+00
 9.30759e-02 -3.09083e+00 -3.23881e+00
 3.60926e-01 -3.40321e+00 -3.37259e+00
-3.95729e-01 -4.54185e+00 -2.73345e+00
 8.53595e-01 -3.68368e+00 -3.07297e+00
 6.67675e-01 -3.83768e+00 -3.22489e+00
-2.59437e-02 -2.95322e+00 -2.46122e+00
 8.61090e-01 -3.32051e+00 -3.12082e+00
 8.48395e-01 -3.25792e+00 -3.07848e+00
-8.07271e-01 -3.95587e+00 -3.32083e+00
-8.06784e-01 -3.94447e+00 -3.32395e+00
-8.12192e-01 -3.94769e+00 -3.31407e+00
-8.07494e-01 -3.94221e+00 -3.32320e+00
-2.13621e-01 -4.60329e+00 -3.08880e+00
-2.38552e-01 -4.62847e+00 -3.00037e+00
-3.61789e-01 -4.61260e+00 -2.94999e+00
-4.24400e-01 -4.53090e+00 -3.12736e+00
-3.18338e+00  3.89640e+00  1.54312e+00
-2.79080e+00  3.78970e+00  1.49344e+00
-1.75568e+00  4.22644e+00  1.29122e+00
-1.86633e+00  4.11724e+00  1.31904e+00
-3.13709e+00  4.85917e+00  1.44052e+00
-2.35079e+00  3.57877e+00  1.15979e+00
-3.27510e+00  4.44837e+00  4.72236e-01
-3.16570e+00  3.81983e+00  1.45043e+00
-2.98024e+00  3.82648e+00  1.51887e+00
-3.40022e+00  4.80119e+00  1.15610e+00
-1.75109e+00  4.39156e+00  1.27414e+00
-3.34440e+00  4.54650e+00  1.50336e+00
-3.31477e+00  3.98799e+00  1.55420e+00
-3.69567e+00  3.82096e+00  9.72379e-01
-3.41350e+00  4.76510e+00  1.07034e+00
-3.53543e+00  3.52408e+00  6.96027e-01
-3.70438e+00  3.66959e+00  7.49640e-01
-3.52118e+00  4.58203e+00  1.23224e+00
-3.66506e+00  4.28195e+00  1.01476e+00
 2.91900e+00  4.36908e+00 -2.09012e+00
 1.80395e+00  3.98042e+00 -2.12389e+00
 2.43991e+00  3.04253e+00 -2.30440e+00
 2.61713e+00  3.17269e+00 -1.76022e+00
 1.87585e+00  3.42523e+00 -1.89406e+00
 2.33983e+00  3.08963e+00 -1.66692e+00
 2.35254e+00  3.01229e+00 -2.21342e+00
 1.60690e+00  3.95698e+00 -1.88239e+00
 1.60433e+00  4.21973e+00 -1.77276e+00
 2.43927e+00  3.07562e+00 -2.34962e+00
 1.61585e+00  4.23944e+00 -1.77946e+00
 2.51930e+00  3.94471e+00 -1.16042e+00
 2.94883e+00  3.93114e+00 -1.40557e+00
 2.39000e+00  3.04283e+00 -1.72754e+00
 2.36437e+00  3.00366e+00 -2.20821e+00
 2.65988e+00  4.05766e+00 -1.15761e+00
 2.25178e+00  4.33139e+00 -1.20928e+00
 2.26247e+00  4.32497e+00 -1.20349e+00
 2.13487e+00  4.59317e+00 -1.57731e+00
 2.46326e+00  4.26102e+00 -1.18491e+00
 2.44102e+00  4.58532e+00 -1.69160e+00
-3.84146e-01 -4.09035e-01 -6.61266e+00
 3.15562e-02  1.01181e+00 -7.26067e+00
-6.77174e-01 -2.99381e-01 -6.42243e+00
-6.64797e-01 -4.11243e-01 -6.51901e+00
-2.62612e-01  1.02681e+00 -7.06351e+00
 8.77472e-02  8.79266e-01 -6.80073e+00
 1.31600e-01  9.48973e-01 -7.10617e+00
-6.00578e+00  2.90094e+00 -2.56710e+00
-5.04390e+00  1.79391e+00 -3.26479e+00
-5.07929e+00  1.86049e+00 -3.49902e+00
-4.96730e+00  3.09445e+00 -2.27672e+00
-5.02960e+00  1.85269e+00 -3.43106e+00
-5.05178e+00  2.21756e+00 -2.30433e+00
-5.07072e+00  1.78436e+00 -3.25957e+00
-5.44729e+00  1.97321e+00 -2.46020e+00
-5.41289e+00  2.00606e+00 -2.42055e+00
-5.52478e+00  2.05576e+00 -2.45246e+00
-6.06678e+00  2.68751e+00 -2.59307e+00
-5.99737e+00  2.91882e+00 -2.56394e+00
-4.99172e+00  3.08975e+00 -2.25516e+00
-4.97072e+00  3.07390e+00 -2.24941e+00
 2.85012e+00 -2.01770e+00 -9.61175e-01
 2.29067e+00 -1.78008e+00 -7.63736e-01
 1.52179e+00 -1.47330e+00 -1.14851e+00
 1.50613e+00 -1.47520e+00 -1.14541e+00
 2.75294e+00 -2.64515e+00 -2.12416e+00
 3.15530e+00 -2.17451e+00 -1.96988e+00
 2.81340e+00 -2.46581e+00 -8.03451e-01
 3.24409e+00 -2.19972e+00 -1.58679e+00
 1.82360e+00 -2.22689e+00 -3.97471e-01
 1.59133e+00 -2.19697e+00 -4.52312e-01
 1.84675e+00 -1.97373e+00 -4.87749e-01
 1.68556e+00 -1.93656e+00 -5.31935e-01
 1.51560e+00 -1.64959e+00 -9.11450e-01
 2.42487e+00 -2.90815e+00 -6.30800e-01
 2.34847e+00 -2.67754e+00 -5.11615e-01
-5.72066e+00 -6.53203e-01 -3.35606e+00
-5.54251e+00 -1.40541e+00 -3.70981e+00
-5.66785e+00 -1.62463e+00 -3.77734e+00
-5.81162e+00 -1.65581e+00 -3.43704e+00
-5.72640e+00 -1.70662e+00 -3.77019e+00
-5.69482e+00 -1.66693e+00 -3.78265e+00
-5.61838e+00 -9.95305e-01 -3.06342e+00
-5.52003e+00 -1.08096e+00 -3.15687e+00
-5.42738e+00 -1.06786e+00 -3.38944e+00
 2.42162e+00  3.78316e+00 -3.94794e+00
 1.52098e+00  5.32892e+00 -4.42785e+00
 1.84430e+00  4.72696e+00 -4.04494e+00
 2.07283e+00  3.86608e+00 -4.20400e+00
 1.79281e+00  4.80619e+00 -4.09840e+00
 2.14721e+00  3.76128e+00 -4.18469e+00
 2.06654e+00  3.84970e+00 -4.85564e+00
 1.63858e+00  4.46259e+00 -4.71069e+00
 1.40592e+00  4.98285e+00 -4.82597e+00
 1.48109e+00  5.24648e+00 -4.45271e+00
 1.42288e+00  5.14941e+00 -4.65841e+00
 2.16454e+00  3.71984e+00 -4.61886e+00
 2.45778e+00  3.74890e+00 -4.30628e+00
-3.01189e-01  3.36228e+00  9.23228e-01
-9.77093e-01  3.89400e+00 -1.57141e-01
-1.44416e+00  5.09191e+00  4.73076e-01
-1.07437e+00  3.73400e+00  1.47178e+00
-1.43510e+00  5.08303e+00  6.12764e-01
-1.48939e+00  5.02225e+00  4.05750e-01
-1.23519e-01  3.39871e+00  7.98830e-01
-7.14825e-01  4.10124e+00 -5.52574e-02
-8.11372e-01  3.97697e+00 -1.16608e-01
-6.32473e-01  4.09729e+00 -3.25294e-02
-5.93505e-01  4.04989e+00 -3.40340e-02
-7.98210e-02  3.43798e+00  7.95434e-01
-1.09010e+00  4.67413e+00  1.30478e+00
-1.43863e+00  4.34294e+00  1.59281e+00
-1.44241e+00  4.20876e+00  1.62054e+00
-1.72725e+00  4.43010e+00  1.29956e+00
-1.35369e-01  3.50722e+00  9.06687e-01
-4.18801e-01  3.44539e+00  1.10181e+00
-1.58480e+00  4.40416e+00  1.44818e+00
-1.69117e+00  4.49980e+00  1.27519e+00
-1.68228e+00  4.40367e+00  1.36131e+00
-1.64457e+00  4.24105e+00  1.43266e+00
-1.91524e+00  1.56291e+00 -1.10728e+00
-1.15326e+00  2.31902e+00 -6.87956e-01
-1.93050e+00  1.45517e+00 -4.32088e-01
-1.43035e+00  1.90898e+00 -1.59011e+00
-1.92796e+00  1.45582e+00 -4.22808e-01
-2.12015e+00  1.64244e+00 -9.73386e-01
-2.38772e+00  2.44587e+00 -1.38971e+00
-1.11965e+00  1.75054e+00 -6.20174e-01
-1.89425e+00  1.47435e+00 -6.50330e-01
-1.93460e+00  2.38346e+00 -1.78167e+00
-1.40422e+00  1.67446e+00 -1.52344e+00
-1.79612e+00  2.21460e+00 -1.77487e+00
-1.52513e+00  1.63192e+00 -1.54843e+00
-1.54398e+00  1.62447e+00 -1.52364e+00
-1.72707e+00  1.52550e+00 -3.46525e-01
-1.89589e+00  1.50843e+00 -2.76961e-01
-1.73156e+00  3.14269e+00 -5.75584e-01
 3.41256e+00 -3.75107e+00 -4.91272e+00
 2.95975e+00 -3.72750e+00 -3.88245e+00
 3.79814e+00 -4.94589e+00 -4.08990e+00
 3.72789e+00 -4.78934e+00 -3.99975e+00
 3.82549e+00 -4.82457e+00 -4.17372e+00
 3.61857e+00 -4.19744e+00 -5.02705e+00
 3.33008e+00 -4.35382e+00 -3.75650e+00
 3.77283e+00 -4.52796e+00 -4.52279e+00
 3.35984e+00 -4.42931e+00 -5.11588e+00
 3.12114e+00 -3.37480e+00 -4.82583e+00
 2.88029e+00 -3.50396e+00 -4.05173e+00
 2.79096e+00 -3.56255e+00 -3.97790e+00
 2.71255e+00 -4.50771e+00 -4.99700e+00
 2.84849e+00 -3.33275e+00 -4.24991e+00
 3.11134e+00 -3.37242e+00 -4.82593e+00
 2.75391e+00 -3.53924e+00 -4.00292e+00
 3.40302e+00 -5.24283e+00 -4.28061e+00
 3.28449e+00 -5.23580e+00 -4.28086e+00
 2.72106e+00 -3.55366e+00 -4.91051e+00
 2.70050e+00 -3.54055e+00 -4.88351e+00
 2.89029e+00 -3.22288e+00 -4.52380e+00
 3.11286e+00 -3.36690e+00 -4.81891e+00
 3.12977e+00 -5.34495e-01 -1.60836e+00
 3.93819e+00  5.02189e-01 -8.63625e-01
 4.27057e+00 -1.43952e-01 -2.09190e+00
 3.33013e+00 -6.79681e-01 -1.26312e+00
 3.16919e+00  3.50915e-01 -1.90559e+00
 4.42908e+00 -1.08662e-01 -1.97166e+00
 3.76859e+00 -1.82887e-01 -8.33044e-01
 4.03470e+00 -5.58985e-01 -1.20435e+00
 4.04458e+00  4.99410e-01 -8.89942e-01
 3.83691e+00 -2.52888e-02 -7.98073e-01
 3.94445e+00 -2.31050e-01 -8.91429e-01
 3.94362e+00 -2.71164e-02 -8.24543e-01
 3.69634e+00  6.85630e-01 -1.28361e+00
 3.58188e+00 -7.97722e-01 -1.39251e+00
 4.07308e+00 -5.74489e-01 -1.29791e+00
 3.46467e+00 -8.10977e-01 -1.51278e+00
 3.49758e+00 -8.32162e-01 -1.41821e+00
 1.77425e+00  5.44733e+00  3.13648e+00
 1.75271e+00  5.96310e+00  2.97798e+00
 2.14615e+00  5.13996e+00  3.59381e+00
 1.93624e+00  5.35021e+00  3.18288e+00
 2.06986e+00  5.38506e+00  3.18632e+00
 1.77589e+00  4.86972e+00  3.97317e+00
-4.20484e+00 -4.41099e+00  1.67946e+00
-4.30657e+00 -4.30897e+00  2.05986e+00
-4.29064e+00 -4.55302e+00  2.75459e+00
-4.56717e+00 -4.61083e+00  2.49598e+00
-4.18176e+00 -4.40594e+00  2.51476e+00
-3.72407e+00 -4.33384e+00  1.68576e+00
-3.53725e+00 -4.40732e+00  1.62727e+00
-4.18040e+00 -4.26643e+00  2.13343e+00
-3.53508e+00 -4.60403e+00  2.15929e+00
-4.40561e+00 -4.62508e+00  2.77904e+00
-4.35742e+00 -4.60307e+00  2.79131e+00
-4.06456e+00  7.81340e-02 -2.42311e-01
-3.25069e+00  3.92297e-01 -1.25136e+00
-4.19418e+00 -1.81354e-01 -3.78440e-01
-3.59422e+00 -2.80578e-01  4.12762e-01
-3.28328e+00 -5.09829e-01  4.90914e-01
-4.02064e+00 -2.02786e-01  4.10701e-02
-3.75750e+00  8.86803e-02 -1.02715e+00
-3.39806e+00 -1.28067e+00 -4.94328e-01
-2.89692e+00 -1.11262e+00 -6.34013e-01
-2.98570e+00  1.68546e-01 -1.21273e+00
-3.20302e+00  3.36179e-01 -1.29552e+00
-2.98492e+00  2.43163e-01 -1.18564e+00
-1.34745e+00  5.11076e+00 -1.81628e+00
-1.02424e-01  3.97776e+00 -1.64870e+00
-1.98695e-01  5.13568e+00 -1.27997e+00
-1.25577e+00  4.90281e+00 -2.30152e+00
 4.65991e-02  4.11069e+00 -1.65044e+00
-1.04614e+00  4.78659e+00 -1.24263e+00
-7.65496e-02  4.56601e+00 -1.92905e+00
-1.35410e+00  5.14839e+00 -1.74052e+00
-5.24651e-01  5.33197e+00 -1.68265e+00
-1.16738e+00  5.24121e+00 -1.80037e+00
-8.76431e-01  4.83808e+00 -2.40808e+00
-5.17589e-01  3.75616e+00 -1.57601e+00
-1.09413e+00  4.86882e+00 -1.24523e+00
-9.84580e-01  4.87419e+00 -1.21086e+00
-5.80562e-01  3.79967e+00 -1.76622e+00
-2.58700e-01  5.02051e+00 -1.13994e+00
-2.60874e-01  5.01883e+00 -1.13839e+00
-9.17583e-03  4.37128e+00 -1.35049e+00
-4.01827e-01  3.80269e+00 -1.55646e+00
-2.56951e-01  5.01508e+00 -1.13954e+00
-1.03680e-01  4.76464e+00 -1.21977e+00
-1.22019e+00  4.75882e+00 -2.51674e+00
-1.23459e+00  4.68440e+00 -2.48606e+00
-6.22294e+00  1.04300e+00 -3.06305e-01
-5.98766e+00  1.24951e+00 -1.40396e+00
-6.34423e+00  2.39294e-02 -8.09120e-01
-5.28677e+00  1.12643e+00 -1.34528e+00
-6.27574e+00  1.10689e+00 -6.44174e-01
-6.58164e+00  4.23131e-01 -1.77390e-01
-5.20050e+00  7.22313e-01 -1.35167e+00
-5.33704e+00  1.21970e+00 -1.25491e+00
-5.32823e+00  6.45914e-01 -1.39542e+00
-5.62748e+00  1.03925e+00 -2.94622e-01
-5.55472e+00  4.90584e-01 -1.73393e-01
-5.93594e+00  2.59903e-01 -1.29939e-01
-6.02662e+00  2.37663e-01 -1.26733e-01
-5.99615e+00  2.23733e-01 -1.40534e-01
-6.60838e+00  3.30458e-01 -1.57626e-01
-6.02167e+00  8.04478e-01 -1.58777e+00
-5.96789e+00  1.11661e+00 -1.54726e+00
-7.12040e-01  9.61880e-02  4.10823e+00
 1.15217e-02 -3.94508e-01  4.18057e+00
-6.03795e-01  5.51459e-01  4.28431e+00
 5.03237e-01  7.46393e-01  4.06516e+00
-7.04701e-01  1.15955e-01  4.09440e+00
-7.71728e-01  5.20215e-02  4.49139e+00
-1.09051e-01 -1.17239e-01  3.83683e+00
-1.89993e-01 -6.13634e-01  4.29401e+00
-4.94572e-01 -3.59856e-01  5.11752e+00
-8.18653e-02 -1.04170e-01  3.83815e+00
-3.29775e-01  1.92719e-02  3.90870e+00
-7.92715e-01  1.03223e-01  4.78102e+00
 2.05322e-01  7.53382e-01  4.09696e+00
 4.71025e-01  3.78557e-01  3.93879e+00
 4.97787e-01  7.02463e-01  4.04596e+00
-2.67009e-01 -4.55197e-01  4.09326e+00
-4.22696e-01 -4.92680e-01  4.84188e+00
-2.99893e-01  1.26374e-01  5.31395e+00
 2.60037e-01  7.30505e-01  4.83623e+00
 6.05996e-01  7.31984e-01  4.32705e+00
 4.87137e-01  7.47274e-01  4.06243e+00
 2.27436e-01  7.58688e-01  4.09622e+00
 1.75951e-01  7.00538e-01  5.04060e+00
 2.02558e-01  6.84813e-01  5.04457e+00
-4.34570e-01  5.49457e-01  5.15562e+00
-6.91093e-01  5.01750e-01  4.87928e+00
 6.15383e-01  7.18687e-01  4.34955e+00
 5.19304e-01  2.99910e-01  4.05329e+00
 6.22306e-01  1.08259e+00  6.73892e+00
 4.77281e-01  1.09887e+00  6.67778e+00
 1.48306e+00 -4.23054e+00  6.03386e+00
 1.47061e+00 -3.26732e+00  6.19063e+00
 6.11558e+00  1.69669e+00 -2.05954e+00
 6.16008e+00  1.29927e+00 -2.26330e+00
 5.45263e+00  8.03711e-01 -1.99336e+00
 5.29040e+00  1.56161e+00 -2.38577e+00
 5.35727e+00  1.15296e+00 -1.42020e+00
 6.17308e+00  1.18359e+00 -2.28695e+00
 5.77145e+00  1.62870e+00 -2.26963e+00
 5.26194e+00  1.47339e+00 -2.41186e+00
 5.08877e+00  1.61771e+00 -1.89942e+00
 5.45978e+00  1.36280e+00 -9.88996e-01
 6.06959e+00  1.30076e+00 -8.62509e-01
 6.07314e+00  1.31159e+00 -8.58216e-01
 6.14122e+00  1.48269e+00 -9.06643e-01
 5.34276e+00  1.77508e+00 -1.06340e+00
 6.02356e+00  1.24650e+00 -8.90789e-01
 6.04388e+00  1.20599e+00 -9.52236e-01
 5.42689e+00  1.63293e+00 -9.11025e-01
 5.86474e+00  1.07619e+00 -2.37608e+00
 5.11431e+00  6.24300e-01 -3.47400e+00
 4.76552e+00  1.10914e-01 -4.02546e+00
 4.45899e+00 -3.88321e-02 -3.28088e+00
 5.06240e+00  6.09413e-01 -3.36270e+00
 4.79737e+00 -2.13200e-01 -3.13890e+00
 5.01433e+00 -2.33156e-01 -3.04939e+00
 4.48868e+00  8.28220e-02 -3.27070e+00
 4.50159e+00 -1.13610e-01 -3.45776e+00
 4.75657e+00  3.75854e-01 -3.16548e+00
 5.72090e+00 -4.64127e-02 -3.44248e+00
 5.81546e+00  1.94889e-01 -3.58965e+00
 5.00720e+00  5.78331e-01 -3.29230e+00
 5.09200e+00  5.65413e-01 -3.31064e+00
 5.43537e+00 -1.59193e-01 -3.18215e+00
 5.43798e+00  3.37606e-01 -3.33269e+00
-5.12870e-02  6.27008e+00  9.45004e-01
 4.70157e-01  5.65744e+00  5.54058e-01
 8.26235e-02  6.56403e+00 -6.05152e-01
 5.86568e-01  6.13559e+00 -5.60715e-01
-5.80136e-01  6.83929e+00 -2.45131e-01
 4.30924e-01  5.90146e+00 -5.10338e-01
 4.67669e-01  5.69265e+00  6.40160e-01
-4.32721e-01  6.82462e+00 -5.74340e-01
-2.24485e-01  7.13690e+00 -1.54004e-01
 2.17566e-01  5.62392e+00  8.24525e-01
 1.58479e-02  5.99613e+00  9.70997e-01
 1.42930e-01  5.58661e+00  8.40116e-01
 2.05904e-02  5.59897e+00  8.81888e-01
 8.29026e-01  6.30860e+00  4.22096e-02
 1.43813e-01  6.20963e+00  9.77246e-01
 1.24354e-01  6.20866e+00  9.83242e-01
-4.76827e-01  6.71066e+00  4.68294e-01
-5.85596e-01  6.64472e+00  3.03465e-01
-4.37513e-01  6.76370e+00 -6.08593e-01
-2.74148e-01  6.98853e+00 -4.50723e-01
-3.56971e-01  7.07937e+00 -4.61341e-02
-5.71754e-01  6.86890e+00 -1.82901e-01
 2.98855e-01  5.49261e+00  4.03936e-01
 3.27860e-01  5.50300e+00  3.88234e-01
 2.80070e+00 -2.16818e-02  4.02618e-01
 2.18897e+00  1.72611e-01 -1.88992e-01
 2.96415e+00  1.17219e+00 -5.53844e-01
 2.27836e+00  4.25503e-01 -1.85301e-01
 2.79527e+00 -4.81684e-02  3.16928e-01
 2.63924e+00  1.25074e+00 -7.32656e-02
 3.52120e+00  9.12220e-01 -2.24498e-01
 3.03820e+00  7.72686e-02 -5.18105e-01
 3.51044e+00  7.54421e-01 -2.32093e-01
-8.05900e-01  4.99708e+00 -4.45371e+00
-1.08522e+00  4.34680e+00 -4.77256e+00
-5.19364e-01  5.11184e+00 -4.44920e+00
-4.82457e-01  4.96078e+00 -4.54547e+00
-2.45610e+00  4.05897e+00  3.15939e+00
-2.87416e+00  4.92778e+00  2.28039e+00
-1.35936e+00  3.92911e+00  2.12662e+00
-3.02285e+00  4.87030e+00  1.93590e+00
-1.44066e+00  4.52990e+00  2.04380e+00
-2.63111e+00  4.88581e+00  2.33553e+00
-2.55408e+00  3.88409e+00  2.21676e+00
-1.67423e+00  4.18803e+00  1.48245e+00
-1.94121e+00  3.72509e+00  2.61967e+00
-1.39708e+00  4.01646e+00  1.91049e+00
-1.93649e+00  3.97993e+00  3.11707e+00
-1.92133e+00  4.37567e+00  2.87805e+00
-2.95937e+00  4.73841e+00  2.46195e+00
-2.54925e+00  4.02824e+00  3.10798e+00
-2.53200e+00  4.02355e+00  3.11800e+00
-2.45085e+00  4.05610e+00  3.16251e+00
-1.32711e+00  4.46013e+00  2.10211e+00
-2.02597e+00  3.80280e+00  2.90423e+00
-1.87920e+00  4.02638e+00  3.12072e+00
-2.04195e+00  4.07589e+00  3.16628e+00
-2.16592e+00  4.05258e+00  3.18218e+00
-1.32444e+00  5.79698e+00 -3.30119e+00
-2.75327e-01  5.24601e+00 -4.05020e+00
-1.00119e+00  5.41916e+00 -3.50743e+00
-9.88812e-01  5.40342e+00 -3.42358e+00
-4.04834e-01  5.48654e+00 -3.13546e+00
 2.51110e-01  5.88249e+00 -3.63260e+00
-1.63268e-01  5.27037e+00 -3.96314e+00
-1.05171e+00  6.22188e+00 -3.02510e+00
-1.29325e+00  5.76176e+00 -3.41034e+00
-4.20251e-01  5.31071e+00 -4.16122e+00
-1.01889e+00  5.43708e+00 -3.29507e+00
-1.24028e+00  5.69723e+00 -3.25430e+00
-4.04766e+00 -1.68552e+00 -8.48140e-01
-2.01927e+00 -2.06672e+00 -7.63041e-01
-2.38741e+00 -1.76482e+00 -5.64301e-01
-2.52817e+00 -2.53232e+00 -3.39771e-01
-2.74364e+00 -2.64435e+00 -1.64849e+00
-2.07292e+00 -1.88788e+00 -9.32431e-01
-2.85007e+00 -2.38075e+00 -1.64162e+00
-2.00291e+00 -2.45155e+00 -7.09387e-01
 3.20342e+00  5.28354e-02 -7.33107e+00
 3.94483e+00 -3.88931e-01 -7.14583e+00
 3.13635e+00  7.34519e-01 -6.81189e+00
 3.45680e+00  1.13039e+00 -6.65045e+00
 3.46860e+00  1.12801e+00 -6.64224e+00
 3.20433e+00  2.97923e-01 -6.70807e+00
 3.20083e+00  2.99355e-01 -6.71060e+00
 3.25447e+00 -9.85460e-03 -7.40014e+00
 3.97314e+00 -4.01462e-01 -7.12776e+00
 3.95218e+00 -3.59399e-01 -7.05801e+00
 1.89856e+00  4.94089e+00  1.83838e+00
 1.71727e+00  4.92613e+00  1.40172e+00
 1.74280e+00  5.25189e+00  1.40667e+00
 2.63380e+00  5.28413e+00  1.81813e+00
 1.84354e+00  4.59243e+00  1.25528e+00
 2.20752e+00  4.43413e+00  1.88581e+00
 2.22161e+00  4.55145e+00  1.94424e+00
 2.08377e+00  4.92405e+00  1.98179e+00
 2.24065e+00  5.17963e+00  1.93397e+00
 1.83009e+00  4.99690e+00  1.75412e+00
 1.79911e+00  5.20220e+00  1.60310e+00
 1.03426e+00  1.87835e+00  4.83020e+00
 1.10501e+00  1.92794e+00  5.09866e+00
 1.17911e+00  2.62568e+00  4.53615e+00
 9.73405e-01  2.25835e+00  5.15234e+00
 1.08687e+00  2.48103e+00  4.81819e+00
 1.22874e+00  1.69087e+00  4.09457e+00
 1.52243e+00  2.75984e+00  4.47413e+00
 1.05082e+00  2.23183e+00  5.34035e+00
 1.68784e+00 -1.09628e+00  3.08992e-01
 1.65032e+00 -3.13273e-01  5.11355e-01
 1.51085e+00 -1.44755e+00 -1.16289e+00
 1.28488e+00 -7.00054e-01  4.66921e-02
 2.00001e+00 -8.02480e-01  5.30911e-01
 1.75288e+00 -1.56260e+00 -2.65767e-01
 2.16923e+00 -9.33466e-01  3.09539e-01
 1.06981e+00 -8.75938e-01 -6.87383e-01
 1.83025e+00 -5.98900e-01  5.95435e-01
 1.82879e+00 -8.78884e-01  5.08945e-01
 1.64895e+00 -3.10264e-01  5.08907e-01
 1.64810e+00 -3.11411e-01  5.09805e-01
-1.69354e+00  9.27832e-01 -5.20057e+00
-2.61235e+00  1.38294e+00 -4.78013e+00
-2.53731e+00  1.40777e+00 -4.73116e+00
-2.43524e+00  2.16188e+00 -6.10537e+00
-2.40456e+00  1.39018e+00 -4.72719e+00
-2.10840e+00  2.08981e+00 -5.93121e+00
-2.91687e+00  1.80172e+00 -6.14001e+00
-2.52567e+00  2.17990e+00 -4.75640e+00
-3.22780e+00  1.90319e+00 -5.21272e+00
-1.95232e+00  1.79748e+00 -4.72912e+00
-1.44348e+00  1.15401e+00 -5.20123e+00
-3.14392e+00  1.26244e+00 -5.80936e+00
-3.03608e+00  2.38483e+00 -5.48026e+00
-3.01846e+00  1.34462e+00 -5.96589e+00
-3.11193e+00  2.33320e+00 -5.29617e+00
-3.01613e+00  2.39568e+00 -5.48287e+00
-1.43046e+00  1.55705e+00 -5.38752e+00
-1.36224e+00  1.46666e+00 -5.09943e+00
-2.77085e+00  2.38089e+00 -5.00577e+00
-2.84215e+00  2.39704e+00 -5.04000e+00
-2.91878e+00  1.80258e+00 -6.13788e+00
-3.20618e+00  1.31638e+00 -5.60400e+00
-3.12260e+00  1.21765e+00 -5.82883e+00
-3.21458e+00  1.97904e+00 -5.20714e+00
-3.15600e+00  2.09911e+00 -5.17322e+00
-3.10284e+00  2.36069e+00 -5.30621e+00
-3.00451e+00  2.42003e+00 -5.23942e+00
-1.94921e+00  1.32305e+00 -5.02389e-01
-2.73420e+00  1.61088e+00 -9.80069e-01
-1.93205e+00  1.45263e+00 -4.25368e-01
-3.14088e+00  1.00831e+00 -1.86365e+00
-3.24207e+00  1.17539e+00 -1.60436e+00
-3.29161e+00  1.02864e+00 -1.61638e+00
-3.12406e+00  9.95561e-01 -1.88405e+00
-2.50866e+00  4.42603e-01 -1.31063e+00
-2.92470e+00 -1.61484e+00  3.79920e+00
-3.31337e+00 -2.70312e+00  3.98376e+00
-3.62970e+00 -2.69541e+00  3.74214e+00
-3.24547e+00 -1.68564e+00  4.53189e+00
-2.85357e+00 -2.29013e+00  3.82928e+00
-2.81142e+00 -2.06182e+00  3.92881e+00
-3.25357e+00 -1.23574e+00  4.17873e+00
-3.64541e+00 -2.67977e+00  3.67758e+00
-3.10606e+00 -2.62352e+00  3.85047e+00
-3.31782e+00 -1.21483e+00  4.29662e+00
 3.34039e+00  5.41265e-01  2.37652e+00
 3.36990e+00  2.86635e-01  1.05721e+00
 3.43727e+00  5.13464e-01  2.37044e+00
 3.24037e+00  4.48131e-01  2.30455e+00
 3.21765e+00  8.42958e-01  1.77169e+00
 2.86547e+00 -6.93868e-02  1.70875e+00
 2.92897e+00  7.86209e-01  1.49227e+00
 3.23783e+00  4.86487e-01  2.32887e+00
 3.93861e+00  8.40477e-02  1.14551e+00
-2.18868e+00  3.33682e-01 -3.92962e+00
-1.73409e+00  5.34807e-01 -3.72349e+00
-1.66864e+00  7.22859e-01 -3.70702e+00
-1.97734e+00  1.15634e+00 -3.89429e+00
-2.05050e+00  1.92014e-01 -3.55762e+00
-1.81746e+00  2.48428e-01 -3.38073e+00
-2.36319e+00  1.09672e+00 -4.07847e+00
-2.32037e+00  2.02004e-01 -3.73142e+00
-2.25445e+00  2.00826e-01 -3.80118e+00
 3.02180e+00 -8.13687e-01  4.78865e+00
 2.99741e+00 -5.17991e-01  3.50596e+00
 3.41878e+00 -1.79475e+00  3.78629e+00
 2.50641e+00 -1.83725e+00  4.13171e+00
 3.83952e+00 -8.38384e-01  4.00977e+00
 3.63119e+00 -1.71312e+00  3.99255e+00
 3.77624e+00 -6.66524e-01  3.94651e+00
 3.75913e+00 -1.06700e+00  4.25427e+00
 3.72601e+00 -1.50203e+00  3.56915e+00
 3.53068e+00 -1.51340e+00  3.19148e+00
 3.55326e+00 -5.74942e-01  4.09723e+00
 3.51241e+00 -1.47260e+00  3.17025e+00
 3.38133e+00 -5.26359e-01  4.08038e+00
 3.21848e+00 -6.55806e-01  3.41689e+00
 3.52111e+00 -7.70972e-01  3.42305e+00
 3.21465e+00 -6.00561e-01  3.45495e+00
 3.53826e+00 -6.96221e-01  3.48102e+00
 3.09665e+00 -5.15246e-01  3.63372e+00
 3.66672e+00 -6.68620e-01  3.73618e+00
-1.20369e+00 -9.15799e-01 -3.11367e-01
-1.47545e+00 -2.14871e+00  1.75246e-01
-1.00250e+00 -8.35991e-01 -5.67957e-01
-1.64402e+00 -1.49051e+00  4.69083e-01
-8.32541e-01 -1.14648e+00  5.54038e-01
-9.87011e-01 -8.69907e-01 -6.17309e-01
-5.14260e-01 -9.59769e-01  4.77072e-01
-1.46456e+00 -2.04167e+00  6.44566e-01
-1.70919e+00 -1.36974e+00  1.46156e-01
-1.52250e+00 -1.83324e+00  6.87379e-01
-3.81913e-01 -8.93845e-01  2.37761e-01
-3.55873e-01 -9.26746e-01  4.31656e-01
-1.65327e+00 -1.64807e+00 -1.47139e-01
-3.25418e-01 -9.53938e-01  1.93819e-01
-1.42015e+00  2.23163e+00  2.84068e+00
-1.17095e+00  2.32508e+00  2.00610e+00
-1.85618e+00  2.80291e+00  3.29616e+00
-6.26963e-01  2.85481e+00  3.12687e+00
-2.10243e+00  3.32476e+00  2.71943e+00
-1.34389e+00  3.86747e+00  2.07417e+00
-1.13998e+00  2.97297e+00  1.90366e+00
-1.18269e+00  2.40948e+00  1.97439e+00
-1.17056e+00  2.84310e+00  1.89582e+00
-7.55197e-01  2.35097e+00  2.57526e+00
-8.70801e-01  2.44374e+00  2.33011e+00
-6.66626e-01  2.35216e+00  2.79640e+00
-1.83188e+00  3.04888e+00  2.10780e+00
-2.00753e+00  3.25041e+00  2.41102e+00
-1.71458e+00  2.87894e+00  2.05332e+00
-1.48697e+00  2.77426e+00  1.97608e+00
-1.34378e+00  2.28497e+00  2.11879e+00
-1.17245e+00  2.31803e+00  2.01011e+00
-1.23048e+00  3.72305e+00  2.02401e+00
-1.73887e+00  3.25100e+00  3.57715e+00
-1.77369e+00  4.04276e+00  3.16224e+00
-4.26659e+00 -2.74944e+00  4.66365e+00
-3.68180e+00 -2.98729e+00  3.92264e+00
-3.03111e+00 -3.06115e+00  4.46324e+00
-3.07261e+00 -3.21421e+00  4.54732e+00
 2.53917e+00 -2.60116e+00 -2.73590e+00
 3.23211e+00 -3.88905e+00 -2.84993e+00
 2.03850e+00 -3.06282e+00 -2.65959e+00
 2.14629e+00 -4.10142e+00 -1.93579e+00
 3.22132e+00 -3.89266e+00 -2.84302e+00
 3.22631e+00 -3.88753e+00 -2.85363e+00
 3.16327e+00 -3.84194e+00 -2.88908e+00
 2.83536e+00 -3.51830e+00 -3.05929e+00
 2.14359e+00 -4.09606e+00 -1.92496e+00
 2.10403e+00 -3.44124e+00 -2.92489e+00
 2.14126e+00 -3.43873e+00 -2.94907e+00
 2.29020e+00 -3.76830e+00 -1.61326e+00
 2.15486e+00 -4.03718e+00 -1.85199e+00
 1.99900e+00 -3.14529e+00 -2.68036e+00
 2.49241e+00 -3.32478e+00 -3.12467e+00
 2.55503e+00 -2.59343e+00 -2.74233e+00
 2.00094e+00 -3.62882e+00 -1.72405e+00
 2.12623e+00 -4.05037e+00 -1.87805e+00
 3.09117e+00 -2.44613e+00 -2.42281e+00
 2.44256e+00  7.20712e-01  3.95844e+00
 3.51665e+00  5.43561e-01  4.60954e+00
 4.04062e+00 -1.18202e-01  4.42175e+00
 4.36844e+00 -2.79230e-01  4.17390e+00
 2.95725e+00  3.75136e-01  4.40271e+00
 4.18039e+00  4.21774e-01  4.00247e+00
 3.64592e+00  9.50230e-01  3.96088e+00
 3.72154e+00  1.02281e+00  4.15584e+00
 4.47040e+00 -1.19946e-01  3.98894e+00
 2.54254e+00  2.77789e-01  3.62531e+00
 2.62506e+00  9.17468e-01  3.73387e+00
 2.49352e+00  6.30644e-01  3.66460e+00
 2.45885e+00  7.84264e-01  3.78006e+00
 2.20284e+00  2.29250e+00  8.42750e-01
 1.65213e+00  2.63705e+00  6.67957e-01
 1.88053e+00  3.40026e+00  2.05245e+00
 1.63455e+00  3.50627e+00  1.54477e+00
 2.20661e+00  2.44633e+00  6.33511e-01
 2.32590e+00  3.26893e+00  3.13256e-01
 2.39112e+00  3.34345e+00  3.83675e-01
 2.38378e+00  3.34198e+00  3.71224e-01
 2.16138e+00  2.59990e+00  4.50377e-01
 1.47737e+00  2.86850e+00  1.80747e+00
 1.52932e+00  3.39244e+00  1.73426e+00
 1.98602e+00  2.19897e+00  1.08272e+00
 1.56098e+00  2.54569e+00  8.38962e-01
 1.38418e+00  2.93292e+00  1.70774e+00
 1.96006e+00  3.14391e+00  2.78813e-01
 2.18485e+00  2.92042e+00  2.83544e-01
 2.02013e+00  3.33851e+00  2.93993e-01
 2.11289e+00  3.33775e+00  3.00951e-01
 1.92844e+00  3.31568e+00  2.11556e+00
-3.53467e+00 -3.52701e+00  1.10096e+00
-3.03737e+00 -3.53184e+00  6.96514e-01
-3.02826e+00 -3.49526e+00  6.78137e-01
-2.62821e+00 -3.45100e+00  1.19514e+00
-3.34702e+00 -3.54831e+00  7.57466e-01
-3.21153e+00 -3.27374e+00  6.07948e-01
-2.80433e+00 -3.40195e+00  1.80247e+00
-2.61594e+00 -3.08736e+00  1.44213e+00
-2.51371e+00 -3.12797e+00  1.08003e+00
-3.10304e+00 -2.90957e+00  5.37240e-01
-2.54907e+00 -2.90955e+00  8.45850e-01
-2.68395e+00 -2.71164e+00  1.06972e+00
-2.72563e+00 -2.87295e+00  5.70089e-01
-3.17694e+00 -3.42253e+00  1.86835e+00
-2.73568e+00 -2.85704e+00  5.65388e-01
-2.61205e+00 -2.76236e+00  8.54050e-01
 4.08673e+00 -6.01685e+00  2.13067e+00
 4.18379e+00 -5.91806e+00  2.09132e+00
 4.13137e+00 -5.96111e+00  2.06899e+00
 3.11562e+00 -4.48171e+00  3.72817e+00
 3.69183e+00 -3.49094e+00  2.50685e+00
 3.05190e+00 -3.07286e+00  2.90938e+00
 3.73102e+00 -3.75530e+00  3.92245e+00
 2.77048e+00 -3.96804e+00  2.95316e+00
 3.77422e+00 -4.38860e+00  3.74650e+00
 2.81509e+00 -4.20426e+00  3.80844e+00
 3.76511e+00 -3.68325e+00  3.78616e+00
 3.98202e+00 -3.74508e+00  2.91658e+00
 2.67655e+00 -3.83473e+00  3.91239e+00
 3.09628e+00 -3.52619e+00  2.42367e+00
 3.16237e+00 -3.11610e+00  2.57435e+00
 3.23082e+00 -3.48771e+00  2.40092e+00
 3.16484e+00 -3.11773e+00  2.57296e+00
 6.63241e-01 -7.02047e-01  1.20307e-03
 9.67312e-01 -1.20776e-01  6.77217e-01
 6.25842e-01  1.48414e-01 -3.41920e-01
 5.08916e-01 -2.99059e-01 -5.38720e-01
 8.57604e-01 -4.76589e-01 -1.06175e+00
 6.75257e-01 -7.11580e-01 -8.70087e-03
 1.65098e+00 -1.28149e-01  4.17779e-01
 1.51696e+00  2.73951e-01 -9.24645e-02
 1.72288e+00  3.49022e-02 -1.34949e-01
 9.53640e-01  8.01681e-02  5.82789e-01
 5.13754e-01 -2.22650e-01 -5.46903e-01
 5.24383e-01 -2.87028e-01 -6.09253e-01
-2.26890e+00  4.95265e+00 -3.04511e+00
-2.28608e+00  4.76955e+00 -3.15200e+00
-1.89255e+00  5.63067e+00 -3.04835e+00
-1.24568e+00  4.80904e+00 -2.65068e+00
-1.35494e+00  4.10914e+00 -2.97660e+00
-1.27561e+00  4.60970e+00 -2.66610e+00
-1.23327e+00  4.81226e+00 -3.94126e+00
-1.28393e+00  4.55435e+00 -3.87770e+00
-1.48616e+00  4.25039e+00 -3.82929e+00
-1.89247e+00  4.93695e+00 -4.09911e+00
-2.08372e+00  5.04373e+00 -4.10387e+00
-1.96763e+00  5.46630e+00 -2.91837e+00
-1.20236e+00  4.17477e+00 -2.97722e+00
-2.24332e+00  5.28197e+00 -3.42072e+00
-2.25583e+00  5.09970e+00 -3.03723e+00
-1.05259e+00  4.69615e+00 -2.86090e+00
-1.14073e+00  4.97244e+00 -2.78736e+00
-1.08091e+00  4.91741e+00 -2.81057e+00
-1.08084e+00  4.83246e+00 -2.77926e+00
-1.23310e+00  4.77286e+00 -2.64648e+00
-1.33017e+00  4.21430e+00 -3.68764e+00
-1.41277e+00  4.18448e+00 -3.73028e+00
-1.48898e+00  4.21985e+00 -3.81122e+00
-1.17459e+00  4.23790e+00 -2.91333e+00
-1.43131e+00  4.17167e+00 -3.69390e+00
-1.49679e+00  4.21933e+00 -3.80865e+00
-1.23889e+00  4.20443e+00 -2.86047e+00
-1.27633e+00  4.13517e+00 -2.91838e+00
-2.27484e+00  4.98855e+00 -4.01718e+00
-2.29191e+00  4.78252e+00 -3.89583e+00
-2.34081e+00 -6.24885e+00 -1.04723e+00
-2.41852e+00 -5.98749e+00 -1.37352e+00
-1.97259e+00 -5.23603e+00 -4.90209e-01
-2.34210e+00 -6.22903e+00 -9.33953e-01
-2.14170e+00 -5.33385e+00 -2.06301e+00
-2.59171e+00 -5.35612e+00 -1.72577e+00
-2.67156e+00 -4.84063e+00 -1.07429e+00
-2.24781e+00 -5.29360e+00 -2.01776e+00
-2.56529e+00 -4.83078e+00 -9.88686e-01
-2.69545e+00 -4.86565e+00 -1.07677e+00
-2.49676e+00 -5.50058e+00 -5.88124e-01
-2.50092e+00 -5.56670e+00 -6.18649e-01
-2.35539e+00 -5.03028e+00 -6.58791e-01
-1.44446e+00 -6.04960e+00 -1.03945e+00
-2.57513e+00 -5.28256e+00 -6.65439e-01
-2.53952e+00 -5.41618e+00 -6.21900e-01
-4.97391e-01  5.02468e+00 -1.03524e+00
-5.44045e-01  4.13080e+00 -5.01687e-02
-1.43599e+00  5.13715e+00  4.82568e-01
-8.46312e-01  4.96492e+00 -1.04635e+00
-1.51406e+00  5.09137e+00  3.60281e-01
-1.43414e+00  5.13859e+00  4.82392e-01
 1.36574e+00  4.81119e-02 -3.61234e+00
 1.66650e+00 -4.35770e-02 -3.09608e+00
 1.91452e+00 -3.21075e-01 -4.12164e+00
 2.78031e+00 -4.29728e-01 -3.80253e+00
 2.39551e+00  1.01671e+00 -4.08814e+00
 1.62643e+00  2.44690e-01 -3.18134e+00
 1.48716e+00  2.07295e-01 -3.20106e+00
 2.48620e+00 -5.65222e-01 -3.64261e+00
 1.46592e+00  5.58409e-02 -3.16528e+00
 1.37377e+00  7.82099e-02 -3.36460e+00
 1.30470e+00  5.41743e-01 -3.91556e+00
 1.30515e+00  2.61790e-01 -3.60014e+00
 1.28894e+00  4.27045e-01 -3.71939e+00
 2.66372e+00 -5.25524e-01 -3.67363e+00
 1.00344e+00  6.29120e+00  2.50892e+00
 1.76639e+00  4.94884e+00  1.85809e+00
 8.30841e-01  5.85317e+00  2.54544e+00
 1.54977e+00  4.94349e+00  2.44247e+00
 2.08325e+00  4.92113e+00  2.07069e+00
 1.32866e+00  4.96368e+00  2.26831e+00
 2.33729e+00  5.31471e+00  2.85874e+00
 1.20831e+00  5.08255e+00  2.27992e+00
 8.34805e-01  5.86618e+00  2.54624e+00
 1.54186e+00  5.53103e+00  1.56200e+00
 9.94694e-01  5.67831e+00  2.68008e+00
 8.32800e-01  5.85244e+00  2.54917e+00
 9.20141e-01  5.48995e+00  2.19946e+00
 1.19195e+00  5.61332e+00  1.82785e+00
 3.89769e+00  6.21782e+00  1.90499e+00
 4.10063e+00  5.10785e+00  2.76351e+00
 4.14775e+00  5.16530e+00  2.45940e+00
 3.77197e+00  6.13167e+00  2.25489e+00
 3.86692e+00  6.24618e+00  1.94011e+00
 4.18338e+00  5.78540e+00  1.75165e+00
 3.95228e+00  5.25681e+00  2.77310e+00
 4.04563e+00  5.11088e+00  2.72773e+00
-1.48334e+00  4.20926e+00 -3.83353e+00
-1.17552e+00  3.84829e+00 -4.28035e+00
-1.94414e+00  3.25471e+00 -3.37095e+00
-1.13100e+00  2.47189e+00 -3.88309e+00
-2.48437e+00  3.28838e+00 -4.31625e+00
-1.52193e+00  4.20578e+00 -3.82255e+00
-1.17621e+00  3.89959e+00 -4.10024e+00
-1.45219e+00  3.09963e+00 -3.43127e+00
-1.58311e+00  3.57877e+00 -3.29390e+00
-2.24179e+00  3.09317e+00 -3.53450e+00
-2.43520e+00  3.50716e+00 -4.13217e+00
-1.86381e+00  2.49047e+00 -4.29038e+00
-1.60144e+00  2.41663e+00 -3.98487e+00
-1.62202e+00  2.42002e+00 -4.22640e+00
 3.03779e+00  2.06625e+00  1.08882e+00
 3.48474e+00  3.00762e+00  9.24026e-01
 2.27538e+00  2.25584e+00  7.28045e-01
 3.32702e+00  3.46545e+00  6.99730e-01
 9.47198e-01 -5.22908e+00  5.34415e+00
-2.68115e+00 -2.22318e+00  2.55829e+00
-3.25769e+00 -2.17172e+00  1.60720e+00
-2.86379e+00 -1.91999e+00  2.23716e+00
-2.36379e+00 -2.35690e+00  2.37559e+00
-2.15466e+00 -1.99476e+00  1.40679e+00
-1.99695e+00 -2.39000e+00  1.93553e+00
-2.40243e+00 -3.09314e+00  1.78560e+00
-2.42896e+00 -2.09255e+00  1.03955e+00
-3.17197e+00 -2.11858e+00  1.90699e+00
-2.80507e+00 -1.87995e+00  2.08129e+00
-2.59882e+00 -1.79372e+00  1.63631e+00
-2.63893e+00 -1.76604e+00  1.57723e+00
-2.26424e+00 -1.91053e+00  1.17334e+00
-2.05409e+00 -2.43459e+00  2.09781e+00
-2.75198e+00 -2.15480e+00  2.52646e+00
-1.76859e+00 -2.27534e+00  2.55621e+00
-2.81321e+00 -1.84977e+00  2.62854e+00
-1.54611e+00 -1.13469e+00  2.81818e+00
-1.88242e+00 -1.38335e+00  3.02274e+00
-1.70515e+00 -2.31298e+00  1.85409e+00
-1.55564e+00 -2.35436e+00  2.21330e+00
-1.66441e+00 -1.85211e+00  1.70753e+00
-1.81579e+00 -2.00724e+00  1.44584e+00
-1.53943e+00 -2.34008e+00  2.32823e+00
-1.83457e+00 -1.28180e+00  3.02242e+00
-2.02332e+00 -2.06375e+00  2.86700e+00
-1.54464e+00 -1.13321e+00  2.82868e+00
-1.93520e+00 -1.33801e+00  3.01645e+00
-2.74355e+00 -1.80541e+00  2.71864e+00
-2.86512e+00 -1.90220e+00  2.25588e+00
-1.54807e+00 -2.36230e+00  2.26049e+00
-2.57473e+00 -2.13477e+00  2.70682e+00
 6.38575e-01 -2.70296e+00  7.50452e+00
 8.82844e-01 -3.20847e+00  6.89593e+00
 4.92894e-01 -2.92986e+00  7.51618e+00
 5.55647e-01 -3.36790e+00  7.15493e+00
 2.51819e+00 -9.92999e-01  4.18494e-01
 2.43235e+00 -1.50255e+00  5.82978e-02
 3.13772e+00 -8.12689e-01 -8.83238e-01
 2.78433e+00 -9.43977e-01  3.42475e-01
 3.06006e+00 -1.13156e+00  7.79732e-02
 3.21262e+00 -1.13434e+00 -3.09324e-01
 3.19204e+00 -1.23628e+00 -6.88743e-01
 3.03838e+00 -6.65565e-01 -9.77698e-01
-2.51628e+00 -2.99088e+00 -4.18798e+00
-1.18580e+00 -2.78796e+00 -5.09750e+00
-2.01730e+00 -2.35750e+00 -4.47690e+00
-2.16673e+00 -2.45502e+00 -5.36073e+00
-1.76643e+00 -2.43561e+00 -5.29964e+00
-1.66579e+00 -3.65159e+00 -4.53006e+00
-1.99311e+00 -2.36965e+00 -4.48416e+00
-1.52807e+00 -2.83730e+00 -4.58689e+00
-2.00010e+00 -2.33481e+00 -4.51335e+00
-2.02012e+00 -2.28132e+00 -5.31508e+00
-2.11096e+00 -2.71883e+00 -5.67411e+00
-2.17209e+00 -2.91251e+00 -5.81471e+00
-1.98835e+00 -3.55460e+00 -4.29942e+00
-1.97770e+00 -3.55441e+00 -4.30349e+00
-1.81510e+00 -2.31532e+00 -4.78141e+00
-2.00127e+00 -2.33466e+00 -4.51256e+00
-2.81296e+00 -3.27826e+00 -4.95550e+00
-2.01232e+00 -2.27280e+00 -5.30509e+00
-1.95212e+00 -2.24034e+00 -4.87727e+00
-2.19898e+00 -2.94054e+00 -5.81925e+00
-2.28753e+00 -4.13390e+00 -4.78526e+00
-2.15375e+00 -4.07473e+00 -4.77698e+00
 2.96110e+00 -4.45594e-01 -3.81132e+00
 2.87665e+00  5.31568e-01 -4.14006e+00
 2.94946e+00 -4.13096e-01 -3.84734e+00
 3.07236e+00  9.07352e-01 -3.61849e+00
 3.07320e+00  2.04385e-01 -4.66925e+00
 3.84438e+00  1.35707e-02 -4.08745e+00
 2.99369e+00 -3.40043e-01 -4.05350e+00
 3.03051e+00 -4.90447e-01 -3.85647e+00
 3.28594e+00  9.84030e-01 -3.54760e+00
-5.50064e+00 -1.56374e-01 -2.78168e+00
-6.29452e+00 -1.47965e-03 -2.09064e+00
-5.36616e+00 -1.43665e-01 -2.03902e+00
-5.41083e+00 -1.18845e+00 -2.49201e+00
-6.29639e+00 -1.02523e+00 -2.55393e+00
-5.80594e+00 -7.56679e-02 -2.04930e+00
-5.29441e+00 -1.63131e-01 -2.22215e+00
-5.33471e+00 -1.79441e-01 -2.02401e+00
-5.23309e+00 -2.73448e-01 -2.05095e+00
-1.25553e-01  5.22204e+00 -3.97942e+00
 6.83515e-01  5.56720e+00 -3.71282e+00
-1.23175e-01  5.22206e+00 -3.97908e+00
-2.65253e-01  5.23510e+00 -4.05295e+00
-4.10969e-01  5.27063e+00 -4.21265e+00
 1.26337e+00 -1.34190e+00 -2.66840e+00
 2.50623e+00 -1.89941e+00 -3.12673e+00
 1.23824e+00 -1.09921e+00 -2.51364e+00
 1.06660e+00 -1.76211e+00 -1.97353e+00
 1.24951e+00 -1.93932e+00 -2.74589e+00
 1.06130e+00 -1.28061e+00 -1.57750e+00
 1.59969e+00 -1.81561e+00 -3.05502e+00
 1.40413e+00 -2.03597e+00 -2.90529e+00
 2.64593e+00 -2.15818e+00 -2.99934e+00
 3.19644e+00 -2.03876e+00 -2.13545e+00
 2.10027e+00 -1.73173e+00 -3.16791e+00
 1.59835e+00 -1.80066e+00 -3.05150e+00
 1.63295e+00 -1.80529e+00 -3.06520e+00
 1.02813e+00 -1.28392e+00 -1.71288e+00
 2.76028e-01 -3.01536e+00  7.55767e+00
-6.00799e+00  2.76140e+00  1.68260e+00
-6.00635e+00  2.76394e+00  1.66649e+00
-5.96997e+00  2.76523e+00  1.68130e+00
 4.42684e+00  3.79894e+00 -3.18353e+00
 4.36735e+00  3.76699e+00 -3.18366e+00
 4.93311e+00  4.08574e+00 -3.01007e+00
 4.84094e+00  4.08489e+00 -2.44629e+00
 4.62181e+00  4.05194e+00 -2.31309e+00
 4.68408e+00  4.00705e+00 -2.37232e+00
 3.05536e+00 -5.26408e+00  2.24695e+00
 2.07647e+00 -3.95775e+00  1.78805e+00
 2.77599e+00 -4.10591e+00  2.55573e+00
 2.13731e+00 -4.05622e+00  2.03237e+00
 3.70924e+00 -3.91687e+00  2.19781e+00
 3.61379e+00 -4.68759e+00  1.75533e+00
 2.12090e+00 -3.91015e+00  1.95753e+00
 2.49510e+00 -4.60864e+00  2.54547e+00
 2.74469e+00 -4.12989e+00  2.55397e+00
 2.65306e+00 -5.08871e+00  2.42694e+00
 2.10375e+00 -4.24000e+00  1.91549e+00
 2.35285e+00 -5.22322e+00  2.09800e+00
 2.53469e+00 -4.83966e+00  2.55267e+00
 3.26254e+00 -3.64445e+00  2.29314e+00
 2.12243e+00 -3.91688e+00  1.96397e+00
 3.21014e+00 -4.79607e+00  2.37506e+00
 3.71676e+00 -3.95371e+00  2.20296e+00
 2.84043e+00 -4.55778e+00  2.56889e+00
 2.88599e+00 -4.34388e+00  2.56803e+00
 3.65637e+00 -4.03433e+00  2.24044e+00
 2.53275e+00 -4.89461e+00  2.53297e+00
 2.49549e+00 -5.06906e+00  2.41182e+00
 3.56959e+00 -3.89301e+00  1.90102e+00
 3.26348e+00 -3.64622e+00  2.28653e+00
 3.04622e+00 -3.64565e+00  2.36718e+00
 2.21583e+00 -3.84387e+00  1.96806e+00
 2.21395e+00 -3.84440e+00  1.96722e+00
 2.09285e+00 -3.91907e+00  1.84896e+00
 9.89301e-02  1.45300e+00 -1.32104e+00
-9.05619e-01  2.35982e+00 -2.11526e+00
-7.65315e-01  1.21408e+00 -2.04909e+00
 9.68031e-02  1.45045e+00 -1.32157e+00
 5.08490e-01  1.66270e+00 -2.20787e+00
 2.83768e-01  1.52655e+00 -2.65119e+00
-7.83176e-01  1.21523e+00 -1.93881e+00
-7.00296e-01  1.18749e+00 -2.03808e+00
-6.29046e-01  1.45215e+00 -3.09298e+00
-1.33324e-01  1.15990e+00 -2.68370e+00
 1.68297e-01  1.62125e+00 -1.32568e+00
-8.14704e-01  1.26349e+00 -1.78207e+00
-8.47548e-02  1.08105e+00 -2.46122e+00
 2.65157e-01  1.30282e+00 -1.81122e+00
-3.25539e-01  1.27709e+00 -2.85647e+00
-8.18767e-02  1.11473e+00 -2.58731e+00
-7.21908e-02  1.20219e+00 -2.69098e+00
 1.97895e-03  1.22373e+00 -2.66204e+00
-6.49565e-01  1.82459e+00 -3.27073e+00
-5.02562e+00 -2.44582e+00 -3.63988e+00
-5.61165e+00 -2.33028e+00 -3.62269e+00
-6.33132e+00 -1.30850e+00  3.50067e+00
-6.36262e+00 -1.32393e+00  3.45480e+00
-6.38332e+00 -1.27013e+00  3.51971e+00
 1.94840e+00  3.39799e+00  2.56684e-01
 3.16205e+00  4.21675e+00 -6.22772e-01
 2.25326e+00  4.33011e+00 -1.20071e+00
 2.24334e+00  4.58153e+00 -7.92924e-01
 1.48929e+00  3.67910e+00 -4.21303e-01
 1.52664e+00  3.93893e+00 -5.75508e-01
 2.50386e+00  4.58636e+00 -5.48850e-01
 1.63650e+00  3.52641e+00  1.03012e-01
 2.48108e+00  3.81074e+00 -1.06979e+00
 2.15159e+00  3.53732e+00 -7.37384e-01
 2.13446e+00  4.60973e+00 -5.64259e-01
 3.25895e+00  3.62958e+00 -3.11537e-01
 3.21902e+00  3.64978e+00 -3.87767e-01
 2.98326e+00  4.03363e+00 -8.99898e-01
 2.62051e+00  3.22345e+00  8.62929e-02
 3.04189e+00  3.37308e+00  3.01952e-02
 2.44806e+00  4.39586e+00  1.96682e-01
 3.19435e+00  4.21292e+00 -5.64060e-01
 2.79497e+00  4.49643e+00 -2.61080e-01
 2.47213e+00  4.57865e+00 -6.56538e-01
 3.05245e+00  3.39911e+00  5.66638e-02
 3.25503e+00  3.62141e+00 -3.16638e-01
 2.83307e+00  4.34996e+00 -8.10386e-01
 1.90549e+00  4.11402e+00  2.27348e-01
 1.69669e+00  3.60040e+00  1.86145e-01
 2.40836e+00  4.19377e+00  3.55977e-01
 6.23803e-01  3.46038e-01 -1.56344e+00
 4.65625e-01  5.25305e-01 -1.56520e+00
 1.29854e+00  3.17499e-01 -1.16400e+00
 1.19768e+00  6.54986e-01 -2.08682e+00
 7.86148e-01  5.60343e-01 -2.04021e+00
 4.44853e-01  8.51219e-01 -1.92874e+00
 1.13934e+00  2.56127e-01 -1.08184e+00
 8.13758e-01  8.85763e-01 -8.34550e-01
 8.23157e-01  9.04112e-01 -8.37855e-01
 1.64856e-01  1.29571e+00 -1.19436e+00
 1.69693e-01  1.26294e+00 -1.18126e+00
 9.99762e-02  1.42469e+00 -1.29914e+00
 1.35570e-01  1.26126e+00 -1.22049e+00
 9.63941e-02  1.44946e+00 -1.31852e+00
 3.25412e+00 -1.31394e+00 -7.32415e-01
 3.63717e+00 -1.62990e+00 -1.47653e+00
 3.53827e+00 -1.38110e+00 -1.12095e+00
 3.15933e+00 -6.97599e-01 -9.91427e-01
 3.65895e+00 -1.48068e+00 -1.74420e+00
 3.50537e+00 -8.51898e-01 -1.41715e+00
 3.53386e+00 -1.22609e+00 -1.85130e+00
 3.61894e+00 -1.47905e+00 -1.89417e+00
 3.30492e+00 -1.30191e+00 -2.18167e+00
 3.56252e+00 -1.52560e+00 -1.99201e+00
 6.47887e+00 -1.46943e+00  5.26895e-01
 5.40287e+00 -2.95366e-01  5.12940e-01
 5.18876e+00 -3.55798e-01 -1.54059e-01
 6.50858e+00 -3.52518e-01 -8.45852e-02
 5.69000e+00 -1.68479e-01  4.19172e-01
 6.21233e+00 -1.06078e-01 -4.12973e-01
 5.60435e+00 -1.12709e-01  3.68188e-01
 5.54018e+00 -5.39101e-01  7.24824e-01
 5.38484e+00 -3.18759e-01  5.31836e-01
 5.32409e+00 -3.26819e-01  3.24143e-01
-1.66867e+00 -4.50769e+00  6.35470e+00
-2.11657e+00 -4.32642e+00  5.94406e+00
-1.78736e+00 -4.53546e+00  6.12302e+00
-1.68511e+00 -4.46666e+00  6.39533e+00
-2.37862e+00  1.87717e+00  3.03981e+00
-2.53862e+00  3.00022e+00  2.68516e+00
-2.48182e+00  2.07782e+00  3.45222e+00
-1.60948e+00  2.02335e+00  2.14250e+00
-2.15868e+00  2.13207e+00  3.62479e+00
-2.32045e+00  2.86220e+00  2.04780e+00
-2.40124e+00  2.80716e+00  2.05249e+00
-2.51358e+00  2.27790e+00  2.10553e+00
-2.41620e+00  1.95275e+00  3.33841e+00
-2.70943e+00  2.49671e+00  2.96932e+00
-2.57095e+00  2.22515e+00  2.27960e+00
-1.94594e+00  2.96243e+00  2.04198e+00
-3.49372e+00 -7.87296e-01 -4.24005e+00
-2.59662e+00  1.31711e-01 -3.70944e+00
-3.78552e+00 -1.85184e-01 -3.50708e+00
-3.97231e+00  3.67783e-01 -3.68853e+00
-3.48691e+00 -7.88819e-01 -4.19706e+00
-3.68002e+00  4.71766e-01 -4.36252e+00
-2.66124e+00  8.52228e-02 -3.62972e+00
-3.65270e+00  7.73816e-01 -3.96354e+00
-3.22638e+00  8.58297e-01 -3.91862e+00
-3.87501e+00 -5.85495e-02 -3.56052e+00
-4.02519e+00  1.95254e-01 -3.80952e+00
-3.90302e+00  4.89117e-01 -3.69552e+00
-3.08328e+00  6.78005e-01 -3.64227e+00
-3.17008e+00  5.24935e-01 -3.48128e+00
-3.89487e+00 -1.39147e-01 -4.09359e+00
-3.81472e+00 -1.43460e-01 -3.52260e+00
-4.02235e+00  1.15357e-01 -3.81436e+00
-3.78544e+00 -1.82667e-01 -3.50466e+00
-3.06492e+00  2.04300e-01 -3.37529e+00
-3.00256e+00 -8.12398e-01 -4.38622e+00
 3.56635e-01 -6.50783e+00 -1.63488e+00
 9.73353e-01 -6.73694e+00 -1.88107e+00
 3.02663e-01 -5.77206e+00 -2.01014e+00
 7.07523e-01 -5.15540e+00 -1.71609e+00
 7.63429e-01 -6.55027e+00 -2.21700e+00
 6.54698e-01 -6.76423e+00 -1.92178e+00
 1.81911e+00 -6.27348e+00 -2.36366e+00
 1.82334e+00 -6.04660e+00 -2.52696e+00
 1.84560e+00 -5.88144e+00 -2.49598e+00
 1.00388e+00 -4.98486e+00 -1.38548e+00
 1.40891e+00 -6.08000e+00 -2.68228e+00
 1.42695e+00 -6.15309e+00 -2.64633e+00
 1.81323e+00 -6.20462e+00 -2.46919e+00
 1.88291e+00 -2.04315e+00 -3.76597e+00
 1.40157e+00 -2.11103e+00 -3.45723e+00
 1.95905e+00 -1.35378e+00 -4.09194e+00
 1.06581e+00 -1.28329e+00 -3.64988e+00
 2.01577e+00 -1.78545e+00 -4.40789e+00
 1.98582e+00 -1.55581e+00 -4.37302e+00
 1.45383e+00 -1.72903e+00 -4.69680e+00
 7.55308e-01 -1.36081e+00 -4.27992e+00
 7.37741e-01 -1.39459e+00 -4.17681e+00
 1.20280e+00 -1.94437e+00 -4.62466e+00
 1.45365e+00 -1.83936e+00 -4.72136e+00
 1.15999e+00 -1.15870e+00 -3.93587e+00
 7.56293e-01 -1.36007e+00 -4.28023e+00
 2.01290e+00 -1.77699e+00 -3.35892e+00
 2.04091e+00 -1.98648e+00 -3.79924e+00
 2.65829e+00 -6.47794e+00  3.43419e+00
 2.92700e+00 -6.31000e+00  3.91753e+00
-8.05239e-02  1.87410e+00  6.12643e+00
-1.16335e+00  2.10124e+00  6.29513e+00
-4.40684e-01  2.31633e+00  6.28463e+00
-2.82937e-01  1.93809e+00  5.95087e+00
-6.90309e-01  1.90928e+00  6.02885e+00
-1.12467e-01  1.86833e+00  6.07835e+00
-2.75591e-01  1.94690e+00  5.95592e+00
-3.32325e-01  2.19048e+00  6.15981e+00
 4.51423e+00  3.43745e+00 -9.12945e-01
 5.20879e+00  4.42669e+00 -5.69485e-01
 5.88284e+00  3.62622e+00 -5.65498e-01
 4.47682e+00  3.74195e+00 -7.22776e-01
 5.92391e+00  3.73073e+00 -6.70449e-01
 5.22595e+00  4.46856e+00 -6.12108e-01
 5.30478e+00  4.76516e+00 -9.94455e-01
 4.86864e+00  3.95360e+00 -5.21682e-01
 5.32946e+00  4.03116e+00 -3.95664e-01
 5.18672e+00  4.40306e+00 -5.68778e-01
 4.55813e+00  3.79935e+00 -6.72351e-01
 5.32195e+00  4.76741e+00 -9.66149e-01
 5.40389e+00  4.77978e+00 -9.69676e-01
 4.50293e+00  3.46501e+00 -8.97038e-01
 4.50471e+00  3.45726e+00 -9.08179e-01
-1.65633e+00 -3.61393e+00  2.71094e-01
-9.94447e-01 -3.76685e+00  1.26399e+00
-7.48615e-01 -4.56756e+00  1.14818e+00
-1.68183e+00 -3.47833e+00  7.25375e-01
-1.38659e+00 -3.34987e+00  8.84866e-01
-7.63845e-01 -4.60486e+00  1.16945e+00
 3.09767e+00 -2.29635e+00 -6.51346e+00
 2.97249e+00 -2.11505e+00 -6.55534e+00
 2.49363e+00 -2.46400e+00 -6.09853e+00
 2.83626e+00 -2.57769e+00 -6.21031e+00
 9.12901e-01  2.61075e+00 -9.31999e-01
 3.48999e-02  1.83867e+00 -8.29429e-01
 1.22766e+00  1.20730e+00 -1.10421e-01
 1.15691e+00  2.49625e+00 -8.91880e-01
 1.03930e+00  2.57153e+00 -8.89462e-01
 1.07957e+00  2.33091e+00 -6.29279e-01
 9.07678e-02  1.44509e+00 -1.30980e+00
 3.76380e+00  4.34139e+00  2.27685e+00
 2.47558e+00  4.10772e+00  2.88766e+00
 2.46585e+00  4.67022e+00  2.82194e+00
 3.87131e+00  3.88741e+00  2.45600e+00
 2.68211e+00  3.80503e+00  3.04954e+00
 3.15088e+00  4.90150e+00  3.22798e+00
 3.74498e+00  4.21720e+00  2.10669e+00
 2.44001e+00  4.62083e+00  2.73694e+00
 2.43221e+00  4.58864e+00  2.80945e+00
 3.67937e+00  4.21296e+00  2.05559e+00
 3.82649e+00  4.61658e+00  2.74931e+00
 3.89199e+00  3.93221e+00  2.58051e+00
 3.86197e+00  3.88649e+00  2.69573e+00
-2.19653e+00  2.84740e+00 -6.36576e+00
-2.16304e+00  2.61008e+00 -6.74605e+00
-1.77034e+00  3.34398e+00 -6.34902e+00
-1.81885e+00  3.33075e+00 -6.29116e+00
 3.97302e+00 -4.85073e+00 -2.01159e+00
-4.18789e+00 -2.31423e+00  1.70213e+00
-5.02015e+00 -2.19547e+00  1.12330e+00
-5.28853e+00 -1.36833e+00  1.56478e+00
-4.76682e+00 -2.47018e+00  1.95764e+00
-4.77205e+00 -1.76893e+00  9.09497e-01
-4.91644e+00 -2.09671e+00  9.80131e-01
-5.39726e+00 -2.34244e+00  1.65779e+00
-4.34441e+00 -2.36770e+00  2.07182e+00
-5.25772e+00 -2.49500e+00  1.74221e+00
-5.16268e+00 -2.54637e+00  1.72807e+00
-4.40030e+00 -2.17540e+00  1.34863e+00
-4.84634e+00 -1.83724e+00  8.96006e-01
-4.37761e+00 -2.15987e+00  2.08621e+00
-4.40388e+00 -2.35878e+00  2.10339e+00
-4.89095e+00 -2.54295e+00  1.83706e+00
-4.26251e+00 -2.43925e+00  1.90746e+00
 7.81587e-01  3.12567e+00  3.64705e+00
 1.65883e+00  2.87831e+00  3.21711e+00
 1.75727e+00  2.90715e+00  3.32348e+00
 1.75455e+00  3.30465e+00  4.40848e+00
 3.89174e-01  3.37725e+00  4.22433e+00
 1.85868e+00  3.14523e+00  4.40011e+00
 4.91152e-01  3.31593e+00  4.44863e+00
 1.87884e+00  3.12630e+00  3.95614e+00
 1.32141e+00  2.62323e+00  3.07641e+00
 4.13632e-01  3.18822e+00  4.43617e+00
 1.90358e+00  3.08748e+00  3.98904e+00
 1.86698e+00  2.78847e+00  3.65813e+00
 1.87530e+00  2.83254e+00  3.60746e+00
 1.89448e+00  3.09240e+00  4.32430e+00
 6.49405e-01  2.76353e+00  4.48035e+00
 3.81084e-01  3.33243e+00  4.30772e+00
 1.06192e+00  2.66998e+00  4.55262e+00
 9.60635e-01  3.43025e+00  4.52916e+00
 7.96706e-01  3.43663e+00  4.50068e+00
 6.55905e+00 -2.49967e-01 -5.61118e-01
 6.71195e+00 -4.93716e-01 -7.02216e-01
 6.76004e+00 -4.70985e-01 -6.41269e-01
 6.15742e+00  5.57898e-01 -1.48224e+00
-6.71079e-01  4.73216e-02  3.19964e+00
-5.05117e-01  7.77343e-01  3.13343e+00
-1.23531e+00  8.25726e-02  3.24343e+00
-8.28755e-01  9.62710e-01  3.97588e+00
-7.06163e-01  1.16316e-01  4.09283e+00
-6.65481e-01  4.70552e-01  2.84682e+00
-1.56235e+00  1.12060e-01  3.38952e+00
-5.43519e-01  7.16918e-02  3.62083e+00
-4.59534e-01  7.94341e-01  3.27664e+00
-7.00951e-01  9.42677e-01  3.96619e+00
-9.05933e-01  8.89838e-01  4.04797e+00
-6.00209e-01  6.15059e-01  2.94620e+00
-8.14706e-01  6.09295e-01  2.75073e+00
-1.18224e+00  9.90812e-01  3.83675e+00
-7.52716e-01  7.22657e-01  4.14797e+00
-6.04852e-01  7.67226e-01  2.98454e+00
 4.04794e+00  4.70687e+00  1.94205e+00
 5.00624e+00  4.99028e+00  1.07962e+00
 4.86564e+00  4.38224e+00  1.60301e+00
 5.30253e+00  4.52871e+00  1.78074e+00
 4.09408e+00  5.25331e+00  1.52726e+00
 4.13584e+00  5.57993e+00  1.48010e+00
 3.63648e+00  5.09259e+00  2.83162e+00
 3.28672e+00  5.05340e+00  3.10410e+00
 3.59283e+00  6.35827e+00  2.10599e+00
 3.15883e+00  6.28067e+00  2.10209e+00
 2.74173e+00  5.73240e+00  2.36811e+00
-3.84931e-01 -2.67499e+00 -1.50683e+00
 5.60437e-01 -3.71141e+00 -7.97552e-01
 9.98346e-01 -3.59920e+00 -9.95830e-01
 4.05884e-01 -2.97338e+00 -1.16879e+00
-4.30074e-01 -3.45388e+00 -1.30351e+00
 8.20790e-02 -2.80975e+00 -1.44678e+00
 1.04607e-01 -3.28793e+00 -1.90749e+00
-1.82181e-01 -3.02782e+00 -2.03525e+00
-4.45263e-01 -3.27868e+00 -1.80381e+00
 9.31850e-01 -3.70008e+00 -9.18152e-01
 9.75874e-01 -3.64835e+00 -1.07735e+00
-5.43281e-01  5.00751e+00 -2.71634e+00
-6.17751e-01  4.95004e+00 -2.71282e+00
-6.58182e-01  6.20268e+00 -1.94573e+00
-6.13735e-01  6.24680e+00 -2.08060e+00
-3.09181e+00 -4.29179e+00  1.72002e+00
-3.05324e+00 -4.36517e+00  2.30354e+00
-3.09412e+00 -4.12093e+00  2.57132e+00
-2.88220e+00 -4.34610e+00  2.50477e+00
-2.87847e+00 -4.21919e+00  2.66976e+00
-3.23770e+00 -3.57413e+00  1.85648e+00
-3.31918e+00 -3.13415e+00  2.14087e+00
 7.31370e-02 -1.64606e+00 -5.98789e+00
 7.47131e-01 -1.30381e+00 -6.41449e+00
 6.09576e-01 -1.42409e+00 -6.51975e+00
 9.58384e-01 -1.20968e+00 -5.49056e+00
 8.49562e-01 -1.48009e+00 -6.50957e+00
 6.82887e-01 -1.33565e+00 -6.43705e+00
 7.83442e-01 -1.39697e+00 -6.52325e+00
 2.11879e-02 -1.86440e+00 -6.46282e+00
 8.33769e-01 -1.56602e+00 -6.51271e+00
 7.69248e-01 -1.40211e+00 -6.52615e+00
 1.64041e+00 -4.72441e+00  4.39664e+00
 1.89240e+00 -3.51495e+00  4.53240e+00
 1.73899e+00 -3.44416e+00  5.00068e+00
 1.37096e+00 -4.53994e+00  5.59906e+00
 1.55765e+00 -4.39212e+00  5.69122e+00
 1.36936e+00 -4.52313e+00  5.60657e+00
 1.83986e+00 -4.81653e+00  4.43868e+00
 1.63258e+00 -4.84591e+00  4.42887e+00
 1.82208e+00 -4.74103e+00  4.41672e+00
 2.25628e+00 -3.52092e+00  5.01089e+00
 1.62230e+00 -3.47725e+00  4.50369e+00
 1.55718e+00 -3.43786e+00  4.79416e+00
-2.03407e+00  6.03078e+00 -1.73592e+00
-1.88744e+00  6.02062e+00 -1.91815e+00
-1.94827e+00  6.08696e+00 -1.16179e+00
-1.45492e+00  6.44804e+00 -1.54131e+00
-1.62676e+00  6.25761e+00 -1.37453e+00
-1.85234e+00  6.02878e+00 -1.26669e+00
-1.97113e+00  6.26705e+00 -1.07367e+00
-1.79291e+00  6.02498e+00 -1.31944e+00
-2.11043e+00  6.23093e+00 -1.02038e+00
-1.90469e+00  6.04509e+00 -1.21531e+00
-1.89353e+00  6.03119e+00 -1.24466e+00
-2.03284e+00  6.27384e+00 -2.56647e+00
-2.35848e+00  6.12105e+00 -2.42263e+00
-2.06094e+00  6.24311e+00 -2.57175e+00
-2.12643e+00  6.08938e+00 -2.46034e+00
-1.71611e+00  6.01687e+00 -1.59805e+00
-1.47415e+00  6.35941e+00 -1.67001e+00
 7.60217e-01  5.87841e+00  2.53271e+00
 1.66501e-01  6.22744e+00  2.16092e+00
 4.85172e-01  6.71770e+00  2.17937e+00
 3.57260e-01  6.60284e+00  2.15007e+00
 9.77619e-01  6.30749e+00  2.52001e+00
 7.33991e-01  6.69090e+00  2.30325e+00
 8.45643e-01  5.96823e+00  2.54878e+00
 9.53383e-01  6.45338e+00  2.46965e+00
-4.56732e+00 -2.39808e+00 -3.80505e+00
-4.90219e+00 -2.72562e+00 -3.32440e+00
-4.77494e+00 -1.18661e+00 -3.53233e+00
-5.02733e+00 -1.29529e+00 -2.39943e+00
-4.83865e+00 -2.72529e+00 -2.94177e+00
-4.70168e+00 -2.64769e+00 -2.70625e+00
-5.21913e+00 -1.14979e+00 -3.38257e+00
-4.82993e+00 -2.36059e+00 -2.46155e+00
-5.00715e+00 -2.45298e+00 -3.63603e+00
-3.70057e+00 -1.79896e+00 -3.14299e+00
-4.33463e+00 -1.20542e+00 -3.42480e+00
-4.50207e+00 -1.43645e+00 -2.19459e+00
-4.78019e+00 -2.57959e+00 -3.70421e+00
-4.55368e+00 -1.36594e+00 -3.73384e+00
-3.82366e+00 -1.39210e+00 -3.20777e+00
-4.15378e+00 -1.25128e+00 -3.43800e+00
-5.19647e+00 -1.52022e+00 -3.68077e+00
-4.70515e+00 -1.57261e+00 -3.85561e+00
-5.19556e+00 -1.14065e+00 -3.23005e+00
-4.06680e+00 -2.16851e+00 -2.53045e+00
-4.93646e+00 -1.27999e+00 -2.36909e+00
-4.95037e+00 -1.13824e+00 -2.98366e+00
-4.31998e+00 -2.10329e+00 -2.31893e+00
-4.72727e+00 -2.44496e+00 -2.46936e+00
-4.92657e+00 -1.73355e+00 -2.30737e+00
-4.48582e+00 -1.49888e+00 -2.18080e+00
-3.96981e+00 -2.08536e+00 -2.57983e+00
-4.31225e+00 -1.81881e+00 -2.24153e+00
 3.63077e+00  2.99677e+00 -4.69227e+00
 2.84448e+00 -3.00295e-01  1.65081e+00
 3.26717e+00 -2.80849e-01  2.25390e+00
 3.46000e+00  5.11484e-01  2.37728e+00
 4.06483e+00  3.12487e-01  2.54737e+00
 4.37573e+00 -4.79781e-01  2.57906e+00
 5.39171e+00 -2.70830e+00  2.08129e+00
 4.59612e+00 -3.83236e+00  2.50002e+00
 4.96977e+00 -2.80401e+00  3.57040e+00
 5.07190e+00 -2.97390e+00  3.60042e+00
 5.07382e+00 -3.42813e+00  3.40049e+00
-5.85341e+00  1.80582e+00  2.17473e+00
-5.56572e+00  1.95119e+00  1.46988e+00
-5.89278e+00  1.92358e+00  1.96124e+00
-5.69388e+00  1.76143e+00  2.93909e+00
-5.33386e+00  2.38769e+00  2.99281e+00
-5.36403e+00  1.84889e+00  3.07220e+00
-5.41106e+00  1.98453e+00  3.09904e+00
-4.29369e+00  2.46956e+00  2.09290e+00
-5.91041e+00  2.75611e+00  1.68429e+00
-5.66223e+00  1.67601e+00  3.00533e+00
-5.65255e+00  1.62118e+00  2.99363e+00
-2.87255e+00  5.17780e+00  3.86537e+00
-3.12574e+00  5.33761e+00  3.72038e+00
 4.66501e+00  2.56360e+00  3.63700e+00
 5.69014e+00  2.42770e+00  3.37222e+00
 4.56783e+00  2.64985e+00  3.51427e+00
 5.27412e+00  2.85708e+00  2.72571e+00
 5.33555e+00  2.82792e+00  2.75219e+00
 4.52368e+00  3.26677e+00  3.49105e+00
 5.67613e+00  2.39267e+00  3.45015e+00
 5.31511e+00 -2.59997e+00  1.74619e+00
 4.91966e+00 -2.83449e+00  1.39229e+00
 5.49072e+00 -2.55895e+00  9.84276e-01
 5.40961e+00 -2.51543e+00  1.00590e+00
 4.65369e+00 -3.24271e+00  1.58851e+00
 4.46559e+00 -3.81900e+00  2.22584e+00
 5.42116e+00 -2.52035e+00  9.96068e-01
 5.44932e+00 -2.74855e+00  9.59656e-01
 5.44948e+00 -2.74833e+00  9.59537e-01
 4.54630e+00 -3.87028e+00  2.46995e+00
 4.75896e+00 -3.84274e+00  2.21301e+00
 5.52897e+00 -2.73172e+00  9.55139e-01
 5.76270e+00 -2.92828e+00  1.11013e+00
 5.62801e+00 -2.82443e+00  1.01716e+00
 4.53077e+00 -3.87720e+00  2.49176e+00
 4.44749e+00 -3.40916e+00  1.69634e+00
 4.31355e+00 -3.88069e+00  2.41430e+00
 4.40870e+00 -2.83167e+00  1.53690e+00
 4.25220e+00 -3.87008e+00  2.34495e+00
 4.32615e+00 -3.81506e+00  2.15084e+00
 4.24929e+00 -3.87348e+00  2.35765e+00
 4.24740e+00 -3.87234e+00  2.35699e+00
 1.44896e+00 -3.80457e+00 -5.00071e+00
 4.99358e-01  6.91034e+00  1.61880e+00
 6.50178e-01  6.99813e+00  1.56142e+00
 4.99037e-01  6.91030e+00  1.61887e+00
-3.08527e+00  5.26715e+00  1.43075e+00
-3.02882e+00  5.35087e+00  1.39837e+00
-3.39666e+00  4.88861e+00  1.14558e+00
-3.34868e+00  5.03749e+00  1.17450e+00
-3.15917e+00  5.23756e+00  1.35308e+00
-3.07081e+00  4.94773e+00  1.49990e+00
-1.55603e+00  5.08121e+00  3.12183e-01
-1.70488e+00  5.15416e+00  2.74624e-01
-2.20808e+00  4.97693e+00  1.02950e-01
-2.67785e+00  4.64801e+00 -7.45596e-02
-2.96318e+00  4.69390e+00  5.56888e-04
-2.92901e+00  4.75417e+00 -2.06491e-02
-1.43575e+00  5.13805e+00  4.83880e-01
-1.60166e+00  5.35658e+00  6.09503e-01
-1.43014e+00  5.12979e+00  5.76352e-01
 3.45385e+00 -2.12031e+00 -8.29392e-02
 3.98054e+00 -1.82726e+00 -1.26294e+00
 3.66441e+00 -1.43657e+00 -1.00547e+00
 4.17732e+00 -2.55632e+00 -1.03662e+00
 3.37614e+00 -1.37514e+00 -5.36118e-01
 1.37945e-01 -5.92486e-01 -1.38292e+00
 3.97011e-01 -6.10304e-01 -1.41448e+00
 4.49638e-01 -1.00060e+00 -1.68981e+00
-4.39820e-01 -1.04658e+00 -1.18516e+00
-4.60816e-02 -7.37434e-01 -1.48335e+00
 3.96358e-01 -9.44412e-01 -1.67484e+00
 8.35670e-01 -1.21136e+00 -1.64542e+00
-2.08334e+00 -9.84326e-01 -6.44044e+00
-8.87243e-01 -6.89328e-01 -6.47604e+00
-1.87708e+00 -1.24073e+00 -6.16239e+00
-4.52410e-01 -1.75240e+00 -6.38868e+00
-4.13057e-01 -1.65233e+00 -6.53210e+00
-8.06512e-01 -7.56346e-01 -6.36656e+00
-1.94605e+00 -8.38386e-01 -6.50640e+00
-8.69098e-01 -9.50360e-01 -6.11515e+00
-1.55327e+00 -1.03249e+00 -6.15416e+00
-1.98827e+00 -8.65785e-01 -6.47827e+00
 3.68927e+00  2.67822e+00  3.54391e+00
 3.01555e+00  3.47898e+00  4.58919e+00
 4.22489e+00  3.43210e+00  3.36654e+00
 3.54066e+00  2.76635e+00  4.26320e+00
 2.98535e+00  3.52550e+00  4.57014e+00
 3.45196e+00  2.79573e+00  4.24185e+00
 2.98614e+00  3.52092e+00  4.37683e+00
 3.46524e+00  2.76698e+00  3.77263e+00
 4.04989e+00  3.12916e+00  3.29687e+00
 4.14137e+00  3.50035e+00  3.28659e+00
-4.43038e+00  3.21801e-01 -3.90338e+00
-4.43963e+00  6.59590e-02 -3.92352e+00
-4.69514e+00 -4.89853e-01 -4.59972e+00
-4.40839e-01  1.45329e+00  3.99819e+00
-8.68404e-01  1.84063e+00  4.62079e+00
-1.66225e+00  1.57988e+00  4.24160e+00
-5.21810e-01  1.92044e+00  3.85113e+00
-1.06887e+00  8.98385e-01  4.70274e+00
-7.09026e-01  1.37860e+00  4.80122e+00
-1.34876e+00  9.97955e-01  4.53022e+00
-4.70852e-01  1.48620e+00  4.21579e+00
-4.31766e-01  1.66308e+00  3.94913e+00
-1.63543e+00  1.61515e+00  4.24905e+00
-7.53893e-01  1.93491e+00  3.76078e+00
-5.99116e-01  1.97302e+00  3.94740e+00
-8.24134e-01  1.91339e+00  3.73991e+00
-1.57957e+00  1.09855e+00  4.10546e+00
-1.63309e+00  1.64710e+00  3.77807e+00
-1.64331e+00  1.17875e+00  4.02211e+00
-1.60921e+00  1.11892e+00  3.93702e+00
 1.26970e+00  5.29188e+00 -1.72741e+00
 2.05425e+00  4.86109e+00 -1.66369e+00
 9.48063e-01  4.03934e+00 -1.67832e+00
 8.37231e-01  4.54095e+00 -1.43075e+00
 9.27784e-01  4.07790e+00 -1.68886e+00
 2.02482e+00  5.20434e+00 -1.22507e+00
 9.97488e-01  3.98027e+00 -1.66326e+00
 1.01599e+00  3.96943e+00 -1.58079e+00
 1.49385e+00  5.44108e+00 -1.84037e+00
 1.41969e+00  3.91150e+00 -6.26073e-01
 1.40135e+00  5.33961e+00 -1.87488e+00
 1.80320e+00  5.06348e+00 -1.82508e+00
 1.34377e+00  4.86465e+00 -1.95387e+00
 1.48858e+00  4.77350e+00 -1.93475e+00
-2.70743e+00  2.99564e+00  2.67530e-01
-6.72618e-02 -1.86595e+00 -6.49604e+00
-2.93353e-01  1.03730e+00 -5.64180e+00
-1.24859e-01  1.37091e+00 -5.65537e+00
-7.25739e-01  1.43962e+00 -4.84911e+00
-2.58518e-01  1.44167e+00 -4.21973e+00
 8.20354e-01  1.00160e+00 -4.40396e+00
-7.28405e-01  1.43357e+00 -4.84936e+00
-2.68706e-01 -2.67665e-02 -4.85111e+00
-1.16946e-01 -4.44778e-02 -4.77480e+00
-3.80764e-01  1.01632e+00 -4.14918e+00
 6.35423e-01  1.30571e+00 -4.39629e+00
 4.59907e-02  1.35796e+00 -5.73541e+00
-2.61018e-01  1.07821e+00 -5.65832e+00
-6.91174e-01  8.48997e-01 -4.47543e+00
-5.96241e-01  5.41292e-01 -4.47087e+00
-6.62043e-02  3.15950e-01 -4.37250e+00
 1.14346e-01  5.86587e-01 -4.20991e+00
 8.21098e-01  9.84959e-01 -4.40238e+00
 9.67867e-01  7.17714e-01 -4.88122e+00
 5.68026e-01  1.33942e+00 -5.50401e+00
 9.24691e-01  1.33761e+00 -5.09996e+00
 5.95407e-01  1.38603e+00 -4.41441e+00
-8.51847e-02  1.43054e+00 -4.25556e+00
-9.75272e-02  5.54997e-01 -4.16140e+00
-1.08654e-01  5.32195e-01 -4.17654e+00
-4.29733e-01  6.03510e-01 -4.30317e+00
-3.30337e-01  8.63431e-01 -4.14396e+00
 9.82441e-01  1.21631e+00 -5.06646e+00
 1.00290e+00  1.02676e+00 -5.09327e+00
-2.64247e+00 -1.34204e+00 -6.53204e+00
-3.27863e+00 -1.49095e+00 -6.31001e+00
-2.65674e+00 -1.09137e+00 -6.58481e+00
-2.62017e+00 -1.18431e+00 -6.57449e+00
-3.29328e+00 -2.81677e+00  3.27863e-01
-3.80757e+00 -2.58693e+00  5.90612e-01
-2.60184e+00 -2.36097e+00  5.34353e-01
-2.43413e+00 -2.23086e+00  9.24508e-01
-3.84059e+00 -1.71008e+00  5.54906e-01
-3.54739e+00 -1.96238e+00  1.39384e+00
-2.79881e+00 -2.63028e+00  1.77813e-01
-3.60697e+00 -1.65390e+00  4.25759e-01
-3.84003e+00 -1.70313e+00  5.69280e-01
-2.91592e+00 -2.61220e+00  1.12309e-01
-3.76770e+00 -2.37326e+00  1.43990e+00
-3.51451e+00 -1.62245e+00  1.08043e+00
-3.64624e+00 -1.52963e+00  7.35528e-01
 5.38936e+00 -2.01692e+00  8.34359e-01
 4.45635e+00 -2.79920e+00  4.70955e-01
 4.73337e+00 -3.20567e+00  5.14710e-01
 4.99473e+00 -3.63897e+00  7.41049e-02
 5.57638e+00 -2.81997e+00  8.40180e-01
 4.38889e+00 -3.29778e+00  9.12188e-02
 4.24988e+00 -2.85877e+00  2.14425e-01
 5.37295e+00 -2.04481e+00  8.49867e-01
 5.28187e+00 -2.18107e+00  9.07306e-01
 5.83317e+00 -3.18068e+00 -2.92978e-01
 5.32583e+00 -2.17968e+00  9.13242e-01
 4.86295e+00 -3.24009e+00  5.69429e-01
 5.73381e+00 -3.35790e+00  1.78148e-01
 5.40662e+00 -2.49867e+00  9.93848e-01
 5.16782e+00 -2.31340e+00  9.19809e-01
 5.44366e+00 -2.02076e+00  8.16111e-01
 4.58403e+00 -2.62094e+00 -5.23095e-01
 4.43901e+00 -2.45534e+00 -9.16840e-02
 4.39404e+00 -3.30805e+00  7.99244e-02
 5.07362e+00 -3.65180e+00  3.61830e-02
 5.38932e+00 -3.32956e+00 -5.68858e-01
 5.60439e+00 -3.19994e+00 -6.48049e-01
-3.52658e+00  1.27789e-01  5.51899e+00
-3.58095e+00  2.12047e-01  5.45110e+00
-4.03399e+00  6.39016e-01  5.50095e+00
-3.43613e+00 -6.48019e-01  5.68775e+00
-3.46427e+00 -6.64244e-01  5.65824e+00
-3.45956e+00 -6.68842e-02  5.49711e+00
-3.54124e+00  3.73745e-02  5.36919e+00
-5.65717e+00  2.21643e+00  7.04349e-01
-5.50784e+00  3.56451e+00  3.19481e-01
-6.36164e+00  2.64115e+00  1.31301e+00
-5.64776e+00  2.20287e+00  7.25556e-01
-5.70944e+00  2.20614e+00  7.10765e-01
-6.28002e+00  2.31335e+00  7.19778e-01
-6.46943e+00  2.44933e+00  9.12962e-01
-2.27617e-01  9.09910e-01  1.33219e+00
-2.02853e-01  1.65003e+00  2.67551e+00
-3.67530e-01  4.17794e-01  2.17380e+00
 6.25442e-01  1.70885e+00  1.92553e+00
-3.68788e-01  1.12623e+00  1.25521e+00
 3.59040e-01  1.67885e+00  2.70826e+00
-3.96081e-01  4.39298e-01  2.18713e+00
-3.48425e-01  4.11733e-01  2.15406e+00
-6.84065e-01  1.63766e+00  2.04601e+00
-6.02779e-01  9.75984e-01  2.46777e+00
 1.21717e-01  1.68888e+00  1.60941e+00
 7.77093e-01  1.53557e+00  1.80751e+00
-3.75335e-01  1.16878e+00  1.23392e+00
-5.73628e-01  1.65384e+00  1.53835e+00
 7.43792e-01  1.09242e+00  1.26122e+00
-2.77715e-01  1.45878e+00  2.66755e+00
-6.27602e-03  1.65911e+00  2.73637e+00
 5.25551e-01  1.68999e+00  2.59131e+00
 7.81125e-01  1.44471e+00  2.18575e+00
-1.02248e+00  5.51366e+00  3.86842e+00
-1.83423e+00  5.31599e+00  4.26216e+00
-1.84878e+00  5.30844e+00  4.26755e+00
-2.08136e+00  5.31133e+00  4.15411e+00
-1.80444e+00  4.70037e+00  3.98817e+00
-1.87513e+00  5.27110e+00  4.26744e+00
-2.55920e+00  5.06818e+00  3.69939e+00
-1.93234e+00  4.48112e+00  3.77840e+00
-2.26262e+00  4.29834e+00  3.45570e+00
 4.84904e+00 -3.18843e+00  4.09809e+00
 4.22140e+00 -3.36777e+00  4.44041e+00
 4.21573e+00 -3.49690e+00  4.41573e+00
 4.82715e+00 -3.39970e+00  4.06537e+00
-2.93125e-01 -4.75955e+00  2.03025e+00
 7.34785e-01 -4.34108e+00  3.01636e+00
 7.77927e-01  1.08674e+00  3.07430e+00
 1.12805e+00  2.96321e-01  2.43313e+00
 1.22473e+00  9.08696e-01  2.74231e+00
-3.64904e-01  3.71116e-01  2.17798e+00
 1.04281e+00  1.37256e+00  2.67888e+00
-3.35939e-01  2.56492e-01  2.20332e+00
 1.23625e+00  7.89916e-01  2.79170e+00
-3.39230e-01  2.60587e-01  2.20367e+00
-3.20730e-01  2.42962e-01  2.21947e+00
 6.17521e-01  1.69473e+00  2.91739e+00
 4.94579e-01  1.75410e+00  2.81498e+00
 1.22944e+00  8.89749e-01  2.74748e+00
 1.22752e+00  8.94950e-01  2.73879e+00
-3.28676e+00  3.28827e+00 -4.60250e+00
-4.32077e+00  2.78047e+00 -4.09931e+00
-3.62037e+00  3.15769e+00 -3.97897e+00
-3.27319e+00  3.87715e+00 -4.55406e+00
-3.69739e+00  4.28230e+00 -3.68894e+00
-4.26854e+00  3.46513e+00 -3.33058e+00
-4.12473e+00  3.55634e+00 -3.28995e+00
-3.94753e+00  3.62338e+00 -3.29237e+00
-3.74959e+00  4.30848e+00 -3.65703e+00
-3.72577e+00  4.27956e+00 -3.63485e+00
 2.08886e+00  3.81342e+00  5.06694e+00
 2.16418e+00  3.73046e+00  5.08883e+00
 2.09600e+00  3.94132e+00  5.00501e+00
 2.62964e+00  3.64780e+00  5.02135e+00
-1.39313e+00  3.57640e+00 -7.92258e-01
-7.71742e-01  2.60288e+00  5.98166e-03
-6.20891e-02  2.58831e+00  1.91540e-01
-9.05720e-01  2.58793e+00 -5.50124e-01
-4.56143e-01  2.96799e+00 -1.04270e+00
-2.87240e-01  4.07202e+00 -9.56370e-02
-1.52106e-01  4.01699e+00 -2.66094e-01
-5.78134e-01  3.49795e+00 -1.25989e+00
-7.19982e-01  2.43932e+00 -4.18290e-01
-1.24974e+00  2.93419e+00 -5.26274e-01
-3.28125e-01  4.07281e+00 -7.91417e-02
-5.39622e-02  3.45174e+00  7.74935e-01
-2.94842e-01  4.07264e+00 -8.05408e-02
 1.20824e-01  3.39216e+00  5.28730e-01
-1.29006e-01  3.34447e+00  7.89408e-01
-2.88140e-01  2.75623e+00  5.72356e-01
-7.93253e-02  3.43805e+00  7.95319e-01
 2.60127e+00 -5.91988e+00  5.40186e-01
-4.35251e+00 -2.80134e+00  4.69854e+00
-4.73237e+00 -2.40406e+00  3.34467e+00
-4.91407e+00 -2.77665e+00  4.02085e+00
-4.71372e+00 -2.41677e+00  3.34506e+00
-4.73579e+00 -2.42426e+00  3.33949e+00
 3.36545e-01  1.46653e-01  3.56165e+00
 1.12417e+00 -6.11370e-01  4.49163e+00
 4.89446e-01  3.59578e-01  3.83414e+00
 5.37599e-01  2.99086e-01  3.70688e+00
 1.14047e+00 -6.32687e-01  4.45991e+00
 8.42255e-01 -1.53850e+00  4.16284e+00
 9.82666e-01 -9.62487e-01  4.58058e+00
 4.59989e-01 -3.98595e-01  3.06490e+00
 7.35030e-01  3.02125e-02  3.46562e+00
 4.45924e-01 -4.70910e-01  3.06011e+00
 4.11245e-01 -4.16657e-01  3.04702e+00
 1.08536e-01 -1.20486e-01  3.31048e+00
 4.90553e-01 -1.24205e+00  4.57042e+00
 8.21591e-01 -1.53300e+00  4.21217e+00
 1.03570e+00 -1.10056e+00  4.45348e+00
 1.05191e+00 -1.09393e+00  4.43161e+00
 3.13327e+00  4.92835e+00  3.23789e+00
 2.48853e+00  5.08790e+00  3.08982e+00
 5.16805e+00  4.45577e+00 -3.79318e-01
 5.01030e+00  4.43838e+00  1.29112e-01
 5.12190e+00  4.51416e+00 -4.55548e-01
 4.50696e+00  4.73215e+00  5.13627e-01
-5.88404e+00 -1.26141e+00  1.67946e+00
-5.08000e+00 -6.57298e-01  3.00816e-01
-5.96684e+00 -1.27747e+00  1.57669e+00
-5.71812e+00 -1.38686e+00  6.15149e-01
-5.92141e+00 -1.24001e+00  1.66980e+00
-6.04355e+00 -3.15498e-01  9.20228e-01
-6.01941e+00 -2.78671e-01  9.78551e-01
-5.80084e+00 -1.22688e+00  3.28222e-01
-6.21402e+00 -8.03637e-01  7.39995e-01
-5.58297e+00 -1.24627e+00  1.70472e+00
-5.04662e+00 -6.45326e-01  3.18095e-01
-5.11011e+00 -9.08967e-02  1.22421e+00
-4.90754e+00 -2.24802e-01  9.93047e-01
-4.70488e+00 -7.18818e-01  7.47301e-01
-5.49046e+00 -8.96674e-01  1.61568e+00
-5.92448e+00 -1.23661e+00  1.66854e+00
-4.71339e+00 -7.05887e-01  7.22323e-01
-4.70284e+00 -6.98341e-01  7.45859e-01
 1.27365e+00  2.40492e+00 -3.31184e+00
 1.97506e+00  3.53619e+00 -4.03184e+00
 1.75756e+00  3.01754e+00 -2.87698e+00
 1.61559e+00  3.74364e+00 -3.06543e+00
 1.74303e+00  3.01160e+00 -2.87112e+00
 1.47279e+00  3.18088e+00 -2.84975e+00
 2.36007e+00  3.64733e+00 -3.24025e+00
 1.60805e+00  2.67439e+00 -4.05810e+00
 1.14775e+00  3.76835e+00 -3.15186e+00
 1.41260e+00  3.68744e+00 -2.99192e+00
 2.34648e+00  3.56321e+00 -3.70770e+00
 1.47529e+00  2.78651e+00 -4.21684e+00
 1.69861e+00  3.57411e+00 -3.95510e+00
 1.42296e+00  2.49562e+00 -3.84658e+00
 1.35121e+00  2.76238e+00 -4.19868e+00
 2.30065e+00  2.00730e+00 -3.20167e+00
 2.14130e+00  2.20974e+00 -3.89834e+00
 2.33106e+00  2.15095e+00 -3.83251e+00
 2.59603e+00  2.32171e+00 -3.71927e+00
 2.60688e+00  2.33725e+00 -3.71391e+00
 2.51925e+00  3.16395e+00 -2.58402e+00
 1.31338e+00  2.27038e+00 -3.36462e+00
 1.41024e+00  2.33148e+00 -3.71281e+00
 2.34831e+00  2.03656e+00 -3.17372e+00
-2.85787e+00  5.14419e+00  2.29025e+00
-3.49110e+00  4.51146e+00  2.21815e+00
-3.06465e+00  5.48048e+00  1.75595e+00
-3.09158e+00  5.40314e+00  1.70243e+00
-3.06900e+00  4.90413e+00  1.82212e+00
-3.31576e+00  4.50278e+00  2.10018e+00
-3.07917e+00  5.47528e+00  2.87501e+00
-3.02853e+00  5.39780e+00  2.81038e+00
-3.81616e+00  4.65679e+00  2.90115e+00
-3.78303e+00  1.25404e+00 -4.02245e+00
-3.98545e+00  1.28556e+00 -3.88838e+00
-3.77877e+00  1.53407e+00 -4.55420e+00
-4.40029e+00  1.58866e+00 -4.06304e+00
-3.46917e+00  2.19281e+00 -3.13896e+00
-4.10039e+00  2.31222e+00 -3.81115e+00
-4.41770e+00  1.82614e+00 -3.97728e+00
-3.89711e+00  2.19416e+00 -3.44809e+00
-4.26410e+00  2.20239e+00 -3.98109e+00
-3.77794e+00  1.53727e+00 -4.55852e+00
-3.77935e+00  1.53624e+00 -4.55774e+00
-5.83803e+00  7.80313e-01  3.59442e+00
-5.66026e+00  9.27691e-01  3.81051e+00
-5.18237e+00  1.01152e+00  4.29016e+00
-5.18279e+00  8.22975e-02  4.08862e+00
-5.05370e+00  1.31911e-01  4.12680e+00
-5.17698e+00  7.80140e-02  4.10484e+00
-5.63817e+00  4.44613e-02  3.85962e+00
-5.55443e+00  3.23315e-01  3.71477e+00
-9.78777e-01  4.94661e-01 -6.43985e+00
-1.13262e+00  5.16030e-01 -6.11857e+00
 6.41626e-02  1.14669e+00 -5.87309e+00
 3.74616e-01  9.36529e-01 -6.10377e+00
-2.94195e-01  1.02997e+00 -5.65244e+00
-2.79602e-01  1.04736e+00 -5.66178e+00
 2.97787e-01  1.02436e+00 -6.01129e+00
 3.89003e-01  9.41757e-01 -6.08475e+00
-3.14834e-01  4.64901e-02 -5.61198e+00
 4.04441e-01  5.83687e-01 -6.06345e+00
-2.29690e-02  1.48278e-01 -5.79187e+00
-1.12539e+00  4.40694e-01 -6.06971e+00
-1.14015e+00  4.90864e-01 -6.08030e+00
-7.13748e-01 -2.99716e-01 -6.34139e+00
-6.60881e-01 -1.56837e-01 -5.78790e+00
 3.82315e-01  9.58948e-01 -6.06070e+00
 4.00034e-01  9.10998e-01 -6.07008e+00
-5.76402e-01 -5.44715e+00 -2.73402e+00
-1.70034e+00 -5.84724e+00 -3.23829e+00
-7.45960e-01 -5.26330e+00 -2.72466e+00
-1.50810e+00 -5.72050e+00 -3.31666e+00
-5.70402e-01 -5.73966e+00 -2.90165e+00
-6.09085e-01 -5.40715e+00 -2.74007e+00
-1.44072e+00 -5.38692e+00 -3.10640e+00
-1.92153e+00 -5.24239e+00 -2.47254e+00
-1.95584e+00 -5.33707e+00 -2.37690e+00
-1.70973e+00 -5.84793e+00 -3.22994e+00
-1.88668e+00 -5.27044e+00 -2.58710e+00
-4.45797e-01 -5.70208e+00 -2.54598e+00
-4.41966e-01 -5.68994e+00 -2.75544e+00
-5.35733e+00 -4.01338e+00 -1.70611e+00
-5.11517e+00 -4.25927e+00 -1.52494e+00
-5.07677e+00 -4.43545e+00 -1.92056e+00
-5.35635e+00  2.87589e+00  3.53817e+00
-4.37951e+00  3.21543e+00  1.90334e+00
-4.12637e+00  2.63851e+00  2.32787e+00
-5.26120e+00  2.65780e+00  3.57447e+00
-4.43730e+00  2.94899e+00  3.41342e+00
-3.69454e+00  5.78638e+00 -2.15038e+00
-3.71038e+00  5.81595e+00 -2.29433e+00
-3.70931e+00  5.81217e+00 -2.29569e+00
-2.19804e+00 -4.23026e-01  2.40850e-01
-1.65611e+00 -1.48097e+00  4.73985e-01
-1.35290e+00 -5.71791e-01  8.34101e-01
-1.98838e+00 -1.15410e+00  2.81812e-01
 1.14925e+00  2.12740e+00  5.75717e+00
 6.69697e-01  1.06438e+00  6.69179e+00
 9.60829e-01  2.07986e+00  6.43189e+00
 1.80385e+00  6.55077e-01  6.62122e+00
 1.95523e+00  8.67562e-01  6.70909e+00
 1.90927e+00  1.28872e+00  5.50624e+00
 2.05502e+00  1.03978e+00  5.48704e+00
 2.43572e+00  1.40911e+00  5.89874e+00
 1.06882e+00  2.15890e+00  6.48047e+00
 5.52732e-01  2.07030e+00 -3.12307e+00
 1.24885e+00  2.36239e+00 -3.26656e+00
 5.48950e-01  2.03847e+00 -3.12891e+00
 5.98253e-01  2.41490e+00 -1.97365e+00
 5.00600e-01  1.61354e+00 -2.70264e+00
 1.27858e+00  2.23454e+00 -3.30342e+00
 1.07236e+00  1.94275e+00 -3.30586e+00
 6.11167e+00  3.09592e+00  5.12908e-01
 6.32350e+00  3.60259e+00  1.76306e-01
 5.68972e+00  3.67517e+00  1.02979e+00
 5.96549e+00  3.66551e+00  2.91004e-01
 5.99072e+00  3.02980e+00  5.94828e-01
 5.94752e+00  3.70590e+00  3.15893e-01
 5.95926e+00  2.93416e+00  7.35725e-01
 6.32857e+00  3.59510e+00  1.77938e-01
-5.84460e+00 -1.76287e+00  2.52809e-01
-5.90356e+00 -1.27743e+00  2.59348e-03
-5.43418e+00 -2.22738e+00  2.01051e-01
-4.91866e+00 -2.14551e+00  5.35540e-01
-5.15886e+00 -2.32525e+00  3.48043e-02
-4.64143e+00 -2.22213e+00  1.09577e-01
-5.04522e+00 -2.30958e+00  1.02742e-01
-4.74517e+00 -2.24036e+00  2.01599e-01
-4.94879e+00 -2.10323e+00  6.30611e-01
-4.26423e+00 -1.60949e+00  5.59948e-01
-4.59100e+00 -1.90946e+00 -5.69535e-01
-5.06729e+00 -6.43360e-01  2.58459e-01
-5.51448e+00 -9.21253e-01 -5.36629e-01
-5.39706e+00 -9.71910e-01 -6.02036e-01
-5.14164e+00 -1.02102e+00 -6.38089e-01
-4.72549e+00 -1.91897e+00 -5.71676e-01
-4.76224e+00 -1.74979e+00 -6.45551e-01
-5.14576e+00 -6.53133e-01 -3.00672e-01
-5.37124e+00 -8.15888e-01 -4.57963e-01
-5.47238e+00 -9.29762e-01 -5.66018e-01
-5.11230e+00 -2.32674e+00  4.33627e-02
-4.69474e+00 -2.24052e+00 -4.25598e-02
-3.12253e+00  1.00587e+00 -1.90833e+00
-3.06749e+00  1.06447e+00 -2.05607e+00
-2.00687e+00  6.49904e-02 -2.15411e+00
-1.74189e+00  1.11673e-01 -1.75149e+00
-1.51975e+00  4.86646e-01 -1.70618e+00
-2.78670e+00  7.12579e-01 -2.54206e+00
-3.06167e+00  1.07116e+00 -2.05039e+00
-2.76320e+00  2.90893e-01 -2.66103e+00
-3.12093e+00  1.00582e+00 -1.98865e+00
 4.67913e+00  3.52053e-02  3.44519e+00
 4.78073e+00  5.88873e-01  3.40353e+00
 4.65142e+00  1.99051e-01  3.91050e+00
 4.91288e+00 -1.97296e-01  4.01846e+00
 6.03579e+00 -7.03557e-02  4.25835e+00
 5.19965e+00  1.24093e+00  3.28624e+00
 5.20314e+00  1.21758e+00  3.23837e+00
 5.22096e+00  1.75221e-01  3.09443e+00
 5.91010e+00  5.36227e-01  3.13221e+00
 5.77274e+00  1.77175e-01  3.08512e+00
 5.90944e+00 -1.73844e-01  3.95237e+00
 4.81407e+00 -1.62458e-01  4.14125e+00
 5.03299e+00  5.69415e-01  4.36180e+00
 4.78322e+00  5.16282e-01  3.27826e+00
 4.91206e+00  6.71375e-01  3.16816e+00
 5.01331e+00  5.41428e-01  4.36072e+00
 4.95054e+00 -1.00876e-01  4.31475e+00
 4.61906e+00 -7.72108e-03  3.87994e+00
 4.67765e+00  3.20878e-02  3.45292e+00
 4.99125e+00 -1.65235e+00  8.33645e-01
 3.90311e+00 -2.58984e+00  1.99177e-01
 3.52265e+00 -2.16464e+00  4.63059e-01
 4.19047e+00 -2.27172e+00  1.39817e+00
 3.59005e+00 -1.77183e+00  1.20433e+00
 4.12848e+00 -2.67755e+00  9.27917e-01
 3.63426e+00 -1.72557e+00  3.35003e-01
 4.35434e+00 -1.97484e+00  6.80238e-03
 5.38722e+00 -2.00136e+00  8.38036e-01
 4.17247e+00 -2.84288e+00  2.71042e-01
 5.32184e+00 -1.82942e+00  8.44730e-01
 5.03452e+00 -1.75307e+00  6.37530e-01
 4.10410e+00 -2.19289e+00  1.42600e+00
 4.31638e+00 -2.46139e+00  1.27834e+00
 4.11657e+00 -1.66761e+00  1.35326e+00
 5.16845e+00 -1.72410e+00  8.98600e-01
 4.16921e+00 -2.66983e+00  9.62388e-01
 3.77782e+00 -1.47201e+00  9.41971e-01
 3.57407e+00 -2.04274e+00  3.17566e-01
 4.08077e+00 -1.45241e+00  1.01153e+00
 3.76329e+00 -1.47708e+00  8.79352e-01
 4.20930e+00 -1.58467e+00  1.30192e+00
 4.03342e+00 -1.45196e+00  1.05096e+00
 3.66557e+00 -1.50505e+00  9.23223e-01
 3.67027e+00 -1.50535e+00  7.97339e-01
 3.52704e+00 -2.02821e+00  1.22209e+00
 3.53504e+00 -2.03545e+00  1.22564e+00
 3.55468e+00 -2.05064e+00  3.49110e-01
 3.58508e+00 -1.92891e+00  3.28165e-01
-2.20100e+00 -1.32578e+00  5.33109e+00
-2.62975e+00 -1.94798e+00  5.64031e+00
-3.28331e+00 -7.24448e-01  5.77252e+00
-3.28475e+00 -7.18605e-01  5.77233e+00
-1.95890e+00 -1.67634e+00  5.75868e+00
-2.43260e+00 -2.10616e+00  5.87929e+00
-2.61205e+00 -2.11455e+00  5.79248e+00
-1.54819e+00 -2.53770e-01  3.76936e+00
-1.36960e+00 -3.16195e-02  4.76562e+00
-1.78527e+00 -2.75176e-01  3.43208e+00
-1.57627e+00  5.76465e-01  4.76778e+00
-1.47026e+00  3.36555e-01  4.86280e+00
-1.53423e+00 -2.50446e-01  3.82848e+00
-1.71281e+00 -5.11443e-01  3.68632e+00
-1.70834e+00 -4.93800e-01  3.65864e+00
-1.70580e+00 -4.56874e-02  3.42971e+00
-1.86797e+00 -7.54058e-01  4.14923e+00
-3.96694e+00  4.19357e+00  4.23510e+00
-3.83604e+00  4.28445e+00  4.07458e+00
-3.50848e+00  4.93136e+00  3.54925e+00
-3.10365e+00  4.74475e+00  4.12135e+00
-2.90016e+00  5.09667e+00  3.85687e+00
-4.15916e+00  4.25435e+00  4.23517e+00
-2.73574e+00  2.16491e+00  1.93022e+00
-3.36183e+00  1.11756e+00  2.19239e+00
-2.83838e+00  2.10195e+00  1.94926e+00
-3.36185e+00  1.11757e+00  2.19239e+00
-3.45542e+00  1.28385e+00  1.82614e+00
-3.24000e+00  1.14957e+00  1.64223e+00
-1.52271e+00  1.66248e+00  1.82745e+00
-2.15687e+00  6.93713e-01  1.36409e+00
-2.92555e+00  8.76755e-01  1.69117e+00
-2.08691e+00  6.83347e-01  1.54190e+00
-2.20538e+00  6.64215e-01  1.42263e+00
 1.21702e-01 -6.96941e-01 -4.48713e+00
 1.16463e+00  6.91150e-01 -3.92365e+00
-6.17668e-02 -3.61878e-01 -4.69634e+00
 5.16007e-01 -6.55736e-01 -5.05950e+00
-1.19384e-01 -1.40745e-01 -4.83409e+00
 8.02484e-01  4.96487e-01 -3.83614e+00
 1.26126e+00 -1.26021e-01 -3.71027e+00
-8.87672e-03 -4.35729e-01 -4.50453e+00
 1.10446e+00  5.21606e-01 -5.07850e+00
 1.40841e+00 -4.75052e-01 -4.47965e+00
 1.10011e+00 -6.44741e-01 -4.72116e+00
 1.16352e+00  6.97786e-01 -3.93187e+00
-2.32569e+00 -2.94438e+00  5.97534e+00
-2.36206e+00 -3.71632e+00  5.86187e+00
-2.93003e+00  4.04573e+00 -4.58615e+00
-2.83859e+00  5.16390e+00 -4.51705e+00
-3.64737e+00  4.88857e+00 -3.86532e+00
-3.83180e+00  4.48081e+00 -3.63704e+00
-2.69868e+00  5.09929e+00 -4.60388e+00
-2.88989e+00  4.29091e+00 -4.28658e+00
-2.88780e+00  4.30141e+00 -4.28209e+00
-2.89397e+00  4.29619e+00 -4.27640e+00
-2.45728e-01  4.19679e+00 -3.90793e-02
 4.71001e-01  4.74075e+00  3.82801e-01
-3.72240e-01  5.32393e+00  1.13932e+00
 3.39757e-01  4.31648e+00  1.10757e+00
 1.71965e-01  3.98760e+00  9.84344e-01
-1.44080e-01  4.33992e+00 -7.67522e-02
-6.22696e-01  5.34325e+00  3.77193e-01
 3.52857e-01  5.34238e+00  3.36471e-01
-1.00567e-01  4.89273e+00 -1.18294e-02
-4.25700e-02  4.59378e+00  1.15650e+00
 2.87198e-01  4.29492e+00  1.12151e+00
-1.28936e-01  5.47565e+00  1.06851e+00
 1.25779e-01  5.40896e+00  1.02164e+00
 1.99069e-01  4.00951e+00  9.98328e-01
 3.89012e-01  4.21332e+00  1.02197e+00
-4.24207e+00  1.53542e+00  3.34960e+00
-3.50510e+00  6.84048e-01  2.71772e+00
-4.13171e+00  1.54361e+00  3.26157e+00
-3.47780e+00  8.42266e-01  2.94542e+00
-4.06116e+00 -7.98512e-02  2.92456e+00
-4.32582e+00 -2.72970e-02  3.84293e+00
-3.94735e+00  4.98941e-02  2.82980e+00
-3.89469e+00  1.55607e+00  2.75280e+00
-3.47395e+00  7.73559e-01  2.79820e+00
-3.56108e+00  1.18684e+00  2.72679e+00
-3.51517e+00  1.02295e+00  2.92496e+00
-3.51067e+00  8.85989e-01  2.58416e+00
-3.56216e+00  1.08906e+00  2.41917e+00
-8.48771e-01  1.24312e+00 -1.75119e+00
-1.04787e+00  1.71763e+00 -5.71219e-01
-6.08490e-01  1.20842e+00 -1.32818e+00
-1.04413e+00  1.72067e+00 -5.69053e-01
-4.63577e+00 -2.76808e-01 -2.93167e+00
-3.78373e+00 -2.27172e-01 -3.49795e+00
-4.55942e+00 -2.31213e-01 -2.96967e+00
-5.32239e+00 -1.09295e+00 -3.37257e+00
-5.34857e+00 -3.35243e-01 -3.63215e+00
-4.82501e+00 -2.70696e-01 -3.12430e+00
-5.21764e+00 -2.98457e-01 -3.82065e+00
-5.42003e+00 -4.35718e-01 -3.67326e+00
-5.36119e+00 -3.29890e-01 -3.74999e+00
-3.87512e+00 -6.52401e-02 -3.55303e+00
-3.92673e+00 -8.76966e-02 -3.35714e+00
-3.78405e+00 -1.91420e-01 -3.48667e+00
 8.87080e-01  4.34058e+00  1.23167e+00
 1.41870e+00  4.72076e+00  1.14552e+00
 5.22799e-01  5.32056e+00  1.24063e+00
 6.02028e-01  5.34908e+00  2.15184e+00
 8.41212e-01  4.43105e+00  2.25909e+00
 1.21994e+00  4.88010e+00  2.29615e+00
 6.96725e-01  4.47576e+00  2.22987e+00
 6.14185e-01  4.43147e+00  1.26435e+00
 9.70813e-01  4.37699e+00  2.09548e+00
 6.84011e-01  5.39230e+00  1.21626e+00
 1.42760e+00  5.34691e+00  1.11906e+00
 1.37610e+00  5.37776e+00  1.12467e+00
 1.59234e+00  5.42989e+00  1.26208e+00
 1.47705e+00  5.39255e+00  1.16085e+00
-1.65388e+00 -1.67563e+00 -9.02043e-01
-2.01558e+00 -8.20007e-01 -1.61069e+00
-2.00792e+00 -1.70720e+00 -1.04642e+00
-2.12343e+00 -8.39115e-01 -1.42492e+00
-2.19858e+00 -9.11353e-01 -1.29279e+00
-9.87481e-01 -8.76380e-01 -7.83744e-01
-1.83129e+00 -1.73913e+00 -1.88490e+00
-5.67162e-01 -6.28530e-01 -1.44305e+00
-1.41115e+00 -5.18526e-01 -1.58051e+00
-2.21354e+00 -1.10906e+00 -1.25816e+00
-1.86779e+00 -6.97346e-01 -1.56121e+00
-9.28940e-01 -4.49637e-01 -1.23955e+00
-1.10772e+00 -6.34802e-01 -8.85117e-01
 2.01775e+00 -1.79934e+00  5.54470e+00
 1.02894e+00 -2.54077e+00  4.20415e+00
 2.16529e+00 -2.40592e+00  4.19969e+00
 2.47521e+00 -3.20771e+00  5.59232e+00
 9.51578e-01 -2.48163e+00  4.35162e+00
 2.30045e+00 -3.51371e+00  5.03473e+00
 1.00556e+00 -3.15246e+00  4.69638e+00
 2.24534e+00 -2.93615e+00  5.98419e+00
 1.17827e+00 -3.24908e+00  4.34196e+00
-1.02395e+00  4.85728e+00 -4.08694e+00
-4.85203e-01  5.10711e+00 -4.31871e+00
 4.28930e+00 -4.33349e-01  1.08074e+00
 4.74274e+00 -2.83840e-01  7.39726e-01
 3.72006e+00 -4.44826e-01  8.16154e-02
 4.66837e+00 -3.41036e-01  4.47170e-01
 4.05331e+00 -6.03447e-01  2.74033e-01
 3.82249e+00 -9.42759e-02  3.06219e-02
 3.92882e+00  2.76139e-01  9.55717e-01
 3.89194e+00 -1.54921e-01  5.01362e-02
 4.64322e+00 -3.52918e-01  4.27797e-01
 3.77155e+00  8.37743e-02  1.31216e-01
 3.70940e+00 -4.28744e-01  1.01598e-01
 3.78607e+00 -2.30824e-01  3.34232e-02
 3.89763e+00  1.41352e-03  1.10386e-01
 3.81140e+00 -9.36526e-02  2.82075e-02
 3.77194e+00  8.32879e-02  1.30497e-01
 6.38715e+00 -1.13921e+00 -2.27086e+00
 5.05101e+00 -1.72965e+00 -1.33527e+00
 5.51149e+00 -4.15490e-01 -1.94579e+00
 5.71663e+00 -1.36059e+00 -9.74624e-01
 5.66138e+00 -1.10634e+00 -7.91210e-01
 6.09638e+00 -1.35779e+00 -2.42851e+00
 5.33902e+00 -1.53629e+00 -2.22865e+00
 5.25512e+00 -1.77635e+00 -2.11789e+00
 5.26706e+00 -1.75064e+00 -2.14055e+00
 6.39103e+00 -1.09699e+00 -2.26685e+00
-4.53017e+00  3.12077e+00 -2.98865e+00
-4.40848e+00  2.62503e+00 -4.01581e+00
-4.49907e+00  3.13031e+00 -3.00928e+00
-4.32269e+00  2.77642e+00 -4.09836e+00
-4.46815e+00  3.19082e+00 -3.03079e+00
-4.55443e+00  3.14206e+00 -2.97312e+00
 2.10432e+00 -8.05973e-02  6.96860e-01
 2.20446e+00  3.86519e-01  1.50196e+00
 1.41564e+00  4.89511e-01  1.63939e+00
 1.79496e+00  1.13597e+00  7.62234e-01
 2.12662e+00 -4.41439e-01  8.95025e-01
 1.23299e+00 -4.61241e-01  1.06273e+00
 1.77905e+00 -4.63979e-01  6.73987e-01
 7.65050e-01  3.90397e+00 -2.99188e+00
 8.21754e-01  3.88030e+00 -3.09032e+00
 8.07472e-01  3.94772e+00 -1.78151e+00
 7.57833e-01  3.89048e+00 -1.79209e+00
 8.72354e-01  1.57532e+00  1.71441e+00
 1.86125e+00  1.77241e+00  1.66494e+00
 9.95243e-01  2.01186e+00  8.06154e-01
 6.66468e-01  2.63289e+00  1.51712e+00
 1.10009e+00  1.33494e+00  1.03957e+00
 8.08099e-01  2.88959e+00  1.53637e+00
 8.07550e-01  2.88913e+00  1.53663e+00
 1.82946e+00  1.75993e+00  1.66588e+00
 1.35206e+00  2.52877e+00  7.74041e-01
 6.50944e-01  2.42566e+00  1.77799e+00
 7.48523e-01  2.57761e+00  1.82862e+00
 6.65739e-01  2.33245e+00  1.80871e+00
 6.67815e-01  2.43009e+00  1.81883e+00
 1.26961e+00  1.38886e+00  1.08047e+00
 1.68629e+00  1.57667e+00  1.16481e+00
-2.61359e+00  2.10203e+00  3.52814e+00
-4.18650e+00  1.64707e+00  3.50556e+00
-3.56272e+00  2.69427e+00  3.40566e+00
-3.57772e+00  2.67594e+00  3.38353e+00
-3.54490e+00  2.68155e+00  3.39966e+00
-2.68440e+00  1.83113e+00  3.37801e+00
-3.13913e+00  9.19186e-01  3.51987e+00
-3.23673e+00  1.14652e+00  4.11555e+00
-3.57626e+00  2.69062e+00  3.39775e+00
-4.07390e-01 -5.89117e+00 -2.16986e+00
 7.56918e-01  4.30714e+00  4.88163e+00
 3.90916e-01  3.95839e+00  5.04137e+00
 9.50209e-01  3.50839e+00  4.54478e+00
 1.96691e-01  4.54088e+00  3.90201e+00
 1.32496e+00  3.77056e+00  4.54679e+00
 1.96130e-01  3.51644e+00  3.93246e+00
 1.19608e+00  3.92637e+00  4.77380e+00
 5.27316e-01  3.76382e+00  5.01588e+00
 5.61056e-01  3.60482e+00  4.88215e+00
 1.11336e+00  3.87333e+00  4.24101e+00
 3.61000e-01  3.57605e+00  3.95877e+00
 1.75589e-01  3.42050e+00  4.11047e+00
 2.70222e-01  3.50170e+00  3.97145e+00
 1.30066e+00  3.80964e+00  4.63263e+00
 9.41352e-01  3.57414e+00  4.65502e+00
 1.40729e-01  3.56841e+00  3.87651e+00
 4.23136e+00 -4.18009e+00  1.63440e-01
 5.01307e+00 -4.08761e+00  9.70792e-01
 4.96600e+00 -3.95339e+00  1.16791e+00
 3.84643e+00 -3.86723e+00  8.78138e-01
 4.34562e+00 -3.79976e+00  1.71790e+00
 4.86065e+00 -3.40672e+00  1.00451e+00
 4.63906e+00 -3.48412e+00  1.26620e+00
 4.41975e+00 -3.86535e+00  1.67548e+00
 4.56504e+00 -4.17327e+00  1.19586e+00
 5.02256e+00 -3.76966e+00  8.36651e-02
 5.06607e+00 -4.04569e+00  2.74580e-01
 4.92862e+00 -4.06106e+00  1.13814e-01
 4.16903e+00 -3.69237e+00  1.25413e-01
 4.06088e+00 -3.56806e+00  3.13406e-01
-3.92392e+00  3.43975e+00  1.85296e+00
-4.05042e+00  4.61679e+00  1.46375e+00
-3.29151e+00  3.90698e+00  1.98856e+00
-4.20689e+00  4.54713e+00  1.45978e+00
-9.16399e-01  1.69070e-01 -1.26989e+00
-8.60703e-01  3.28968e-02 -1.22135e+00
-9.38872e-01  1.24799e-01 -1.00196e+00
-1.60886e+00 -3.18455e-01 -1.73481e+00
-8.69009e-01  1.26632e-01 -1.16675e+00
-1.73873e+00  4.76098e-01 -9.47117e-01
-1.44533e+00  4.89881e-01 -1.66907e+00
-1.61476e+00 -3.18555e-01 -1.73585e+00
-1.48992e+00  4.87954e-01 -1.70088e+00
-1.16763e+00 -1.81540e-01 -5.74317e-01
-1.97807e+00 -1.53020e-01 -1.87174e-01
-1.17163e+00 -4.94919e-01 -6.81636e-01
 9.90250e-01 -2.03228e+00  3.98827e+00
 1.35382e+00 -1.61479e+00  2.84340e+00
 2.19634e+00 -2.33786e+00  4.17246e+00
 9.50426e-01 -1.68414e+00  3.93076e+00
 1.30643e+00 -1.47627e+00  2.90301e+00
-2.99026e+00 -6.86280e+00  5.25629e-01
-3.04091e+00 -6.82385e+00  5.35514e-01
-2.96661e+00 -6.93726e+00  4.36924e-01
-3.06307e+00 -6.82364e+00  5.14704e-01
-3.06160e+00 -6.83502e+00  4.99091e-01
-5.37250e+00 -9.04243e-03 -2.78641e+00
-5.31098e+00 -1.97326e-01 -3.40734e+00
-5.24668e+00  2.24505e-02 -2.52787e+00
-1.26902e+00  2.62313e-01 -2.69361e+00
-1.08126e+00  4.99601e-01 -3.13474e+00
-1.10625e+00  5.21758e-01 -3.14016e+00
-1.27880e+00  2.95830e-01 -2.70780e+00
-1.87187e+00 -3.87010e-01 -3.05221e+00
-1.92280e+00  6.80678e-02 -3.17943e+00
-1.81399e+00  2.11054e-01 -3.35688e+00
-1.84600e+00  1.55790e-01 -3.35479e+00
-1.41423e-01 -1.79402e+00  1.57104e+00
-1.36213e-01 -1.81244e+00  1.56254e+00
-1.63429e+00 -2.04768e+00  1.01444e+00
-9.73814e-02 -1.82078e+00  1.51471e+00
-1.63460e+00 -2.01758e+00  9.51586e-01
-1.58033e+00 -1.87727e+00  8.07908e-01
-2.67050e+00 -4.22999e+00  9.38543e-02
-2.61055e+00 -5.30892e+00 -6.53178e-01
-2.78032e+00 -4.27865e+00 -1.11149e+00
-3.18605e+00 -5.11820e+00 -1.00766e+00
-3.30445e+00 -4.59133e+00 -1.18789e+00
-2.55879e+00 -4.22773e+00  2.23104e-02
-3.22964e+00 -4.69933e+00  5.59252e-01
-3.16443e+00 -4.95510e+00 -1.14662e+00
-3.24957e+00 -5.14933e+00 -9.03764e-01
-3.22037e+00 -5.43308e+00 -1.34582e-01
-3.18756e+00 -5.11285e+00 -1.01292e+00
-2.90294e+00 -4.28503e+00 -1.14009e+00
-2.79489e+00 -4.27971e+00 -1.12320e+00
-3.09341e+00 -4.51643e+00  5.88084e-01
-2.78386e+00 -4.23385e+00  1.23236e-01
-2.39196e+00 -4.32668e+00  3.53330e-02
-2.75155e+00 -4.25070e+00  1.68112e-01
-2.91098e+00 -4.43114e+00  4.77851e-01
-2.29345e+00 -4.39864e+00 -1.34232e-01
-4.47372e+00 -4.13805e+00 -3.35321e+00
-3.96261e+00 -4.26120e+00 -3.58653e+00
-1.60053e+00 -9.94366e-01  2.71070e+00
-1.53169e+00 -1.09360e+00  2.82584e+00
-2.15240e+00 -7.69669e-01  1.93946e+00
-1.48393e+00 -1.03781e+00  2.63006e+00
-1.39880e+00 -1.05798e+00  1.87111e+00
-1.79097e+00 -9.02527e-01  1.57872e+00
-1.97069e+00 -1.90028e+00  1.14919e+00
-1.80958e+00 -1.94501e+00  1.27460e+00
-1.57213e+00 -1.66201e+00  1.55590e+00
-1.92619e+00 -1.15665e+00  1.39283e+00
-2.05049e+00 -1.76256e+00  1.11902e+00
-1.39398e+00 -1.06046e+00  1.90944e+00
-1.39325e+00 -1.07211e+00  1.87196e+00
-1.84445e+00 -3.37585e-01 -2.07644e+00
-1.94320e+00 -3.86153e-01 -3.02378e+00
-2.20319e+00 -6.71286e-01 -2.97522e+00
-2.23514e+00 -7.63070e-01 -2.05169e+00
-2.23600e+00 -7.63738e-01 -2.05612e+00
-2.20428e+00 -1.00246e+00 -3.03803e+00
-2.30744e+00 -7.90362e-01 -2.87899e+00
-2.05744e+00 -1.27054e+00 -3.08247e+00
 4.65893e+00 -1.08560e+00  6.18621e-01
 5.02848e+00 -4.79075e-01 -2.90347e-01
 5.43756e+00 -1.82742e+00  8.55174e-01
 4.51327e+00 -8.83567e-01  1.37983e-01
 4.85995e+00 -4.13673e-01  4.02038e-01
 4.96332e+00 -3.40799e-01  5.42989e-01
 4.93514e+00 -3.49293e-01  4.94039e-01
 4.99641e+00 -3.24678e-01  5.48752e-01
 4.97706e+00 -3.27111e-01  4.86565e-01
 5.16372e+00 -3.41577e-01 -3.18840e-02
 5.30362e+00 -3.16691e-01  6.32816e-01
 5.54438e+00 -5.57335e-01  7.51944e-01
 5.47853e+00 -1.65058e+00  9.69332e-01
 5.56212e+00 -1.80419e+00  8.19456e-01
 5.62081e+00 -5.66718e-01  5.00048e+00
 4.89464e+00 -1.05580e+00  4.74822e+00
 5.48252e+00 -1.08385e+00  5.00347e+00
 4.77151e+00 -1.13830e+00  4.97728e+00
 4.75612e+00 -4.76623e-01  4.61916e+00
 4.75504e+00 -4.83676e-01  4.61955e+00
 4.37767e+00 -7.10621e-01  5.30646e+00
 4.27295e+00 -3.40922e-01  5.60379e+00
 4.18304e+00 -5.50631e-01  5.72907e+00
 6.40070e+00 -9.52203e-01 -8.23680e-01
 6.26682e+00 -1.13993e+00 -7.31299e-01
-4.14968e+00 -3.65817e-01  9.97525e-01
-3.82537e+00 -4.68379e-01  9.60953e-01
-4.00519e+00 -3.64358e-01  9.64090e-01
-4.22833e+00 -3.55963e-01  9.54718e-01
 3.09647e+00  1.74785e+00 -6.05197e+00
 3.27950e+00  1.58554e+00 -6.24488e+00
 2.08414e+00  1.14757e+00 -6.43728e+00
 2.28434e+00  9.83433e-01 -6.28578e+00
 2.65210e+00  1.74043e+00 -6.08300e+00
 2.75016e+00  1.62039e+00 -6.00596e+00
-8.27472e-01 -3.93468e+00 -1.66187e+00
 8.47607e-01 -3.84574e+00 -6.66736e-01
-8.97557e-01 -3.78936e+00 -1.66386e+00
 1.98493e-01 -3.34188e+00 -1.91967e+00
 9.90404e-01 -3.67095e+00 -1.17512e+00
 7.72372e-01 -4.32220e+00 -8.37099e-01
-4.89894e-02 -2.94333e+00 -2.33109e+00
-4.13378e-01 -4.55474e+00 -2.68911e+00
-6.49545e-02 -2.91206e+00 -2.39205e+00
 2.93290e+00  1.25439e+00 -6.80770e-01
 2.67116e+00  5.18414e-01 -1.80281e+00
 3.19344e+00  1.21736e+00 -6.62336e-01
 3.69888e+00 -3.60457e-02 -6.07465e-01
 2.54441e+00  8.61900e-01 -1.34726e+00
 3.64982e+00 -2.12073e-01 -6.85949e-01
 3.56970e+00 -2.82655e-01 -7.14028e-01
 3.54568e+00  9.29522e-01 -2.56097e-01
-1.77109e+00 -3.60927e+00 -2.97790e+00
-1.71734e+00 -3.63346e+00 -2.91348e+00
-2.33993e+00 -2.97169e+00 -3.04396e+00
-2.03651e+00 -2.98509e+00 -3.51827e+00
-1.80773e+00 -2.68718e+00 -3.42057e+00
-2.03506e+00 -2.98078e+00 -3.51872e+00
 2.91183e+00 -5.26725e+00  3.51261e+00
 3.13033e+00 -5.72395e+00  2.74724e+00
 3.50004e+00 -6.09936e+00  3.63682e+00
 3.70314e+00 -5.27755e+00  3.15241e+00
 3.32530e+00 -5.65057e+00  2.46213e+00
 3.24094e+00 -5.00985e+00  3.58586e+00
 3.39995e+00 -5.13090e+00  3.61998e+00
 3.71643e+00 -5.82228e+00  2.77657e+00
 3.76667e+00 -5.27136e+00  2.82089e+00
 3.52233e+00 -6.10444e+00  3.64167e+00
 3.53906e+00 -5.93924e+00  3.64618e+00
 2.52104e+00 -4.87018e+00  2.57368e+00
 3.23558e+00 -2.47659e+00 -5.76620e+00
 3.28160e+00 -2.24848e+00 -6.31250e+00
 3.13046e+00 -2.54919e+00 -5.75618e+00
-1.07544e+00  2.91819e+00  1.67972e+00
-8.19319e-01  2.27307e+00  1.19977e+00
-4.56228e-01  3.43902e+00  1.15256e+00
-1.15929e+00  2.30634e+00  7.32165e-01
-9.28560e-01  2.55926e+00  4.22848e-01
-3.24649e-01  2.74632e+00  6.93532e-01
-9.06087e-01  3.44690e+00  1.65310e+00
-9.55202e-01  3.46873e+00  1.68055e+00
-9.67283e-01  3.35955e+00  1.69428e+00
-3.30553e-01  2.71042e+00  7.68389e-01
-2.64240e-01  2.98759e+00  8.02580e-01
-2.63503e-01  2.99079e+00  8.02149e-01
-3.28942e-01  2.71402e+00  7.90966e-01
-6.09308e-01  2.45711e+00  1.02323e+00
 4.75780e+00 -1.81295e+00 -2.36907e+00
 4.85763e+00 -1.86413e+00 -2.28714e+00
 4.70325e+00 -1.81433e+00 -1.55814e+00
 4.55403e+00 -2.05077e+00 -1.09073e+00
 4.48784e+00 -2.33337e+00 -1.03156e+00
 4.41051e+00 -2.70310e+00 -2.58520e+00
 4.19996e+00 -1.56197e+00 -1.80702e+00
 4.27657e+00 -1.58492e+00 -2.21981e+00
 4.75603e+00 -2.14190e+00 -2.53983e+00
 3.79121e+00 -2.46142e+00 -2.64405e+00
 3.55241e+00 -2.54396e+00 -2.58874e+00
 3.95676e+00 -1.59285e+00 -2.20345e+00
 4.24018e+00 -1.57943e+00 -2.21463e+00
 4.84012e+00 -2.16664e+00 -2.46139e+00
-2.14302e+00 -5.01185e+00 -2.54794e+00
-2.08254e+00 -5.32991e+00 -2.33029e+00
-2.04816e+00 -4.95578e+00 -2.56246e+00
-2.14316e+00 -5.30447e+00 -2.32690e+00
-1.77727e+00 -4.51774e+00 -2.37190e+00
-2.79567e+00 -4.21225e+00 -1.17169e+00
-2.68317e+00 -4.20060e+00 -1.52161e+00
-1.99012e+00 -5.15258e+00 -2.52113e+00
-2.13354e+00 -5.06502e+00 -2.53663e+00
 4.31226e+00  3.02484e+00 -2.24093e+00
 3.83512e+00  4.21397e+00 -1.93138e+00
 3.75181e+00  4.16053e+00 -1.95216e+00
 3.74999e+00  2.83224e+00 -2.39634e+00
 4.33325e+00  2.92222e+00 -2.59487e+00
 3.76296e+00  3.89922e+00 -1.92645e+00
 4.06677e+00  4.00246e+00 -1.84285e+00
 3.55525e+00  3.12412e+00 -2.29279e+00
 4.55407e+00  3.47311e+00 -2.01373e+00
 4.63712e+00  3.54842e+00 -2.14334e+00
 4.31104e+00  3.87575e+00 -1.86766e+00
 1.58654e+00  3.89109e+00  3.56837e+00
 1.48492e+00  3.97986e+00  4.17795e+00
 1.67693e+00  3.69329e+00  3.52554e+00
 1.72413e+00  2.93405e+00  3.20871e+00
 1.51884e+00  3.81767e+00  4.53159e+00
 1.68448e+00  3.43591e+00  3.38430e+00
 1.62155e+00  3.81930e+00  3.53151e+00
-6.36684e+00 -5.01197e-02 -7.92789e-01
-5.22484e+00  5.52832e-01 -1.44217e+00
-5.08637e+00  5.49389e-01 -1.14327e+00
-5.16265e+00  6.98886e-01 -1.36313e+00
-5.30617e+00 -2.35113e-01 -1.87412e-01
-5.18551e+00 -5.60325e-01 -3.03553e-01
-5.66922e+00 -7.75481e-01 -1.13246e+00
-5.05092e+00  4.52344e-01 -9.75634e-01
-4.98103e+00  3.19969e-02 -4.28160e-01
-5.46896e+00  3.86193e-01 -7.74846e-02
-5.04142e+00  1.90382e-01 -3.70309e-01
-5.39225e+00  3.31436e-01 -8.34178e-02
-5.67008e+00 -7.75774e-01 -1.13198e+00
-5.51048e+00 -9.36084e-01 -6.41374e-01
-5.22796e+00  5.48371e-01 -1.44461e+00
 3.08220e+00  1.34806e+00  2.74358e+00
 2.59839e+00  1.40949e+00  2.73039e+00
 2.29965e+00  1.47318e+00  3.50152e+00
 3.17666e+00  1.30249e+00  2.81504e+00
 2.27637e+00  1.97465e+00  2.68148e+00
 3.24753e+00  1.35171e+00  2.98858e+00
 3.18333e+00  1.41596e+00  2.74015e+00
 3.50890e+00  2.26031e+00  3.01903e+00
 2.39975e+00  1.14602e+00  3.78522e+00
 2.93873e+00  9.95036e-01  3.50150e+00
 3.16431e+00  1.18013e+00  3.06903e+00
 3.17870e+00  1.29700e+00  2.82584e+00
 2.75508e+00 -3.58172e+00 -3.67203e+00
 3.31208e+00 -4.13234e+00 -3.38638e+00
 2.75090e+00 -3.58723e+00 -3.84388e+00
 1.79683e+00 -4.89149e+00 -3.49038e+00
 2.44155e+00 -3.71297e+00 -3.85555e+00
 1.75318e+00 -4.26156e+00 -3.12938e+00
 2.66371e+00 -3.53949e+00 -3.87979e+00
 2.41890e+00 -4.53526e+00 -3.03111e+00
 3.30537e+00 -4.13313e+00 -3.52042e+00
 3.14584e+00 -4.29005e+00 -3.26793e+00
 2.02567e+00 -4.86095e+00 -3.01120e+00
 1.77304e+00 -4.34962e+00 -3.07592e+00
 1.73327e+00 -4.31763e+00 -3.12742e+00
 1.75932e+00 -4.33028e+00 -3.08661e+00
 2.53906e+00 -3.46172e+00 -3.72364e+00
 2.37242e+00 -3.52267e+00 -3.66635e+00
 2.54224e+00 -3.46504e+00 -3.75672e+00
 2.39950e+00 -3.51649e+00 -3.70222e+00
 5.71122e+00 -2.90635e+00  1.05596e+00
-1.65080e+00 -4.50055e+00  6.34776e+00
-1.67691e+00 -4.42821e+00  6.41745e+00
 6.14834e+00 -1.75187e-01 -4.55656e+00
 6.37218e+00 -3.34558e-01 -4.29812e+00
 6.90359e+00 -1.35620e+00 -4.27693e+00
 6.77688e+00 -7.68438e-01 -3.96506e+00
 5.21090e+00  4.43393e+00 -5.64102e-01
 4.45229e+00  3.72032e+00 -6.73621e-01
 3.96442e+00  4.55539e+00  1.77796e-01
 3.85308e+00  3.90927e+00 -2.67020e-01
 3.68319e+00  5.05545e+00 -1.11641e-01
 5.20497e+00  4.43591e+00 -5.54817e-01
 3.58458e+00  4.40249e+00 -5.37186e-01
 3.63454e+00  4.47244e+00 -6.65978e-01
 4.49133e+00  4.05525e+00 -1.08458e+00
 4.03831e+00  3.83529e+00 -3.75466e-01
 3.87113e+00  3.90765e+00 -2.36525e-01
 4.58112e-01  2.92389e+00 -6.97721e+00
 2.76194e-01  3.18092e+00 -6.59648e+00
-4.42466e-01  3.34878e+00 -6.34957e+00
-4.05058e-01  2.52802e+00 -7.56690e+00
 4.63199e+00 -5.31125e-01  4.35262e+00
 5.01647e+00 -1.38286e+00  4.64108e+00
 5.61915e+00 -1.95852e+00  4.15828e+00
 4.61000e+00 -5.94256e-01  4.34432e+00
 4.68856e+00 -6.94525e-01  4.43718e+00
 5.02750e+00 -4.98617e-01  3.86707e+00
 5.74902e+00 -1.05679e+00  3.54718e+00
 5.50885e+00 -1.73771e+00  4.44798e+00
 5.08503e+00 -1.41639e+00  4.64189e+00
 5.00336e+00 -1.32585e+00  4.65302e+00
 4.61889e+00 -5.61856e-01  4.35164e+00
 4.63509e+00 -5.52447e-01  4.36859e+00
-4.82627e+00 -4.00703e+00 -7.63380e-02
-4.18962e+00 -3.61343e+00  2.19591e-01
-3.21920e+00 -4.70658e+00  6.21004e-01
-5.12838e+00 -4.15474e+00  2.61108e-01
-4.98396e+00 -4.10072e+00  7.00462e-01
-4.95818e+00 -4.02463e+00  6.44684e-01
-4.04381e+00 -3.60925e+00  1.88156e-01
-3.13602e+00 -4.60811e+00  6.75593e-01
-3.89940e+00 -3.88993e+00 -1.71695e-01
-3.08878e+00 -4.51584e+00  6.04805e-01
-2.39582e+00  2.91497e+00  1.79924e+00
-3.32160e+00  2.85188e+00  1.05592e+00
-2.74673e+00  2.61192e+00  1.68990e+00
-3.07275e+00  2.89240e+00  1.54931e+00
-3.27936e+00  2.82494e+00  1.13660e+00
-2.90047e+00  2.64605e+00  1.63041e+00
-2.84464e+00  3.77158e+00  1.57306e+00
-2.30436e+00  2.98993e+00  1.62496e+00
-2.40672e+00  2.89154e+00  1.08921e+00
-2.50834e+00  2.80060e+00  8.97158e-01
 2.20750e+00  3.54313e+00 -5.13280e+00
 2.13488e+00  3.63200e+00 -4.91307e+00
 2.87300e+00  3.43885e+00 -4.94990e+00
 2.71859e+00  3.43132e+00 -5.09047e+00
-3.75422e+00 -3.61502e+00 -2.07915e+00
-4.20871e+00 -3.66956e+00 -2.14261e+00
-4.52858e+00 -3.63812e+00 -2.33174e+00
-3.48469e+00 -3.67957e+00 -2.96218e+00
-3.93215e+00 -4.66381e+00 -2.11905e+00
-4.31876e+00 -4.48230e+00 -2.96998e+00
-4.48513e+00 -4.18371e+00 -3.21993e+00
-3.10317e+00 -3.74629e+00 -2.72364e+00
-3.48226e+00 -4.40662e+00 -2.56718e+00
-3.57497e+00 -4.48654e+00 -2.57309e+00
-4.56337e+00 -4.67998e+00 -2.39858e+00
-4.53680e+00 -4.58590e+00 -2.71664e+00
-3.69549e+00 -3.39485e+00 -2.90554e+00
-3.10244e+00 -3.74876e+00 -2.72192e+00
-3.53836e+00 -3.27626e+00 -2.69625e+00
-4.47697e+00 -4.07388e+00 -3.27508e+00
-3.93455e+00 -4.66675e+00 -2.12233e+00
-4.56541e+00 -4.56216e+00 -2.30833e+00
-3.96649e+00 -4.44306e+00 -1.96287e+00
-3.56257e+00 -3.27309e+00 -2.71219e+00
-3.90710e+00 -4.24304e+00 -1.93778e+00
-3.66041e+00 -3.77856e+00 -2.01940e+00
-4.46961e+00 -3.53660e+00 -3.09423e+00
-4.48213e+00 -3.38348e+00 -2.84053e+00
-2.35377e+00 -4.40814e+00 -4.70977e+00
 4.64734e+00 -4.26478e+00  2.60068e+00
 5.82690e+00 -4.51297e+00  1.42418e+00
 6.03665e+00 -4.25600e+00  1.02823e+00
 5.63296e+00 -3.99102e+00  1.31920e+00
 4.78410e+00 -4.46871e+00  2.57290e+00
 3.70477e+00 -3.80991e+00  1.01665e+00
 4.43870e+00 -3.43172e+00  1.67871e+00
 4.31967e+00 -3.78276e+00  1.77529e+00
 3.67316e+00 -3.72005e+00  9.76657e-01
 3.88050e+00 -3.45131e+00  4.49513e-01
 3.71390e+00 -3.77659e+00  1.19007e+00
 3.67233e+00 -3.67590e+00  1.08968e+00
 1.37659e+00  6.27787e+00 -7.79984e-01
 1.33596e+00  6.29860e+00 -7.27203e-01
 1.34299e+00  6.22757e+00 -9.39550e-01
 1.25972e+00  6.24727e+00 -9.00013e-01
 1.06687e+00  6.42386e+00 -1.03768e+00
 1.37747e+00  6.39514e+00 -1.26346e+00
 1.16224e+00  6.49049e+00 -1.23906e+00
-1.74856e+00  5.78475e-01  2.09307e+00
-2.55734e+00 -9.01087e-02  1.98879e+00
-2.08114e+00 -2.43110e-01  2.77165e+00
-1.29177e+00 -3.59084e-01  1.22198e+00
-1.27027e+00 -9.70291e-01  2.41249e+00
-2.29079e+00 -6.45777e-01  2.02877e+00
-1.80878e+00 -8.16939e-01  2.80737e+00
-9.65765e-01 -1.41393e-01  1.75481e+00
-1.30929e+00  2.73470e-01  1.85631e+00
-1.86663e+00  1.45954e-01  9.71814e-01
-1.25492e+00 -2.57906e-01  1.16592e+00
-1.76739e+00 -7.82638e-01  1.46922e+00
-1.16589e+00 -2.50008e-01  1.18900e+00
-1.11773e+00 -2.80237e-01  1.22460e+00
-2.45323e+00  3.03792e-01  1.59594e+00
 5.68110e+00  2.10479e+00  3.50510e+00
 5.24865e+00  1.64564e+00  3.34477e+00
 5.22472e+00  1.62627e+00  3.32024e+00
 3.81101e+00  2.41940e+00  3.03982e+00
 4.15597e+00  2.32060e+00  3.49198e+00
 3.97311e+00  2.46958e+00  3.27059e+00
 4.18459e+00  2.22807e+00  3.44710e+00
 5.16120e+00  2.73138e+00  2.28870e+00
 5.03584e+00  2.78223e+00  2.21589e+00
 4.73576e+00  2.69044e+00  1.96289e+00
 4.07455e+00  2.09869e+00  3.05053e+00
 5.35953e+00  1.89416e+00  3.61611e+00
 5.74808e+00  2.22604e+00  3.39986e+00
 4.56398e+00  2.40009e+00  3.69082e+00
 5.73689e+00  2.18251e+00  3.47783e+00
 4.89420e+00  1.88523e+00  3.50439e+00
 5.13552e+00  1.97690e+00  3.64877e+00
 4.44931e+00  2.60442e+00  1.97148e+00
 3.81894e+00  2.42190e+00  3.05825e+00
 4.14416e+00  2.29545e+00  3.47253e+00
 3.21623e-01 -4.82867e+00  1.15467e+00
 3.28233e-01 -4.64170e+00  1.50050e+00
 2.90047e-01 -4.81267e+00  1.21658e+00
 1.27863e+00 -4.29302e+00  1.27326e+00
 7.89510e-01 -4.43186e+00  1.82036e+00
 1.11705e-01 -5.22000e+00  1.92158e+00
 1.19502e+00 -4.26599e+00  1.33706e+00
 7.43025e-01 -5.06466e+00  2.01493e+00
 3.10216e-01 -4.64280e+00  1.77964e+00
 1.30729e-01 -5.34445e+00  1.96625e+00
 1.24840e+00 -4.27817e+00  1.26041e+00
 1.27441e+00 -4.28817e+00  1.27067e+00
 1.19205e+00 -4.26677e+00  1.35841e+00
 1.27740e+00 -4.28948e+00  1.27374e+00
-1.98628e-01 -4.24328e+00  1.48954e+00
-4.03034e-02 -4.34120e+00  1.07887e+00
-1.28244e-01 -4.52406e+00  6.75679e-01
-2.66384e-01 -4.76381e+00  1.96899e+00
-2.34427e-02 -5.25121e+00  1.96637e+00
-7.85815e-01 -2.48799e+00 -3.83052e+00
-4.03864e-02 -2.88033e+00 -2.40406e+00
-7.90543e-01 -2.75242e+00 -3.83707e+00
-4.00734e-01 -2.72775e+00 -4.12171e+00
-3.84376e-01 -1.36493e+00 -3.35632e+00
-9.82162e-01 -2.82501e+00 -3.56514e+00
-6.63780e-01 -1.63704e+00 -3.74777e+00
-5.87327e-01 -2.86291e+00 -3.99013e+00
-7.40058e-01 -3.12274e+00 -3.62761e+00
-4.93994e-01 -1.33745e+00 -3.28583e+00
 1.98607e+00  1.73594e+00  1.88175e+00
 1.84815e+00  9.43379e-01  2.02346e+00
 2.43193e+00  1.27860e+00  1.76396e+00
 2.48164e+00  7.41297e-01  1.80563e+00
 2.02488e+00  1.75737e+00  1.86460e+00
 1.82304e+00  1.14556e+00  7.65261e-01
 2.54698e+00  6.20830e-01  1.69348e+00
 2.60261e+00  9.04947e-01  1.48778e+00
 3.02916e+00 -2.92035e+00  3.01353e+00
 3.32027e+00 -2.71224e+00  3.75218e+00
 3.31451e+00 -2.74466e+00  3.75596e+00
 3.07988e+00 -2.46603e+00  2.87066e+00
 3.02395e+00 -2.26078e+00  2.89058e+00
 3.11637e+00 -2.36127e+00  2.91213e+00
 3.48383e+00  7.70164e-01  3.26550e+00
 4.55698e+00 -2.39873e-02  3.88449e+00
 3.85836e+00  2.86945e-01  3.06814e+00
 3.20194e+00  4.81695e-01  3.01496e+00
 4.25808e+00 -6.10902e-02  3.19391e+00
 3.12848e+00  5.28628e-01  3.02439e+00
 3.14054e+00  8.50659e-01  3.22463e+00
-1.78897e-01  5.51847e-02  2.82170e+00
 7.58375e-01  1.07549e+00  3.11843e+00
 7.70942e-01  7.26893e-01  3.56732e+00
 5.71613e-01  8.48460e-01  4.00885e+00
 1.52202e-01  9.69510e-01  3.87494e+00
-1.54672e-01 -4.17931e-02  2.98086e+00
-4.88094e-01  3.15060e-01  2.87483e+00
 4.82720e-01  1.59439e+00  3.23852e+00
 4.55352e-01  1.34038e+00  3.67766e+00
-5.27961e+00  4.52669e+00  1.87759e+00
-4.77332e+00  4.77293e+00  1.53963e+00
-4.69750e+00  4.74937e+00  1.57889e+00
-5.18148e+00  4.76985e+00  1.52146e+00
-5.30960e+00  4.54017e+00  1.85587e+00
 6.59886e-01 -3.42367e+00 -4.26948e+00
 9.96744e-01 -3.41096e+00 -4.08164e+00
 1.49107e+00 -3.06062e+00 -4.54864e+00
 8.46661e-01 -4.16724e+00 -5.04352e+00
 1.24750e+00 -3.80179e+00 -4.41014e+00
 1.24324e+00 -3.27677e+00 -3.99185e+00
 1.27347e+00 -3.18533e+00 -4.00945e+00
 1.28915e+00 -4.16215e+00 -4.81035e+00
 1.19431e+00 -4.21893e+00 -4.92547e+00
-4.87312e+00 -3.73143e+00  9.60336e-01
-4.31034e+00 -3.53155e+00  8.03578e-01
-4.26039e+00 -2.96050e+00  8.17220e-01
-4.35209e+00 -3.27129e+00  9.45721e-01
-4.24310e+00 -2.79105e+00  1.89293e-02
-5.19896e+00 -3.31860e+00  5.85572e-01
-5.29537e+00 -3.25414e+00  4.43345e-01
-5.30812e+00 -3.72757e+00 -9.79315e-02
-5.33125e+00 -2.69040e+00  4.59088e-02
-4.45862e+00 -2.60666e+00 -1.46526e-01
-4.06244e+00 -3.51015e+00  2.73644e-01
-4.05556e+00 -3.49455e+00  2.74508e-01
-4.06631e+00 -2.77399e+00  4.47154e-01
-4.02550e+00 -2.89035e+00  3.36949e-01
-4.03589e+00 -3.36624e+00  2.59780e-01
-4.86817e+00 -3.89569e+00  8.80196e-01
-5.29359e+00 -3.90908e+00  9.08400e-02
-4.96032e+00 -3.82794e+00 -1.92483e-01
-4.06011e+00 -3.50628e+00  2.81656e-01
 6.23811e+00  2.54933e-01  6.21112e-01
 6.61568e+00 -3.58174e-01 -1.24698e-01
 6.14861e+00  9.15767e-01 -1.04146e-01
 6.26977e+00  1.25962e-01  6.57220e-01
 5.72753e+00  3.73216e-01  3.51313e-01
 5.80732e+00  6.14793e-01  1.18031e-01
 6.01222e+00  8.10244e-01 -3.09855e-02
 6.47847e+00 -1.73086e-01 -4.11852e-01
 6.92925e+00  1.19508e-01  4.49957e-01
 6.93480e+00  1.19282e-01  4.47975e-01
 6.14877e+00  9.15565e-01 -1.04889e-01
 6.05809e+00  7.99972e-01 -1.47715e-01
-6.74002e+00  1.12947e+00  2.84872e+00
-6.69460e+00  1.06148e+00  2.69459e+00
-6.23928e+00  1.08248e+00  2.86570e+00
-6.75336e-01 -4.24896e+00  5.75647e+00
-9.64667e-01 -4.29438e+00  5.64916e+00
-1.19224e+00 -4.27362e+00  5.54941e+00
-2.85247e-01 -3.02135e+00  5.58434e+00
-7.97534e-01 -2.64406e+00  5.27000e+00
-1.95736e-01 -3.98269e+00  5.88248e+00
-6.72352e-02 -3.72767e+00  5.86635e+00
 3.10815e+00  2.37996e-03 -7.38412e+00
 3.15275e+00 -2.33030e-02 -7.41285e+00
-4.59169e+00  1.96213e+00 -1.87226e+00
-3.41641e+00  1.74995e+00 -2.72806e+00
-4.45878e+00  2.47253e+00 -1.98596e+00
-4.47050e+00  2.46179e+00 -2.04095e+00
-3.00396e+00  1.52337e+00 -2.15243e+00
-4.64492e+00  1.24663e+00 -1.84783e+00
-4.56616e+00  1.20560e+00 -1.99405e+00
-4.60571e+00  1.21074e+00 -1.83569e+00
-3.25290e+00  1.88279e+00 -1.51887e+00
-4.17114e+00  2.05924e+00 -2.62145e+00
-3.30703e+00  1.74108e+00 -2.68060e+00
-3.28025e+00  1.23380e+00 -2.43362e+00
-3.15540e+00  1.80226e+00 -2.48618e+00
-3.57655e+00  2.42861e+00 -1.63250e+00
-3.27288e+00  1.49192e+00 -1.50316e+00
-3.44800e+00  1.05007e+00 -1.52517e+00
-4.41550e+00  2.49871e+00 -1.85504e+00
-4.48392e+00  2.42285e+00 -2.02063e+00
-4.36795e+00  2.50285e+00 -1.84287e+00
-4.01986e+00  2.50607e+00 -1.75226e+00
-4.20627e+00  2.50601e+00 -1.85973e+00
-4.44476e+00  2.45396e+00 -2.08818e+00
 5.37714e+00  2.94567e+00 -2.99663e+00
 5.53826e+00  3.43746e+00 -2.61058e+00
 5.57432e+00  2.66600e+00 -2.21055e+00
 4.87377e+00  2.42603e+00 -2.61665e+00
 4.59466e+00  2.58711e+00 -3.00844e+00
 5.26007e+00  2.33650e+00 -2.26303e+00
 5.02574e+00  2.55258e+00 -1.49572e+00
 5.09281e+00  2.63152e+00 -1.45444e+00
 4.80277e+00  2.77483e+00 -1.41234e+00
 5.63142e+00  3.19280e+00 -2.22546e+00
 5.04797e+00  3.59849e+00 -2.26398e+00
 5.16439e+00  3.45063e+00 -2.03661e+00
 5.60008e+00  3.32147e+00 -2.38399e+00
 5.16173e+00  2.82865e+00 -3.01668e+00
 5.37908e+00  2.88219e+00 -2.96464e+00
 5.51038e+00  2.51570e+00 -2.36929e+00
 5.54941e+00  3.42708e+00 -2.59947e+00
 5.53981e+00  3.41830e+00 -2.62879e+00
 5.03214e+00  2.55002e+00 -1.49637e+00
-4.86991e+00  4.51558e+00  5.31083e-01
 3.16321e+00  1.90982e+00  6.85365e-01
 3.59699e+00  2.53249e+00  2.78330e-01
 2.43438e+00  1.45060e+00  1.58857e-01
 2.47151e+00  1.39115e+00 -5.67866e-02
 2.52541e+00  1.51647e+00 -4.57408e-01
 2.73366e+00  1.44522e+00 -7.16937e-01
 2.78200e+00  1.41872e+00 -7.54089e-01
 2.42463e+00  1.55871e+00  1.77220e-01
 2.46764e+00  1.88813e+00  2.87039e-01
 2.41166e+00  2.08188e+00  4.46287e-02
 2.41526e+00  2.12034e+00  5.42361e-03
 2.59169e+00 -4.43523e+00 -4.80403e-01
 2.46374e+00 -4.23682e+00 -2.06626e-01
 2.41964e+00 -4.26158e+00 -2.11680e-01
 1.91067e+00 -5.33813e+00  6.34949e-01
 2.40147e+00 -4.58668e+00 -5.49838e-01
 2.01134e+00 -5.03237e+00  5.86789e-01
 1.79781e+00 -1.31394e+00  7.93636e+00
 1.60534e+00 -1.83855e+00  7.93683e+00
 9.65223e-01 -1.97992e+00  7.75431e+00
 9.84267e-01 -9.97698e-01  7.64746e+00
 1.44840e+00 -7.89240e-01  7.76763e+00
 1.85710e+00 -1.45246e+00  7.97067e+00
-2.04826e+00  6.19773e+00  5.93961e-01
-2.16001e+00 -1.29725e+00  5.03416e+00
-1.96381e+00 -2.16353e+00  4.40747e+00
-2.12127e+00 -1.32575e+00  4.98661e+00
-8.66589e-01 -2.62580e+00  5.03101e+00
-2.12302e+00 -2.35093e+00  4.44009e+00
-1.05406e+00 -2.38970e+00  4.84847e+00
-1.48234e+00 -2.93430e+00  4.95583e+00
-2.27509e+00 -2.85317e+00  5.91564e+00
-2.12060e+00 -2.48331e+00  5.99574e+00
-2.43699e+00 -2.11428e+00  5.88164e+00
-2.61372e+00 -2.14269e+00  5.80751e+00
-2.72842e+00 -2.16859e+00  5.04251e+00
-2.42284e+00 -2.43420e+00  4.64566e+00
-1.93191e+00 -2.04365e+00  4.44494e+00
-1.88754e+00 -2.11562e+00  4.41209e+00
-8.78717e-01 -2.63879e+00  5.13801e+00
-9.68900e-01 -2.71236e+00  5.03560e+00
 5.80733e+00  2.40262e+00 -2.74099e+00
 5.77166e+00  2.40275e+00 -2.66406e+00
 5.80800e+00  2.39109e+00 -2.74080e+00
-3.37876e+00 -4.22067e-01  2.54233e+00
-2.79593e+00 -9.06567e-03  1.60029e+00
-4.22687e+00  1.49385e-01  1.29108e+00
-2.94661e+00 -2.38164e-01  1.40585e+00
-4.08550e+00  1.59857e-01  1.26320e+00
-2.73602e+00 -1.56728e-01  1.92864e+00
-2.94725e+00 -6.40248e-01  1.82677e+00
-3.08294e+00 -7.93729e-01  1.88168e+00
-3.48439e+00 -8.93241e-01  2.31570e+00
-4.27663e+00 -7.24817e-02  1.18432e+00
 3.76955e+00 -5.66801e+00 -7.49412e-01
 3.75335e+00 -5.53550e+00 -7.98887e-01
 4.07657e+00 -5.94482e+00 -3.92619e-01
 4.70085e+00 -4.68347e+00 -4.92767e-01
 4.44677e+00 -4.66184e+00 -9.33669e-01
 4.03100e+00 -4.80053e+00 -7.32409e-01
 4.61994e+00 -4.67429e+00 -8.00616e-01
 4.71077e+00 -4.68381e+00 -5.12557e-01
 4.24799e+00 -4.65463e+00 -5.69039e-01
 4.12185e+00 -4.64525e+00 -6.88497e-01
-1.60860e+00  1.77532e+00  5.08850e+00
-1.22467e+00  2.04915e+00  4.88436e+00
-1.37982e+00  2.03031e+00  4.84644e+00
-1.03872e+00  8.43906e-01  4.81948e+00
-6.42722e-01  1.34877e+00  4.95488e+00
-1.39245e+00  1.27172e+00  5.32027e+00
-8.50633e-01  9.17520e-01  5.07414e+00
-1.47250e+00  1.29133e+00  5.30002e+00
-7.98842e-01  2.02896e+00  4.88830e+00
-1.48133e+00  1.93118e+00  5.04721e+00
-7.49077e-01  1.95699e+00  4.97963e+00
-1.46891e+00  1.93345e+00  5.04827e+00
-1.07995e+00  1.84418e+00  5.14434e+00
-1.28872e+00  8.97917e-01  4.74373e+00
-1.67748e+00  1.65415e+00  4.86566e+00
-1.61015e+00  1.54720e+00  5.17789e+00
 2.82180e+00 -8.55261e-01  5.55374e-01
 2.81688e+00 -1.18397e-01  4.51918e-01
 3.37821e+00 -1.17754e+00  8.00127e-02
 3.54341e+00 -5.98433e-01  1.53346e-01
 3.65925e+00 -6.87275e-01 -1.43488e-03
 2.82516e+00 -2.29053e-01  5.12145e-01
 2.85482e+00 -1.65157e-01  4.92095e-01
 3.33163e+00 -1.17326e+00  1.29154e-01
 3.13799e+00 -1.00408e+00  3.96507e-01
 3.67426e+00 -6.25898e-01 -5.21122e-02
 3.66556e+00 -6.43124e-01  1.05404e-02
 1.90001e+00 -1.22727e+00 -6.49214e+00
 1.26334e+00 -1.24719e+00 -6.76458e+00
 1.88214e+00 -1.21947e+00 -6.51620e+00
-4.01406e-01 -9.28895e-01  5.24111e+00
 3.44326e-01  6.45140e-02  5.43312e+00
 9.94329e-01 -8.85492e-01  4.73229e+00
 9.60532e-01  5.16328e-01  4.72742e+00
 1.17760e+00 -4.24461e-01  4.63789e+00
 1.05888e+00 -6.92585e-01  4.80003e+00
-3.13497e-01 -1.15877e+00  4.98568e+00
 8.49398e-01  6.19599e-01  4.62108e+00
 1.38547e-01  1.32875e-02  5.48671e+00
 4.09343e-01  6.24587e-01  5.13072e+00
-1.34583e-01 -1.45041e+00  4.69513e+00
 3.69569e+00 -2.34264e+00  5.02995e+00
 1.53583e+00 -7.46933e-01  7.69909e+00
 1.44909e+00 -6.29333e-01  7.63428e+00
 1.50412e+00 -7.40492e-01  7.71310e+00
 1.81328e+00  7.33540e-02  6.67205e+00
 1.48333e+00 -2.57742e-02  6.98929e+00
 1.63860e+00 -6.79446e-01  7.56250e+00
-2.73494e+00  1.84112e+00  2.17240e-01
-3.34213e+00  2.83329e+00  1.08125e+00
-4.28990e+00  1.75093e+00  1.05207e+00
 3.93148e-01  3.37128e+00 -5.61367e+00
 6.18863e-01  3.65680e+00 -4.85828e+00
 6.76210e-02  4.04515e+00 -4.56909e+00
 5.80235e-01  4.17682e+00 -4.80691e+00
 2.28375e-01  3.90991e+00 -4.37825e+00
-4.37066e-01  3.19634e+00 -5.83792e+00
 4.72661e-01 -3.91899e+00  7.68874e-01
-1.00375e-01 -4.53291e+00  5.27544e-01
 5.91081e-01 -3.72591e+00  8.29275e-01
 6.04994e+00 -1.06990e-01  2.96191e+00
 6.17540e+00 -4.36513e-01  3.79022e+00
-5.15535e+00 -2.20207e+00 -2.34138e+00
-4.97040e+00 -3.21282e+00 -1.56228e+00
-6.20554e+00 -2.60140e+00 -2.24259e+00
-5.30459e+00 -1.94555e+00 -2.24871e+00
-6.46996e+00 -2.27419e+00 -2.21101e+00
-5.36071e+00 -3.10989e+00 -1.28041e+00
-6.41870e+00 -2.41644e+00 -1.53141e+00
-5.93312e+00 -1.95451e+00 -1.47610e+00
-6.39633e+00 -2.21434e+00 -2.23715e+00
-5.83489e+00 -1.79805e+00 -2.11835e+00
-5.64180e+00 -2.17667e+00 -2.43894e+00
-5.52716e+00 -2.12351e+00 -1.38724e+00
-5.23346e+00 -2.85580e+00 -1.27613e+00
-5.29743e+00 -3.48335e+00 -1.49195e+00
-5.26001e+00 -3.44813e+00 -1.45734e+00
-4.95226e+00 -3.20375e+00 -1.62549e+00
-6.38345e+00 -2.29308e+00 -1.53429e+00
-6.46645e+00 -2.35135e+00 -1.57784e+00
-5.98313e+00 -2.97571e+00 -1.40706e+00
-5.59407e+00 -3.44403e+00 -1.56768e+00
-5.72376e+00 -2.11088e+00 -2.42505e+00
-5.58011e+00 -1.84498e+00 -2.26149e+00
-2.87321e+00 -4.17826e+00  2.91698e+00
-2.87901e+00 -4.59226e+00  2.68299e+00
-2.59541e+00 -4.93186e+00  2.79732e+00
 3.10031e+00 -6.97914e-01 -4.19515e+00
 2.01238e+00 -1.10563e+00 -4.27614e+00
 2.02658e+00 -1.17980e+00 -4.40614e+00
 3.42415e+00 -8.44699e-01 -3.70629e+00
 2.24638e+00 -1.24208e+00 -4.62829e+00
 2.76063e+00 -1.82409e+00 -4.87213e+00
 2.98108e+00 -9.08148e-01 -4.47699e+00
 2.86427e+00 -9.76536e-01 -4.52627e+00
 2.98197e+00 -1.82234e+00 -4.82785e+00
 2.42571e+00 -2.08193e+00 -4.82597e+00
 2.49955e+00 -1.88971e+00 -4.89617e+00
 2.48917e+00 -2.16022e+00 -4.77834e+00
 3.36578e+00 -7.60061e-01 -3.63236e+00
 2.95756e+00 -4.84458e-01 -3.76562e+00
 3.03488e+00 -5.07008e-01 -3.84482e+00
 2.69485e+00 -2.08274e+00 -3.34362e+00
-1.30364e+00 -4.48084e+00  4.54655e+00
-1.36619e+00 -4.43267e+00  4.52544e+00
-1.44625e+00 -4.40870e+00  4.99981e+00
-1.37262e+00 -4.45726e+00  4.91621e+00
-1.27953e+00 -4.50264e+00  4.59766e+00
-1.26310e+00 -4.51932e+00  4.55763e+00
-4.89699e-01 -1.23406e+00  4.83286e+00
-1.64356e+00 -8.41083e-01  3.77112e+00
 2.68503e+00  3.18122e+00 -1.74303e+00
 3.51032e+00  3.56067e+00 -1.69951e+00
 3.44649e+00  3.18792e+00 -1.96187e+00
 3.11587e+00  3.75307e+00 -1.43842e+00
 3.02856e+00  3.91339e+00 -1.39586e+00
 2.07191e-01 -1.40130e+00 -6.69013e+00
 1.45733e-01 -1.38618e+00 -6.70967e+00
 1.09257e+00 -1.11944e+00 -6.76058e+00
-3.50701e-01 -6.32207e-01 -6.51488e+00
 2.17295e+00  4.67364e+00  2.14939e+00
 1.42326e+00  3.65291e+00  2.71790e+00
 1.19740e+00  3.81601e+00  2.16654e+00
 1.67574e+00  4.10068e+00  2.83991e+00
 1.49938e+00  4.06128e+00  2.98993e+00
 1.71739e+00  3.52180e+00  2.29830e+00
 1.04390e+00  3.88660e+00  2.35530e+00
 1.78178e+00  3.49831e+00  2.13350e+00
 1.31216e+00  4.41960e+00  2.91735e+00
 1.09846e+00  4.49061e+00  2.68656e+00
 8.30165e-01  4.38523e+00  2.31165e+00
-2.01542e+00 -2.05889e+00 -5.37728e+00
-2.08399e+00 -1.64902e+00 -5.94740e+00
-1.54709e+00 -9.81903e-01 -4.83084e+00
-1.23951e+00 -8.07276e-01 -5.48086e+00
-2.18876e+00 -1.40073e+00 -5.02256e+00
-2.18673e+00 -1.76210e+00 -5.09987e+00
-2.11197e+00 -1.38689e+00 -6.02940e+00
-2.18295e+00 -1.80536e+00 -5.15562e+00
-2.11888e+00 -1.56719e+00 -5.96389e+00
-2.11836e+00 -1.92365e+00 -5.19672e+00
-2.13137e+00 -1.84575e+00 -5.10906e+00
 3.85314e+00 -1.24748e+00 -3.84481e+00
 5.37607e+00 -8.53734e-01 -3.48939e+00
 3.94532e+00 -1.05850e+00 -3.16824e+00
 3.92979e+00 -2.88655e-01 -3.21380e+00
 3.85612e+00 -1.24925e+00 -3.84143e+00
 4.55109e+00 -1.24543e+00 -2.80305e+00
 4.77767e+00 -1.43487e+00 -3.00562e+00
 5.35945e+00 -1.05578e+00 -3.48476e+00
 3.54797e+00 -8.65672e-01 -3.71852e+00
 4.60129e+00 -4.80575e-01 -2.80971e+00
 4.92252e+00 -2.87842e-01 -3.07505e+00
 3.48329e+00 -7.54508e-01 -3.62074e+00
 4.51694e+00 -4.72319e-01 -4.21410e+00
 4.20136e+00 -6.55042e-02 -3.21092e+00
 4.12684e+00 -1.50447e-01 -3.10443e+00
 4.10617e+00 -1.23804e-01 -3.13096e+00
 3.96900e+00 -3.99499e-01 -3.79485e+00
 3.69486e+00 -5.66394e-01 -1.04298e-01
-4.50153e+00 -4.11878e+00 -3.32531e+00
 4.20516e+00 -4.35256e+00  2.94350e+00
 4.37500e+00 -4.32325e+00  2.73552e+00
 4.32261e+00 -4.11594e+00  2.56429e+00
 4.40294e+00 -4.29558e+00  2.67646e+00
 3.41923e+00 -4.91178e+00  3.70083e+00
 3.29421e+00 -4.90022e+00  3.64657e+00
 2.52918e+00 -1.44991e+00 -5.63951e+00
 3.50818e+00 -1.32238e+00 -5.67346e+00
 2.94134e+00 -1.19199e+00 -6.04547e+00
 2.93328e+00 -1.19363e+00 -6.04406e+00
 2.98982e+00 -1.39527e+00 -6.21912e+00
 2.25049e+00 -2.15864e+00 -5.03903e+00
 2.32545e+00 -1.61874e+00 -5.45531e+00
 3.62984e+00 -1.52981e+00 -5.65341e+00
 3.08199e+00 -1.18197e+00 -6.03443e+00
 3.03424e+00 -1.21935e+00 -6.09768e+00
 3.56333e+00 -1.38396e+00 -5.65369e+00
 3.52877e+00 -1.34230e+00 -5.66899e+00
 3.49959e+00 -1.31672e+00 -5.68616e+00
 4.54016e+00  1.04709e+00  4.37470e+00
 4.18661e+00  9.59698e-01  4.09106e+00
 4.27134e+00  1.26596e+00  3.72027e+00
 5.23300e+00  1.58595e+00  3.31162e+00
 5.01284e+00  5.52950e-01  4.36770e+00
 6.07526e+00  1.30576e+00 -8.56520e-01
 5.94999e+00  1.32911e+00  2.15605e-01
-5.19665e+00  3.23168e+00 -2.05065e+00
-5.00596e+00  3.98239e+00 -2.12638e+00
-5.01302e+00  3.98721e+00 -2.08232e+00
-6.08889e+00  3.05898e+00 -1.51694e+00
-5.06165e+00  3.92928e+00 -1.89393e+00
-5.23432e+00  3.42721e+00 -1.60039e+00
-5.99539e+00  2.96684e+00 -2.49118e+00
-6.03375e+00  3.07532e+00 -1.50273e+00
-5.25698e+00  3.25876e+00 -1.69167e+00
-5.61208e+00  3.63484e+00 -1.33235e+00
-6.03374e+00  3.07755e+00 -1.50141e+00
-6.05171e+00  3.07008e+00 -1.50664e+00
-1.29918e+00  5.84385e-01 -4.49139e+00
-1.54115e+00  7.89487e-01 -5.25854e+00
-1.22900e+00  5.85881e-01 -4.49826e+00
-1.05085e+00  1.28926e+00 -4.92048e+00
-1.82914e+00  1.21657e+00 -4.05277e+00
-9.81758e-01  7.64482e-01 -4.56722e+00
-1.66113e+00  6.11596e-01 -4.35816e+00
-1.09429e+00  5.88981e-01 -4.61359e+00
-1.94524e+00  6.42211e-01 -4.53521e+00
-2.39120e+00  1.15678e+00 -4.48713e+00
-1.47789e+00  8.41022e-01 -4.06985e+00
-1.49077e+00  6.80957e-01 -4.19069e+00
-1.69402e+00  1.10082e+00 -4.03928e+00
-1.78947e+00  1.27180e+00 -4.07201e+00
-1.18335e+00  1.53263e+00 -4.97085e+00
-1.50309e+00  6.23068e-01 -5.12693e+00
-1.45631e+00  9.54494e-01 -5.24037e+00
-1.22141e+00  5.86642e-01 -4.76658e+00
-1.74381e+00  1.85696e+00 -4.60448e+00
-1.97514e+00 -3.55262e+00 -4.29267e+00
-1.38259e+00 -2.70592e+00 -4.13101e+00
-2.09505e+00 -2.31141e+00 -4.34529e+00
-1.40267e+00 -2.83223e+00 -3.60531e+00
-2.03618e+00 -2.98417e+00 -3.52025e+00
-1.80992e+00 -2.44860e+00 -4.33962e+00
-1.68140e+00 -3.21966e+00 -3.74044e+00
-2.35862e+00 -2.28170e+00 -3.97483e+00
 2.85479e-01 -5.66717e+00 -4.08530e+00
 6.52759e-01 -5.49078e+00 -3.78927e+00
-2.98470e+00  8.66034e-01 -2.92509e+00
-4.06244e+00  5.71845e-01 -3.60821e+00
-4.06223e+00  5.71811e-01 -3.60527e+00
-4.06029e+00  5.69138e-01 -3.60889e+00
-3.22155e+00  8.69841e-01 -3.92054e+00
-4.08999e+00  1.15087e+00 -3.77146e+00
-3.68550e+00  1.09949e+00 -4.04304e+00
 6.72652e-01  6.32574e+00 -8.63469e-01
 3.39457e-01  6.42928e+00 -1.40832e+00
 7.19307e-01  6.14552e+00 -6.93698e-01
 6.69415e-01  6.02553e+00 -6.98865e-01
-1.96825e-01  5.28275e+00 -1.05867e+00
-8.25924e-01  6.54377e+00 -1.20461e+00
-7.95152e-01  6.44341e+00 -1.02268e+00
 4.43314e-01  5.88805e+00 -5.29554e-01
 2.33487e+00 -4.41572e+00  3.14711e+00
 2.89717e+00 -5.26718e+00  3.51764e+00
 2.47819e+00 -4.88226e+00  2.62179e+00
 2.38873e+00 -4.70041e+00  2.67807e+00
 3.23673e+00 -4.72862e+00  3.78944e+00
 2.48204e+00 -4.09604e+00  3.19749e+00
-4.89893e+00 -3.97959e+00  9.25140e-01
-3.07677e+00 -4.57535e+00  7.51442e-01
-3.81635e+00 -4.04681e+00  1.27013e+00
-4.02142e+00 -3.63762e+00  9.51872e-01
-3.55284e+00 -3.73735e+00  7.90952e-01
-3.66748e+00 -4.08370e+00  1.27437e+00
-3.66573e+00 -3.73927e+00  9.73776e-01
-3.05767e+00 -4.50740e+00  6.62039e-01
 3.58830e+00 -1.60619e+00  2.60567e-01
 4.64993e+00 -2.33274e+00 -8.64380e-01
 3.54884e+00 -1.35786e+00  6.22234e-02
 4.65334e+00 -2.03845e+00 -9.93696e-01
 6.98304e+00 -9.10344e-01 -1.92046e-01
 6.57345e+00 -1.55138e+00  1.79551e-01
 6.66226e+00 -8.38150e-01 -6.67039e-01
 6.93550e+00 -1.12860e+00  4.29743e-02
 2.65592e+00  3.56976e+00  4.98738e+00
 2.93001e+00  3.50561e+00  4.63998e+00
-2.69394e+00  5.20053e+00  2.32982e+00
-2.07347e+00  5.70924e+00  2.12829e+00
-2.70023e+00  5.95604e+00  1.42737e+00
-2.96342e+00  5.57926e+00  3.11204e+00
 5.81033e+00  1.51223e-01  3.01306e+00
 5.50732e+00 -2.18441e-02  2.54721e+00
 5.22661e+00  1.35586e+00  3.16747e+00
 6.01191e+00  4.87546e-01  2.95180e+00
 5.49655e+00  4.03326e-01  1.80683e+00
 6.00279e+00  1.00536e+00  2.06007e+00
 6.09013e+00  6.81744e-01  2.97158e+00
 5.45283e+00  5.01591e-01  1.76618e+00
 5.56259e+00  5.10619e-01  1.79160e+00
 4.23534e+00  1.07144e+00  1.39704e-01
 4.30979e+00  1.27290e+00 -3.25452e-02
 4.28053e+00  1.23856e+00 -3.61770e-02
-2.65950e+00  5.15425e+00 -4.59456e+00
-2.72422e+00  4.01941e+00 -4.32319e+00
-1.41410e+00  4.18998e+00 -4.12894e+00
-2.88832e+00  3.97487e+00 -4.59786e+00
-2.87247e+00 -6.82334e+00  5.87965e-01
-3.04307e+00 -6.81637e+00  5.39754e-01
 2.11643e+00  2.90114e+00 -1.28849e+00
 1.07160e+00  3.00672e+00 -8.94045e-01
 2.71491e+00  2.73742e+00 -1.62609e-01
 1.80317e+00  2.41200e+00 -5.12974e-01
 2.32977e+00  2.46491e+00  1.00386e-02
 2.17381e+00  2.92793e+00 -1.28141e+00
 1.45201e+00  3.37739e+00  2.69003e-02
 1.54290e+00  3.47943e+00  6.25153e-02
 1.30523e+00  2.51495e+00 -8.71680e-01
 1.48772e+00  2.42094e+00 -9.22729e-01
 1.40895e+00  3.63111e+00 -4.40478e-01
 1.19714e+00  3.42100e+00 -5.64758e-01
-3.24957e+00 -2.34772e+00 -3.52577e+00
-3.21731e+00 -2.07254e+00 -3.18175e+00
-3.22820e+00 -2.24257e+00 -2.98510e+00
-2.35035e+00 -1.97209e+00 -3.70310e+00
-3.27951e+00 -2.83119e+00 -2.92079e+00
-2.81207e+00 -3.36980e+00 -2.93680e+00
-2.38593e+00 -2.16778e+00 -3.93818e+00
-2.74589e+00 -2.41659e+00 -3.99900e+00
-1.85211e+00  5.53286e+00 -5.12918e-01
-2.39228e+00  5.79960e+00 -1.07037e+00
-1.81256e+00  5.26422e+00  9.14459e-02
-2.23880e+00  5.91400e+00 -1.10870e+00
-2.00712e+00  6.04607e+00 -1.12456e+00
-1.90224e+00  5.25682e+00  3.69203e-02
-1.82233e+00  5.36973e+00 -1.85343e-01
-3.91257e+00  5.85495e+00  6.84114e-01
-3.93860e+00  6.12699e+00  1.99751e-01
-4.00358e+00  5.85506e+00  6.66512e-01
-4.00417e+00  6.10564e+00  2.24838e-01
 2.80527e+00  1.57814e+00  5.90338e+00
 2.72386e+00  2.16542e+00  4.68353e+00
 4.13115e+00  2.30448e+00  4.45382e+00
 3.63393e+00  1.36325e+00  5.36948e+00
-2.79110e+00  5.75268e+00 -1.19338e+00
-1.64067e+00  5.44662e+00 -1.63756e+00
-2.72240e+00  4.97859e+00 -2.20581e+00
-1.79529e+00  5.25018e+00 -1.57243e+00
-2.78554e+00  5.26115e+00 -1.10321e+00
-1.79409e+00  6.00279e+00 -1.30588e+00
-1.99387e+00  5.65678e+00 -2.23319e+00
-2.86577e+00  5.28770e+00 -1.08802e+00
-2.66422e+00  5.27098e+00 -1.11817e+00
-1.64740e+00  5.40242e+00 -1.59444e+00
-5.89971e-01 -1.39746e-02  2.00270e+00
-3.37002e-01 -6.06688e-01  2.32247e+00
-5.64366e-01  1.74747e-02  2.02234e+00
 5.57017e-01 -9.84428e-01  1.96465e+00
 6.42740e-01 -9.74517e-01  1.85735e+00
 2.78090e-01  4.05758e+00 -3.43895e-01
 9.02238e-01  4.23132e+00  6.16993e-01
 6.46826e-01  4.39355e+00 -1.94621e-01
 5.19750e-02  3.55762e+00  9.10121e-01
 2.57017e-02  3.54964e+00  8.97056e-01
-6.12490e-02  4.16695e+00 -3.63203e-01
 1.04422e-01  4.17687e+00 -3.89906e-01
-1.04790e-01  4.19626e+00 -3.07197e-01
 7.16283e-01  4.44138e+00 -1.38789e-01
 7.57820e-01  4.68649e+00  2.26916e-01
 8.44683e-01  4.00133e+00  9.12080e-01
 4.37674e-01  3.56659e+00  8.61891e-01
-2.90174e-02  3.47185e+00  8.18766e-01
 1.07959e-01  3.52250e+00  8.94464e-01
-3.13758e+00  7.63439e-01  3.85317e+00
-2.73789e+00  4.58737e-01  3.95573e+00
-3.13143e+00  8.78804e-01  3.52338e+00
-1.78957e+00  1.83107e+00  3.88230e+00
-2.00074e+00  2.02907e+00  3.83266e+00
-2.16491e+00  2.16953e+00  3.74302e+00
-4.89657e+00  8.34667e-01 -4.45915e+00
-4.70082e+00  1.19478e+00 -5.04976e+00
-4.69223e+00  1.06436e+00 -5.20562e+00
 4.89140e+00  2.69538e+00  2.04958e-01
 6.20387e+00  3.46688e+00 -4.00974e-01
 6.35291e+00  3.49756e+00 -2.25337e-01
 4.84224e+00  2.79565e+00  1.47754e-01
 5.44663e+00  3.48265e+00  1.30833e-01
 6.01561e+00  3.48055e+00 -4.16967e-01
 5.66295e+00  3.63963e+00  7.73821e-02
 5.80289e+00  3.66179e+00  2.16202e-01
 5.58883e+00  2.65397e+00 -7.27862e-01
 5.53547e+00  2.70522e+00 -7.17221e-01
 6.00371e+00  2.51614e+00 -1.09513e-01
 5.31673e+00  3.35372e+00  1.28919e-01
 4.90672e+00  2.73816e+00  2.18689e-01
 5.35443e+00  2.12092e+00  2.76496e-01
 5.83293e+00  2.86470e+00  5.96404e-01
 6.33968e+00  3.56082e+00  1.82362e-02
 4.84233e+00  2.84615e+00  1.38792e-01
 4.84195e+00  2.83120e+00  1.45479e-01
 4.84524e+00  2.86594e+00  1.02515e-01
 4.84762e+00  2.84416e+00  7.88723e-02
-5.97973e-01 -4.65008e+00  4.41715e+00
-2.20598e-01 -4.22182e+00  5.70293e+00
-1.14303e-01 -3.17631e+00  4.96059e+00
 5.32133e-01 -3.44452e+00  4.99653e+00
-1.28905e+00 -4.38084e+00  4.47723e+00
-2.20356e-01 -4.19228e+00  5.72055e+00
-2.48659e-01 -4.21751e+00  5.70555e+00
 5.02557e-01 -3.56575e+00  5.08893e+00
 4.97404e-01 -3.61738e+00  4.83598e+00
-3.08384e-01  2.09964e+00  2.93106e+00
-8.19008e-01  6.81124e-01  2.59447e+00
-4.79609e-01  2.14232e+00  3.09094e+00
-1.14078e+00  1.96004e+00  1.73932e+00
-4.58076e-01  2.27454e+00  2.89078e+00
-4.83181e-01  2.28854e+00  2.90409e+00
-3.10007e+00 -1.02040e-01  2.64830e+00
-2.05877e+00 -2.83917e-01  3.08843e+00
-2.50122e+00 -2.34673e-01  3.13493e+00
-2.66378e+00 -7.31332e-02  1.95726e+00
-2.61003e+00  2.00022e-01  1.68240e+00
 2.20048e+00 -4.50793e+00  3.19224e+00
 2.03210e+00 -4.36651e+00  3.36606e+00
 1.88062e+00 -4.72973e+00  4.37776e+00
 2.66727e+00 -3.85223e+00  3.95162e+00
-3.22730e+00  2.06781e+00 -1.22942e+00
-3.22629e+00  2.10676e+00 -1.24909e+00
 1.29537e+00 -3.17984e+00 -3.93342e+00
 1.76996e+00 -2.95938e+00 -4.15852e+00
 1.32096e+00 -3.27500e+00 -3.85043e+00
 1.33814e+00 -4.29678e+00 -4.71386e+00
 1.30016e+00 -4.05629e+00 -4.52177e+00
 1.28688e+00 -3.23765e+00 -3.88152e+00
-3.34249e+00 -2.20811e+00 -2.65433e+00
-3.06637e+00 -4.80748e-01 -2.17929e+00
-2.93540e+00 -1.48803e+00 -3.16049e+00
-3.03481e+00 -5.13382e-01 -2.52324e+00
-2.97685e+00 -1.81149e+00 -2.52142e+00
-3.35142e+00 -2.19985e+00 -2.71128e+00
-3.33558e+00 -2.20400e+00 -2.65483e+00
-2.97529e+00 -1.51966e+00 -3.20361e+00
-3.36888e+00 -2.21859e+00 -2.67452e+00
-3.29121e+00 -1.95596e+00 -3.10782e+00
-4.42862e+00 -1.47631e+00 -2.04177e+00
-4.49965e+00 -1.42083e+00 -2.18324e+00
-3.63315e+00 -1.20619e+00 -3.32453e+00
-3.54875e+00 -1.28200e+00 -3.33418e+00
-3.58297e+00 -1.81205e+00 -3.18105e+00
-2.97681e+00  5.24082e+00 -8.82422e-01
-2.67887e+00  4.67408e+00 -1.22283e-01
-2.61438e+00  4.86788e+00 -7.64447e-01
-2.92376e+00  5.24074e+00 -1.00411e+00
 1.09410e+00  1.79034e-01 -7.26675e+00
 1.59608e+00  6.68340e-01 -7.41074e+00
 1.59556e+00  6.69981e-01 -7.41036e+00
-6.39971e+00 -9.15836e-02  2.28844e+00
-6.38640e+00 -1.20792e-01  2.31375e+00
-6.28735e+00 -6.51714e-01  3.63186e+00
-5.71769e+00 -2.18492e-01  3.60576e+00
-5.85360e+00  8.64448e-01  3.47770e+00
-1.33662e+00 -4.30515e-01 -4.20116e+00
-2.19847e+00 -1.16776e-01 -4.21071e+00
-1.81560e+00 -1.73609e-02 -5.18603e+00
-1.36202e+00 -3.31069e-01 -5.02603e+00
-1.07756e+00  1.64763e-01 -4.39315e+00
-1.13342e+00 -2.99457e-01 -4.61265e+00
-1.13977e+00 -8.15472e-02 -5.05200e+00
-9.68510e-01 -2.15481e-02 -4.81333e+00
-9.49411e-01  3.26923e-01 -4.59090e+00
-1.44607e+00  2.93786e-01 -5.20236e+00
-2.56082e+00  1.22096e+00 -4.53534e+00
-2.41605e+00  1.14932e+00 -4.47674e+00
-2.60260e+00  1.19645e+00 -4.54999e+00
-2.27098e+00  3.12663e+00 -3.43310e+00
-3.46361e+00  4.21165e+00 -3.00977e+00
-3.33185e+00  3.58111e+00 -2.83165e+00
-3.89843e+00  3.59138e+00 -3.15175e+00
-2.95962e+00  3.13524e+00 -4.65989e+00
-3.41325e+00  3.57700e+00 -2.81537e+00
-3.52815e+00  3.21131e+00 -2.98355e+00
-3.59972e+00  3.87107e+00 -2.87546e+00
-2.81423e+00  3.67232e+00 -4.63373e+00
-2.36508e+00  3.05503e+00 -3.33047e+00
-3.45868e+00  4.22949e+00 -3.02136e+00
-2.93781e+00  4.23966e+00 -3.41940e+00
 4.42386e+00 -2.06458e+00  4.83252e+00
 4.59879e+00 -1.86479e+00  4.90878e+00
 4.47945e+00 -2.26930e+00  3.79281e+00
 5.54704e+00 -1.73377e+00  4.68370e+00
 4.37502e+00 -2.11031e+00  3.88606e+00
 4.95217e+00 -2.76855e+00  3.59126e+00
 4.73494e+00 -2.64570e+00  3.66810e+00
 5.04717e+00 -2.90885e+00  3.69378e+00
 4.97413e+00 -2.96005e+00  3.86506e+00
 4.76466e+00 -2.62669e+00  3.60127e+00
 4.56737e+00  2.64878e-01  4.84315e-02
 4.88721e+00  7.97552e-02 -3.88856e-01
-3.37898e-01 -5.83796e+00 -2.40235e+00
-2.66048e-01 -5.89057e+00 -2.78599e+00
 4.64100e-01 -5.06481e+00 -1.61434e+00
 6.64180e-01 -5.41688e+00 -3.26943e+00
-2.88953e-01 -5.86341e+00 -2.79512e+00
 6.74587e-01 -5.01141e+00 -1.62279e+00
-5.74321e-01 -5.04357e+00 -2.79493e+00
 6.02988e-02 -5.76938e+00 -1.96166e+00
-4.76366e+00 -1.56040e+00  2.67620e+00
-6.24076e+00 -1.50415e+00  3.14982e+00
-5.97413e+00 -1.44397e+00  3.39731e+00
-5.33808e+00 -1.30406e+00  3.29470e+00
-5.15144e+00 -1.84558e+00  3.71868e+00
-4.83463e+00 -2.21644e+00  2.71124e+00
-5.10583e+00 -1.25716e+00  2.45884e+00
-5.17385e+00 -1.26841e+00  3.17662e+00
-6.21429e+00 -1.49862e+00  3.09002e+00
-5.69549e+00 -1.38895e+00  2.15720e+00
-1.25028e+00 -2.83958e+00  2.45939e+00
-8.91636e-01 -3.26272e+00  2.09658e+00
-1.43572e+00 -2.42581e+00  2.31240e+00
-1.01941e+00 -2.85559e+00  1.75887e+00
-8.91555e-01 -3.26365e+00  2.09607e+00
-1.26718e+00 -3.29375e+00  1.24799e+00
-1.37742e+00 -2.50283e+00  2.34808e+00
-1.39464e+00 -2.45599e+00  2.31821e+00
-1.44473e+00 -2.41981e+00  2.30806e+00
-9.65276e-01 -3.16819e+00  2.17496e+00
-1.24377e+00 -2.80185e+00  2.45418e+00
-1.22033e+00  2.12686e+00  6.31316e+00
-1.60729e+00  1.30383e+00  5.43484e+00
-7.60435e-01  2.00587e+00  5.68535e+00
-1.76605e+00  2.06545e+00  5.35221e+00
-1.71324e+00  1.35863e+00  5.49274e+00
-1.36311e+00  1.25233e+00  5.42821e+00
-4.93414e+00 -4.56429e+00 -2.02918e+00
-4.54448e+00 -4.35011e+00 -8.60024e-01
 4.58942e+00 -1.56541e+00  4.97085e+00
 3.83091e+00 -7.62126e-01  5.86936e+00
 1.18311e+00 -1.65505e+00  5.70065e-01
 1.18265e+00 -1.61813e+00  7.36813e-01
-4.70147e+00  4.08207e+00 -2.26254e+00
-4.99383e+00  4.02450e+00 -1.91311e+00
-4.91739e+00  4.00477e+00 -2.20391e+00
 5.20124e-01  2.79512e+00 -6.02754e+00
 5.67111e-01  3.22848e+00 -5.66541e+00
 7.79852e-01  2.26957e+00 -4.57425e+00
 3.54743e-01  2.78846e+00 -5.94022e+00
 9.26923e-01  3.26493e+00 -5.83569e+00
 1.46902e+00  3.28975e+00 -5.05822e+00
 2.60756e-01  2.54965e+00 -5.83354e+00
 4.07414e-01  2.43592e+00 -5.88192e+00
 9.14305e-01  2.14288e+00 -4.88049e+00
 1.50889e+00  2.74757e+00 -4.52893e+00
 1.52852e+00  2.81152e+00 -4.55548e+00
 1.48946e+00  2.76600e+00 -4.48450e+00
 1.24778e+00  2.73033e+00 -4.31971e+00
-3.96110e+00 -3.70242e+00  3.20978e+00
-3.16656e+00 -3.95207e+00  3.30591e+00
-3.30788e+00 -3.87460e+00  3.31531e+00
-3.69942e+00 -3.69166e+00  3.16219e+00
-3.27404e+00 -4.55029e+00  2.15734e+00
 2.22877e+00  2.92375e+00 -1.37821e+00
 2.29571e+00  2.95926e+00 -1.46240e+00
 1.79968e+00  3.44393e+00 -1.88064e+00
 1.32843e+00  3.72396e+00 -5.56504e-01
 1.20074e+00  3.57697e+00 -6.23337e-01
-1.93784e+00  6.06928e+00  9.10011e-01
-1.82376e+00  6.10621e+00  9.27808e-01
-1.84928e+00  6.02373e+00  8.92407e-01
-1.68877e+00  5.69812e+00  2.33740e+00
-8.01111e-01  6.05320e+00  1.40000e+00
-5.77147e-01  5.62056e+00  1.91763e+00
-4.85000e-01  5.41122e+00  1.36970e+00
-4.82251e-01  5.41616e+00  1.37240e+00
-5.79916e-01  5.26050e+00  1.31032e+00
-5.77619e-01  5.26358e+00  1.28398e+00
 3.13625e+00 -3.03616e+00  2.59642e+00
 3.95999e+00 -2.93282e+00  4.14696e+00
 3.14235e+00 -2.91305e+00  2.69604e+00
 3.63950e+00 -2.78847e+00  2.75022e+00
 3.66882e+00 -3.03607e+00  2.54591e+00
 3.04620e+00 -3.04474e+00  2.90544e+00
 3.05851e+00 -2.97437e+00  2.93127e+00
 3.14191e+00 -3.04745e+00  2.58669e+00
 3.15626e+00 -3.05564e+00  2.57866e+00
-2.13177e+00  5.06777e+00  6.56898e-02
-1.79231e+00  5.44831e+00 -4.31875e-01
-2.65940e+00  5.17792e+00 -1.08134e+00
-2.54160e+00  4.95641e+00 -9.02390e-01
-2.14955e+00 -6.85566e-01 -6.44779e+00
-7.48350e-01 -6.36537e-01 -6.38160e+00
-7.43035e-01 -5.45143e-01 -6.42791e+00
-6.57520e-01 -2.49762e-01 -5.61768e+00
-1.19378e+00  4.95747e-01 -6.04871e+00
-1.40789e+00  5.84139e-01 -6.01275e+00
-2.05510e+00 -8.14707e-01 -6.49566e+00
-5.12796e+00 -2.26740e+00 -8.25401e-01
-5.89293e+00 -2.64856e+00 -2.86266e-01
-5.95440e+00 -1.83026e+00 -1.26779e+00
-5.90598e+00 -2.65977e+00 -2.04010e-01
-6.09831e+00 -1.87796e+00 -1.19534e+00
-5.90111e+00 -1.84491e+00  2.60437e-01
-6.13348e+00 -2.36453e+00  8.78798e-02
-5.97512e+00 -2.21946e+00  2.71345e-01
-5.34980e+00 -2.04622e+00 -1.06950e+00
-5.60669e+00 -2.71330e+00 -2.37667e-01
-5.60866e+00 -2.71562e+00 -2.21521e-01
-5.38901e+00 -2.52899e+00  1.68708e-02
-5.60385e+00 -2.31284e+00  2.23402e-01
 2.56619e+00 -3.06859e+00  2.34504e+00
 2.21420e+00 -3.84410e+00  1.96732e+00
 1.97911e+00 -3.88031e+00  2.02695e+00
 3.13149e+00 -3.03634e+00  2.58578e+00
 7.61403e-01  5.34821e+00 -3.74395e+00
 8.54777e-01  5.11031e+00 -3.99956e+00
 8.21661e-01  5.48184e+00 -3.69977e+00
 4.60434e-01  5.13464e+00 -3.86239e+00
 1.12433e+00  5.11613e+00 -4.23303e+00
 1.37959e+00  5.63704e+00 -4.07876e+00
-2.99538e+00 -1.62652e+00  2.50490e+00
-2.99766e+00 -1.50230e+00  3.04019e+00
-2.25750e+00 -1.34902e+00  2.98928e+00
-3.14038e+00 -7.49452e-01  3.13742e+00
-3.42381e+00 -1.34813e+00  2.64499e+00
-3.31344e+00 -5.80505e-01  3.01174e+00
-3.13296e+00 -1.54851e+00  2.88356e+00
-1.76063e+00 -9.14828e-01  2.99111e+00
-2.92456e+00 -4.88803e-01  3.14616e+00
-2.99709e+00 -1.50136e+00  3.04110e+00
-2.84519e+00 -9.81952e-01  1.83228e+00
-3.52294e+00 -5.09144e-01  2.81601e+00
-2.87386e+00 -9.44976e-01  1.82624e+00
-3.62531e+00 -1.01700e+00  2.54268e+00
-3.42909e+00 -3.67758e-01  2.72668e+00
-2.89758e+00 -1.69820e+00  2.71135e+00
-2.82335e+00 -1.68328e+00  2.77712e+00
 6.96943e+00 -7.47634e-01 -2.61031e-01
 4.10034e+00 -6.02985e+00 -1.61702e-01
 3.60619e+00 -5.95704e+00  4.55337e-01
 4.14611e+00 -5.87955e+00 -2.08898e-02
 3.63038e+00 -5.94734e+00  4.65206e-01
 3.92635e+00 -6.01773e+00  9.87740e-02
 3.81348e+00 -5.94542e+00  3.55657e-01
 3.73419e+00 -5.93177e+00  4.40409e-01
 4.28278e+00 -4.61926e+00 -3.85684e-01
 3.65644e+00 -5.84228e+00  5.10562e-01
 3.48881e+00 -5.03445e+00  5.57060e-01
-3.32522e+00  2.98425e+00 -2.13907e+00
-4.29443e+00  2.26451e+00 -2.64327e+00
-4.22073e+00  2.14717e+00 -2.68159e+00
-4.44657e+00  2.45962e+00 -2.11370e+00
-3.53680e+00  3.08964e+00 -2.93716e+00
-4.17207e+00  2.77467e+00 -2.85303e+00
-4.31775e+00  2.67033e+00 -2.70757e+00
-3.84596e+00  2.29107e+00 -3.02998e+00
-3.29196e+00  2.95037e+00 -2.06407e+00
-3.60111e+00  2.54260e+00 -1.57081e+00
-5.08680e-01 -1.71360e-01  3.04514e-01
-4.91792e-01 -1.83019e-01  4.47662e-01
-4.25736e-01 -3.78319e-01  7.38507e-01
-9.39242e-01  1.46350e-01 -1.64131e-01
-1.42209e+00  5.10972e-01  6.03902e-01
-1.39192e+00  4.88540e-01  6.10809e-01
-8.14384e-01 -1.49353e-01  9.35439e-01
 4.77260e-04  4.28201e+00 -5.32855e-01
 5.62567e-02  4.45761e+00 -1.24991e+00
-5.45767e-01  3.57527e+00 -1.48260e+00
 8.25900e-02  4.04664e+00 -1.69760e+00
 9.14535e-01  4.06382e+00 -1.69215e+00
 9.99391e-02  4.07400e+00 -1.69203e+00
-4.86661e-01  3.48294e+00 -1.47466e+00
 8.09209e-01  3.99888e+00 -1.76860e+00
 5.90168e+00 -2.53150e+00 -1.85205e+00
 5.83606e+00 -2.85796e+00 -1.09283e+00
 5.43277e+00 -2.84714e+00 -2.28662e+00
 5.84083e+00 -3.32357e+00 -2.79449e+00
 5.68697e+00 -3.04961e+00 -9.65786e-01
 5.91703e+00 -3.12829e+00 -2.75891e+00
 5.91584e+00 -2.70822e+00 -1.29787e+00
-5.45375e+00  2.15985e+00  3.14006e-01
-5.69119e+00  2.43358e+00  2.43982e-02
-5.61891e+00  2.40371e+00 -7.92561e-02
-5.51521e+00  3.66811e+00  8.93611e-02
-5.32295e+00  2.69939e+00 -4.02227e-01
-5.52143e+00  2.18880e+00  8.35876e-01
-5.59364e+00  2.15439e+00  7.41638e-01
 5.25753e+00  3.28359e+00  1.64146e+00
-5.74574e+00  1.31816e+00  3.24165e+00
 3.36394e+00  5.13368e+00 -2.13376e+00
 3.42481e+00  5.16050e+00 -2.07055e+00
 3.87405e+00 -2.03412e+00  4.25737e+00
 4.58785e+00 -1.60595e+00  4.92912e+00
 4.54586e+00 -6.04615e-01  4.32268e+00
 4.89298e+00 -1.06439e+00  4.74284e+00
 4.59738e+00 -1.86218e+00  4.90990e+00
 4.22205e+00 -2.04112e+00  4.84839e+00
-5.11664e+00  1.80736e+00 -3.53324e+00
-4.96458e+00  8.23895e-01 -3.94332e+00
-5.08062e+00  1.85627e+00 -3.55470e+00
-4.82742e+00  1.76607e+00 -3.82206e+00
-5.78753e-01  5.25996e+00  1.28065e+00
 2.89856e-01  4.40610e+00  2.45768e+00
 1.88279e-01  4.26743e+00  2.38803e+00
 4.70691e-01  5.38563e+00  2.21668e+00
 6.26023e-02  5.47323e+00  1.93017e+00
 3.57214e-01  5.27955e+00  2.29298e+00
 4.77827e-01  4.38672e+00  2.36003e+00
 2.14107e-01  4.27835e+00  2.41231e+00
-5.95239e-01  5.08283e+00  1.34212e+00
-4.81541e-01  5.41605e+00  1.37204e+00
-2.05581e-01  5.52503e+00  1.63351e+00
-5.96951e-01  5.21189e+00  1.30548e+00
-2.25993e-01  5.50780e+00  1.21291e+00
 2.75559e-01  1.06804e+00  6.31420e+00
-6.02752e-01  7.51710e-01  5.26500e+00
 3.19938e-02 -8.62576e-02  5.70083e+00
-6.03351e-01  7.55335e-01  5.26632e+00
-7.36100e-01  8.41679e-01  5.57991e+00
-7.91385e-01  6.27599e-01  5.71820e+00
-2.46548e-01  1.07114e+00  5.27158e+00
 1.12254e-01  8.05253e-01  5.09098e+00
 3.83496e-01  7.80652e-01  5.25256e+00
-3.70992e+00  5.81617e+00 -2.29486e+00
-1.94091e+00  6.05316e+00 -1.17233e+00
 5.60806e-01  5.12133e+00  3.69836e+00
 6.44107e-01  5.09069e+00  3.68686e+00
 4.32511e+00  2.75306e+00 -1.13391e+00
 3.39294e+00  3.27861e+00 -7.93886e-01
 4.42040e+00  3.64175e+00 -6.30223e-01
 3.04175e+00  2.74512e+00 -3.51743e-01
 4.40062e+00  2.58147e+00 -4.11098e-01
 4.45221e+00  2.73463e+00 -1.12551e+00
 3.17467e+00  3.07462e+00 -5.73861e-01
 3.42445e+00  3.28378e+00 -8.15225e-01
 4.65873e+00  2.99373e+00 -5.57811e-01
 3.86371e+00  3.21011e+00 -1.05015e+00
 3.05856e+00  2.96713e+00 -1.59380e-01
 3.26008e+00  3.59743e+00 -3.36256e-01
 3.26077e+00  3.57648e+00 -3.65108e-01
 3.39917e+00  3.29413e+00 -7.93354e-01
 4.66518e+00  3.05035e+00 -1.00993e+00
-6.45239e+00 -1.34335e-01  2.04707e+00
-6.35017e+00 -6.38170e-01  1.99255e+00
 1.88067e-02  4.51238e+00 -6.86751e-01
 1.57531e-02  4.51555e+00 -7.03128e-01
 6.02363e-01  4.87536e+00 -5.70090e-01
-2.67098e-01  5.02155e+00 -1.12956e+00
 3.87944e-02  4.62485e+00 -9.94153e-01
 4.30239e-01  5.35029e+00  2.90111e-01
 7.87460e-01  5.06760e+00 -4.14550e-01
 1.45224e+00 -4.56844e+00 -4.64955e+00
 1.32932e+00 -4.39372e+00 -4.70388e+00
 3.14441e-01  2.64245e+00  2.61089e+00
 6.49448e-02  2.46374e+00  1.39623e+00
 6.26938e-01  2.49130e+00  2.10826e+00
 7.93204e-02  2.65654e+00  2.45129e+00
-8.17698e-01  2.25308e+00  1.21159e+00
-2.34173e-01  2.37306e+00  1.22652e+00
-8.85490e-01  2.12876e+00  1.26433e+00
-8.24847e-01  2.25213e+00  1.21433e+00
 3.29111e-01  2.57750e+00  2.74525e+00
 5.19356e-01  2.35459e+00  2.79663e+00
-9.85395e-01  1.93030e+00  1.34958e+00
 4.03812e-01  1.82849e+00  2.95876e+00
 4.76961e-01  1.83204e+00  2.95243e+00
-1.11797e+00  1.96254e+00  1.63968e+00
-1.15241e+00  2.31332e+00  1.92004e+00
-1.86231e+00 -2.45922e+00  3.42526e+00
-1.76034e+00 -2.19746e+00  3.61273e+00
-1.52486e+00 -9.92823e-01  3.22312e+00
-6.62545e-01 -1.65166e+00  2.77083e+00
-1.53602e+00 -9.93139e-01  3.21033e+00
-1.46268e+00 -1.96990e+00  3.83324e+00
-1.37785e+00 -1.10103e+00  2.87184e+00
-1.26024e+00 -2.72422e+00  2.52285e+00
-3.74288e-01 -1.79089e+00  3.82678e+00
-1.43928e+00 -2.42225e+00  2.31198e+00
-1.37405e+00 -2.41650e+00  2.32601e+00
-1.53211e+00 -9.92220e-01  3.21436e+00
-1.53167e+00 -1.09896e+00  2.84523e+00
-1.38038e+00 -1.12001e+00  3.46097e+00
-6.46761e-01 -1.43576e+00  3.65061e+00
-7.93200e-01 -1.22562e+00  3.15902e+00
-9.04864e-01 -1.23907e+00  2.89896e+00
-3.73419e-01 -1.82240e+00  3.84084e+00
-1.65043e+00 -1.03573e+00  3.03788e+00
-1.76005e+00 -1.16480e+00  3.04458e+00
-3.98999e-01 -1.59054e+00  3.43064e+00
-5.96832e-01 -1.36108e+00  3.36693e+00
-2.95286e-01 -1.53716e-01 -5.22614e+00
 1.26155e+00  6.12528e-01 -2.18507e+00
 1.21707e+00  2.48756e-01 -2.74312e+00
 1.35690e+00 -8.47566e-02 -2.98066e+00
 7.06860e-01 -7.30584e-01 -2.74102e+00
 7.01290e-01 -7.48778e-01 -2.73319e+00
 8.61994e-01  2.31196e-01 -2.60081e+00
 8.27725e-01 -2.47765e-01 -2.84154e+00
 1.18508e+00 -1.96265e-01 -2.96672e+00
 4.26572e-01 -9.49382e-01 -1.79888e+00
 9.76199e-01 -5.23100e-01 -2.85645e+00
 8.89310e-01 -8.49158e-01 -2.71783e+00
 2.96859e-01 -3.49387e+00 -4.21838e+00
 4.64802e-01 -3.57899e+00 -3.71447e+00
 5.12470e-01 -3.57990e+00 -3.67574e+00
 1.07263e+00 -3.23297e+00 -3.21359e+00
 1.02402e+00 -3.11077e+00 -3.11515e+00
-3.67882e-01 -2.83848e+00 -4.52248e+00
-2.14079e+00  1.24923e+00  5.80084e+00
-2.18604e+00  1.32335e+00  5.82150e+00
 8.64126e-01 -3.88031e+00  6.53429e-01
 1.24902e+00 -4.27352e+00  1.24161e+00
 2.02307e-01 -4.70623e+00  2.88651e-01
 7.60138e-01 -4.37007e+00  3.31065e-01
 7.36023e-01 -3.82529e+00  7.41038e-01
 3.38404e-01  1.10148e+00 -7.35549e+00
 2.87136e-01  1.11037e+00 -7.38772e+00
 4.67451e+00 -6.06333e-01 -1.33787e+00
 5.01751e+00 -2.35941e-01 -1.88182e+00
 4.87210e+00  3.25354e-01 -7.10152e-01
 5.18015e+00  7.38674e-02 -1.81907e+00
 4.55355e+00 -5.30675e-01 -8.61965e-01
 4.39251e+00  5.99802e-01 -8.42024e-01
-2.87602e+00  5.05171e+00 -2.55248e+00
-1.97241e+00  6.23415e+00 -2.76328e+00
-2.75601e+00  5.66728e+00 -3.89608e+00
-1.87988e+00  5.98590e+00 -3.00851e+00
-2.12660e+00  5.71827e+00 -2.52997e+00
 3.17652e+00 -3.30683e+00 -4.11988e+00
 3.67426e+00 -2.96624e+00 -3.64086e+00
-4.03886e+00  5.35300e-01  1.33018e+00
-3.51706e+00  1.20507e+00  1.57256e+00
 6.23789e+00  6.72374e-01  1.63879e+00
 6.28456e+00  8.56560e-02  7.22911e-01
 6.29323e+00  4.16298e-01  1.62710e+00
 6.19660e+00  7.54279e-01  1.38089e+00
 6.32521e+00  8.92007e-01  1.33833e+00
 6.58389e+00  9.66535e-01  1.68873e+00
 6.35437e+00  7.63633e-01  1.67233e+00
 1.84643e+00 -4.53110e+00 -2.02993e+00
 9.71511e-01 -4.26725e+00 -2.46571e+00
 6.66510e-01 -5.41703e+00 -3.27337e+00
 1.68932e+00 -4.49218e+00 -1.88484e+00
 2.00248e+00 -5.72613e+00 -2.55843e+00
 9.21497e-01 -4.90761e+00 -1.37789e+00
 3.32092e+00 -3.32209e+00  4.15363e-01
 2.66478e+00 -3.49150e+00  2.92896e-01
 2.25445e+00 -2.58447e+00  5.94071e-01
 2.50359e+00 -3.32280e+00  6.71372e-01
 3.32153e+00 -3.31418e+00  1.35205e+00
 2.44559e+00 -2.60100e+00  3.00916e-01
 3.37977e+00 -3.52982e+00  7.49935e-01
 3.27410e+00 -2.98565e+00  3.17935e-01
 3.24205e+00 -2.16971e+00  1.40696e+00
 3.41522e+00 -3.38323e+00  1.21931e+00
 2.77057e+00 -3.32983e+00  1.17619e-01
 2.65795e+00 -3.45719e+00  2.39255e-01
 3.22874e+00 -2.36480e+00  5.14151e-01
 3.29690e+00 -2.17349e+00  1.32731e+00
 2.25368e+00 -2.56728e+00  6.74916e-01
 2.72027e+00 -3.34080e+00  1.05304e-01
 2.30332e+00 -2.91016e+00  6.20422e-01
 2.23391e+00 -2.63094e+00  6.40768e-01
 3.11365e+00 -2.18188e+00  1.49555e+00
 3.16752e+00 -2.25448e+00  1.51997e+00
 3.55635e+00 -1.36169e+00 -5.66064e+00
-4.28383e+00 -2.18005e-02 -1.72648e+00
-4.68869e+00  1.03540e+00 -1.51612e+00
-3.93868e+00  2.24321e-01 -1.29671e+00
-4.69128e+00  8.11927e-01 -1.52106e+00
-4.52536e+00 -1.93841e-01 -2.25285e+00
-4.59298e+00 -2.03863e-02 -1.97078e+00
-3.74492e+00  8.83085e-01 -1.22395e+00
-6.87928e+00  2.33455e+00 -2.41835e-01
-6.87931e+00  2.33451e+00 -2.41736e-01
-6.17036e+00  2.16872e+00  6.04445e-01
-6.52540e+00  2.42686e+00 -3.54510e-01
 2.26213e-02 -1.53678e+00 -6.67398e+00
-1.46990e-01 -1.71601e+00 -6.62377e+00
 3.72134e+00  2.04388e+00 -1.62875e+00
 3.79876e+00  2.00324e+00 -1.55943e+00
 3.53045e+00  1.92263e+00 -2.26039e+00
 3.24214e+00  1.99562e+00 -1.35730e+00
 3.51813e+00  1.93973e+00 -2.24930e+00
 2.42269e+00  1.21559e+00 -1.27685e+00
 2.85302e+00  1.83831e+00 -2.17529e+00
 2.40138e+00  1.30743e+00 -1.72530e+00
-2.99447e-01  2.69702e+00  8.19435e-01
 1.34960e+00  2.56010e+00  6.98450e-01
 1.17090e+00  2.88100e+00  4.10299e-01
 5.96141e-01  3.23079e+00  1.29953e+00
 1.21379e+00  2.41391e+00  6.00803e-01
-9.89378e-02  2.70202e+00  9.93249e-01
 9.43555e-01  3.22381e+00  2.17916e-01
 8.07389e-01  2.89053e+00  1.53613e+00
 4.51693e-01  3.56687e+00  8.62540e-01
-3.72411e+00  4.71644e+00  3.31578e+00
 1.95289e+00  2.82458e+00  3.55213e+00
 1.42387e+00  1.64131e+00  2.82369e+00
 2.20829e+00  1.36636e+00  3.63149e+00
 2.00559e+00  2.02544e+00  2.47383e+00
 1.72324e+00  2.95177e+00  3.10553e+00
 1.06920e+00  2.10447e+00  3.14769e+00
 1.84555e+00  2.88858e+00  2.72385e+00
 1.31204e+00  2.61878e+00  3.05781e+00
 1.34102e+00  2.64573e+00  3.04163e+00
 1.67866e+00  2.93518e+00  2.99126e+00
 1.22238e+00  2.70749e-01  2.58638e+00
 4.62588e-01 -8.97757e-01  3.01611e+00
 7.56699e-01 -1.28841e+00  2.90037e+00
 8.56239e-01 -1.57597e-01  3.02570e+00
 1.55389e-01 -4.80361e-01  2.89218e+00
 8.91043e-01 -1.32122e+00  2.90743e+00
 7.46292e-01 -1.27575e+00  2.93469e+00
-4.74815e+00 -3.47953e+00 -3.48474e+00
-4.46116e+00 -3.08129e+00 -4.05890e+00
-4.95160e+00 -2.85776e+00 -3.14573e+00
-3.39405e+00 -3.05374e+00 -2.68777e+00
-4.67422e+00 -2.70922e+00 -3.94687e+00
-3.64967e+00 -2.14158e+00 -3.61604e+00
-4.21675e+00 -2.53382e+00 -4.04954e+00
-4.62229e+00 -2.70595e+00 -4.00735e+00
-4.72508e+00 -3.12945e+00 -2.81316e+00
-4.50144e+00 -2.54172e+00 -4.01107e+00
-4.66253e+00 -3.37650e+00 -3.72462e+00
-4.67982e+00 -3.38920e+00 -3.70038e+00
-3.44080e+00 -2.56497e+00 -2.54514e+00
-3.41847e+00 -2.94829e+00 -2.62554e+00
-3.51373e+00 -3.21290e+00 -2.69362e+00
-4.92318e+00 -3.11366e+00 -3.13557e+00
 3.06213e+00  2.35860e-01 -4.78249e+00
 3.52586e+00 -5.61602e-01 -5.41777e+00
 3.42702e+00 -3.63563e-01 -5.52429e+00
 3.09230e+00 -6.26953e-01 -4.58870e+00
 2.95839e+00 -1.03751e-01 -5.08677e+00
 4.48217e+00  4.55719e-01 -5.09099e+00
 4.61710e+00  2.21980e-01 -5.32349e+00
 4.55059e+00  2.26352e-01 -5.34822e+00
-5.40435e+00 -3.68233e+00 -1.82062e-01
-5.38257e+00 -3.59926e+00 -1.53578e+00
-5.25477e+00 -3.54675e+00 -1.35139e+00
-5.54128e+00 -3.67367e+00 -1.59287e+00
-4.76556e+00 -3.78677e+00 -8.60373e-01
-5.42862e+00 -3.71773e+00 -1.65070e+00
-5.56271e+00 -3.76027e+00 -1.67830e+00
-1.98492e+00 -2.06510e+00 -7.47874e-01
-1.94997e+00 -2.46260e+00 -6.84382e-01
-1.93569e+00 -2.47740e+00 -6.85286e-01
-1.42971e+00  3.63338e+00 -9.06926e-01
-1.95537e+00  3.38961e+00 -1.73384e+00
-2.15058e+00 -2.21262e+00 -4.26870e+00
-2.33292e+00 -2.04282e+00 -4.01474e+00
-5.33411e-02 -2.72065e+00  6.85212e+00
 7.97556e-01 -2.13349e+00  7.52260e+00
 2.03082e-01 -2.98492e+00  7.57730e+00
 1.05453e-01 -3.14330e+00  7.32708e+00
 5.48676e+00  1.50919e+00 -2.99749e+00
 5.68855e+00  1.77686e+00 -3.26228e+00
 5.37034e+00  1.17581e+00 -3.50697e+00
 6.08603e+00  9.41879e-01 -2.80402e+00
 6.13933e+00  9.93157e-01 -2.67858e+00
-4.89287e+00  1.82866e+00 -3.27510e+00
-4.69123e+00  3.17127e+00 -2.74205e+00
-4.78470e+00  2.93227e+00 -2.17514e+00
-4.48363e+00  2.47352e+00 -2.06058e+00
-4.83040e+00  3.13091e+00 -2.39632e+00
 1.66622e+00  6.14065e+00 -1.79371e+00
 5.17064e-01  6.50410e+00 -1.60047e+00
 1.56660e+00  5.99669e+00 -1.78725e+00
 1.59711e+00  6.18304e+00 -1.47163e+00
 1.75250e+00  6.33255e+00 -1.64921e+00
-3.51308e+00 -4.39726e+00  1.61339e+00
-3.60179e+00 -4.29526e+00  1.61949e+00
-3.00117e+00 -4.48291e+00  6.51767e-01
-2.83279e+00 -4.51562e+00  1.40659e+00
-3.04760e+00 -4.66484e+00  8.93258e-01
-2.87133e+00 -4.54708e+00  8.01674e-01
-3.08988e+00 -4.69149e+00  1.08964e+00
-3.16313e+00 -4.35513e+00  1.69151e+00
-2.85478e+00 -2.34789e+00 -2.16521e+00
-2.63039e+00 -1.79111e+00 -2.35632e+00
-2.86305e+00 -2.46457e+00 -2.02818e+00
-2.78285e+00 -2.61212e+00 -1.86271e+00
 5.85514e+00  8.52441e-01 -7.04602e-01
 1.07272e+00  4.01030e+00  8.88479e-01
 1.11505e+00  3.98499e+00  8.17010e-01
 1.27144e+00  3.47670e+00  1.65370e+00
 1.12099e+00  3.23348e+00  1.10166e-01
 1.07886e+00  4.00825e+00  8.62589e-01
 9.60551e-01  3.98195e+00  9.15858e-01
 9.88644e-01  3.99223e+00  9.30540e-01
 7.44490e-01  3.14442e+00  1.50781e+00
-3.27537e+00  5.69922e+00 -2.75198e-01
-3.25809e+00  5.63276e+00 -2.99165e-01
 3.30193e+00  2.58033e+00  3.11479e+00
 2.71427e+00  2.22826e+00  4.55143e+00
 3.79940e+00  2.42485e+00  3.03920e+00
 3.65945e+00  2.49966e+00  2.94984e+00
 3.85093e+00  2.56557e+00  3.21945e+00
-6.09040e+00  3.05537e+00 -1.51352e+00
-1.74187e+00 -1.69673e+00  8.15747e-01
 9.04638e-01  4.98340e+00 -4.04603e+00
-3.81963e-01  4.74640e+00 -4.48745e+00
-1.98077e-02  4.53998e+00 -3.87032e+00
 2.73776e-01  4.98502e+00 -3.83536e+00
 2.27872e-01  4.09375e+00 -4.02970e+00
-3.57371e-01  4.85687e+00 -4.20839e+00
 1.12761e-01  4.88304e+00 -3.82187e+00
-1.61683e-02  4.59265e+00 -3.85905e+00
 2.27820e-01  4.09367e+00 -4.02971e+00
 9.94739e-01  4.50365e+00 -4.74464e+00
 2.55128e-01  3.93353e+00 -4.25860e+00
 6.52394e-01  4.23261e+00 -4.84647e+00
-2.80114e+00  8.05370e-02 -2.83213e+00
 1.30330e+00 -4.46615e+00 -4.62605e+00
 5.22213e-01 -5.01453e+00 -4.03963e+00
 7.37000e-01 -4.91449e+00 -4.21344e+00
 3.69001e-01 -4.99110e+00 -4.18924e+00
 4.92036e-01 -4.97296e+00 -4.00145e+00
 1.33902e+00  5.51198e-01  2.88495e+00
 1.33810e+00  5.96894e-01  2.89933e+00
 1.57119e+00  6.26041e-01  2.94507e+00
-5.41647e+00  1.43346e+00 -2.44564e+00
-5.08922e+00  1.85957e+00 -3.54271e+00
-6.24693e+00  1.31555e+00 -2.32776e+00
-6.67064e+00  1.76486e+00 -2.28534e+00
-6.43011e+00  1.38264e+00 -2.30499e+00
-6.19089e+00  2.36654e+00 -2.37201e+00
-6.55582e+00  1.55449e+00 -2.29375e+00
-3.40860e+00 -3.06292e+00  2.22201e+00
-3.79492e+00 -3.13120e+00  2.86814e+00
-3.71995e+00 -3.10446e+00  2.34205e+00
-3.93481e+00 -3.40493e+00  2.27238e+00
-3.97874e+00 -3.45613e+00  2.29106e+00
-3.66622e+00 -4.29674e+00  1.64832e+00
-3.86101e+00 -3.13768e+00  2.82424e+00
-3.85660e+00 -3.13911e+00  2.88232e+00
 1.85960e+00 -1.77025e+00  5.87916e+00
 8.56712e-01 -2.32660e+00  4.24672e+00
 1.75582e+00 -1.30622e+00  5.52102e+00
 8.11477e-01 -2.19994e+00  4.19701e+00
 1.31195e+00 -9.11963e-01  5.31064e+00
 1.92435e+00 -1.55088e+00  5.44198e+00
 2.32459e-01 -1.90353e+00  4.29101e+00
-3.44668e-02 -1.84965e+00  4.46621e+00
 2.58195e-01 -1.90168e+00  4.27855e+00
 7.47478e-01 -1.72861e+00  4.12837e+00
-2.23740e+00 -7.62987e-01 -2.05193e+00
-2.26568e+00 -1.27640e+00 -3.19482e+00
 3.42478e+00  5.41850e+00  1.15383e+00
 3.39702e+00  5.22959e+00  8.53747e-02
 3.99989e+00  5.14484e+00  1.50224e+00
 4.01245e+00  4.35248e+00  3.99759e-01
 4.10943e+00  4.33674e+00  5.01429e-01
 4.50456e+00  4.71741e+00  5.24419e-01
 3.43366e+00  5.26520e+00  6.20617e-02
 3.90861e+00  5.68247e+00  1.34361e+00
 3.89315e+00  5.71510e+00  1.16163e+00
 4.55089e+00 -3.05502e+00 -3.85056e+00
 4.69609e+00 -2.79758e+00 -3.68808e+00
 4.62119e+00 -3.50458e+00 -3.49330e+00
 4.52756e+00 -2.69337e+00 -3.79733e+00
 4.10687e+00 -3.45011e+00 -3.80270e+00
 3.98449e+00 -3.48740e+00 -3.78002e+00
 4.03271e+00 -3.67682e+00 -3.39775e+00
 4.73367e+00 -3.44037e+00 -3.47987e+00
 4.74474e+00 -3.10701e+00 -3.71154e+00
 1.37576e+00 -1.80856e+00  2.75237e+00
 1.24877e+00 -2.29274e+00  2.49368e+00
-4.10102e+00  3.50855e+00 -3.13171e+00
-4.35110e+00  3.71359e+00 -2.51054e+00
-4.08578e+00  3.87758e+00 -2.42902e+00
-3.88391e+00  4.83922e+00 -3.29279e+00
-3.45739e+00  4.23471e+00 -3.01114e+00
 2.98614e+00 -4.71331e+00 -1.85279e+00
 2.14552e+00 -4.10557e+00 -1.93348e+00
 2.39770e+00 -3.96629e+00 -1.56434e+00
 2.53528e+00 -4.53360e+00 -2.05292e+00
 3.28305e+00 -4.35626e+00 -2.46901e+00
 3.52673e+00 -4.04176e+00 -2.82380e+00
 2.85876e+00 -4.73935e+00 -1.99172e+00
 3.54597e+00 -4.01017e+00 -2.80429e+00
-8.24349e-01 -2.85980e+00  4.75996e+00
-1.53585e+00 -3.76620e+00  4.72082e+00
-1.36784e+00 -3.34859e+00  4.75549e+00
-1.37297e+00 -3.58960e+00  4.51957e+00
-1.47970e+00 -4.35130e+00  5.13569e+00
-1.47277e+00 -3.87297e+00  4.46264e+00
-1.37783e+00 -4.32227e+00  4.45381e+00
-8.02444e-01 -2.62477e+00  5.25146e+00
-5.21205e-01 -2.52583e+00  5.12083e+00
-7.44721e-01 -2.58221e+00  4.96614e+00
-1.24037e+00  8.50487e-01 -6.67984e+00
-1.12210e+00  8.49632e-01 -6.96516e+00
-4.18659e+00 -1.73892e+00 -8.70583e-01
-3.29585e+00 -2.81861e+00  3.26453e-01
-2.87063e+00 -2.61755e+00 -1.03410e-01
-2.35714e+00  4.23386e+00  3.45302e+00
-2.41643e+00  4.03311e+00  3.32979e+00
 2.90973e+00  6.46349e+00 -1.55252e+00
 2.91247e+00  6.44833e+00 -1.53505e+00
 3.61549e+00  5.68441e+00 -6.09041e-01
 3.23500e+00  5.26031e+00 -1.57112e+00
 3.42630e+00  5.21993e+00 -1.22697e+00
 3.44106e+00  5.20255e+00 -1.23220e+00
 3.23806e+00  5.25215e+00 -1.58235e+00
 3.28192e+00  5.21262e+00 -2.01415e+00
 2.90053e+00  1.27735e+00  5.94579e+00
 3.13103e+00  7.91124e-01  6.40392e+00
 3.02358e+00  1.07196e+00  6.13082e+00
 2.46362e+00  1.43504e+00  5.91709e+00
 1.73210e+00 -4.37024e+00  3.41792e+00
 1.58673e+00 -4.70976e+00  4.36414e+00
 1.53845e+00 -4.58848e+00  3.23376e+00
-5.48537e+00 -1.46748e+00 -3.74067e+00
-4.53397e+00 -1.46776e+00 -4.82963e+00
-5.36293e+00 -2.84483e-01 -3.80286e+00
-5.21807e+00 -2.92830e-01 -3.82715e+00
-4.45230e+00 -1.38029e+00 -4.97089e+00
 4.76388e+00  4.23591e+00  5.09585e-01
 4.00462e+00  3.76205e+00  3.73610e-01
 4.59484e+00  3.63761e+00 -3.13776e-01
 4.50580e+00  3.58039e+00 -3.32382e-01
 4.61825e+00  4.25358e+00  6.58221e-01
 4.05033e+00  3.91330e+00  5.79294e-01
 4.04548e+00  4.01418e+00  5.55596e-01
 4.41695e+00  3.66211e+00 -6.13798e-01
 4.62823e-01  3.15431e+00  5.67704e+00
 6.61803e-01  3.07341e+00  5.69555e+00
 6.49750e-01  3.06173e+00  5.71575e+00
 3.07152e-01  3.35290e+00  5.48855e+00
 6.66260e-01  3.11058e+00  5.84350e+00
 7.02391e-01  3.08158e+00  5.82676e+00
 2.82679e-01  3.31829e+00  5.54359e+00
 1.90101e+00  4.64378e+00 -3.31154e+00
 2.36178e+00  4.40029e+00 -3.29049e+00
 1.34083e+00  5.77748e+00 -3.17891e+00
 2.52437e+00  4.32194e+00 -3.38693e+00
 1.43980e+00  5.59016e+00 -3.01571e+00
 2.33232e+00  5.30164e+00 -2.89237e+00
 1.83137e+00  4.73311e+00 -4.03623e+00
 2.50496e+00  4.58471e+00 -3.16666e+00
 2.53149e+00  5.13573e+00 -2.91063e+00
 4.41297e-01  2.95067e+00  2.94298e+00
 5.59418e-01  1.84549e+00  3.01864e+00
 5.07029e-01  1.77725e+00  3.35556e+00
 5.35816e-01  2.35940e+00  2.80907e+00
 1.28656e+00  2.62384e+00  3.04439e+00
 1.67867e-01  2.84135e+00  4.53771e+00
 1.74756e-01  2.76303e+00  4.55132e+00
-1.95517e+00 -5.89114e+00 -3.53714e+00
-1.96575e+00 -5.89255e+00 -3.54092e+00
-4.95070e+00 -3.20318e+00 -1.62723e+00
-4.39163e+00 -1.49950e+00 -1.36356e+00
-4.89271e+00 -3.19030e+00 -1.54788e+00
-3.46388e+00 -3.39403e+00 -1.11078e-01
-3.77178e+00 -3.61556e+00 -1.65101e-01
-3.48304e+00 -3.09356e+00  2.87375e-01
-4.00257e+00 -3.42603e+00  2.49033e-01
 5.43909e+00 -2.72499e-01 -1.94513e+00
 5.86884e+00 -3.99899e-01 -2.47594e+00
 6.04597e+00 -5.18076e-01 -2.64677e+00
-2.32551e+00 -6.34304e-02 -3.07534e+00
-2.09445e+00 -7.86336e-03 -3.08571e+00
-1.40437e+00 -3.96627e+00 -3.02673e+00
-9.18477e-01 -3.62190e+00 -3.78532e+00
-1.73598e+00 -3.67281e+00 -2.93638e+00
-1.30195e+00 -3.99199e+00 -3.15682e+00
-1.32153e+00 -3.55988e+00 -3.80428e+00
-4.99786e+00  1.82516e-01  1.27589e+00
-6.34703e+00  4.48564e-01  1.14651e+00
-5.93493e+00  4.63700e-01  1.06324e+00
-5.57090e+00  4.61200e-01  1.15496e+00
-6.22314e+00  3.77607e-01  9.83109e-01
-6.29833e+00  4.57297e-01  1.06435e+00
-5.04475e+00  1.65205e-01  1.70919e+00
-3.07562e-01 -5.48372e+00 -4.37546e+00
 5.46609e-01 -4.97145e+00 -3.82572e+00
 1.35459e-01 -5.60057e+00 -4.24356e+00
-4.43849e-01 -5.46434e+00 -4.34644e+00
 7.05157e-01 -5.13063e+00 -3.83725e+00
-6.02432e-01 -4.50097e+00 -3.41536e+00
 7.27210e-01 -5.39809e+00 -3.41561e+00
 7.31807e-01 -5.18078e+00 -3.79882e+00
-6.24044e-01 -5.12143e+00 -2.78320e+00
-5.58759e-01 -4.56483e+00 -3.80718e+00
 4.20786e-03 -5.25262e+00 -4.46002e+00
-5.64780e-01 -5.77760e+00 -2.93211e+00
-2.93445e-02 -5.22943e+00 -4.47813e+00
-4.72191e-01 -4.93893e+00 -4.41745e+00
 1.03614e+00  5.74081e+00 -2.69421e+00
-1.64522e+00 -5.32904e+00 -4.52012e+00
-1.41891e+00 -5.33859e+00 -4.34816e+00
-1.58705e+00 -5.29816e+00 -4.48577e+00
-1.42298e+00 -5.35803e+00 -4.34545e+00
 2.70713e+00 -3.39201e+00 -1.11116e-01
 2.70949e+00 -3.42220e+00 -9.46839e-02
 2.33753e+00 -4.01015e+00 -2.12734e-01
-3.31526e+00 -1.80799e+00 -5.96258e+00
-3.29947e+00 -1.83281e+00 -5.93715e+00
-3.30301e+00 -1.97878e+00 -5.41362e+00
 5.29538e-01 -1.26819e+00  3.15742e+00
-8.61585e-01 -1.12160e+00  2.62173e+00
-1.90849e-01 -1.74955e+00  1.85480e+00
 6.11153e-02 -4.53555e-01  2.89558e+00
-3.84899e-01 -8.88816e-01  3.14151e+00
-3.89811e-01 -1.68058e+00  2.04725e+00
 2.00494e+00 -5.75574e-01  6.67299e+00
 1.99126e+00 -5.91905e-01  6.69816e+00
 2.01869e+00 -6.00859e-01  6.65911e+00
 2.10053e+00 -6.75908e-01  6.62897e+00
 3.60174e-01  2.84041e+00 -2.17957e+00
 5.32823e+00 -5.09464e+00  8.67064e-01
 4.86817e+00 -5.29801e+00  1.04664e+00
 4.68548e+00 -5.22406e+00  1.18934e+00
 4.56130e+00 -5.27211e+00  1.92138e+00
 4.62334e+00 -5.32458e+00  2.04968e+00
 4.62682e+00 -5.03696e+00  1.31053e+00
 5.43819e+00 -4.87702e+00  9.02136e-01
 4.72202e+00 -4.51435e+00  2.52075e+00
 4.48979e+00 -4.86469e+00  1.87714e+00
 4.17905e+00 -5.80216e+00  1.53027e+00
 4.65232e+00 -5.27948e+00  1.09003e+00
 4.82040e+00 -5.34229e+00  9.68251e-01
 4.13973e+00 -5.79516e+00  1.91586e+00
-1.51130e+00  8.73478e-01 -3.95549e+00
-6.54047e-01  1.39668e+00 -3.22671e+00
-6.98368e-01  1.24787e+00 -3.29010e+00
-6.67557e-01  1.54649e+00 -3.20482e+00
-2.58437e-01  1.45887e+00 -4.21006e+00
-6.55348e-01  1.24985e+00 -3.30771e+00
-6.58244e-01  1.35859e+00 -3.23778e+00
-1.61547e+00  2.19781e+00 -3.75098e+00
-8.84400e-01  1.71657e+00 -4.90842e+00
 4.25829e+00 -6.10247e-02  3.19370e+00
 3.90606e+00 -1.72511e+00  3.13958e+00
 4.05483e+00 -1.12736e+00  2.58776e+00
 4.31372e+00 -1.34497e+00  2.60776e+00
 4.67579e+00  3.21016e-02  3.44437e+00
 3.92035e+00 -1.73062e+00  3.14613e+00
 4.65649e+00 -3.35510e-01  4.32920e+00
 4.31731e+00 -1.16288e+00  2.46378e+00
 8.31034e-01  4.64600e+00  3.31955e+00
 7.78007e-01  5.82769e+00  2.53567e+00
 3.00680e-01  4.99039e+00  3.66124e+00
 6.65998e-01  4.99132e+00  3.65443e+00
 4.86345e+00  6.47077e-01  4.98582e+00
 3.71302e+00  1.15258e+00  5.23208e+00
 4.23091e+00  1.34461e+00  4.63500e+00
 4.44892e+00  5.09194e-01  5.44540e+00
 4.81939e+00  5.61214e-01  5.11718e+00
-3.65594e+00 -3.08034e+00  2.86486e+00
-3.41533e+00 -6.51518e-01  5.69303e+00
-3.31417e+00 -6.72007e-01  5.75868e+00
-1.31346e+00 -4.79864e+00 -3.62725e+00
-6.98047e-01 -4.44892e+00 -3.54004e+00
-5.68480e-01 -2.32412e+00 -1.38694e+00
 1.00571e+00 -2.62861e+00 -3.29645e-01
 4.79243e+00  4.22882e+00  5.14624e-01
 4.77230e+00  4.22155e+00  8.30469e-01
 4.72075e+00  4.21785e+00  7.73055e-01
-2.62813e+00  2.32764e+00  4.98803e+00
-2.84705e+00  2.02594e+00  5.03493e+00
-3.58568e+00  1.69789e+00  5.44583e+00
-2.71198e+00  2.55197e+00  4.25043e+00
-4.72437e+00  1.78880e+00 -3.20760e+00
-4.79881e+00  1.45112e+00 -1.75481e+00
-5.18769e+00  1.91616e+00 -2.17222e+00
-5.11114e+00  1.14682e+00 -2.62561e+00
-4.78155e+00  1.28184e+00 -1.76668e+00
-4.79636e+00  1.29581e+00 -1.75779e+00
-4.47000e+00 -1.97684e+00 -4.69062e+00
-5.59450e+00  1.25263e+00  1.30760e+00
-5.78727e+00  1.50355e+00  1.04907e+00
-6.42876e+00  1.40203e+00  1.92960e+00
-6.37590e+00  1.27040e+00  2.11728e+00
-5.98292e+00  1.85240e+00  1.98498e+00
-6.36705e+00  1.33809e+00 -9.05779e-01
-6.34581e+00  1.38702e+00 -1.03164e+00
-6.39547e+00  1.42902e+00 -9.36431e-01
-6.30964e-01 -1.38367e+00  3.74023e+00
-1.53220e+00 -9.36587e-01  3.59326e+00
-1.57953e+00 -9.01607e-01  3.64153e+00
-1.56156e+00 -9.04465e-01  3.59312e+00
-3.71542e+00  6.04432e+00 -8.08043e-02
-3.48868e+00  5.18395e+00  1.16408e+00
-2.69662e+00  5.95470e+00  1.41295e+00
-3.37366e+00  5.78595e+00 -2.50806e-01
-3.87034e+00 -4.40014e+00 -1.74295e+00
-4.73497e+00 -3.20575e+00 -1.45448e+00
-4.63872e+00 -3.58180e+00 -1.01317e+00
-4.88898e+00 -3.40183e+00 -2.05774e+00
-3.17741e+00  3.12083e+00  2.21322e+00
-3.95506e+00  2.55300e+00  2.41849e+00
-3.92263e+00  2.24861e+00  2.26845e+00
-3.43323e+00  2.10387e+00  1.92277e+00
-2.44424e+00  2.81290e+00  2.01026e+00
-3.09474e+00  3.07603e+00  2.14605e+00
-2.76845e+00  2.56775e+00  1.77851e+00
-2.82888e+00  2.57136e+00  1.77455e+00
-3.06593e+00  3.24012e+00  2.91211e+00
 9.33447e-02  1.36714e+00 -5.76715e+00
 1.14358e-01  1.20065e+00 -5.88089e+00
 3.63999e-01  1.38343e+00 -5.77289e+00
-2.70672e-01 -5.76419e-02 -4.87080e+00
 5.25283e-01  6.46354e-01 -6.02877e+00
 5.83686e-01  6.61369e-01 -5.98384e+00
 5.06331e-01  7.45196e-01 -6.03598e+00
 1.14179e+00  6.10786e-01 -5.19656e+00
-6.39724e+00 -2.80832e+00 -1.24288e+00
-3.93875e+00 -3.48677e+00  3.73369e+00
-3.06997e+00 -3.28342e+00  4.55857e+00
-3.58961e+00 -1.32803e+00  2.60452e+00
-3.81959e+00 -1.12181e+00  2.51749e+00
-6.88410e+00  9.62595e-01  1.24146e+00
-6.87173e+00  2.20122e+00  1.86957e+00
-5.80447e+00  1.47572e+00  9.82922e-01
-6.58838e+00  2.48647e+00  1.77447e+00
-6.65525e+00  1.02475e+00  1.02003e+00
-6.61784e+00  1.29283e+00  1.90578e+00
-6.21622e+00  1.70682e+00  6.25034e-01
-5.59010e+00  2.04083e+00  7.50199e-01
-5.68200e+00  1.82052e+00  7.43479e-01
 2.89549e+00 -1.87151e-01  5.56755e+00
 2.69206e+00 -2.56184e-01  5.49419e+00
 1.89101e+00 -2.78138e-01  6.27557e+00
 3.18834e+00  9.79301e-02  6.46854e+00
 3.34934e+00 -9.52100e-01  5.83992e+00
 3.41662e+00 -5.83400e-01  5.78877e+00
 3.45242e+00 -6.69101e-01  5.83610e+00
 1.97921e+00 -5.41653e-01  6.55714e+00
 2.03318e+00 -6.29133e-01  6.62746e+00
 3.19813e+00 -4.73966e-01  5.60930e+00
 3.08782e+00 -5.71576e-01  5.55911e+00
 3.14183e+00  5.79084e-01  2.69406e+00
 3.22345e+00  5.48510e-01  2.56342e+00
 3.43717e+00 -4.88830e+00  3.73399e+00
 3.36747e+00 -4.77848e+00  3.80807e+00
 3.18764e+00 -6.29789e+00  3.82278e+00
 3.45766e+00 -6.14822e+00  3.67068e+00
-5.42121e-01  2.66021e+00  4.86401e+00
-4.04019e-01  2.56107e+00  4.86913e+00
-1.76217e+00  1.99491e+00  3.94469e+00
-1.19564e+00  2.69061e+00  4.12741e+00
-7.78277e-01  1.93930e+00  3.74220e+00
-3.57760e-01  2.61589e+00  4.84531e+00
-1.42605e+00  2.31171e+00  4.73345e+00
-5.28189e-01  2.75948e+00  4.83284e+00
-9.32951e-01  2.95166e+00  4.64841e+00
 6.08170e-01  2.08484e+00 -6.02779e+00
 1.05448e+00  1.70397e+00 -5.27529e+00
-3.74580e-01  2.06639e+00 -6.02172e+00
-2.96304e-01  1.89999e+00 -5.96117e+00
 5.86755e-01  1.69335e+00 -4.32106e+00
 6.56690e-01  2.02474e+00 -6.00590e+00
-5.06610e-01  2.19741e+00 -5.96649e+00
 1.06041e+00  1.74834e+00 -5.30757e+00
 1.06265e+00  1.75759e+00 -5.27880e+00
 5.03916e+00 -4.37210e+00 -5.12147e-01
 5.64573e+00 -4.43811e+00  7.31439e-01
 4.62546e+00 -4.61644e+00 -2.11557e-01
 4.96386e+00 -5.30695e+00  1.99497e-01
 4.61817e+00 -4.58711e+00 -1.37991e-01
 4.95368e+00 -5.25612e+00  3.58506e-01
 4.91636e+00 -4.22629e+00  2.02253e-02
 5.05325e+00 -4.31016e+00 -4.13572e-01
 5.62355e+00 -4.67032e+00  7.80518e-01
 5.79567e+00 -4.48887e+00  7.84917e-01
 5.07699e+00 -5.31982e+00  4.87004e-01
 5.41250e+00 -5.08562e+00  7.15911e-01
-3.82810e+00  1.48877e+00 -4.98430e+00
-3.83849e+00  1.33986e+00 -5.15577e+00
-3.27046e+00  1.89903e+00 -5.19232e+00
-5.79881e+00  2.64152e+00 -1.22432e+00
-4.57187e+00  2.74994e+00 -1.67792e+00
-6.23794e+00  2.41551e+00 -1.87547e+00
-5.89534e+00  2.27764e+00 -1.51781e+00
-6.12553e+00  2.95275e+00 -1.47940e+00
-4.64175e+00  2.81483e+00 -1.94334e+00
-5.75409e+00  2.66751e+00 -1.22043e+00
-4.77814e+00  2.89187e+00 -1.45330e+00
-4.48641e+00  2.58833e+00 -1.86621e+00
-6.00037e+00  2.92242e+00 -2.55863e+00
-3.30167e+00  3.36383e+00 -2.29568e+00
-4.47624e+00  2.71368e+00 -1.40111e+00
-3.11453e+00  3.19168e+00 -1.88327e+00
-4.41622e+00  2.50902e+00 -1.84073e+00
 3.81242e+00 -4.53453e+00  3.78075e+00
 3.66907e+00 -4.66174e+00  3.80022e+00
 4.21048e+00 -1.27240e-01  5.48435e+00
 3.80616e+00 -6.39674e-02  5.36992e+00
 4.02661e+00  6.34358e-02  5.19749e+00
 4.22195e+00  1.85760e-02  5.27351e+00
 3.96436e+00 -1.57981e-01  5.51514e+00
 4.72829e+00 -3.21518e-01  4.49060e+00
 4.69431e+00  1.05661e+00 -6.99026e-01
 4.95322e+00  2.13535e+00 -1.43086e+00
 5.17626e+00  1.14573e+00 -8.99887e-01
 4.87040e+00  1.08973e+00 -7.62945e-01
 4.69773e+00  1.13065e+00 -6.69024e-01
 4.47973e+00  2.11298e+00 -1.35529e+00
 4.69189e+00  1.42612e+00 -5.98493e-01
 4.29463e+00  1.96346e+00 -1.44581e+00
 4.33353e+00  2.08819e+00 -1.31167e+00
 3.45042e-01  1.97426e+00 -7.08285e+00
 2.15405e-01  2.18571e+00 -7.38671e+00
-9.19117e-01  9.73943e-01 -7.09438e+00
-4.67155e-01  1.25174e+00 -6.84138e+00
 1.15549e+00 -4.82897e+00  5.58086e+00
-3.87555e-01 -1.71159e+00  1.95587e+00
-1.59512e-01 -1.84954e+00  1.68169e+00
-1.64585e+00 -2.04723e+00  1.02210e+00
-1.84384e-01 -1.78841e+00  1.74048e+00
-2.72220e+00  5.31461e+00 -4.45014e+00
-2.71775e+00  5.27175e+00 -4.51671e+00
-2.90637e+00  3.75418e+00  1.91089e+00
-3.16331e+00  3.18075e+00  2.14038e+00
-2.40280e+00  2.85878e+00  1.98534e+00
-3.22286e+00  3.85910e+00  1.98296e+00
 2.85447e+00  2.68421e+00 -1.23868e+00
 2.94217e+00  2.67529e+00 -1.10992e+00
 2.94797e+00  2.61407e+00 -1.18684e+00
 3.59849e+00  2.78289e+00 -1.55473e+00
 3.70471e+00  3.20514e+00 -1.15144e+00
 4.38809e+00 -4.52544e+00 -2.93001e+00
 3.76219e+00 -4.26190e+00 -3.07479e+00
 3.57731e+00 -4.09265e+00 -2.87232e+00
 3.71545e+00 -4.21219e+00 -3.10216e+00
 4.76460e+00 -3.47717e+00 -3.46936e+00
 4.73645e+00 -3.55645e+00 -3.46480e+00
 3.60811e+00 -4.13682e+00 -2.89901e+00
 2.08981e+00 -4.82067e+00  2.89741e+00
 1.55089e+00 -4.36438e+00  2.54312e+00
 2.05384e+00 -4.81897e+00  2.90579e+00
 1.40792e+00 -3.76176e+00  2.29298e+00
 4.84251e+00 -5.38589e+00  7.35998e-01
 3.79312e+00 -5.93037e+00  4.31961e-01
 4.62432e+00 -5.33899e+00  6.82096e-01
-2.49937e+00 -1.55234e+00 -6.31749e+00
-3.57132e+00 -1.72749e+00 -4.99740e+00
-2.79885e+00 -1.93883e+00 -5.16006e+00
-3.26872e+00 -1.88187e+00 -4.96250e+00
-3.26432e+00 -1.87638e+00 -4.95672e+00
-2.38759e+00 -1.01748e+00 -6.42842e+00
-2.48376e+00 -1.49014e+00 -4.67639e+00
-2.41053e+00 -1.02592e+00 -6.44602e+00
-2.50297e+00  2.00733e+00 -6.26106e+00
-2.86513e+00  1.55063e+00 -6.22175e+00
-1.48040e+00  7.62071e-01 -5.51874e+00
-2.09996e+00  2.08915e+00 -5.93751e+00
-2.85140e+00  1.77332e+00 -6.24758e+00
-2.38496e+00  2.15979e+00 -6.15936e+00
-1.43157e+00  1.57959e+00 -5.43582e+00
 5.29161e+00  3.61190e+00 -3.74695e+00
 5.39683e+00  3.48730e+00 -3.77994e+00
 3.31636e+00  4.00366e-01  5.30230e+00
 2.92688e+00  1.03891e+00  5.84244e+00
 2.14214e+00  2.17040e-01  5.28368e+00
 2.47004e+00  1.10814e-01  5.31078e+00
 2.83293e+00  2.20079e-01  5.44488e+00
 2.00553e+00  6.04164e-01  4.50218e+00
 3.61870e+00  5.25830e-01  5.09553e+00
 1.85650e+00  4.88814e-01  4.85744e+00
 1.91540e+00  5.56835e-01  4.66664e+00
 1.99657e+00  6.68330e-01  4.47404e+00
 2.07234e+00  7.80345e-01  4.32558e+00
 4.91190e+00 -1.62997e-01  4.43584e+00
 6.14811e+00 -4.12750e-01  3.82089e+00
 5.67832e+00 -1.54212e+00  4.84711e+00
 6.03576e+00 -9.13582e-01  4.90442e+00
 5.81302e+00 -4.35116e-01  4.96939e+00
 5.70236e+00 -1.37576e+00  4.94762e+00
 3.40422e+00  9.32546e-02 -6.14840e+00
 4.38189e+00  2.56930e-01 -5.69896e+00
 3.74578e+00  9.60878e-01 -5.93761e+00
 3.71465e+00  1.28849e+00 -6.20590e+00
 3.58166e+00 -6.94391e-02 -6.07960e+00
 4.04069e+00 -2.28964e-04 -3.04608e+00
 4.34108e+00 -2.97595e-01 -2.27218e+00
 4.15036e+00 -2.28679e+00  1.54944e+00
 3.88783e+00 -2.90309e+00  2.36726e+00
 3.49169e+00 -2.04940e+00  1.24464e+00
 4.31929e+00 -3.82257e+00  2.06214e+00
 2.98331e-01  3.66394e+00  2.49082e+00
-4.19013e-01  3.49250e+00  1.75746e+00
 2.70074e-01  3.45753e+00  2.22242e+00
-5.70631e-01  2.71687e+00  3.08950e+00
 3.46007e-01  3.05888e+00  2.91610e+00
 3.37361e-01  3.38494e+00  2.84524e+00
-2.19951e-03  3.61961e+00  1.97331e+00
-1.01934e-01  4.09673e+00  2.65087e+00
 7.95462e-02  3.96548e+00  2.47677e+00
-1.42625e+00  1.02090e+00  6.52983e-01
-7.65583e-01  3.80984e-01 -4.09702e-01
-1.84647e-01  4.26361e-01 -3.45272e-01
-1.04722e+00  1.10197e+00  8.08711e-02
-1.28035e+00  1.05677e+00  7.00627e-01
-4.92468e-01 -1.56620e-01  2.90171e-01
-4.84409e-01 -1.77512e-01  4.48184e-01
-1.73489e-01  5.58035e+00  1.77589e+00
-2.15997e+00  2.82076e+00 -2.28217e+00
-2.22907e+00  3.13413e+00 -2.89076e+00
-2.22692e+00  3.32024e+00 -2.26820e+00
-2.19726e+00  3.19827e+00 -1.96828e+00
-6.68899e+00  1.77683e+00 -2.12392e+00
-4.33267e+00  5.52335e-01 -8.49063e-02
-4.47067e+00  4.00202e-01  1.39423e+00
-4.64907e+00  3.81101e-01  1.21250e+00
-4.54158e+00  3.14133e-01  1.36611e+00
-4.42515e+00  6.45667e-01  7.62140e-02
-4.62890e+00  2.89486e-01  1.28576e+00
-4.49098e+00  3.66006e-01  1.39154e+00
-2.88893e+00  1.27931e-01  4.09700e+00
-2.72225e+00  1.48391e-01  4.08022e+00
-3.73905e+00  3.97063e-02  4.27149e+00
-3.43086e+00  2.25815e-01  5.05747e+00
-2.66432e+00  2.76880e-01  4.74318e+00
-4.20478e+00 -5.36105e-01  4.51868e+00
-2.97233e+00 -9.75904e-01  4.42888e+00
-2.87444e+00 -9.60365e-01  4.46286e+00
 9.77064e-01  7.43739e-01  4.54732e+00
 1.20483e-01  2.04544e+00  4.79924e+00
 9.80453e-01  2.21650e+00  5.41233e+00
 6.79092e-01  8.76946e-01  4.19282e+00
 8.91631e-01  2.25342e+00  5.35562e+00
 5.09256e-01  2.32736e+00  5.12268e+00
 8.45484e-02  9.14844e-01  5.06040e+00
 5.90683e-02  1.90643e+00  4.91519e+00
 9.77745e-02  2.16886e+00  4.90330e+00
 8.86679e-01  1.23715e+00  4.23793e+00
 9.19361e-01  8.81592e-01  4.33914e+00
 6.85088e-01  1.16090e+00  4.13169e+00
 1.00101e+00  2.23416e+00  5.39908e+00
 5.66076e+00 -2.95306e+00 -8.35814e-01
-3.69407e+00 -1.05856e+00 -3.48067e+00
-4.86699e+00 -1.12742e+00 -2.22945e+00
-4.53629e+00 -1.98806e-01 -2.25347e+00
 1.35078e+00 -4.94341e+00 -4.17129e+00
 1.33381e+00 -4.84460e+00 -4.33900e+00
 1.72106e+00  4.45009e-02  6.30012e+00
 3.78091e-01 -2.96981e-01  6.34530e+00
 3.96813e-01 -2.75314e-01  6.32016e+00
 6.80087e-01 -2.69888e-01  6.63721e+00
 4.68298e-01 -3.34724e-01  6.35499e+00
 8.14328e-01 -2.30417e-01  6.16297e+00
 7.14161e-01 -1.48443e-01  6.11534e+00
 2.31295e+00  3.03872e+00 -5.40090e+00
 3.14387e+00  3.25335e+00 -4.67196e+00
-2.16081e+00 -7.79806e-01 -6.50815e+00
-2.37745e+00 -1.01051e+00 -6.43484e+00
-2.50622e+00  3.44442e+00 -5.67346e+00
-2.25168e+00  3.41702e+00 -5.85339e+00
-2.57189e+00  3.17429e+00 -5.70739e+00
 1.16091e+00  1.30113e+00 -5.14324e+00
 8.97786e-01  2.12733e+00 -6.30111e+00
 1.81641e+00  9.87677e-01 -6.66938e+00
 1.12989e+00  3.87125e-01 -5.90550e+00
 1.77093e+00  1.18536e+00 -6.83540e+00
 5.52513e-01  1.07225e+00 -6.34887e+00
 2.01679e+00  9.03459e-01 -6.32721e+00
 1.27419e+00  1.21301e+00 -5.20480e+00
 1.25726e+00  1.83524e+00 -5.55694e+00
 1.35799e+00  1.91768e+00 -5.78559e+00
 2.00886e+00  1.12091e+00 -6.44671e+00
 7.39207e-01  2.07534e+00 -6.14816e+00
 1.89781e+00 -2.89309e+00  1.11052e+00
 2.01884e+00 -3.77770e+00  1.60175e+00
 2.12603e+00 -2.76139e+00  7.32262e-01
 2.10326e+00 -4.87296e+00 -2.22283e+00
 2.87351e+00 -5.34413e+00 -1.89432e+00
 2.95042e+00 -5.27234e+00 -1.81794e+00
 2.99752e+00 -4.72631e+00 -1.83832e+00
 1.95219e+00 -4.53940e+00 -2.11425e+00
 1.22907e+00 -1.21130e+00 -6.76842e+00
 1.54873e+00 -5.58485e-01 -6.47099e+00
 6.48137e+00 -1.46959e+00  5.25975e-01
 6.84975e+00 -6.30069e-01 -7.30587e-02
 6.86926e+00 -1.13256e+00  1.88796e-01
 6.51173e+00 -1.58758e+00  2.61903e-01
 4.71003e+00  3.84125e+00  1.57410e+00
 4.69237e+00  3.85836e+00  1.20885e+00
 4.73250e+00  3.91002e+00  1.62133e+00
 4.91018e+00  3.73555e+00  1.33214e+00
 4.74644e+00  4.11597e+00  8.98038e-01
 4.74851e+00  4.12490e+00  8.90361e-01
 4.75099e+00  4.12042e+00  8.92301e-01
 7.01555e+00 -6.50151e-01  9.57913e-01
 6.17711e+00  3.31329e-02  1.65448e+00
 6.96825e+00  8.58415e-02  4.58565e-01
 6.58351e+00 -7.56271e-01  1.19952e+00
-4.21605e+00 -4.20803e-01  3.67770e+00
-5.13922e+00 -7.96193e-01  3.24888e+00
-4.26246e+00 -2.83768e-01  3.67526e+00
-5.34390e+00 -6.05096e-01  3.44527e+00
-4.35131e+00 -4.47341e-02  3.90916e+00
 1.00392e+00 -5.03745e+00 -3.66806e+00
 1.34000e+00 -4.94231e+00 -4.16409e+00
 1.36723e+00 -4.89356e+00 -3.66484e+00
 7.67596e-01 -5.14222e+00 -3.81698e+00
 2.39780e+00 -6.25628e+00  2.97435e+00
 2.46907e+00 -6.29792e+00  2.99680e+00
 2.02609e+00 -5.19192e+00  2.97751e+00
 1.90380e+00 -5.61793e+00  2.69633e+00
 2.53514e+00 -6.38480e+00  3.18503e+00
 2.05055e+00 -5.16535e+00  2.94036e+00
 1.86752e+00 -5.50292e+00  2.86156e+00
 1.96894e+00 -5.58436e+00  2.63831e+00
 1.95012e+00 -5.69034e+00  2.68816e+00
 7.22753e-01  2.82796e+00 -6.88089e+00
 2.30338e+00  2.93886e+00 -1.45997e+00
 2.38965e+00  2.94465e+00 -1.64026e+00
 2.28328e+00  2.99566e+00 -2.22798e+00
 2.26773e+00  2.91844e+00 -1.41440e+00
 2.34950e+00  2.59382e+00 -2.11498e+00
 1.35071e-01  9.65573e-01  3.88239e+00
-1.24180e-01 -2.63061e-01  3.14639e+00
-7.16316e-02 -2.46959e-01  3.10334e+00
 1.99628e-01  7.87414e-01  4.06921e+00
 2.19189e+00  5.78355e+00 -1.93781e-01
 2.94055e+00  5.47182e+00 -2.45196e-01
 2.80827e+00  5.83070e+00 -4.77486e-01
 2.30412e+00  6.26716e+00  4.22723e-01
 2.97821e+00  5.69012e+00 -4.33684e-01
 3.36358e+00  6.13063e+00 -2.38745e-01
 3.49349e+00  5.75810e+00 -3.69653e-01
 2.19985e+00  5.82512e+00 -2.29988e-01
 3.25745e+00  5.18494e+00  9.17863e-02
 3.21478e+00  5.94802e+00 -4.63845e-01
 3.41525e+00  5.78452e+00 -4.12643e-01
 3.50797e+00 -1.29639e+00  1.22863e-01
 3.80161e+00 -1.07264e+00  1.05004e-01
 3.85534e+00 -9.47982e-01  8.22244e-02
 3.97345e+00 -9.99266e-01  5.84028e-02
 1.23732e+00 -2.74621e+00  1.31298e+00
 1.62996e+00 -3.01657e+00  1.11172e+00
 2.19624e+00 -2.47954e+00  4.06302e-01
-3.72137e+00 -1.68276e+00 -4.93099e+00
-3.56701e+00 -9.39821e-01 -3.90394e+00
-3.60415e+00 -8.75147e-01 -4.40479e+00
 3.82738e+00  2.44350e+00 -1.68653e+00
 4.39110e+00  2.49914e+00 -1.30285e+00
 4.37853e+00  2.49556e+00 -1.30751e+00
 4.32294e+00  3.90674e+00 -1.55796e+00
 1.12207e+00 -6.40826e+00  2.73850e+00
 1.23739e+00 -6.50067e+00  2.69751e+00
 1.25481e+00 -6.78548e+00  2.36378e+00
 8.03262e-01  5.24297e+00 -2.93773e+00
 1.14376e+00  4.37655e+00 -3.12662e+00
 9.88966e-01  4.77095e+00 -2.69834e+00
 1.12017e+00  4.43589e+00 -3.56145e+00
 1.64777e+00  4.00455e+00  4.73530e+00
 1.63965e+00  4.68974e+00  3.79789e+00
 1.62054e+00  3.94674e+00  4.71830e+00
 1.63946e+00  3.97603e+00  4.74555e+00
 1.65355e+00  4.67395e+00  3.80604e+00
 1.71345e+00  4.79168e+00  3.85684e+00
 1.37835e+00 -4.22698e+00 -3.20902e+00
 1.92284e+00 -3.59583e+00 -3.16621e+00
 1.32811e+00 -4.84384e+00 -4.33553e+00
 1.35631e+00 -3.45283e+00 -3.29627e+00
 9.57986e-01 -7.08330e-01 -5.37793e+00
-2.96049e+00  2.49868e+00 -5.16796e+00
-2.70818e+00  3.81546e+00 -4.81399e+00
-1.97683e+00  5.67177e+00  2.10521e+00
 5.30581e+00  2.04499e+00 -2.27902e+00
 4.62494e+00  2.22446e+00 -2.89347e+00
 4.63111e+00  2.22944e+00 -2.89085e+00
 5.24670e+00  1.49465e+00 -2.44929e+00
 5.29324e+00  1.58077e+00 -2.38673e+00
 5.03282e+00  2.54406e+00 -1.49571e+00
 4.94591e+00  1.45868e+00 -2.65865e+00
 5.10396e+00  1.50802e+00 -2.58401e+00
-6.81846e+00  1.21580e+00  2.86473e+00
-7.04608e+00  1.46430e+00  2.89485e+00
-7.03812e+00  1.57345e+00  2.93699e+00
 1.50045e+00  3.94721e+00  3.35226e+00
 1.38763e+00  4.41875e+00  3.33461e+00
 1.52850e+00  4.13323e+00  3.34624e+00
 1.41360e+00  3.54558e+00  2.84956e+00
 1.77587e-01  4.24311e+00  2.42252e+00
-5.83166e+00 -2.57095e+00  8.41286e-01
-4.94410e+00 -2.17003e+00  9.13631e-01
-4.89671e+00 -2.39184e+00  9.52867e-01
-4.94399e+00 -2.16995e+00  9.14560e-01
-4.94324e+00 -2.17188e+00  9.14026e-01
-5.10908e+00 -3.33528e+00  1.05882e+00
-5.74866e+00 -2.80917e+00  8.88150e-01
-5.88992e+00 -2.59386e+00  9.18902e-01
-5.75795e+00 -2.80377e+00  8.95267e-01
-5.83101e+00 -2.87145e+00  1.42156e+00
-5.91560e+00 -2.59979e+00  1.05404e+00
-5.09870e+00 -2.75400e+00  1.71451e+00
 1.22177e-01 -6.71380e+00 -1.27820e+00
 1.87206e-01 -6.65481e+00 -1.52283e+00
-7.81152e-03 -6.59236e+00 -1.51549e+00
-8.53443e-01  6.45971e-01  4.92138e+00
-1.37804e+00 -3.30114e+00  9.25161e-01
-2.05795e+00 -3.20839e+00  8.65808e-01
-1.71030e+00 -2.02245e+00  1.01805e+00
-5.21395e+00  2.60248e-01 -1.67614e+00
-4.40677e+00 -1.18107e-01 -7.59771e-01
-4.78595e+00 -3.87862e-01 -1.31376e+00
-4.55465e+00 -1.84392e-01 -6.30174e-01
-5.21321e+00  3.71796e-01 -1.61925e+00
-4.58330e+00 -2.45781e-01 -7.46703e-01
-4.91989e+00  8.36552e-01 -1.45285e+00
-5.04025e+00  5.10660e-01 -1.07682e+00
-4.90458e+00  8.41691e-01 -1.45394e+00
-5.22522e+00  5.23748e-01 -1.46861e+00
-5.13973e+00 -2.26928e-01 -1.94343e+00
 4.31772e+00 -2.31358e+00  1.93579e+00
 4.59705e+00 -2.31179e+00  2.05310e+00
 5.17245e+00 -2.28753e+00  2.06131e+00
 2.59600e+00  2.08140e+00 -2.31080e+00
 4.01979e+00  1.26942e+00  3.03383e+00
 4.49018e+00  1.03383e+00  2.58695e+00
 3.44674e+00  1.07966e+00  2.35863e+00
 3.17880e+00  1.29297e+00  2.81557e+00
-5.46336e+00  1.18354e-01 -2.00922e+00
-4.73921e+00  1.05839e+00 -1.49981e+00
-5.19293e+00 -2.99260e-01 -2.01392e+00
-5.23661e+00 -2.47688e-01 -1.95540e+00
-5.20929e+00 -2.74741e-01 -1.97011e+00
-4.79653e+00  1.10507e+00 -1.50962e+00
-4.80157e-01 -1.08991e+00 -4.59363e+00
 2.77679e+00  6.53344e+00 -1.46966e+00
 2.37802e+00  5.39438e+00 -1.10922e+00
 2.01698e+00  6.02485e+00 -9.84140e-01
 2.19817e+00  6.07185e+00 -8.08005e-01
 2.71566e+00  5.33193e+00 -8.79615e-01
 3.74126e+00 -5.58589e+00  6.62739e-01
 3.92710e+00 -6.11304e+00  2.25736e+00
 3.15864e+00 -6.06605e+00  1.92735e+00
-9.28385e-01  3.99319e+00  4.81923e+00
-1.01254e+00  3.99330e+00  4.90044e+00
-5.06457e+00  4.77620e-01  9.73828e-01
-5.58581e+00  9.01915e-01  1.02798e+00
-4.92062e+00  2.05356e-01  1.22596e+00
-4.71154e+00  4.43551e-01  1.14260e+00
-5.31965e+00  5.95100e-01  9.27204e-01
-5.57461e+00  5.52932e-01  1.05558e+00
-4.34790e+00  6.33953e-01  1.49934e+00
-3.55490e+00 -4.86534e+00 -1.62402e+00
-3.50066e+00 -4.78946e+00 -1.44858e+00
-3.55826e+00 -4.47405e+00 -1.24114e+00
 4.56995e+00  8.01781e-01 -6.33057e-01
 4.87411e+00  3.47297e-01 -6.97413e-01
 4.73779e+00  5.76742e-01 -4.26904e-01
 4.34828e+00  1.18278e+00 -1.19033e-01
 4.91809e+00  2.84929e-01 -6.75335e-01
 2.52244e+00 -8.54273e-01  7.94288e-01
 2.22025e+00 -2.42788e+00  2.20464e-01
 5.36677e+00  8.32917e-01  7.61061e-01
 4.90396e+00  1.07523e+00  2.19815e-01
 5.26689e+00  7.89035e-01  8.41759e-01
 5.59305e+00  9.08577e-01  3.52782e-01
 5.42281e+00  1.08880e+00  5.61393e-01
 5.04612e+00  1.26547e+00  6.37292e-01
 6.59449e+00  1.05868e+00  1.75133e+00
 6.54729e+00  1.33595e+00  1.84491e+00
-2.48884e+00 -4.90524e+00 -2.74176e+00
-2.99713e+00 -4.28764e+00 -2.71986e+00
-2.84715e+00 -4.47882e+00 -2.29124e+00
 9.03881e-01  6.81801e+00  1.97839e+00
 8.96542e-01  6.80837e+00  1.98960e+00
 1.06098e+00  6.76994e+00  1.97657e+00
-4.03026e+00  5.66075e+00  7.76704e-01
-4.05722e+00  5.94014e+00  5.89560e-02
 4.38325e+00 -5.26320e+00  7.69320e-01
 4.44792e+00 -4.80398e+00  1.86675e+00
 4.22341e+00 -5.11653e+00  7.21441e-01
 4.60203e+00 -5.00155e+00  1.31630e+00
 4.24981e+00 -3.88262e+00  2.35852e+00
 4.32691e+00 -3.93482e+00  2.42847e+00
-2.51106e-01  3.44801e-01 -2.29596e+00
 4.87847e-03  8.68468e-01 -2.50973e+00
-5.37913e-01  4.15051e-01 -9.64378e-01
-1.04620e-01 -3.59404e-01 -1.38039e+00
-6.67792e-01  4.05020e-01 -9.82819e-01
-3.85519e-01 -5.62672e-01 -1.52977e+00
-8.88762e-01  1.18257e+00 -1.78485e+00
-9.34200e-01  2.65917e-01 -1.35345e+00
-4.04183e-01 -2.90761e-01 -1.83479e+00
-3.84559e-01 -5.63312e-01 -1.52788e+00
-3.86277e-01 -5.62885e-01 -1.52779e+00
-6.20484e+00 -1.78442e+00  1.29046e+00
-6.32521e+00 -2.26594e+00  7.01715e-01
 2.64564e+00 -6.29379e+00  1.67662e+00
 2.01752e+00 -6.11178e+00  2.62983e+00
 2.47947e+00 -6.36323e+00  2.82883e+00
 2.75117e+00 -6.35426e+00  2.22562e+00
 2.57444e+00 -6.35717e+00  1.78910e+00
 2.22200e+00 -6.36784e+00  2.29939e+00
 2.41850e+00 -6.36164e+00  1.94400e+00
 2.26854e+00 -5.30874e+00  2.05652e+00
-4.49821e+00  1.10176e+00 -5.22387e+00
 1.25164e+00 -4.20769e+00 -3.16232e+00
-1.87621e+00  2.10746e+00 -6.04027e+00
-1.51649e+00  3.38608e+00 -5.62935e+00
-2.29096e+00  2.18291e+00 -6.26044e+00
-1.87210e+00  3.51192e+00 -5.84313e+00
 1.93865e+00  5.43942e+00  2.59250e-01
 1.97138e+00  6.05427e+00 -6.79402e-01
 1.66803e+00  5.98599e+00 -8.86233e-01
-5.06043e+00 -9.60623e-01 -9.49581e-01
-4.97964e+00 -8.51724e-01 -9.83813e-01
-5.33052e+00 -7.50116e-01 -1.53743e+00
-5.12609e+00 -9.19018e-01 -2.10763e+00
 4.57571e-01  3.73802e+00  5.16504e+00
 3.50265e-01  3.98683e+00  5.08106e+00
-2.67035e+00 -5.02581e+00  1.90754e+00
-2.39877e+00 -4.87115e+00  1.73912e+00
-2.36944e+00 -4.95090e+00  1.88947e+00
-2.64776e+00 -4.85611e+00  1.61949e+00
 4.99635e+00  3.99984e+00 -2.44251e+00
 5.44187e+00 -3.23531e-01 -3.09851e+00
 5.61198e+00 -6.74106e-01 -3.35581e+00
 5.02132e+00 -2.46493e-01 -3.04405e+00
 5.61839e+00 -4.21311e-01 -3.16958e+00
-4.32006e+00 -1.74857e+00 -4.97919e+00
-2.08489e+00  1.11363e+00  5.64924e+00
-2.27845e+00  7.59857e-01  5.86845e+00
-2.09271e+00  1.07464e+00  5.64893e+00
 1.50973e+00 -1.98761e+00  7.87482e+00
 2.34127e+00  2.22315e+00  1.08866e-02
 2.35077e+00  2.23653e+00  2.08658e-02
 2.36854e+00  2.19382e+00  1.75027e-02
 2.35090e+00  1.43322e+00  2.11390e-01
-9.32700e-01  3.20260e+00  4.67233e+00
 3.56607e-02  2.70450e+00  4.62580e+00
-4.88249e-01  2.13242e+00  3.18812e+00
-1.94638e-01  2.01228e+00  3.91054e+00
-2.72640e-01  2.63999e+00  4.86108e+00
-2.30189e-01  1.95160e+00  3.80885e+00
-6.07679e-02  2.61249e+00  4.77038e+00
-3.85137e-02  2.34632e+00  4.36987e+00
-2.71393e-01  1.94351e+00  3.82647e+00
-5.43394e-01  2.81756e+00  4.83623e+00
-9.15594e-01  3.16391e+00  4.70105e+00
 6.93769e+00 -1.12202e+00  6.09021e-01
 6.50052e+00 -1.46704e+00  6.47502e-01
 5.65453e+00  2.41021e+00 -2.42827e+00
 5.79616e+00  2.20947e+00 -2.78688e+00
 5.53778e+00  1.94444e+00 -2.37467e+00
 5.74467e+00  2.17142e+00  3.48514e+00
-4.13467e+00 -2.51504e+00  2.16803e+00
-4.00639e+00 -3.02144e+00  2.97261e+00
-3.66117e+00 -1.35637e+00  2.62461e+00
-3.85948e+00 -2.73639e+00  1.89024e+00
-3.99221e+00 -3.03061e+00  3.02272e+00
-3.95780e+00 -2.96298e+00  3.06966e+00
-4.19629e+00 -2.97081e+00  1.61022e+00
-4.88342e+00 -2.28957e+00  8.92386e-01
-3.97050e+00 -2.41602e+00  1.55171e+00
-3.92706e+00 -2.69509e+00  1.77028e+00
-4.27606e+00 -2.98720e+00  9.67408e-01
-4.21735e+00 -3.06209e+00  1.18763e+00
-4.32030e+00 -3.12994e+00  1.06424e+00
 4.58514e+00 -1.41877e+00 -2.48867e+00
 4.76267e+00 -1.64350e+00 -2.46579e+00
 4.29546e+00 -1.56216e+00 -2.24325e+00
 4.11878e+00  2.10343e+00 -1.36282e+00
 4.28819e+00  2.11877e+00 -1.29566e+00
 4.34112e+00  1.21268e+00 -9.40834e-02
 9.46633e-01 -2.30930e+00  4.10290e+00
 1.01567e+00 -2.52070e+00  4.19509e+00
-3.27428e-01 -1.81715e+00  3.89511e+00
-1.41995e-01 -1.88060e+00  4.20974e+00
-6.91577e+00  7.94489e-01  8.25566e-01
-6.98606e+00  8.87362e-01  3.92148e-01
-6.93194e+00  6.70644e-01  2.59546e-01
-5.70790e+00  1.66611e+00  3.03353e+00
-6.82036e+00  2.11656e+00  3.07764e+00
-5.68892e+00  1.56904e+00  3.01164e+00
-7.03172e+00  1.95809e+00  3.02830e+00
 5.69404e+00  2.45393e+00 -9.99475e-01
 5.70227e+00  2.43293e+00 -1.00470e+00
 6.19344e+00 -2.01664e+00 -4.59794e+00
 8.41338e-01 -3.86193e+00 -6.02216e-01
 1.15325e+00 -3.40438e+00 -8.32411e-01
 9.32665e-01 -3.74705e+00 -5.06055e-01
 2.10571e+00  4.29466e+00  3.04423e+00
 2.07983e+00  3.98194e+00  3.46476e+00
 1.73420e+00  4.23731e+00  3.50965e+00
 1.59472e+00  3.90338e+00  3.53406e+00
 1.63966e+00  4.20473e+00  3.52341e+00
-8.84533e-01 -3.26490e+00  2.10287e+00
-8.86184e-01 -3.26449e+00  2.10120e+00
-8.83806e-01 -3.26493e+00  2.10301e+00
-2.52932e+00 -2.53474e+00 -3.32904e-01
-2.71212e+00 -2.64117e+00 -1.38770e-01
 7.67107e-01 -4.67764e+00 -3.86707e-01
 9.93706e-01 -3.91361e+00 -3.42848e-01
 1.68612e+00 -4.13480e+00  1.40516e+00
 1.68511e+00 -4.13556e+00  1.40517e+00
 2.22655e+00 -4.18387e+00  1.07329e+00
 1.41408e+00 -4.56810e+00  1.24579e+00
 9.75591e-01 -3.69620e+00  2.58571e-01
 9.12303e-01 -3.75680e+00  5.78191e-01
 5.22402e+00 -1.78448e+00 -2.14312e+00
 4.97067e+00 -2.20664e+00 -2.44839e+00
 3.98440e-01 -8.79934e-01 -2.97259e+00
-1.32630e-02 -1.00423e+00 -3.59114e+00
 3.34557e-02 -1.13265e+00 -3.91682e+00
 8.91810e-01 -9.25986e-01 -2.77296e+00
 6.83802e-01 -7.46285e-01 -2.73964e+00
 4.07513e-01  3.48828e+00  5.18909e+00
 1.95603e-01  3.17898e+00  5.55755e+00
-7.59306e-01  3.90236e+00  4.67192e+00
-1.31043e-01  2.81312e+00  5.30485e+00
-8.82150e-02  4.13910e+00  4.88729e+00
-7.89257e-01  3.89894e+00  4.71706e+00
-5.06347e-01  4.00733e+00  4.75038e+00
 2.85998e-02  3.14894e+00  5.62034e+00
-9.46809e-01  3.76882e+00  4.91355e+00
-8.62665e-02  2.69778e+00  5.13713e+00
-7.44101e-02  2.70608e+00  5.14022e+00
-7.76774e-01  3.07115e+00  5.00570e+00
-6.24983e-01  2.91619e+00  4.89365e+00
-9.50990e-01  3.21495e+00  4.71751e+00
-1.01961e+00  3.29630e+00  4.97065e+00
-1.02852e+00  3.29364e+00  4.86638e+00
-9.41033e-01  3.19612e+00  4.72457e+00
-9.68458e-01  3.22446e+00  4.74805e+00
-1.41745e+00  5.93737e-01 -1.74645e+00
-2.58421e-01 -5.49977e-01 -2.45832e+00
-6.28660e+00  1.18233e+00 -1.88351e+00
-5.64196e+00  1.95684e+00 -1.19394e+00
-6.05642e+00  1.31745e+00 -1.40799e+00
-6.34137e+00  1.25997e+00 -2.16939e+00
-4.94087e+00  1.41657e+00 -1.31101e+00
-5.12539e+00  1.51458e+00 -1.15133e+00
-6.45878e+00  1.41714e+00 -1.81116e+00
-4.88260e+00  1.20816e+00 -1.48635e+00
-6.62576e+00  1.64763e+00 -2.02977e+00
 2.97139e+00  2.80971e+00  2.96548e+00
 1.71098e+00  6.05738e+00  1.02086e+00
 1.79362e+00  5.93980e+00  9.72732e-01
 1.71782e+00  6.13093e+00  1.02698e+00
 1.61561e+00  5.49236e+00  1.18228e+00
 1.67549e+00  6.56700e+00  1.46672e+00
 1.72307e+00  6.47064e+00  1.18347e+00
-1.95644e+00 -2.46486e+00 -6.87001e-01
-1.94709e+00  6.31629e+00 -2.65138e+00
-1.91795e+00  6.28137e+00 -2.77734e+00
 4.20671e+00  3.78239e+00  8.33562e-01
 4.02186e+00  3.60724e+00  5.78676e-01
 4.01418e+00  3.81137e+00  6.57370e-01
 3.98450e+00  3.83140e+00  6.90540e-01
 3.91329e+00  3.06357e+00  6.80511e-01
 3.65490e+00  3.12392e+00  6.55686e-01
 3.78755e+00  4.24804e+00  2.01053e+00
 3.74934e+00  4.24994e+00  1.96064e+00
 3.47332e+00  3.42384e+00  5.87432e-01
 3.97273e+00  3.68088e+00  5.61690e-01
-2.67847e+00 -2.64936e+00  3.84484e+00
-2.62572e+00 -2.67424e+00  3.87488e+00
-2.40268e+00 -2.43718e+00  4.10608e+00
 1.05149e+00  1.81524e+00 -3.75674e+00
 4.61833e+00 -1.08898e+00 -2.41203e+00
 4.65366e+00 -5.16066e-01 -2.43270e+00
-2.20994e+00 -4.25745e+00  5.85911e+00
-1.57754e+00 -4.39794e+00  5.28083e+00
-2.25739e+00 -4.16416e+00  5.83512e+00
-2.36387e+00 -3.81547e+00  5.82714e+00
 3.32913e+00 -3.60729e-01 -5.68722e+00
 3.87056e+00 -6.76030e-01 -7.05608e+00
 3.28315e+00 -1.03508e+00 -5.96457e+00
 3.96156e+00 -4.40879e-01 -7.12439e+00
-4.65134e+00  1.71126e+00 -3.91175e+00
-4.48594e+00  1.54519e+00 -4.01824e+00
-4.67638e+00  6.09671e-01 -3.83896e+00
-4.88415e+00  8.43592e-01 -3.97561e+00
-6.75559e+00  2.18271e+00  2.98921e+00
 2.08738e+00 -3.46543e+00 -2.95701e+00
 3.34876e+00 -4.13769e+00 -3.24383e+00
 3.21164e+00 -3.89613e+00 -2.88974e+00
 1.76537e+00 -4.33357e+00 -3.07507e+00
-1.60248e+00  6.49028e+00 -1.89425e-01
-1.56022e+00  6.54175e-01  4.74911e+00
 3.31161e+00 -4.13456e+00 -3.52833e+00
 3.94694e+00 -3.50772e+00 -3.81295e+00
 3.54513e+00 -4.18211e+00 -3.44436e+00
 4.03306e+00 -3.48525e+00 -3.98776e+00
 4.01881e+00 -3.50769e+00 -3.92456e+00
 4.25630e+00 -2.55616e+00 -4.64768e+00
 3.91781e+00 -3.47165e+00 -4.06361e+00
 4.48393e+00 -3.07705e+00 -4.08068e+00
 3.13347e+00 -3.22764e+00 -4.70769e+00
 3.14604e+00 -3.20876e+00 -4.71661e+00
 4.01374e+00 -3.50894e+00 -3.92233e+00
 4.40975e+00 -2.48170e+00 -4.11171e+00
-2.48728e-01  1.36312e+00  5.16172e+00
-2.96032e-01  1.31139e+00  5.13031e+00
-2.47286e-01  1.26103e+00  5.17729e+00
 2.33507e-02  9.69713e-01  3.92450e+00
-8.95089e-03  2.15360e+00  4.16853e+00
 1.89502e-01  1.81176e+00  3.67763e+00
 4.56808e-01  1.42876e+00  3.65791e+00
 8.29365e-01  5.23731e+00 -2.66980e+00
 8.01338e-01  4.67166e+00 -2.49877e+00
 9.53315e-01  4.91289e+00 -2.54619e+00
 9.06340e-02  4.79316e+00 -2.89630e+00
-1.46262e-01  4.16808e+00 -3.56217e+00
 3.24598e-01  4.92057e+00 -2.66316e+00
-1.48819e-01  4.27138e+00 -3.37403e+00
-1.63509e-01  4.24182e+00 -3.46040e+00
-4.69668e+00  3.35914e+00 -2.48813e+00
-4.46142e+00  1.58929e+00 -4.05520e+00
-4.57933e+00  1.73729e+00 -3.98842e+00
-4.33972e+00  2.54167e+00 -4.00509e+00
-4.51471e+00  1.51373e+00 -4.73499e+00
 3.29550e-01 -6.53884e+00 -1.03037e+00
 1.47418e-01 -6.64292e+00 -1.06885e+00
 3.74024e+00 -5.84169e+00  2.76459e+00
 5.21452e+00  3.89312e+00 -2.57713e+00
 4.99821e+00  4.05591e+00 -3.07249e+00
-7.48751e-01  3.93704e-01 -8.14025e-01
-1.53106e+00  1.62005e+00 -1.55501e+00
-1.14014e+00  1.42057e+00 -2.99603e-01
-1.05131e+00  1.71100e+00 -5.62348e-01
-1.25494e+00  1.49472e+00 -2.78194e-01
 4.36443e+00 -2.08903e+00  1.99896e+00
 4.35682e+00 -1.42884e+00  1.85452e+00
 4.56045e+00 -1.24381e+00  1.81887e+00
-1.32632e+00 -4.78064e+00 -3.62105e+00
-1.91221e+00 -4.31887e+00 -3.12395e+00
-7.87187e-01 -4.13913e+00 -3.43837e+00
 5.71156e+00  2.40473e+00 -9.97137e-01
 3.10315e+00 -9.92447e-01  1.03459e+00
 2.76730e+00 -8.34495e-01  1.21858e+00
 4.08509e+00 -8.95907e-01  1.14031e+00
 2.75866e+00 -8.36626e-01  1.22823e+00
 2.70910e+00 -7.78400e-01  1.39542e+00
 5.12354e+00  1.02937e+00 -8.45116e-01
 5.25006e+00  2.10199e-01 -1.90694e+00
-2.63448e+00 -6.42339e+00 -8.35147e-01
-2.62970e+00 -6.43075e+00 -8.40351e-01
-2.88618e+00 -6.84164e+00 -5.21863e-01
-2.38448e+00 -2.93657e+00  3.62828e+00
 3.50297e+00 -1.33243e+00  1.89481e-01
 6.96184e-01 -4.65457e+00 -5.07034e-01
 4.11096e+00  8.57313e-01 -3.24811e+00
 4.64975e+00  9.76930e-01 -3.14649e+00
 5.06739e+00  6.66536e-01 -3.39715e+00
 4.47499e+00  1.06906e+00 -3.29120e+00
 4.70861e+00  6.83220e-01 -3.05259e+00
 4.62391e+00  9.90825e-01 -3.12824e+00
 4.20666e+00  4.84062e-01 -3.17876e+00
 4.56617e+00  8.40775e-01 -2.99383e+00
 4.24505e+00  4.04031e-01 -3.15126e+00
 4.44972e+00  7.98828e-01 -3.00830e+00
 4.80088e+00  1.33057e+00 -3.14311e+00
 4.41801e+00  2.56091e+00 -3.17036e+00
 1.33431e+00 -8.46512e-01  5.33444e+00
 2.11681e+00 -1.32298e-01  5.50150e+00
 1.81208e+00 -2.41790e-01  4.38978e+00
 1.59514e+00 -6.44819e-01  4.14273e+00
 2.58039e+00 -3.57449e-01  5.32357e+00
 1.71038e+00 -6.55931e-01  5.59388e+00
 1.73539e+00  8.35207e-02  4.75829e+00
 2.43757e+00 -1.73900e-01  5.38846e+00
 2.15565e+00  5.93088e-02  5.32654e+00
-2.65923e-01  2.13646e+00  5.25460e+00
-3.10293e-01  2.14209e+00  5.23226e+00
 1.34409e+00  5.57798e-01  4.77334e+00
 1.92115e+00  7.64291e-01  4.33580e+00
 1.82291e+00  4.74823e-01  4.81451e+00
 3.89739e+00 -1.77103e+00  3.12497e+00
 1.15180e+00  1.03431e+00 -3.64255e+00
 1.13110e+00  1.02134e+00 -3.98675e+00
-5.19733e-01  9.87860e-01 -3.30739e+00
-6.55874e-01  1.39467e+00 -3.21021e+00
-1.65590e-01  6.09625e-01 -3.09913e+00
 1.13193e+00  1.08879e+00 -3.58600e+00
-3.61385e-02  4.09558e-01 -3.74918e+00
-5.96474e-01  1.09476e+00 -3.33561e+00
 1.10213e+00  1.14371e+00 -3.92499e+00
 1.12894e+00  1.07361e+00 -3.94717e+00
 6.44632e-02  3.19721e-01 -3.48314e+00
-6.31195e+00 -2.32608e+00  6.71826e-01
-6.08104e+00 -2.50897e+00  8.74884e-01
 7.20794e-01  4.43578e+00 -1.77114e-01
 1.08867e+00  4.01605e+00  8.51215e-01
-5.01394e+00  1.01813e+00  4.92941e-01
-5.01108e+00  8.56387e-01  4.85490e-01
-5.01505e+00  1.02128e+00  5.03057e-01
-5.02132e+00  8.27429e-01  5.85323e-01
 1.20771e+00 -3.05874e+00 -2.97487e+00
 9.07612e-01 -2.23545e+00 -2.09987e+00
 8.97038e-01 -2.18826e+00 -2.17533e+00
 1.01732e+00 -2.01151e+00 -2.09910e+00
 1.29075e+00 -2.17191e+00 -2.88134e+00
 1.20572e+00 -2.09434e+00 -2.78271e+00
 9.98992e-01 -2.39406e+00 -2.90466e+00
 1.34815e+00 -3.75237e+00 -1.58155e+00
-4.92234e+00 -4.01655e+00  9.70419e-01
-2.29353e+00  1.79748e+00 -2.28851e+00
 9.52691e-01  2.08955e+00  5.62997e+00
-6.62275e+00  6.04128e-01  1.05327e+00
-6.48173e+00  2.27464e-01  4.83865e-01
-3.40550e-01  4.36854e+00 -3.06240e+00
-1.45941e-02  4.91362e+00 -2.73951e+00
-2.34409e-01  3.92843e+00 -2.27367e+00
 1.43865e-01  4.78707e+00 -2.47759e+00
-1.27325e+00  4.57167e+00 -2.57331e+00
-6.21192e-01  4.35592e+00 -3.06765e+00
-1.23049e+00  4.08204e+00 -2.64320e+00
 1.00965e-01  4.88708e+00 -2.69966e+00
 4.15581e-02  4.84397e+00 -2.78157e+00
 1.99095e+00 -3.86672e+00  1.64170e+00
 1.99583e+00 -3.92231e+00  1.70129e+00
 2.11215e+00  3.32076e+00 -5.28059e+00
 1.90478e+00  3.28206e+00 -5.02950e+00
 1.90752e+00  3.40116e+00 -5.77398e+00
 1.81234e+00  3.42120e+00 -5.89499e+00
 1.82023e+00  3.42018e+00 -5.88898e+00
 2.87086e+00  5.70453e+00 -2.13232e+00
 2.31905e+00  5.71622e+00 -2.11945e+00
 2.77933e+00  6.54815e+00 -1.49367e+00
 2.90462e+00  6.46954e+00 -1.55404e+00
 1.40057e+00  4.44075e+00  9.67880e-01
 1.38200e+00  4.33522e+00  7.43819e-01
 1.36203e+00  5.06418e+00  3.06694e-01
 9.01126e-01  4.95573e+00  9.24787e-02
 4.96874e+00 -4.13612e-01 -2.14909e+00
 2.05249e+00  1.42461e+00 -9.80094e-01
 1.91896e+00  1.15195e+00 -1.39130e-01
 1.83321e+00  6.63860e-01 -1.08207e+00
 1.90537e+00  1.13693e+00 -9.10666e-02
 2.04114e+00  1.35712e+00 -1.11858e+00
 1.70956e+00 -5.64586e+00  2.68186e+00
 1.60352e+00 -5.63503e+00  2.71040e+00
 1.53991e+00 -5.64745e+00  2.72519e+00
 1.75167e+00 -6.19989e+00  2.60270e+00
 4.38306e+00  6.98242e-01  2.90210e+00
 4.12776e+00  2.28726e-01  2.95554e+00
 4.02695e+00  1.15239e+00  3.08922e+00
 4.19669e+00  1.33111e+00  3.70583e+00
 3.85587e+00  1.12126e+00  4.15650e+00
-1.08126e+00  6.59286e+00 -2.35473e+00
-6.78034e-01  6.45231e+00 -2.29150e+00
-1.07004e+00  6.59518e+00 -2.34131e+00
-8.41019e-01  6.56553e+00 -2.21149e+00
 3.38507e+00 -3.50533e+00 -4.90130e+00
 3.27590e+00 -3.41083e+00 -4.86947e+00
 3.14046e+00 -3.24153e+00 -4.72546e+00
 2.45543e+00  3.32569e+00  4.86898e+00
 2.44730e+00  3.35474e+00  4.91404e+00
-5.62207e+00 -1.28270e+00  2.06839e+00
-5.05115e+00 -7.27618e-01  2.37009e+00
-5.07943e+00 -6.92782e-01  2.35279e+00
-5.08203e+00 -1.14007e+00  2.31380e+00
-5.36856e+00 -1.16159e+00  2.10741e+00
-6.24727e+00 -1.50202e+00  3.15101e+00
 3.34275e+00  5.43908e-01  2.38240e+00
 2.59566e+00  4.84797e+00 -1.86615e+00
 2.91122e+00  4.98099e+00 -2.16708e+00
 3.21703e+00  5.15954e+00 -2.12509e+00
-2.51016e+00 -2.80145e+00  3.55508e+00
-2.32999e+00 -2.81743e+00  3.65557e+00
-2.41436e+00 -2.83991e+00  3.64534e+00
-5.49923e+00  2.37754e+00 -9.15838e-01
-5.82692e+00  2.29480e+00 -6.54361e-01
-5.54175e+00  2.32801e+00 -9.03547e-01
-5.62577e+00  2.28346e+00 -6.21094e-01
-5.55224e+00  2.32925e+00 -9.09186e-01
-3.10634e+00 -6.69317e+00  6.22528e-02
-3.06584e+00 -6.80599e+00  5.26892e-01
-3.14000e+00 -6.46450e+00  2.75746e-01
-1.15518e+00 -9.95539e-01  2.51811e+00
-6.70078e-01  5.19445e-01  2.43612e+00
-9.02332e-01 -1.09798e+00  2.59419e+00
-6.02260e-01  3.31055e-01  2.21022e+00
-4.70729e-01  3.69915e-01  2.23719e+00
-3.93069e-01  3.07094e-01  2.20145e+00
-1.53061e+00 -9.86439e-01  3.22380e+00
-1.53349e+00 -9.78357e-01  3.22433e+00
-1.53276e+00 -9.89486e-01  3.21703e+00
-3.84008e+00 -4.10102e-01  2.93009e+00
-3.86058e+00 -1.16297e+00  2.54171e+00
-3.83848e+00 -1.12357e+00  2.51988e+00
-4.04580e+00 -3.53977e-01  3.37451e+00
 4.62349e+00  3.85197e+00  1.07799e+00
 4.45631e+00 -2.24894e+00 -4.52997e+00
-4.62448e+00 -4.74307e-01  2.36501e+00
-5.57858e+00 -1.25919e+00  1.72526e+00
 3.93909e+00 -4.67885e+00 -4.29700e+00
-3.19156e+00  3.20199e+00  2.15793e+00
 8.12736e-01  2.95642e+00 -6.47140e+00
-4.40034e-01  3.34459e+00 -6.33909e+00
 8.26949e-01  2.90443e+00 -6.32446e+00
 1.04097e+00  3.13300e+00 -6.25705e+00
 8.64188e-01  2.90263e+00 -6.35878e+00
 1.03701e+00  3.07514e+00 -6.31770e+00
 4.28955e-01  6.74740e+00  2.08224e+00
-3.01567e+00 -1.01952e+00  4.40101e+00
 4.21952e+00  3.54081e-01 -3.15160e+00
-2.45386e+00  4.49484e+00  3.50698e+00
-2.33834e+00  4.24970e+00  3.43138e+00
 2.71042e+00  1.46356e+00 -5.35081e+00
 2.02049e+00  2.53528e+00 -5.13426e+00
 1.99579e+00  2.38446e+00 -5.63838e+00
 1.83344e+00  2.45057e+00 -4.90547e+00
 2.56372e+00  1.11080e+00 -5.15071e+00
 2.14457e+00  2.13668e+00 -5.73016e+00
 1.62965e+00  2.08559e+00 -5.69974e+00
 2.49165e+00  9.75598e-01 -5.07398e+00
 1.05721e+00 -4.68840e-01  6.05457e+00
 1.77410e+00 -3.51520e-01  6.11648e+00
 1.81123e+00 -4.99583e-01  6.25382e+00
-1.10715e+00  3.27254e+00  4.83885e+00
-1.67692e+00  2.53367e+00  4.93729e+00
-1.27174e+00  3.22875e+00  4.91704e+00
-1.97230e+00  2.29390e+00  5.49100e+00
-2.71869e+00  5.27212e+00 -4.51616e+00
 2.76111e+00  1.05795e+00 -5.53434e+00
 2.51135e+00  6.87113e-01 -5.20125e+00
 2.66511e+00  9.18907e-01 -5.38348e+00
 2.85973e+00  1.40405e+00 -5.64523e+00
 2.22029e+00  6.51372e-01 -6.12734e+00
-3.48472e+00  1.14184e+00  5.08390e+00
-3.81940e+00  2.22270e-01  4.10650e+00
-3.80119e+00  1.43396e-01  4.13741e+00
-4.05110e+00 -1.44702e-01  2.94103e+00
-4.19662e+00 -2.42354e-01  3.54946e+00
 2.71799e+00 -3.37441e+00  3.29759e-03
 2.44104e+00 -2.59415e+00  2.90005e-01
-4.77147e+00  4.39465e-01 -2.13309e-01
-5.38057e+00  4.23133e-01  8.84858e-03
-5.19636e+00  6.49724e-01  1.75793e-01
-4.61137e+00 -2.38257e-01 -4.78631e-01
-5.15742e+00  6.11595e-01  7.84931e-01
-5.76272e+00 -1.34822e+00  1.83226e+00
 5.30276e+00  3.54092e+00  3.87908e-01
 5.11589e+00  3.53806e+00  1.28298e+00
 4.92769e+00  3.46458e+00  8.11587e-01
 5.80478e+00  3.66355e+00  2.18466e-01
 3.14705e-01  9.64774e-02 -3.97902e-01
-6.89063e-02  4.38001e-01 -4.25031e-01
-2.49908e+00 -4.95859e+00 -2.74075e+00
 1.07695e+00 -2.04336e+00  7.76224e+00
 2.95089e+00  2.74089e+00 -8.75598e-01
 2.96878e+00  2.51321e+00 -1.19923e+00
 2.37642e+00  2.89528e+00 -1.39931e+00
 2.76118e+00  2.71607e+00 -1.30111e+00
 2.31790e+00  1.49347e+00 -7.56086e-01
-3.50079e+00  5.18420e+00  1.16159e+00
-1.39718e+00 -5.70059e+00  2.01163e+00
 3.79700e+00 -2.76847e+00  4.23185e+00
 3.79293e+00 -2.79752e+00  4.23631e+00
 1.15086e+00  5.96063e-01  3.17853e+00
 1.28172e+00  1.41358e+00  2.68768e+00
 1.86591e+00  7.25777e-01  3.06327e+00
 1.86167e+00  6.67266e-01  3.07067e+00
 4.75976e-01  1.74753e+00  3.35713e+00
 1.37393e+00  1.47431e+00  2.71996e+00
 5.24339e-01  1.81301e+00  3.00032e+00
 4.92614e-01  1.77819e+00  3.08420e+00
 5.42632e+00  3.47511e+00  1.31931e-01
 5.35140e+00  3.62618e+00  3.85280e-02
 4.83727e+00  2.84719e+00  1.47157e-01
-2.28274e+00  2.14871e+00 -6.33637e+00
-1.31295e+00  7.85556e-01 -6.34365e+00
-2.17416e+00  2.13398e+00 -6.74813e+00
-1.34324e+00  7.69232e-01 -6.30083e+00
-2.22074e+00  2.15325e+00 -6.71855e+00
 2.86707e+00 -1.15726e+00 -6.03498e+00
 2.43086e+00 -9.32000e-01 -5.96466e+00
-2.25838e+00  2.15219e+00  5.80062e-01
-1.36141e+00  1.67987e+00  1.12095e+00
-1.54855e+00  1.66105e+00  9.01856e-01
-9.88119e-01  1.92660e+00  1.34212e+00
 5.55363e+00  3.74744e+00  2.44580e-03
 1.50104e+00 -7.49028e-01  7.71396e+00
 1.53040e+00 -7.52389e-01  7.70113e+00
 5.26687e+00 -2.16402e-01 -2.51052e+00
 5.37457e+00 -2.52723e-01 -1.96549e+00
 5.51776e+00 -2.91171e-01 -2.75997e+00
 5.93755e+00 -9.92528e-01 -3.12946e+00
-2.29184e+00 -5.38750e+00  2.08268e+00
-1.51259e+00 -5.28014e+00  2.64409e+00
-2.01752e+00 -2.25977e+00 -5.30847e+00
-2.44734e+00 -3.14022e+00  2.10058e-01
-2.58112e+00 -4.14444e+00  3.14393e-02
 4.54433e+00  2.29441e+00  3.59009e-01
 5.34868e+00  1.97176e+00  3.33273e-01
 4.70042e+00  2.06838e+00  4.94187e-01
-2.80431e+00  4.93895e+00 -2.26244e+00
-9.16482e-01 -3.63039e+00 -3.82536e+00
-2.07830e+00 -4.71956e+00 -4.37094e+00
-2.26254e+00 -4.49719e+00 -4.66208e+00
-1.72326e+00 -5.18628e+00 -4.50843e+00
-7.79888e-01 -4.03747e+00 -3.48405e+00
-2.21671e+00  2.16885e+00 -6.73233e+00
 2.86332e+00  3.46448e+00  4.04550e+00
 5.54882e+00  6.59151e-01 -2.92802e+00
 5.52630e+00  6.29113e-01 -3.02181e+00
 6.09686e+00  9.91867e-01 -2.58576e+00
 5.17508e+00  8.93696e-01 -3.46708e+00
 5.32082e+00  1.52905e+00 -2.71596e+00
-3.09096e+00 -5.96492e+00  1.75831e-01
-2.85624e+00 -5.91129e+00 -2.81719e-02
 1.28601e+00  6.84547e+00  1.38244e+00
 1.69293e+00  6.45771e+00  1.01460e+00
-1.70461e+00  3.88505e+00 -5.15893e+00
-1.69279e+00  3.69963e+00 -5.54513e+00
-6.25461e+00  6.90122e-01 -1.82536e+00
-6.26215e+00  6.41811e-01 -1.87908e+00
-2.08039e+00  3.25611e+00 -3.26632e+00
 3.08810e+00  5.24846e+00 -2.20830e+00
 2.81948e+00  5.05994e+00 -2.23254e+00
 2.58997e+00  5.04569e+00 -2.59780e+00
-3.10184e+00 -5.40310e+00  1.05198e+00
 2.49586e+00 -1.87492e-01  5.39184e+00
 1.83908e+00 -2.39927e-01  6.16905e+00
 1.68023e+00 -6.60791e+00  2.20552e+00
 1.72914e+00 -6.56860e+00  2.20850e+00
 5.50567e+00  1.90101e+00 -2.36082e+00
-3.78897e+00  5.09459e+00 -3.38347e+00
-1.31406e+00  1.91670e+00 -5.95914e+00
-3.25725e+00  3.88010e+00  2.00582e+00
 2.02692e+00  1.75884e+00  1.86621e+00
 2.42995e+00  1.36251e+00  1.80913e+00
-4.53892e+00  4.00126e+00  3.75791e+00
-5.26615e+00  2.62761e+00  3.60849e+00
-5.24692e+00 -3.23813e+00 -3.12431e+00
-4.98020e+00 -2.85168e+00 -3.14545e+00
-5.90993e+00 -3.71850e+00 -2.29386e+00
-6.17848e+00 -3.13528e+00 -2.47688e+00
-5.24990e+00 -3.23456e+00 -3.12441e+00
 1.32652e-02  4.48931e+00 -6.73737e-01
-2.69616e+00  2.55658e+00  4.24595e+00
-1.62612e-01  4.15166e+00  4.80101e+00
-3.35260e+00 -2.69819e+00 -2.38002e+00
-4.35409e+00 -3.05036e+00 -1.24280e+00
 2.61997e+00 -7.84873e-01  9.07006e-01
 2.65798e+00 -7.80100e-01  8.90053e-01
 3.38004e+00 -1.02289e+00 -7.01669e+00
 2.05846e+00 -4.99613e+00  2.92741e+00
-4.86043e-01  2.05106e+00 -6.15338e+00
-5.50855e-01  2.05999e+00 -6.20468e+00
-6.22454e+00 -1.27769e+00 -2.28726e+00
-5.39165e+00 -1.20571e+00 -2.47565e+00
-5.81010e+00 -1.45512e+00 -2.14778e+00
-6.28983e+00  1.82676e-02 -2.05814e+00
-5.66915e+00 -7.75451e-01 -1.13265e+00
-5.31954e+00 -1.23155e+00 -2.40364e+00
-5.39907e+00 -1.28338e+00 -2.38973e+00
-2.16480e+00 -5.89807e+00 -3.74157e+00
-2.28613e+00 -2.42370e+00  4.10002e+00
-2.32778e+00 -2.41536e+00  4.11731e+00
-2.26213e+00 -2.39559e+00  4.16649e+00
 2.05045e+00  2.51218e+00 -5.69147e+00
 9.96649e-01  2.39315e+00 -6.42320e+00
 1.38996e+00  2.69542e+00 -6.34322e+00
 9.92814e-01  3.18398e+00  5.26869e+00
 1.80474e+00  3.87824e+00  4.98221e+00
 1.70214e+00  3.94384e+00  4.79526e+00
 1.24246e+00 -1.77624e-01  3.49217e+00
 9.35763e-01  4.94343e-02  3.27745e+00
 1.09539e+00  2.62627e-01  3.16646e+00
-1.92574e+00  4.42654e+00 -1.15423e+00
-1.98439e+00  4.49733e+00 -1.73170e+00
-2.03928e+00  4.27032e+00 -1.34704e+00
-1.69304e+00  4.98640e+00 -1.51525e+00
-6.65131e-01  1.44220e+00 -3.16171e+00
 5.80855e+00 -3.39159e+00 -3.06954e+00
 5.93817e+00 -3.06538e+00 -2.90325e+00
 5.81496e+00 -3.37342e+00 -3.09718e+00
 5.00285e+00  3.33094e-02  1.05736e+00
 1.47232e+00 -1.01578e+00  7.15960e+00
-5.30207e+00  1.46336e+00 -2.79299e-01
-5.15808e+00  1.59317e+00 -5.56912e-01
-5.24200e+00  1.56778e+00 -3.08122e-01
-5.37528e+00  1.29088e+00 -6.09693e-02
-5.23464e+00  1.56617e+00 -2.53234e-01
-4.49245e+00  1.16958e+00 -1.09818e+00
-5.31779e+00  1.36021e+00  3.54996e-02
-4.29054e+00  1.72519e+00 -5.20199e-01
-4.87615e+00  1.65696e+00 -9.62474e-01
 1.98127e+00 -3.93621e+00  1.64724e+00
-1.26359e+00  4.52287e+00  2.17691e+00
-5.24218e-02  2.60505e+00  4.81009e+00
-8.27658e-02  2.68629e+00  5.12423e+00
 7.97058e-02  2.73169e+00  4.61005e+00
-1.02057e-01  2.59144e+00  4.96783e+00
 8.18256e-01 -1.67362e+00  4.04880e+00
-6.44602e+00  1.75556e+00 -5.50351e-01
-6.23290e+00  1.08882e+00 -2.79738e-01
-5.54117e+00  1.76414e+00  6.48058e-01
-6.61523e+00  1.40086e+00  2.12434e-01
-5.53254e+00  1.17917e+00 -2.10582e-01
 2.16446e+00  3.70247e+00  5.07731e+00
 2.00203e+00  3.83418e+00  5.01032e+00
 1.08535e+00  2.48744e+00  5.59233e+00
 5.57655e+00  2.08066e+00 -3.27976e+00
 5.64252e+00  1.87884e+00 -3.15855e+00
 4.52498e+00  2.56445e+00 -3.09384e+00
 4.62046e+00  2.61215e+00 -3.18172e+00
 5.66419e+00  2.65018e+00 -3.02522e+00
 5.61280e+00 -4.35778e+00  7.33561e-01
-4.59177e+00  2.59621e+00 -1.14292e+00
-4.50084e+00  2.73712e+00 -1.29041e+00
-1.68665e+00  1.37330e+00  8.67275e-01
 5.76773e+00 -3.41255e+00 -3.15595e+00
 1.02098e+00  6.33532e+00 -8.25661e-02
-9.93271e-01  6.57760e+00 -1.99551e+00
-6.07284e+00  4.35820e-01 -1.99448e+00
 2.34053e+00  2.03182e+00 -3.98282e+00
 2.35050e+00  1.66178e+00 -4.07168e+00
 2.07883e+00  3.91977e+00 -2.97129e+00
 1.65359e+00  4.52175e+00 -3.02509e+00
 1.94408e+00  4.33999e+00 -2.97854e+00
 1.05272e+00  4.98259e+00 -2.48305e+00
-5.61644e+00 -2.44693e+00 -3.47566e+00
-5.83407e+00 -2.12512e+00 -2.83108e+00
 5.71258e+00  2.11914e+00  3.50467e+00
 1.43236e-01 -6.69701e+00 -1.17673e+00
 5.95346e+00 -4.33097e+00  8.83542e-01
 2.27135e+00 -8.57011e-01 -5.96355e+00
 2.26468e+00 -8.60637e-01 -5.98604e+00
 2.09699e+00 -1.14934e+00 -5.70378e+00
 2.96303e+00  4.27552e-01 -4.80864e+00
-6.81073e+00  8.33855e-01  1.03540e+00
 3.84075e+00  4.72028e+00  2.72471e+00
 5.20786e+00  3.39675e+00  1.38003e+00
 5.22102e+00  1.83088e+00  5.23305e-01
 5.38108e+00  1.92176e+00  3.98336e-01
-5.77747e+00 -1.35195e+00  1.91372e+00
-5.77371e+00 -1.35413e+00  1.91488e+00
 3.78996e+00 -2.14010e+00  3.00609e+00
 4.62301e+00 -4.25962e+00  2.59104e+00
 1.93648e+00  1.14905e+00 -9.44930e-02
-3.22241e+00 -3.99558e+00 -1.21149e+00
-3.09570e+00 -3.74955e+00 -2.72388e+00
 6.48064e-01 -1.25997e+00  6.80910e+00
 1.26118e+00 -8.37790e-01  7.57480e+00
-1.23025e+00  4.09895e+00 -4.78782e+00
-1.20163e+00  4.13262e+00 -4.81033e+00
-1.48398e+00  1.04698e+00  6.80984e-01
-1.15050e+00  1.12202e+00  7.81794e-01
 1.03115e-02  8.58633e-01 -2.52205e+00
 5.39273e-02  1.36628e-01 -2.85978e+00
 2.01021e-01 -1.03290e-01 -2.93702e+00
-1.64030e+00  4.52783e+00 -1.02337e+00
-1.92408e+00  4.42136e+00 -1.14782e+00
-1.33880e+00  4.94735e+00 -1.19138e+00
-1.52742e+00  5.14555e+00 -1.53767e+00
-1.03474e+00  4.17958e+00 -3.72302e+00
-3.71863e-01  4.09260e+00 -3.53353e+00
-1.37621e+00  4.03886e+00 -2.95317e+00
-1.29498e+00  4.06283e+00 -2.89119e+00
 2.23979e-02  2.46020e+00  5.00544e+00
-8.22417e-03  2.47694e+00  5.03693e+00
-5.77310e-02  2.52255e+00  5.03925e+00
-2.00156e+00 -1.30596e+00  3.02878e+00
-2.15998e+00 -1.02408e+00  4.40809e+00
-2.90959e+00 -1.61236e+00  3.80192e+00
 2.49213e+00  1.19870e+00  2.24167e+00
-3.95869e+00 -2.96183e+00  3.07189e+00
-4.10053e+00 -3.56730e+00  3.34615e+00
-3.99865e+00 -3.02918e+00  3.03065e+00
-4.31853e+00 -2.92680e+00  3.07196e+00
 3.52842e+00  1.37530e+00 -5.69568e+00
 3.33693e+00  1.60584e+00 -5.74688e+00
 3.66337e+00  1.37928e+00 -6.14012e+00
 3.32131e+00  1.66629e+00 -5.84160e+00
 3.53042e+00  1.37375e+00 -5.69703e+00
 3.60743e+00  1.44283e+00 -6.02822e+00
 2.38150e+00  2.83445e-01 -6.11814e+00
-4.32997e+00 -3.81617e-02  3.86690e+00
-4.08362e+00  7.11244e-02  4.03104e+00
 3.53247e+00  1.37368e+00 -5.69220e+00
 4.02489e+00  1.04937e+00 -5.10125e+00
-4.72731e-01  2.43445e+00  6.33666e+00
-9.32626e-01  2.64046e+00  6.48186e+00
-9.97244e-01  2.65244e+00  6.49541e+00
-4.51940e+00 -2.39427e+00  2.25935e+00
-4.30907e+00 -2.92768e+00  3.04671e+00
 4.19253e-01  2.86813e+00  6.53525e+00
 1.98944e+00 -3.93359e+00  1.68113e+00
 2.37295e+00  5.17804e+00 -2.20506e+00
 2.25483e+00  5.27555e+00 -2.18738e+00
 1.49952e+00  5.48944e+00 -1.86794e+00
-1.51434e-01  7.19829e-02 -3.78338e+00
 5.41002e-02  4.53536e+00 -1.21029e+00
-3.67000e-01  2.56765e+00  6.26270e+00
 5.26353e-02  2.87559e+00  6.45111e+00
-3.66008e-01  2.56861e+00  6.26263e+00
-1.72402e-01  2.91449e+00  6.29567e+00
 7.56535e-01  1.28473e+00 -7.01408e+00
-3.36167e+00  1.53557e+00  5.73138e+00
-3.55309e+00  1.16460e+00  5.25957e+00
-2.64037e+00  1.83493e+00  5.36299e+00
-2.24317e+00  7.46517e-01  5.46086e+00
-2.44021e+00  8.07252e-01  5.00305e+00
-3.53675e+00  1.53387e+00  5.57346e+00
-3.57385e+00  1.67554e+00  5.48251e+00
-3.32952e+00  1.47987e+00  5.78305e+00
-3.59323e+00  1.22593e+00  5.25946e+00
-1.96162e+00  4.41499e+00 -1.86231e+00
-1.37008e+00  5.15284e+00 -1.73509e+00
-4.86017e+00  1.89890e+00  3.62361e+00
-4.25365e+00  1.59130e+00  3.46453e+00
-4.81558e+00  2.35546e+00  3.92475e+00
-1.06788e+00  6.52480e+00 -1.80115e+00
 2.97324e+00 -1.51105e-01 -7.39813e+00
 2.65572e+00 -5.16152e-01 -7.32244e+00
-4.94095e+00  1.66932e+00 -1.02010e+00
-5.03062e+00  1.66827e+00 -9.98527e-01
-6.97673e-02  2.44590e+00  5.09386e+00
-3.66505e-01  2.56767e+00  6.26224e+00
-6.62929e+00  3.66718e-01 -1.50817e-01
-1.09684e+00  3.83671e+00 -4.64847e+00
-1.00607e+00  3.92821e+00 -4.71097e+00
-1.84947e+00  3.04925e+00  3.79195e+00
-1.49341e+00  3.19764e+00  3.93777e+00
-2.36377e+00  4.07667e+00  3.26819e+00
 2.10694e-01  4.92307e+00 -2.64047e+00
-2.02123e+00  3.53026e+00 -2.02271e+00
-2.86769e+00  4.55509e+00 -2.79547e+00
-2.08396e+00  3.55058e+00 -2.24416e+00
 5.51224e+00  1.19101e+00  5.25842e-01
 1.67228e+00  3.18000e+00 -6.15765e+00
 1.53191e+00  3.07994e+00 -6.27319e+00
-6.69017e-01  5.08161e+00  1.35091e+00
 1.92057e+00  3.33526e+00 -5.85603e+00
-9.86537e-02 -1.50466e-01  7.80530e-01
-1.12055e+00  6.63121e+00 -1.57068e+00
 2.31809e+00  1.32445e+00  2.46145e+00
 1.92828e+00  1.75733e+00  2.30366e+00
 2.23893e+00  3.03278e+00 -5.41977e+00
 2.60681e+00  2.32019e+00 -3.72509e+00
 2.22323e+00  2.96108e+00 -5.60307e+00
 1.98293e+00  3.22159e+00 -5.87222e+00
-2.21318e+00  5.57714e-01  5.24676e+00
-1.92664e+00  3.55650e+00 -1.94310e+00
-1.24634e+00  4.02694e+00 -2.62950e+00
 1.43956e+00  1.05276e+00 -2.93904e+00
 1.38192e+00  7.99081e-01 -3.02179e+00
-3.15688e+00 -4.93296e+00  1.00066e+00
 5.24657e+00 -3.43509e+00 -3.72370e+00
 5.17217e+00 -3.30361e+00 -3.77818e+00
 5.06850e+00 -3.51094e+00 -3.58876e+00
 1.21382e+00 -4.55979e+00  5.66277e+00
 1.15109e+00  1.25275e+00 -3.11167e+00
 1.30997e+00  1.01550e+00 -3.07922e+00
-3.13832e+00 -4.89901e+00  9.59107e-01
 5.47762e+00  3.42347e+00 -3.61314e+00
 5.52253e+00  3.53234e+00 -2.64965e+00
 5.53343e+00  3.19676e+00 -3.22784e+00
-1.48539e+00 -5.32861e+00  2.72588e+00
 1.31536e+00 -5.35082e+00  1.98964e+00
 1.13985e+00 -5.18159e+00  2.37242e+00
 8.18035e-01 -5.00580e+00  2.45515e+00
-1.78911e+00  3.82770e+00 -2.86894e+00
-2.55735e+00  4.54435e+00 -3.06886e+00
 1.52933e+00 -5.60527e+00  2.66084e+00
-3.71673e+00  5.83573e+00 -2.62869e-01
-3.77049e+00  5.90770e+00 -2.08817e-01
-6.86304e-01 -2.42898e+00  4.81181e+00
 5.29470e+00 -2.32100e+00 -3.45193e+00
 5.52375e+00 -2.38810e+00 -3.21760e+00
 5.39367e+00 -3.51313e+00 -3.58009e+00
 5.12078e+00 -2.86511e+00 -3.74723e+00
-1.89866e-01  5.14709e+00 -2.73256e+00
 1.22327e+00 -6.48552e-01  7.48032e+00
-2.08314e+00 -5.86704e+00 -3.83700e+00
-1.03570e+00  7.42330e-01 -6.91104e+00
 2.78436e-02 -5.38862e+00  2.00843e+00

POLYGONS 7797 48450
3      1      3     21
7      1     20     17     18     19      5      3
8      2      8     13      0     27     11     22     14
6      2      7     15     16      6      8
4      2     14     10      7
7      3      5     15      7     10     25     21
8      4      9     24     23     26     27      0     12
4      4     17     20      9
7      4     12     13      8      6     18     17
4      5     19     16     15
4      6     16     19     18
6     10     14     22     23     24     25
3     11     27     26
3     12      0     13
6     29     30     42     41     37     28
5     30     58     35     43     42
6     31     40     32     52     53     46
6     31     45     38     37     41     40
5     31     46     33     55     45
5     32     43     35     60     52
5     32     40     41     42     43
8     33     46     53     51     54     47     62     56
4     33     56     44     55
7     36     28     37     38     49     63     57
5     38     45     55     44     49
5     44     56     62     63     49
3     64     70     69
6     64     69     67     68     66     65
4     72     79     78     85
6     72     74     71     82     89     79
7     72     85     75     83     91     84     74
5     73     86     94     96     87
5     73     75     85     78     86
7     73     87     80     81     92     83     75
6     74     84     99    100     77     71
3     76    100     99
7     76     81     80     88     98     77    100
6     76     99     84     91     92     81
6     77     98     97     95     82     71
7     78     79     89     93     90     94     86
4     80     87     96     88
4     82     95     93     89
3     83     92     91
6     88     96     94     90     97     98
4     90     93     95     97
5    102    106    124    121    105
6    102    104    117    113    118    106
6    102    105    109    110    111    104
6    103    121    124    123    108    122
4    103    109    105    121
5    103    122    125    110    109
5    104    111    114    112    117
8    106    118    119    120    116    101    123    124
5    107    126    125    122    108
5    107    101    116    115    126
4    107    108    123    101
6    110    125    126    115    114    111
5    112    120    119    113    117
5    112    114    115    116    120
3    113    119    118
4    128    135    136    137
8    128    147    148    144    127    132    134    135
8    128    137    138    154    142    131    143    147
3    129    146    145
7    129    132    127    149    151    152    146
5    129    145    130    134    132
8    130    145    146    152    150    133    140    153
7    130    153    154    138    136    135    134
6    131    139    141    144    148    143
5    131    142    140    133    139
6    133    150    151    149    141    139
3    136    138    137
4    140    142    154    153
4    141    149    127    144
3    143    148    147
3    150    152    151
6    156    167    160    157    163    155
6    157    160    174    166    162    168
8    158    170    166    174    175    165    161    164
3    158    159    170
7    158    164     65     66    169    172    159
7    159    172    173    171    162    166    170
4    160    167    175    174
3    162    171    168
6    177    185    181    187    186    183
4    177    179    189    185
6    177    183    176    193    184    179
5    178    195    194    180    192
4    178    191    190    195
6    178    192    193    176    182    191
6    179    184    180    194    188    189
4    180    184    193    192
4    181    185    189    188
6    181    188    194    195    190    187
5    182    186    187    190    191
4    182    176    183    186
6    197    210    211    198    199    208
5    197    207    209    202    210
6    197    208    204    201    205    207
7    198    206    200    203    201    204    199
5    198    211    202    209    206
6    200    206    209    207    205    196
3    200    196    203
4    201    203    196    205
3    202    211    210
3    240    242    241
3    243    245    244
8    247    252    248    265    272    275    271    250
8    247    254    260    261    259    257    277    252
5    247    250    108    123    254
4    248    252    277    276
8    248    276    246    253    251    267    266    265
3    249    261    260
6    249    101    107    258    259    261
5    249    260    254    123    101
10    250    271    264    270    278    279    262    258    107    108
4    251    269    255    267
7    251    253    263    262    279    268    269
4    253    246    256    263
9    255    269    268    278    270    274    275    272    273
4    255    273    266    267
6    256    257    259    258    262    263
5    256    246    276    277    257
4    264    271    275    274
3    264    274    270
4    265    266    273    272
3    268    279    278
7    281    301    305    289    296    307    297
6    281    285    291    286    298    301
6    281    297    306    290    282    285
7    282    284    283    288    299    291    285
4    282    290    280    284
5    283    284    280    295    294
6    283    294    287    300    292    288
5    286    291    299    303    302
4    286    302    293    298
5    287    289    305    304    300
5    287    294    295    296    289
4    288    292    303    299
6    290    306    307    296    295    280
6    292    300    304    293    302    303
5    293    304    305    301    298
3    297    307    306
8    309    321    315    323    337    338    327    308
8    309    317    318    311    328    330    331    321
4    309    308    322    317
11    310    328    311    314    320    319    334    312    326    313    329
3    310    330    328
6    311    318    333    325    332    314
7    312    307    297    316    337    323    326
7    312    334    335    324    336    296    307
3    314    332    320
3    316    338    337
5    316    297    281    327    338
6    317    322    301    305    333    318
3    319    335    334
6    319    320    332    325    324    335
5    301    322    308    327    281
6    324    325    333    305    289    336
3    336    289    296
6    339    341    345    347    344    340
5    340    344    346    342    343
5    348    354    353    357    358
4    348    352    350    354
4    349    351    358    357
4    350    352    356    355
3    359    360    361
4    363    370    373    366
6    363    368    376    377    372    370
5    363    366    365    362    368
5    364    387    386    385    380
6    364    381    371    375    382    387
4    364    380    384    381
4    365    385    386    362
6    365    366    373    384    380    385
4    367    383    382    375
5    367    374    378    369    383
7    367    375    371    372    377    379    374
8    368    362    386    387    382    383    369    376
5    369    378    379    377    376
6    370    372    371    381    384    373
3    374    379    378
6    389    395    407    402    403    396
4    389     93     90    395
6    389    396    401    390     89     93
4    390    391     79     89
5    390    401    404    398    391
6    391    398    392    394     78     79
7    392    398    404    397    400    406    393
4    394    388     86     78
5    395     90     94    408    407
5    396    403    397    404    401
4    397    403    402    400
6    399    405    408     94     86    388
6    400    402    407    408    405    406
3    410    413    411
5    410    412    415    409    413
9    410    411    414    427    425    429      3     21    412
9    411    413    409    420    421    422    426    428    414
3    414    428    427
4      1      3    429    418
3    416    431    430
7    416    418    429    425    423    424    431
4    422    424    423    426
5    423    425    427    428    426
6    433    435    452    466    467    454
4    433    451    450    435
10    433    454    461    459    455    432    436    447    446    451
4    434    458    453    462
7    434    438    439    432    455    457    458
9    434    462    463    448    449    443    437    440    438
6    435    450    449    448    464    452
4    436    432    439    444
5    438    440    441    444    439
6    442    443    449    450    451    446
5    445    466    452    464    465
7    445    453    458    457    456    467    466
5    445    465    463    462    453
4    448    463    465    464
5    454    467    456    460    461
5    455    459    460    456    457
3    459    461    460
5    485    489    488    487    493
5    486    484    494    493    487
5    486    487    488    491    490
4    488    489    492    491
4    496    498    495    497
6    500    509    513    499    507    502
5    501    502    507    504    510
8    503    505    511    510    504    506    512    508
4    504    507    499    506
4    506    499    513    512
6    514    515    520    527    516    528
7    514    517    524    521    525    519    515
5    515    519    518    522    520
4    516    527    530    529
6    518    526    523    529    530    522
4    520    522    530    527
6    532    555    556    539    533    554
5    533    539    542    534    541
9    533    541    537    535    531    549    547    553    554
5    534    540    538    537    541
3    534    542    540
5    535    544    557    558    531
4    535    537    538    544
12    536    545    550    548    551    557    544    538    540    542    539    556
7    543    549    531    558    552    548    550
3    548    552    551
4    551    552    558    557
4    558    562    560    552
7    558    557    563    565    567    564    562
5    560    562    564    569    559
7    560    559    566     75     73    551    552
5    561    570    571     92     83
5    561    566    559    569    570
4    561     83     75    566
5     87    563    557    551     73
4     87     80    565    563
6    564    567    568    571    570    569
5    565     80     81    568    567
4    568     81     92    571
3    591    598    594
7    591    600    599    605    593    590    598
5    592    590    593    604    596
6    592    602    603    594    598    590
5    592    596    597    595    602
3    593    605    604
5    596    604    605    599    597
8    562    614    615    616    612    618    611    560
4    562    564    613    614
7    607    569    559    620    609    621    622
4    607    613    564    569
6    607    622    610    615    614    613
4    608    610    622    621
5    608    606    616    615    610
4    609    620    619    617
5    611    619    620    559    560
5    624    625    628    623    640
6    624    626    629    634    630    625
6    625    630    643    644    633    628
6    626    639    632    638    636    629
5    627    644    643    635    631
4    627    642    633    644
7    627    631    636    638    637    641    642
5    628    633    642    641    623
5    629    636    631    635    634
4    630    634    635    643
3    632    637    638
6    632    639    640    623    641    637
5    645    653    652    651    646
3    647    650    648
6    648    650    651    652    654    649
6    706    707    712    711    709    705
3    707    713    712
4    708    709    711    710
6    714    719    718    717    715    721
4    716    717    718    720
6     70     64    747    756    749    755
4    747    754    757    756
8    747     64     65    164    760    758    746    754
6    748    746    758    750    759    753
6    748    751    752    757    754    746
5    161    759    750    760    164
3    750    758    760
5    762    777    786    785    766
5    762    770    761    784    777
5    762    766    765    768    770
4    763    778    773    775
6    763    771    769    764    779    778
5    763    775    774    772    771
6    764    783    785    786    780    779
6    764    769    767    768    765    783
4    765    766    785    783
4    767    769    771    772
7    767    772    774    781    761    770    768
6    773    776    782    781    774    775
5    773    778    779    780    776
6    776    780    786    777    784    782
4    781    782    784    761
5    788    794    789    796    795
6    788    787    791    792    793    794
4    788    795    790    787
6    812    826    825    827    836    834
9    812    838    828    837    840    823    824    815    826
8    812    834    833    821    829    841    839    838
4    813    825    826    815
8    813    820    814    844    822    831    827    825
4    813    815    824    820
4    814    820    824    823
6    814    823    840    816    843    844
10    816    837    828    839    841    842    846    848    818    843
3    816    840    837
5    817    832    821    833    835
6    817    831    822    830    811    832
5    817    835    836    827    831
3    818    848    847
8    818    847    845    819    830    822    844    843
3    819    811    830
8    819    845    846    842    829    821    832    811
3    828    838    839
3    829    842    841
4    833    834    836    835
4    845    847    848    846
6    850    853    851    862    857    858
5    850    855    852    856    853
4    850    858    864    855
4    851    866    865    862
5    851    853    856    849    866
6    852    854    868    867    849    856
5    852    855    864    863    854
5    854    863    861    859    868
6    857    862    865    860    859    861
5    857    861    863    864    858
4    859    860    867    868
5    860    865    866    849    867
4    900    906    905    903
4    900    902    901    906
6    903    905    907    908    899    904
3    910    917    916
7    910    916    926    922    909    912    913
5    911    918    919    925    920
6    911    920    921    926    916    917
4    914    915    925    919
6    915    923    924    921    920    925
4    921    924    922    926
4    928    948    947    929
5    928    939    936    941    948
6    928    929    927    938    940    939
7    929    947    949    950    942    933    927
5    930    937    936    939    940
6    930    931    932    952    934    937
4    930    940    938    931
5    931    938    927    933    932
7    932    933    942    946    953    954    952
5    934    952    954    951    935
7    934    935    945    944    941    936    937
5    935    951    953    946    945
6    941    944    943    949    947    948
6    942    950    943    944    945    946
3    943    950    949
3    951    954    953
5    992   1003   1004    996   1001
8    992    999    997    991   1005   1006   1002   1003
4    992   1001   1000    999
4    993   1008    994    995
7    993    996   1004   1002   1006   1007   1008
5    993    995   1000   1001    996
6    994   1008   1007    998    991    997
5    994    997    999   1000    995
3    998   1005    991
4    998   1007   1006   1005
3   1002   1004   1003
3   1009   1010   1011
5   1013   1021   1025   1024   1014
6   1013   1020   1016   1019   1012   1021
3   1013   1014   1020
3   1015   1017   1023
6   1015   1023   1025   1021   1012   1018
5   1017   1022   1024   1025   1023
4    465   1046   1045    445
8    465    463   1047   1050   1048   1041   1028   1046
9   1027   1038   1042   1039   1037   1041   1048   1049   1034
8   1027   1034   1047    463    462   1043   1033   1036
4   1028   1041   1037   1040
7   1028   1040   1035   1029   1031   1045   1046
6   1029   1044   1043    462    453   1031
5   1029   1035   1032   1030   1044
7   1030   1032   1026   1042   1038   1036   1033
4   1030   1033   1043   1044
4   1031    453    445   1045
6   1032   1035   1040   1037   1039   1026
3   1039   1042   1026
3   1048   1050   1049
7   1052   1071   1083   1085   1057   1060   1055
4   1052   1062   1084   1071
10   1052   1055   1056   1068   1063   1070   1053   1058   1080   1062
5   1053   1070   1077   1078   1051
4   1053   1051   1073   1058
5   1054   1075   1076   1078   1077
6   1054   1063   1068   1067   1061   1075
4   1054   1077   1070   1063
5   1055   1060   1065   1066   1056
5   1056   1066   1059   1067   1068
7   1057   1085   1087   1088   1082   1072   1069
7   1057   1069   1061   1067   1059   1065   1060
5   1058   1073   1079   1074   1080
3   1059   1066   1065
6   1061   1069   1072   1064   1076   1075
7   1062   1080   1074   1082   1088   1081   1084
5   1064   1072   1082   1074   1079
6   1064   1079   1073   1051   1078   1076
5   1071   1084   1081   1086   1083
4   1081   1088   1087   1086
4   1083   1086   1087   1085
7    525    521   1090   1097   1096   1089   1093
7   1089   1095   1094   1091   1098   1092   1093
3   1092   1098   1099
4   1100   1104    757    752
6    756    757   1104   1102   1101   1103
3    756   1103    749
3   1106   1105   1107
7   1109   1117   1122   1123   1127   1115   1112
4   1109   1121   1118   1117
8   1109   1112   1124   1125   1108   1114   1120   1121
4   1110   1128   1131   1130
7   1110   1116   1132   1113   1114   1108   1128
5   1110   1130   1129   1119   1116
6   1111   1133   1123   1122   1135   1134
6   1111   1119   1129   1137   1126   1133
5   1111   1134   1132   1116   1119
4   1112   1115   1136   1124
4   1113   1132   1134   1135
7   1113   1135   1122   1117   1118   1120   1114
5   1115   1127   1126   1137   1136
3   1118   1121   1120
4   1123   1133   1126   1127
7   1124   1136   1137   1129   1130   1131   1125
4   1125   1131   1128   1108
4   1139   1159   1158   1142
6   1139   1147   1140   1152   1143   1159
5   1139   1142   1146   1148   1147
3   1140   1153   1152
7   1140   1147   1148   1149   1154   1155   1153
4   1141   1165   1164   1151
6   1141   1154   1149   1145   1163   1165
5   1141   1151   1157   1155   1154
7   1142   1158   1150   1162   1163   1145   1146
6   1143   1160   1161   1150   1158   1159
7   1143   1152   1153   1155   1157   1156   1160
6   1144   1156   1157   1151   1164   1138
4   1144   1161   1160   1156
5   1144   1138   1162   1150   1161
4   1145   1149   1148   1146
5   1162   1138   1164   1165   1163
4   1166   1169   1168   1167
6   1199   1205   1203   1206   1204   1200
6   1201   1204   1206   1207   1198   1202
4   1209   1216   1217   1214
7   1209   1223   1211   1230   1222   1210   1216
6   1209   1214   1208   1221   1224   1223
5   1210   1229   1228   1217   1216
7   1210   1222   1232   1233   1219   1218   1229
7   1212   1208   1214   1217   1228   1218   1219
4   1212   1213   1221   1208
3   1218   1228   1229
3   1234   1236   1235
7    207   1241   1259   1253   1255   1262    209
4    207    205   1244   1241
5   1237   1257   1246   1256   1239
7   1237   1245    196    200   1247   1242   1257
6   1237   1239   1254   1258   1252   1245
5   1238    206    209   1262   1251
5   1238   1240   1247    200    206
5   1238   1251   1250   1243   1240
5   1239   1256   1260   1248   1254
4   1240   1243   1242   1247
5   1241   1244   1252   1258   1259
7   1242   1243   1250   1249   1261   1246   1257
5    205    196   1245   1252   1244
4   1246   1261   1260   1256
5   1248   1253   1259   1258   1254
6   1248   1260   1261   1249   1255   1253
5   1249   1250   1251   1262   1255
6   1264   1271   1263   1270   1269   1267
4   1265   1267   1269   1266
4   1266   1269   1270   1268
6   1273   1277   1275   1279   1278   1274
5   1274   1278   1272   1280   1276
4   1282   1289   1294   1293
4   1282   1286   1284   1289
6   1282   1293   1291   1292   1283   1286
6   1283   1287   1288   1281   1284   1286
4   1283   1292   1290   1287
5   1284   1281   1285   1294   1289
7   1285   1288   1287   1290   1291   1293   1294
3   1285   1281   1288
3   1290   1292   1291
5   1296   1310   1309   1306   1311
4   1296   1302   1303   1310
7   1296   1311   1312   1305   1307   1308   1302
5   1297   1303   1302   1308   1304
6   1297   1299   1298   1309   1310   1303
4   1297   1304   1300   1299
5   1298   1299   1300   1295   1301
5   1300   1304   1308   1307   1295
3   1306   1312   1311
4   1313   1314   1315   1316
5   1313   1319   1317   1318   1314
6   1321   1325   1344   1334   1349   1346
7   1321   1327   1323   1331   1330   1332   1325
7   1321   1346   1347   1341   1320   1333   1327
7   1322   1326   1348   1351   1335   1343   1340
6   1322   1324   1329   1337   1328   1326
6   1322   1340   1345   1332   1330   1324
7   1323   1338   1339   1336   1337   1329   1331
4   1323   1327   1333   1338
4   1324   1330   1331   1329
4   1325   1332   1345   1344
8   1326   1328   1336   1339   1320   1341   1342   1348
3   1328   1337   1336
4   1333   1320   1339   1338
4   1334   1343   1335   1349
5   1334   1344   1345   1340   1343
6   1335   1351   1350   1347   1346   1349
4   1341   1347   1350   1342
4   1342   1350   1351   1348
3   1376   1384   1383
7   1376   1378   1377   1380   1385   1382   1384
4   1377   1378   1379   1381
6    863    861   1386   1391   1395   1398
8    863   1398   1399   1390   1396   1393   1389    854
5   1386    861    859    772    771
4   1386    771    763   1391
3   1387   1401   1400
6   1387    774    772    859    868   1401
8   1387   1400   1389   1393   1397   1388    775    774
5   1388   1397   1396   1390   1394
7   1388   1394   1392   1395   1391    763    775
5   1389   1400   1401    868    854
4   1390   1399   1392   1394
4   1392   1399   1398   1395
3   1393   1396   1397
7   1402   1415   1410   1405   1406   1408   1412
6   1402   1403   1413   1409   1414   1415
3   1402   1412   1403
6   1404   1405   1410   1414   1409   1411
4   1407   1411   1409   1413
3   1410   1415   1414
6   1416   1419   1421   1420   1418   1417
6   1423   1432   1427   1443   1442   1422
5   1423   1424   1437   1431   1432
6   1423   1422   1425   1439   1430   1424
5   1424   1430   1428   1436   1437
5   1425   1444   1445   1441   1439
4   1425   1422   1442   1444
4   1426   1431   1437   1436
7   1426   1434   1433   1447   1427   1432   1431
5   1426   1436   1428   1429   1434
4   1427   1447   1446   1443
7   1428   1430   1439   1441   1440   1435   1429
5   1429   1435   1438   1433   1434
7   1433   1438   1440   1441   1445   1446   1447
3   1435   1440   1438
5   1442   1443   1446   1445   1444
3   1448   1456   1455
5   1448   1455   1454   1453   1450
5   1449   1452   1451   1450   1453
6   1458   1472   1464   1468   1463   1475
6   1458   1459   1471   1473   1474   1472
6   1458   1475   1469   1470   1467   1459
5   1459   1467   1462   1466   1471
3   1460   1474   1473
5   1460   1465   1464   1472   1474
6   1460   1473   1471   1466   1457   1465
6   1461   1476   1468   1464   1465   1457
5   1461   1462   1467   1470   1476
4   1461   1457   1466   1462
5   1463   1468   1476   1470   1469
3   1463   1469   1475
5   1478    271    275   1494   1495
7   1478    122    125   1483   1480    264    271
5   1478   1495   1479    103    122
5   1479   1495   1494   1481   1477
7   1479   1477   1482   1492   1491    109    103
5   1480   1487   1484    274    264
8   1480   1483   1488   1490   1489   1485   1486   1487
4    125    110   1488   1483
6   1481   1494    275    274   1484   1493
6   1481   1493   1486   1485   1482   1477
4   1484   1487   1486   1493
5   1488    110    109   1491   1490
4   1489   1490   1491   1492
5   1496   1504   1497   1511   1509
6   1496   1510   1508   1505   1499   1504
3   1496   1509   1510
7   1497   1504   1499   1501   1498   1512   1513
3   1498   1500   1512
5   1499   1505   1507   1503   1501
4   1500   1502   1513   1512
3   1503   1507   1506
7   1515   1529   1528   1530   1525   1524   1516
6   1515   1526   1535   1534   1523   1529
4   1515   1516   1538   1526
4   1516   1524   1539   1538
5   1517   1536   1537   1527   1518
7   1517   1522   1514   1541   1523   1534   1536
5   1517   1518   1520   1519   1522
7   1518   1527   1532   1539   1524   1525   1520
6   1519   1520   1525   1530   1531   1521
4   1519   1521   1514   1522
5   1521   1531   1540   1541   1514
5   1523   1541   1540   1528   1529
6   1526   1538   1539   1532   1533   1535
4   1527   1537   1533   1532
5   1533   1537   1536   1534   1535
6   1543   1558   1550   1542    284    282
4   1543   1545   1548   1558
7   1543    282    290   1554   1559   1551   1545
5   1544   1548   1545   1551   1549
6   1544   1547   1557   1550   1558   1548
6   1544   1549   1553   1552   1546   1547
7   1546   1552   1555    280    284   1542   1556
4   1546   1556   1557   1547
5   1549   1551   1559   1560   1553
4   1550   1557   1556   1542
5   1552   1553   1560   1561   1555
4   1554   1561   1560   1559
5   1554    290    280   1555   1561
6   1562   1566   1564   1567   1563   1565
6   1563   1567    127    144   1571   1572
6   1564   1570   1573    149    127   1567
4   1568   1569   1573   1570
4   1569    141    149   1573
5   1575   1576   1578   1577   1574
4   1580   1581   1583   1584
7   1582   1584   1583   1585   1588   1592   1593
4   1585   1591   1586   1588
6   1586   1579   1594   1595   1592   1588
3   1587   1595   1594
6   1587   1590   1589   1593   1592   1595
5   1597   1603   1606   1617   1616
7   1597   1612   1599   1614   1611   1613   1603
5   1597   1616    492    491   1612
6   1598   1607   1604   1618   1605   1610
5   1598   1601   1602   1596   1607
5   1598   1610   1613   1611   1601
3   1599   1615   1614
8   1599   1612    491    488   1600   1596   1602   1615
6   1600    488    489   1609   1619   1608
5   1600   1608   1604   1607   1596
5   1601   1611   1614   1615   1602
5   1603   1613   1610   1605   1606
4   1604   1608   1619   1618
6   1605   1618   1619   1609   1617   1606
5    492   1616   1617   1609    489
4   1621   1626   1639   1640
6   1621   1638   1632   1633   1634   1626
5   1622   1631   1634   1633   1623
7   1622   1642   1628   1637   1620   1627   1631
5   1622   1623   1630   1641   1642
5   1624   1636   1627   1620   1629
8   1625   1639   1626   1634   1631   1627   1636   1635
7   1644   1647   1643   1652   1648   1653   1655
4   1644   1657   1658   1647
5   1645   1646   1651   1650   1649
4   1646   1648   1652   1651
11   1647   1658   1661   1662   1656   1654   1660   1659   1649   1650   1643
4   1650   1651   1652   1643
3   1687   1689   1688
5   1715   1716   1727   1718   1726
8   1715   1722   1729   1734   1717   1719   1714   1716
4   1715   1726   1724   1722
4   1716   1714   1721   1727
5   1717   1734   1723   1737   1735
5   1717   1735   1730   1731   1719
6   1718   1732   1733   1725   1724   1726
6   1718   1727   1721   1728   1720   1732
5   1719   1731   1728   1721   1714
3   1720   1733   1732
7   1720   1728   1731   1730   1736   1725   1733
7   1722   1724   1725   1736   1737   1723   1729
3   1723   1734   1729
4   1730   1735   1737   1736
7    721    714   1750   1749   1755   1740   1747
5    721   1747   1746   1743    715
3   1739   1738   1742
7   1739   1745   1743   1746    143    147   1738
9   1739   1742    128    137   1748   1741    718    717   1745
5    143   1746   1747   1740    131
4    128   1742   1738    147
4   1740   1755    142    131
5    137    138   1751   1744   1748
4   1741   1754    719    718
6   1741   1748   1744   1752   1753   1754
4   1743   1745    717    715
7   1744   1751    154    142   1755   1749   1752
5    714    719   1754   1753   1750
3    154   1751    138
4   1749   1750   1753   1752
5   1774   1782   1775   1776   1779
4   1777   1781   1780   1778
4   1801   1826   1825   1823
6   1801   1824   1807   1815   1810   1826
3   1801   1823   1824
7   1802   1805   1820   1818   1819   1816   1809
6   1802   1822   1804    156    167   1805
8   1802   1809   1807   1824   1823   1825   1821   1822
3   1803   1814   1812
6   1803    157    163   1811   1806   1814
7   1803   1812   1817   1818   1820    160    157
4   1804   1822   1821   1808
5   1804   1808   1813    155    156
4   1805    167    160   1820
8   1806   1811   1813   1808   1821   1825   1826   1810
8   1806   1810   1815   1816   1819   1817   1812   1814
4    163    155   1813   1811
4   1807   1809   1816   1815
3   1817   1819   1818
6   1407   1827   1776   1775   1828   1411
4   1411   1828   1829   1404
5   1831   1835   1830   1832   1841
9   1832   1843   1837   1836   1833   1845   1846   1840   1841
5   1834   1844   1837   1843   1842
4   1838   1846   1845   1839
6   1848   1861   1859   1858   1860   1864
6   1848   1847   1869   1870   1863   1861
4   1848   1864   1853   1847
3   1849   1870   1869
8   1849   1868   1862   1855   1856   1851   1863   1870
8   1849   1869   1847   1853   1857   1850   1867   1868
4   1850   1855   1862   1867
6   1850   1857   1865   1866   1856   1855
4   1851   1859   1861   1863
6   1851   1856   1866   1852   1858   1859
4   1852   1866   1865   1854
4   1852   1854   1860   1858
6   1853   1864   1860   1854   1865   1857
3   1862   1868   1867
9   1627   1879   1881   1882   1891   1885   1888   1889   1620
4   1627   1631   1872   1879
4    318   1887   1886    311
7    318    333   1871   1874   1884   1890   1887
6   1871   1642   1628   1877   1873   1874
6   1871    333    325   1880   1622   1642
5    314    311   1886   1882   1881
6    314   1881   1879   1872   1883    332
5   1872   1631   1622   1880   1883
6   1620   1889   1875   1876   1878   1637
4   1628   1637   1878   1877
7   1873   1876   1875   1888   1885   1884   1874
4   1873   1877   1878   1876
3   1875   1889   1888
4    325    332   1883   1880
5   1882   1886   1887   1890   1891
4   1884   1885   1891   1890
3   1892   1602   1615
7   1892   1900   1901   1903   1896   1596   1602
7   1892   1615   1599   1898   1897   1899   1900
6   1893   1896   1903   1902   1151   1157
6   1893   1895   1894   1600   1596   1896
4   1893   1157   1155   1895
4   1894    487    488   1600
6   1894   1895   1155   1154    486    487
5    491    490   1897   1898   1612
6    486   1154   1141   1899   1897    490
3   1599   1612   1898
6   1141   1151   1902   1901   1900   1899
3   1901   1902   1903
6   1905     85     72   1904   1916   1914
6   1905   1910   1911    394     78     85
6   1905   1914   1922   1923   1908   1910
9   1906   1913   1918   1912   1907   1908   1923   1920   1909
6   1906   1915    391    398   1919   1913
7   1906   1909   1917   1921   1916   1904   1915
3   1909   1920   1917
5    391   1915   1904     72     79
5   1912   1918   1919    398    392
3   1913   1919   1918
4   1914   1916   1921   1922
5   1917   1920   1923   1922   1921
5   1924   1926   1925   1169   1166
3   1927   1932   1931
5   1927   1931   1928   1930   1929
6   1486   1950   1937   1936   1951   1493
4   1486   1485   1949   1950
4   1482   1477   1935   1939
3   1934   1941   1948
7   1934   1946   1935   1477   1481   1942   1941
5   1935   1946   1945   1943   1939
3   1936   1952   1951
9   1936   1937   1933   1938   1947   1948   1941   1942   1952
4   1937   1950   1949   1933
5   1493   1951   1952   1942   1481
7   1954   1956   1959   1955   1958   1957   1953
8   1960   1963   1969   1970   1971   1972   1964   1962
7   1961   1962   1964   1966   1965   1968   1967
5   1973   1974   1987   1978   1976
8   1974   1984   1985   1977   1980   1982   1986   1987
3   1975   1983   1981
3   1977   1985   1979
3   1978   1987   1986
4   1980   1981   1983   1982
3   1989   2003   2002
5   1989   1992   1991   1998   2003
6   1989   2002    641    637   1988   1992
4   1990   2015   2014   2004
7   1990   2012   2001   2010   1995   2000   2015
5   1991   1997   1996   1999   1998
5   1991   1992   1988   1993   1997
10   1993   1988    637    632   1994   2013   2004   2014   2006   2005
6   1993   2005   2008   2007   1996   1997
3   1994    632    639
5   1995   2007   2008   2009   2000
6   1995   2010   2011   1999   1996   2007
7   1998   1999   2011    623    641   2002   2003
5   2000   2009   2006   2014   2015
5    623   2011   2010   2001    640
4   2005   2006   2009   2008
7   1379   1378   2022   2023   2019   2017   2018
6   2016   2024   2023   2022   1376   1383
3   1378   1376   2022
5   2019   2023   2024   2021   2020
6   2026   2030   2031   2035   2034   2027
3   2026   2027   2032
6   2027   2034   2029   2033   2025   2032
5   2028   2033   2029   2036   2037
4   2029   2034   2035   2036
10   2075   2098   2079   2090   2080   2074   2093   2084   2088   2089
4   2076   2083   2096   2095
6   2076   2082   2091   2087   2081   2083
4   2076   2095   2085   2082
3   2078   2074   2080
8   2078   2094   2091   2082   2085   2092   2093   2074
6   2078   2080   2090   1679   1686   2094
5   2081   2089   2088   2096   2083
3   2084   2093   2092
6   2084   2092   2085   2095   2096   2088
7   2100   2104   1560   1559   2113   2107   2106
5   2100   2111     56     33   2104
6   2100   2106   2116   2109   2110   2111
7   2101   2102   2115   2105   2117   2114   2103
4   2102   2109   2116   2115
5   2104     33     46   1561   1560
6   2105   2107   2113    316    337   2117
5   2105   2115   2116   2106   2107
4     56   2111   2110     62
6    316   2113   1559   1554    306    297
8   1554   1561     46     53   2118    312    307    306
4   2108    326    312   2118
4   2114   2117    337    323
4   2119   2122   2121   2120
5   2124   2134   2136   2132   2135
7   2124   2156   2152   2151   2157   2158   2134
9   2124   2135   2131   2137   2139   2130   2154   2146   2156
7   2125   2128   2145   2144   2123   2160   2159
5   2125   2141   2143   2162   2128
7   2125   2159   2155   2153   2154   2130   2141
4   2126   2158   2157   2129
4   2126   2136   2134   2158
7   2126   2129   2123   2144   2138   2132   2136
6   2127   2140   2139   2137   2150   2148
5   2127   2161   2162   2143   2140
7   2127   2148   2147   2138   2144   2145   2161
4   2128   2162   2161   2145
6   2129   2157   2151   2142   2160   2123
5   2130   2139   2140   2143   2141
6   2131   2135   2132   2138   2147   2149
4   2131   2149   2150   2137
6   2133   2153   2155   2142   2151   2152
4   2133   2146   2154   2153
4   2133   2152   2156   2146
4   2142   2155   2159   2160
4   2147   2148   2150   2149
5   2164   2167   2165   2166   2163
6   2169   2178   2176   2177   2183   2168
5   2169   2172   1159   1139   2178
7   2169   2168   2182   2191   2174   2186   2172
5   2170   2189   2190   2191   2182
9   2170   2175   2173   2185   2181   1140   1152   2188   2189
5   2170   2182   2168   2183   2175
5   2171   2174   2191   2190   2180
4   2171   2187   2186   2174
6   2171   2180   2188   1152   1143   2187
5   2172   2186   2187   1143   1159
4   2173   2175   2183   2177
5   2173   2177   2176   2184   2185
6   2176   2178   1139   1147   2179   2184
4   2179   2181   2185   2184
4   2179   1147   1140   2181
4   2180   2190   2189   2188
7   2193   2194   2204   2201   2199   2198   2197
6   1198   1207   2203   2204   2194   2192
8   2195   2196   2205   2207   2208   2201   2204   2203
4   2199   2201   2208   2206
5   2200   2202   2206   2208   2207
5   2210   2234   2233   2232   2238
5   2210   2236   2237   2213   2234
8   2210   2238   2214   2224   2226   2225   2223   2236
4   2211   2222   2227   2228
4   2211   2225   2226   2222
8   2211   2228   2235   2230   2213   2237   2223   2225
8   2212   2214   2238   2232   2231   2220   2241   2240
6   2212   2209   2218   2217   2224   2214
4   2212   2240   2239   2209
9   2213   2230   2229   2215   2219   2220   2231   2233   2234
10   1463   2221   2217   2218   2239   2240   2241   2219   2215   1469
4   1463   1468   2216   2221
4   1469   2215   2229   1470
6   2216   1468   1476   2235   2228   2227
7   2216   2227   2222   2226   2224   2217   2221
3   2218   2209   2239
3   2219   2241   2220
3   2223   2237   2236
5   1470   2229   2230   2235   1476
3   2231   2232   2233
3   2242   2244   2243
4   2246   2254   2253   2249
5   2246   2252    533    541   2254
7   2246   2249   2259   2247   2251   2250   2252
4    531    549   1766   2256
5    531   2256   2257   2255    535
10   1761   2248   2258   2259   2249   2253   2245   2255   2257   1758
4    537    535   2255   2245
5    537   2245   2253   2254    541
4    533   2252   2250    554
4   2256   1766   1758   2257
6   1954   1953    251    267   2262   2260
5   2261   2264   2268   2271   2270
5   2261   2270   2269   2263   2265
4   2262    267    266   2267
6    265   2263   2269   2266   2267    266
4    265    248   2265   2263
4   2266   2269   2270   2271
5   2303   2304   2321   2307   2312
4   2303   2310   2302   2304
4   2303   2312   2309   2310
8   2304   2302   2305   2311   2317   2322   2323   2321
4   2305   2329   2328   2311
7   2305   2302   2310   2309   2318   2319   2329
6   2306   2314   2316   2317   2311   2328
4   2306   2315   2325   2314
6   2306   2328   2329   2319   2308   2315
5   2307   2321   2323   2313   2320
10   2307   2320   2326   2324   2325   2315   2308   2318   2309   2312
3   2308   2319   2318
4   2313   2327   2326   2320
4   2313   2323   2322   2327
4   2314   2325   2324   2316
6   2316   2324   2326   2327   2322   2317
8   2331   2336   2355   2338   2337   2354   2333   2348
3   2331   2349   2336
7   2331   2348   2340   2367   2335   2347   2349
5   2332   2357   2358   2365   2364
5   2332   2366   2368   2369   2357
8   2332   2364   2360   2342   2341   2334   2350   2366
6   2333   2343   2359   2356   2340   2348
5   2333   2354   2344   2353   2343
7   2334   2355   2336   2349   2347   2346   2350
5   2334   2341   2330   2338   2355
7   2335   2367   2352   2368   2366   2350   2346
3   2335   2346   2347
4   2337   2345   2344   2354
4   2337   2338   2330   2345
4   2339   2369   2368   2352
7   2339   2356   2359   2363   2358   2357   2369
5   2339   2352   2367   2340   2356
7   2341   2342   2351   2353   2344   2345   2330
4   2342   2360   2361   2351
7   2343   2353   2351   2361   2362   2363   2359
4   2358   2363   2362   2365
5   2360   2364   2365   2362   2361
4    106    118   2380   2379
5    106   2379   2374   2377    124
4   2370   2380    118    119
8   2370   2375   2371   2372   2378   2374   2379   2380
6    254    123    124   2377   2373   2376
4   2373   2377   2374   2378
9   2382   2395   2396   2390   2389    633    642   2002   2003
5   2382   2384   2385   2392   2395
6   2382   2003   1998   2388   2387   2384
3    642    641   2002
5   2383   2387   2388   1999   2011
5   2383   2381   2385   2384   2387
8   2383   2011    623    628   2391   2393   2394   2381
4    633   2389   2391    628
5   2385   2381   2394   2386   2392
4   2386   2396   2395   2392
5   2386   2394   2393   2390   2396
3   1998   1999   2388
4   2389   2390   2393   2391
4   2398   2416   2415   2406
4   2398   2412   2411   2416
7   2398   2406   2410   2413   2414   2399   2412
4   2399   2407   2411   2412
6   2399   2414   2397   2403   2404   2407
7   2400   2401   2415   2416   2411   2407   2404
7   2400   2405   2402   2409   2413   2410   2401
5   2400   2404   2403   2408   2405
4   2401   2410   2406   2415
5   2402   2408   2403   2397   2409
3   2402   2405   2408
4   2409   2397   2414   2413
6   2418   2419   2420   2421   2426   2424
5   2418   2424   2422   2423   2417
4   2422   2424   2426   2425
5   2428   2429   2439   2440   2431
4   2428   2432   2436   2429
8   2428   2431   2174   2171   2438   2430   2433   2432
5   2429   2436   2081   2083   2439
4   2430   2438   2427   2434
4   2076   2440   2439   2083
6   2076   2082   2186   2174   2431   2440
6   2186   2082   2091   2437   2435   2187
4   2434   2427   2435   2437
5   2435   2427   2438   2171   2187
7   1358   2442   2464   2460   2451   2450   1355
6   1358   1352   2449   2458   2441   2442
6   2442   2441   2452   2454   2463   2464
6   2443   2444   2446   2458   2449   2447
5   2443   2445   2456   2459   2444
7   2444   2459   2461   2455   2468   2457   2446
6   2445   2450   2451   2465   2462   2456
8   2446   2457   2467   2453   2448   2452   2441   2458
3   2448   2454   2452
9   2448   2453   2455   2461   2462   2465   2466   2463   2454
4   2451   2460   2466   2465
4   2453   2467   2468   2455
4   2456   2462   2461   2459
3   2457   2468   2467
4   2460   2464   2463   2466
4   2469   2474   2473   2470
5   2469   2470   2478   2477   2476
7   2470   2473   2472   2475   2471   2481   2478
4   2471   2479   2480   2481
4   2506   2508   2511   2509
7    355    356   2509   2511   2512   2507   2510
3   2508   2512   2511
5   2513   2518   2519    295    294
6   2513   2522   1542   1556   2515   2518
4   2513    294    283   2522
4    284   1542   2522    283
6   2514   2521   2517   2515   1556   1546
6   2514   1552   1555   2516   2520   2521
3   2514   1546   1552
6   2515   2517   2520   2516   2519   2518
5   1555    280    295   2519   2516
3   2517   2521   2520
6   2524   2526   2528   2539   2548   2540
5   2524   2530   2543   2544   2526
7   2524   2540   2547   2558   2537   2541   2530
3   2525   2544   2543
9   2525   2545   2546   2535   2550   2549   2528   2526   2544
11   2525   2543   2530   2541   2542   2531   2529   2523   2534   2527   2545
3   2527   2546   2545
5   2527   2534   2556   2535   2546
7   2528   2549   2555   2533   2538   2532   2539
5   2529   2531   2536   2553   2551
3   2529   2551   2523
6   2531   2542   2537   2558   2557   2536
6   2532   2538   2554   2553   2536   2557
6   2532   2557   2558   2547   2548   2539
4   2533   2552   2554   2538
6   2533   2555   2550   2535   2556   2552
7   2534   2523   2551   2553   2554   2552   2556
3   2537   2542   2541
3   2540   2548   2547
3   2549   2550   2555
5   2560   2572   2580   2584   2583
6   2560   2559   2562   2563   2570   2572
5   2560   2583   2582   2581   2559
7   2561   2566   2568   2589   2588   2567   2564
6   2561   2575   2576   2586   2577   2566
7   2561   2564   2573   2574   2563   2562   2575
6   2562   2559   2581   2579   2576   2575
10   2563   2574   2565   2587   2588   2589   2590   2569   2571   2570
5   2564   2567   2587   2565   2573
3   2565   2574   2573
9   2566   2577   2578   2582   2583   2584   2569   2590   2568
3   2567   2588   2587
3   2568   2590   2589
4   2569   2584   2580   2571
4   2570   2571   2580   2572
4   2576   2579   2585   2586
4   2577   2586   2585   2578
5   2578   2585   2579   2581   2582
7   2591   2593   2594   2592    179    189   2595
3   2593   2596   2594
5   2597   2601   2600   2598   2602
6   2597   2605   2606   2603   2604   2601
3   2599   2606   2605
4   2608   2617   2618   2612
7   2608   2620   2614   2611   2624   2613   2617
6   2608   2612   2616   2610   2619   2620
8   2609   2616   2612   2618   2622   2628   2626   2607
3   2609   2610   2616
7   2609   2607   2621   2611   2614   2619   2610
5   2611   2621   2625   2615   2624
4   2613   2624   2615   2623
6   2613   2623   2627   2622   2618   2617
3   2614   2620   2619
6   2615   2625   2626   2628   2627   2623
4   2621   2607   2626   2625
3   2622   2627   2628
3   2630   2646   2634
8   2630   2638   2635   2637   2644   2632   2629   2646
8   2630   2634   2645   2642   2643   2639   2640   2638
7   2631   2642   2645   2629   2632   2647   2648
3   2632   2644   2647
7   2633   2641   2648   2647   2644   2637   2636
4   2634   2646   2629   2645
3   2635   2638   2640
5   2635   2640   2639   2636   2637
4   2672   2697   2690   2694
7   2672   2691   2678   2676   2674   2696   2697
5   2672   2694   2689   2692   2691
5   2673   2683   2687   2700   2699
4   2673   2676   2678   2683
5   2673   2699   2677   2674   2676
5   2674   2677   2675   2688   2696
4    707   2679   2671    706
8    707    712   2698   2680   2682   2681   2693   2679
9   2675   2677   2699   2700   2686   2680   2698    711    709
5   2675    709    705   2695   2688
8   2678   2691   2692   2693   2681   2684   2687   2683
5   2679   2693   2692   2689   2671
4   2680   2686   2685   2682
4   2681   2682   2685   2684
3    711   2698    712
5   2684   2685   2686   2700   2687
5   2688   2695   2690   2697   2696
7    705    706   2671   2689   2694   2690   2695
3   2722   2723   2724
4   2726   2751   2755   2753
9   2726   2752   2748   2749   2750   2729   2736   2733   2751
4   2726   2753   2745   2752
6   2727   2728   2744   2754    385    365
3   2727   2725   2728
5   2727    365    366   2740   2725
7   2728   2725   2740   2737   2742   2730   2744
9   2729   2750   2743   2746   2738   2734    384    380   2739
3   2729   2739   2736
7   2730   2756   2755   2751   2733   2754   2744
5   2730   2742   2741   2731   2756
6   2731   2741   2747   2748   2752   2745
5   2731   2745   2753   2755   2756
6   2732   2735   2737   2740    366    373
4   2732   2734   2738   2735
4   2732    373    384   2734
6   2733   2736   2739    380    385   2754
7   2735   2738   2746   2747   2741   2742   2737
3   2743   2750   2749
5   2743   2749   2748   2747   2746
12   1005   2771   2773   2779   2788   1708   1701   2763   2776   2791   2775    998
9   1005    991   2774   2777   2757   2768   2766   2767   2771
5   2758   2777   2774   2760   2778
4   2758   2781   2757   2777
10   2758   2778   2792   2790   2764   2770   2780   2759   2782   2781
7   2759   2780   2785   2762   2787   2783   2765
3   2759   2765   2782
5   2760   2775   2791   2792   2778
5   2760   2774    991    998   2775
4   2761   2788   2779   2769
3   2763   2789   2776
6   2765   2783   2768   2757   2781   2782
6   2766   2784   2769   2779   2773   2767
5   2766   2768   2783   2787   2784
3   2767   2773   2771
5   2776   2789   2790   2792   2791
5   2793   2799   2795   2796   2794
4   2794   2796   2798   2797
6   2801   2823   2812   2813   2815   2814
6   2801   2814   2806   2817   2816   2802
7   2803   2809   2800   2804   2813   2812   2822
4   2804   2805   2815   2813
5   2804   2800   2807   2811   2805
7   2805   2811   2808   2820   2806   2814   2815
5   2806   2820   2821   2819   2817
5   2807   2810   2818   2808   2811
3   2812   2823   2822
9   2825   2830   2833   2835   2840   2837   2547   2548   2831
9   2825   2841   2844   2842   2393   2390   2832   2834   2830
6   2825   2831   2827   2824   2829   2841
6   2826   2843   2846   2845   2829   2824
6   2826   2532   2557   2839   2828   2843
5   2826   2824   2827   2539   2532
4   2827   2831   2548   2539
6   2828   2394   2393   2842   2846   2843
4   2828   2839   2386   2394
4   2829   2845   2844   2841
3   2830   2834   2833
5   2390   2396   2838   2836   2832
5   2832   2836   2835   2833   2834
4   2835   2836   2838   2840
8   2386   2839   2557   2558   2837   2840   2838   2396
3   2837   2558   2547
9   1601   2854   2855   2828   2839   2858   2851   2857   1611
3   1601   1598   2854
7   1610   2848   2385   2381   2855   2854   1598
7   1610   1613   2852   2856   2850   2849   2848
7   2847   2850   2856   2858   2839   2386   2392
3   2847   2849   2850
5   2847   2392   2385   2848   2849
4   2828   2855   2381   2394
3   2851   2853   2857
5   2851   2858   2856   2852   2853
5   2852   1613   1611   2857   2853
5   2860   2869   2868   2865   2867
3   2860   2866   2869
7   2860   2867   2382   2003   1989   2861   2866
3   2388   2387   2859
7   2388   2859   2862   2863   2864   1991   1998
7   2861   1992   1991   2864   2868   2869   2866
3   2861   1989   1992
6   2382   2867   2865   2863   2862   2384
4   2862   2859   2387   2384
4   2863   2865   2868   2864
4   2891   2899   2080   2090
6   2891   2898   2897   2890   2895   2899
6   2078   2894   1150   1161   2892   2094
7   2078   2080   2899   2895   2900   2902   2894
5   2892   1161   1144   1676   1680
6   2893   1138   1162   2902   2900   2901
6   2893   2896   1669   1676   1144   1138
5   2893   2901   2890   2897   2896
4   2894   2902   1162   1150
4   2895   2890   2901   2900
7   2903   2914   1455   1448   2926   2927   2920
7   2903   2910   2906   2907   2917   2913   2914
7   2903   2920   2924   2925   2915   2904   2910
4    341    345   2913   2917
6    341   2917   2907   2922   2923    339
6   2904   2912   2916   2911   2906   2910
6   2904   2915   2918   2909   2905   2912
7   2905   2909   2921   2919   2908    344    340
6   2905    340    339   2923   2916   2912
4   2906   2911   2922   2907
4   2908   2919   2927   2926
6   2908   2926   1448   1456    347    344
5   2909   2918   2925   2924   2921
6   1455   2914   2913    345    347   1456
4   2911   2916   2923   2922
3   2915   2925   2918
5   2919   2921   2924   2920   2927
6   2945   2951   2944   2963   2960   2955
6   2945   2946   2949   2948   2952   2951
6   2945   2955   1828   1829   2954   2946
5   2946   2954   2953   2950   2949
6   1404   1405   2947   2953   2954   1829
3   2947   1405   1410
12   2947   1410   1414   2957   2958   2962   2956   2959   2952   2948   2950   2953
9   1411   1828   2955   2960   2965   2961   2958   2957   1409
3   2948   2949   2950
4   2951   2952   2959   2944
3   1409   2957   1414
6   2956   2962   2961   2965   2964   2966
6   2956   2966   2967   2963   2944   2959
3   2958   2961   2962
5   2960   2963   2967   2964   2965
3   2964   2967   2966
5   2969   2970   2972   2971   2968
7   2973   2977   2974   2980   2982   2981   2978
7   2628   2976   1449   1453   2982   2980   2627
4   2975   2978   2981   2979
5   1454   2979   2981   2982   1453
8   2983   2985   2998   2986   3003   2994   2995   2987
5   2985   2991   2997   3005   2998
4   2986   2998   3005   3004
7   2986   3004   2999    428    414   3002   3003
5    413   3001   3000   2989    411
3    413    409   3001
5   2987   2995   2989   3000   2988
6   2989   2995   2994   3002    414    411
6   2990    422    426   2996   2997   2991
3   2994   3003   3002
4    426    428   2999   2996
5   2996   2999   3004   3005   2997
5   3023   3024   3026   1257   1246
7   3024   3022   3028   3027    768    770   3026
6   1257   3026    770    762   3025   1237
3   2971   2972   3029
4   3048   3055   3052   3050
6   3048   3050   2342   2351   3049   3054
4   3049   2351   2353   3053
4   3049   3053   3047   3054
5   3050   3052   3051   2341   2342
5   2950   2953   3060   3062   3068
5   2950   3068   3056   3058   2948
6   3057   3066   3067   3074   2956   2959
3   3057   3078   3066
6   3057   2959   2952   3064   3077   3078
4   2958   3069   3075   2957
10   2958   2962   3074   3067   3063   3070   3080   3079   3076   3069
3   2953   2947   3060
4   2952   2948   3058   3064
6   3058   3056   3065   3073   3077   3064
4   3059   3082   3080   3070
6   3059   3072   3071   3061   3081   3082
6   3059   3070   3063   3073   3065   3072
7   3060   2947   1410   1415   3061   3071   3062
8   3061   1415   1414   2957   3075   3076   3079   3081
6   3062   3071   3072   3065   3056   3068
6   3063   3067   3066   3078   3077   3073
3   3069   3076   3075
3   2962   2956   3074
4   3079   3080   3082   3081
5   1751   3091   3090    153    154
9   1751    138    136   3084   3094   2429   2428   3087   3091
4   3084    136    135   3092
4   3084   3092   3093   3094
7   3085   2436   2429   3094   3093   3088   3095
7   3085   3095   3096    134    130   3086   3089
5   3086    130    153   3090   3083
6   3086   3083   3087   2428   2432   3089
4   3087   3083   3090   3091
6   3088   3093   3092    135    134   3096
3   3088   3096   3095
7   3098   3099   3115   3117   3119   3120   3116
5   3098   3109   3101   3102   3099
5   3098   3116   1101   1103   3109
8   3099   3102   3110   3111   3114   3104   3106   3115
8   3100   3097   3119   3117   3118   3104   3114   3103
6   3100   3108    754    757   1104   3097
4   3100   3103   3105   3108
8    756    747   3107   3112   3113   3101   3109   1103
4   3101   3113   3110   3102
5    747    754   3108   3105   3107
6   3103   3114   3111   3112   3107   3105
3   3104   3118   3106
4   3106   3118   3117   3115
4   3110   3113   3112   3111
5   1104   1102   3120   3119   3097
4   3116   3120   1102   1101
5   3122   3133    506    499   3125
5   3122   3128   3141   3134   3133
4   3122   3125   3127   3128
5   3123   3130   3138   3124   3129
4   3123   3132   3131   3130
8   3123   3129   3126   3137   3134   3141   3142   3132
6   3124   3138   3144   3139   3137   3126
3   3124   3126   3129
9   3125    499    513   3136   3135   3145   3148   3121   3127
6   3127   3121   3147   3142   3141   3128
8   3130   3131   3146   3135   3136   3143   3144   3138
7   3131   3132   3142   3147   3148   3145   3146
7   3133   3134   3137   3139   3140    512    506
3   3135   3146   3145
5   3136    513    512   3140   3143
4   3139   3144   3143   3140
3   3147   3121   3148
4   3150   3155   3152   3156
5   3150   3157   2364   2365   3155
8   3150   3156   3153   3149   3151   2361   2360   3157
5   1286   2362   2361   3151   1282
7   1286   1284   3154   3152   3155   2365   2362
5   1284   1289   3149   3153   3154
4   3151   3149   1289   1282
4   3152   3154   3153   3156
3   2360   2364   3157
5   2920   2903   3162   3170   3161
6   2920   3161   3168   3159   3163   2927
6   3158   3164   3165   3172   2624   2615
6   3158   3159   3168   3171   3169   3164
10   3158   2615   2623   3173   2982   1453   1450   3166   3163   3159
5   3160   3169   3171   3170   3162
5   3160   3167   3165   3164   3169
7   3160   3162   2903   2914   2979   2981   3167
4   3161   3170   3171   3168
4   1455   1454   2979   2914
4   2926   3166   1450   1448
4   2926   2927   3163   3166
7   3165   3167   2981   2982   3173   3174   3172
4   2624   3172   3174   2613
4   3173   2623   2613   3174
7   3175   3177   3192   3183   3187   3188   3190
6   3175   3193   3194   3179   3176   3177
4   3175   3190   3178   3193
5   3176   1129   1137   3192   3177
5   3176   3179   3182   1119   1129
4   1119   3182   3181   1111
5   1111   3181   3184   3180   1133
5   3178   3195   3185   3194   3193
7   3179   3194   3185   3189   3184   3181   3182
5   3180   3184   3189   3191   3186
6   3180   3186   3187   3183   1126   1133
4   3183   3192   1137   1126
5   3185   3195   3196   3191   3189
5   3186   3191   3196   3188   3187
7    772    859    860   3199   3028   3027    767
5   3024   3022   3199    860    867
6   3024    867    868   1401   3200   3026
4   3197    781    761   3198
4   3197   1387    774    781
5   3197   3198   3200   1401   1387
5   3198    761    770   3026   3200
3   3022   3028   3199
3    768    767   3027
6   3202   3205   2020   2021   3207   3203
6   3202   3208   3204   1318   1317   3205
5   3202   3203   3201   3206   3208
3   3204   3208   3206
4   3209   3211   3212   3210
8   3213   3222   3219   3214   1075   1076   3225   3226
5   3214   3224   3223   1054   1075
8   3214   3219   3221   3217   3215   3220   3216   3224
3   3218   3226   3225
3   3219   3222   3221
5   3227   3229   3232   1015   1018
7   3228   3236   3230   3234   1017   1015   3232
4   1016   3231   3233   1019
4   3234   3235   1022   1017
4   3237   2444   2443   3245
5   3237   3239   3240   2459   2444
5   3237   3245   3244   3241   3239
4   3238   3243   3241   3244
5   3238   2445   2456   3242   3243
4   2459   3240   3242   2456
5   3239   3241   3243   3242   3240
5   3247   3248   3255   3256   3252
7   3247   3253   3249   3258   3259   3250   3248
5   3248   3250   3251   3246   3255
4   3254   3259   3258   3257
6   3261   3269   3278   3263   3276   3275
6   3261   3266   3271   3260   3272   3269
6   3262   3264   3279   3272   3260   3270
9   3262   3270   3271   3266   3277   3274   3284   3282   3265
7   3263   3278   3279   3264   3281   3268   3267
3   3268   3281   3280
4   3269   3272   3279   3278
3   3270   3260   3271
4   3273   3282   3284   3283
3   3274   3277   3285
4     15     16   3291   3289
3     15   3289      7
5   1437   3288      6      8   1431
5   1437   1436   3286   3290   3288
7   3286   3287      2      7   3289   3291   3290
4   3286   1436   1426   3287
5   1431      8      2   3287   1426
5   3288   3290   3291     16      6
6   1066   3304   3299   3297   3295   1056
8   1066   1059   3293   3301   3302   3298   3303   3304
3   3293   1059   1067
7   3293   1067   1068   3300   3294   3292   3301
5   3294   3300   3295   3297   3296
5   3294   3296   3298   3302   3292
4   3295   3300   1068   1056
5   3296   3297   3299   3303   3298
3   3299   3304   3303
3   3301   3292   3302
4   1551   1559   2113   3355
7   1551   3355   3354   3352   3349   3353   1549
5   3345   3350   3351   3353   3349
3   3345   3348   3350
7   3345   3349   3352   3346   2107   2106   3348
6   2100   3344   3351   3350   3348   2106
4   2100   2104   3347   3344
5   3346   3354   3355   2113   2107
3   3346   3352   3354
4   3347   2104   1560   1553
6   3347   1553   1549   3353   3351   3344
6   1412   3356   3357   3359   3360   1402
5   1412   1403   1716   1714   3356
6   1402   3360   3358   1727   1716   1403
4   3356   1714   1721   3357
5   3357   1721   1727   3358   3359
3   3358   3360   3359
8   3362   3370   3364   3363   3369   3378   3377   3372
4   3362   3368   3367   3370
7   3362   3372   3371   3361   3351   3344   3368
6   3363   1547   1544   3376   3365   3369
7   3363   3364   3366   3375   2514   1546   1547
5   1552   2514   3375   3347   1553
4   3364   3370   3367   3366
4   3365   3376   3373   3379
4   3365   3379   3378   3369
6   3366   3367   3368   3344   3347   3375
5   1544   1549   3353   3373   3376
3   3371   3374   3361
4   3371   3372   3377   3374
8   3373   3353   3351   3361   3374   3377   3378   3379
6   3380   3386   1932   1927   3384   3385
6   1927   1929   3381   3382   3383   3384
3   3383   3385   3384
6   3388   3399   3401   3407   3400   3391
6   3388   3387   3393   3394   3390   3399
5   3388   3391   3395   3398   3387
8   3389   3400   3407   3408   3404   3392   3396   3405
4   3389   3395   3391   3400
7   3389   3405   3406   3397   3409   3398   3395
5   3390   3402   3403   3401   3399
5   3390   3394   3392   3404   3402
7   3392   3394   3393   3410   3397   3406   3396
5   3393   3387   3398   3409   3410
3   3396   3406   3405
3   3397   3410   3409
4   3401   3403   3408   3407
4   3402   3404   3408   3403
4   3412   2197   2198   3413
5   2202   2200   3415   3414   3411
4   3417   3432   3430   3433
6   3417   3423   3425   3426   3421   3432
6   3417   3433   1865   1857   3427   3423
5   3418   3419   3427   1857   1853
6   3418   3416   3429   3428   3420   3419
5   3418   1853   1864   3422   3416
5   3419   3420   3425   3423   3427
5   3420   3428   3424   3426   3425
7   3421   3424   3428   3429   3431   3430   3432
3   3421   3426   3424
3   3422   1864   1860
6   3422   1860   1854   3431   3429   3416
5   1854   1865   3433   3430   3431
3   3435   1296   1311
7   3435   3439   3442   3080   3070   1302   1296
7   3435   1311   1312   3434   3447   3446   3439
5   1302   3070   3059   3450   1308
7   1307   1308   3450   3440   3438   3445   3443
7   3080   3442   3444   3448   3449   3437   3082
6   3059   3082   3437   3441   3440   3450
3   3438   3440   3441
4    429      3      5   3456
4    429   3456   3451    425
5     10     25    412    410   3453
8     10   3453   3454   3457   3455   3452   3289      7
5    414    427   3461   3460   3002
8   3452   3460   3461   3451   3456      5     15   3289
6   3452   3455   3458   2994   3002   3460
5   3453    410    411   2989   3454
5   2989   2995   3459   3457   3454
4   3455   3457   3459   3458
4   2994   3458   3459   2995
4    425   3451   3461    427
6   3462   3464   3469   3470   3465   3463
8   3463   3465   3468   3466   3467   1105   1106   3472
4   3465   3470   3471   3468
3   3473   1955   1959
5   3508   3507   3520   3522   3509
5   3508   3515   3517   3511   3507
6   3509   3522   3513   3512   3514   3518
6   3510   3524   3516   3518   3514   3523
4   3510   3511   3517   3524
7   3510   3523   3519   3521   3520   3507   3511
4   3512   3513   3521   3519
4   3512   3519   3523   3514
4   3513   3522   3520   3521
4   3515   3516   3524   3517
5   3526   3525   3535   3534   3533
7   3527   3531   3529   3530   3535   3525   3532
4   3528   3534   3535   3530
7   3537   3536   3538   3550   3555   3560   3561
5   3537   3542   3547   3546   3536
5   3537   3561   3548   3540   3542
6   3538   3545   3552   3554   3551   3550
5   3538   3536   3546   3544   3545
5   3539   3541   3543   3554   3552
5   3540   3548   3560   3555   3549
9   3540   3549   3558   3557   3553   3543   3541   3547   3542
6   3543   3553   3556   3559   3551   3554
3   3548   3561   3560
6   3549   3555   3550   3551   3559   3558
3   3553   3557   3556
4   3556   3557   3558   3559
5   1418   1420   3562   3564   3563
5   1899   3119   3097   1165   1141
4   1163   3565   3566   1145
6   1163   1165   3097   1104   1100   3565
4   1149    484    486   1154
3   3568   3588   3586
5   3568   3570   3572   3587   3588
7   3568   3586   3585   3583   3577   3578   3570
4   3569   3580   3579   3567
5   3569   3581   3571   3575   3580
7   3569   3567   3572   3570   3578   3576   3581
5   3571   3581   3576   3592   3591
6   3571   3591   3589   3582   3574   3575
5   3572   3567   3579   3573   3587
6   3573   3584   3585   3586   3588   3587
6   3573   3579   3580   3575   3574   3584
5   3574   3582   3583   3585   3584
5   3576   3578   3577   3590   3592
5   3577   3583   3582   3589   3590
4   3589   3591   3592   3590
6   3611   3618   3626   3619   1800   1799
8   3611   3609   3612   3615   3616   3623   3624   3618
5   3611   1799   1790   3620   3609
4   3612   3609   3620   3621
6   3612   3621   3486   3501   3614   3615
5   3613   3617   3624   3623   3622
4   3613   3622   3500   3478
6   3614   3501   3500   3622   3623   3616
3   3614   3616   3615
5   3617   3625   3626   3618   3624
5   3628   3627   3631   3629   3630
4   3633   3639   3646   3645
7   3633    840    837   3638   3632   3637   3639
6   3633   3645   3641   3640    816    840
8   3634   3638    837    816   3640   3642   3635   3643
3   3634   3632   3638
6   3634   3643   3636   3644   3637   3632
4   3635   3642   3647   3648
4   3635   3648   3636   3643
7   3636   3648   3647   3641   3645   3646   3644
4   3637   3644   3646   3639
4   3640   3641   3647   3642
4   2160   3579   3573   2123
8   2160   2159   3658   3650   3654   3660   3567   3579
5   3649   2144   2123   3573   3587
3   3649   2145   2144
8   3649   3587   3572   3651   3656   3655   2128   2145
5   3572   3567   3660   3652   3651
6   3650   3658   2125   2128   3655   3653
5   3651   3652   3659   3657   3656
4   3652   3660   3654   3659
4   3653   3655   3656   3657
3   2159   2125   3658
6   3662   3664   3665   3668   3666   3670
6   3663   3661   3671   3666   3668   3669
3   3665   3669   3668
4   3666   3671   3667   3670
5   3673   3677   2577   2578   3676
8   3673   3672   3694   3695   3685   3674   3680   3677
5   3673   3676   3678   3679   3672
6   3674   3685   3706   3705   3696   3703
5   3674   3703   3704   3684   3680
7   2584   3687   3688   3682   3690   3689   2583
6   2584   2569   3702   3697   3691   3687
4   3675   3704   3703   3696
5   3675   2568   2566   3684   3704
11   3675   3696   3705   3693   1846   1845   3681   3697   3702   2590   2568
7   3676   2578   2582   3689   3690   3686   3678
5   3677   3680   3684   2566   2577
8   1838   3699   3694   3672   3679   3692   3700   1839
4   1838   1846   3693   3699
9   3678   3686   3682   3688   3683   3698   3701   3692   3679
3   2569   2590   3702
5   3681   3698   3683   3691   3697
6   3681   1845   1839   3700   3701   3698
3   3682   3686   3690
3   2583   3689   2582
4   3683   3688   3687   3691
3   3685   3695   3706
3   3692   3701   3700
6   3693   3705   3706   3695   3694   3699
5   3708   3707   3711   3710   3709
6   3713   3459   3457   3730    192    178
6   3713   3712   3725   2987   2995   3459
8   3713    178    195   3726   3721   3718   3716   3712
8   3715   3717   3718   3721   3734   3720   3722   3723
4   3716   3719   3725   3712
8   2989   3000   3723   3722   3727   3728   3729   3454
5   3720   3734   3733   3731   3732
4   3720   3732   3727   3722
4   3721   3726   3733   3734
6    194    180   3728   3727   3732   3731
5    194   3731   3733   3726    195
5   3728    180    192   3730   3729
4   3729   3730   3457   3454
6   3736   3738    853    856   3737   3739
5   3737    856    849   3742   3743
6   3737   3743   3744   3735   3740   3739
4   3741   3744   3743   3742
7   2607   3746   3747   3745   1869   1849   2626
3   2607   2609   3746
6   1849   1870   3748   2976   2628   2626
4   3750   3753   3764   3760
9   3750   3754   3755   3398   3387   3757   3751   3759   3753
7   3750   3760   3752   3749   3388   3391   3754
3   3751   3757   3756
4   3395   3755   3754   3391
3   3395   3398   3755
5   3753   3759   3761   3765   3764
6   3388   3749   3758   3756   3757   3387
4   1258   1252    648    649
5    648   1252   1245   3766    647
4   3025   3766   1245   1237
6   3768   3794   3800   3780   3801   3802
4   3768   3781   3784   3794
5   3768   3802   3795   3782   3781
6   3769   3786   3796   3795   3802   3801
6   3769   3803   3804   3777   3773   3786
6   3769   3801   3780   3793   3791   3803
3   3770   3798   3797
7   3770   3772   3774   3789   3790   3787   3798
9   3770   3797   3792   3799   3800   3794   3784   3785   3772
6   3771   3776   3788   3775   3773   3777
4   3771   3787   3790   3776
8   3771   3777   3804   3783   3792   3797   3798   3787
3   3772   3785   3774
5   3773   3775   3779   3796   3786
8   3774   3785   3784   3781   3782   3767   3778   3789
5   3775   3788   3778   3767   3779
5   3779   3767   3782   3795   3796
4   3780   3800   3799   3793
4   3783   3804   3803   3791
5   3783   3791   3793   3799   3792
5   3805   3809   3811   3812   3807
4   3806   3817   3816   3814
4   3806   3815   3810   3817
6   3808   3813   3814   3816   3812   3811
3   3818   3835   3824
8   3818   3820   3832   3827   3819   3826   3834   3835
7   3818   3824   2869   2866   3833   3822   3820
4   3819   3823   3825   3826
6   3819   3827   3821   1993   1997   3823
5   3820   3822   3828   3831   3832
5   3821   3827   3832   3831   3829
5   3821   3829   3830   1988   1993
5   2868   2869   3824   3835   3834
5   2868   3834   3826   3825   2864
7   1988   3830   3828   3822   3833   2861   1992
5   3823   1997   1991   2864   3825
3   2866   2861   3833
4   3828   3830   3829   3831
4   3837   3836   3839   3838
4   3841   3853   3854   3855
6   3841   3847   3844   3848   3843   3853
7   3841   3855   3852   3857   3850   3845   3847
6   3842   3852   3855   3854   3851   3846
4   3842   3856   3857   3852
7   3842   3846   3849   3840   3845   3850   3856
4   3843   3851   3854   3853
5   3843   3848   3849   3846   3851
4   3844   3840   3849   3848
4   3844   3847   3845   3840
3   3850   3857   3856
6   3859   3427   1857   1850   3883   3884
7   3859   3858   3868   3867   3873   3419   3427
6   3859   3884   3871   3870   3869   3858
5   3860   3864   3880   3879   3865
7   3860   3862   3881   3882   3869   3870   3864
7   3860   3865   3866   3877   3876   3875   3862
5   3419   3873   3875   3876   3418
9   3861   3871   3884   3883   1867   1868   2625   2621   3863
5   3861   3880   3864   3870   3871
5   3861   3863   3874   3879   3880
6   1853   3418   3876   3877   3885   1847
5   3862   3875   3873   3867   3881
5   3863   2621   2607   3746   3874
7   3865   3879   3874   3746   3747   3878   3866
5   3866   3878   3872   3885   3877
4   3867   3868   3882   3881
4   3868   3858   3869   3882
4   2625   1868   1849   2626
4   3872   3878   3747   3745
5   3872   3745   1869   1847   3885
3   3883   1850   1867
4   3913   3923   3812   3807
7   3913   3921   3927   3916   3918   3933   3923
5   3913   3807   3805   3928   3921
7   3914   3811   3812   3923   3933   3934   3920
6   3914   3915   3931   3932   3809   3811
7   3914   3920   3917   3924   3925   3922   3915
4   3915   3922   3930   3931
4   3916   3927   3926   3912
6   3916   3912   3924   3917   3919   3918
4   3917   3920   3934   3919
4   3918   3919   3934   3933
8   3921   3928   3929   3930   3922   3925   3926   3927
5   3809   3932   3929   3928   3805
4   3924   3912   3926   3925
4   3929   3932   3931   3930
5   3936   3937   3949   3948   3950
4   3936   3939   3935   3937
9   3936   3950   3947   3951   3952   3953   3942   3955   3939
4   1189   3951   3947   1175
5   3938   1183   1171   3948   3949
6   3939   3955   3956   3958   3943   3935
7   3940   3944   3946   3954   3945   3953   3952
5   3942   3945   3954   3956   3955
3   3942   3953   3945
3   3944   3957   3946
5   3946   3957   3958   3956   3954
5   3947   3950   3948   1171   1175
5   3250   3963   3966   3959   3251
4   3250   3259   3961   3963
7   3960   3965   3964   3961   3259   3254   3962
7   3984   3985   3997   3998   3986   3993   3983
5   3984   3983   3992   3052   3055
4   3051   3052   3992   3991
7   3986   3988   3987   3996   3995   3989   3993
6   3989   3990   3991   3992   3983   3993
3   3994   3998   3997
7   4000   4007   3662   3670   4013   4005   4001
3   4001   4005   4006
9   4002   4006   4005   4013   3999   4003   4009   4012   4010
6   4004   4008   3999   4013   3670   3667
3   4010   4012   4011
4   4015   4029   4035   4034
8   4015   4025   4016   4036   4037   4018   4024   4029
6   4015   4034   4033   4038   4030   4025
7   4016   4026   4021   4031   4019   4022   4036
4   4016   4025   4030   4026
6   4017   4014   4020   4033   4034   4035
7   4017   4024   4018   4023   4022   4019   4014
3   4018   4037   4023
6   4019   4031   4027   4028   4020   4014
6   4020   4028   4032   4039   4038   4033
5   4021   4039   4032   4027   4031
5   4021   4026   4030   4038   4039
4   4022   4023   4037   4036
3   4027   4032   4028
6   4041   3215   3217   4045   4040   4047
7   4041   4047   4044   4043   4042   4048   4046
4   4044   4047   4040   4049
4   4045   4050   4049   4040
4   4051   4058   4060   4057
5   4051   4052   4053   4054   4058
7   4051   4057   4059   1292   1290   4055   4052
4   4052   4055   4056   4053
5   4053   4056   1287   1283   4054
4   1290   1287   4056   4055
6   1283   1292   4059   4060   4058   4054
3   4057   4060   4059
6   4061   4066   4070   4072   4073   4071
8   4061   4062   4068   1389    854    852   4065   4066
3   4061   4071   4062
5   1399   2740   2737   4069   1398
5   1399   1390   4067   2725   2740
3   1390   1396   4067
6   4062   4071   4073   4074   4064   4068
6   1393   4063   2728   2725   4067   1396
5   1393   1389   4068   4064   4063
5    852    855   2742   2730   4065
7   4063   4064   4074   4072   4070   2744   2728
5   2730   2744   4070   4066   4065
5   2742    855    864   4069   2737
4    863   1398   4069    864
5   4076   4081   4085   4082   4075
5   4076   4075   4078   4084   4079
5   4077   4078   4075   4082   4080
4   4077   4083   4084   4078
5   4087   4094   4095   4090   4091
4   4087   4091   4088   4089
3   4088   4091   4090
5   4092   4093   4095   4094   4086
4    759    161    165   4098
5    759   4098   4096   4097    753
4   4099   4100   4101   4102
4   4104   4122   4120   4106
5   4104   4111   4113   4126   4122
6   4104   4106   4108   4109   4105   4111
4   4105   4109   4123   4124
6   4105   4124   4115   4114   4113   4111
6   4106   4120   4121   4119   4127   4108
4   4107   4116   4118   4117
7   4107   4110   4125   4126   4113   4114   4116
5   4107   4117   4112   4103   4110
7   4108   4127   4128   4103   4112   4123   4109
6   4112   4117   4118   4115   4124   4123
4   4114   4115   4118   4116
4   4022   4131   4135   4023
3   4022   4019   4131
4   4017   4133   4132   4014
3   4130   4137   4136
7   4130   4135   4131   4019   4014   4132   4137
7   4130   4136   4129   4134   4018   4023   4135
5   4132   4133   4129   4136   4137
3   4134   4024   4018
7   4138   4141   4142   4140   4146   4143   4139
4   4140   4144   4145   4146
6   4147    247    254   2376   4148   4149
3   4147    252    247
5   4159   4161   3142   3141   4166
6   4159   4158   4167   4168   4169   4161
6   1762   4162   4177   4160   2257   1758
6   4160   4177   4178   3121   3147   4164
5   4160   4164   4171   2255   2257
8   4161   4169   4170   4176   4171   4164   3147   3142
6   4162   4163   3128   3127   4178   4177
5   4163   4172   4166   3141   3128
5   4165   2253   2245   4176   4170
5   4165   4168   4167   2249   2253
4   4165   4170   4169   4168
4   4167   4158   2259   2249
4   4171   4176   2245   2255
3   3121   4178   3127
6   3219   3221   4045   4040   4192   4191
4   3219   4191   4187   3214
4   4180   4192   4040   4047
6   4180   4181   4183   4187   4191   4192
6   4180   4047   4041   4189   4185   4181
5   4181   4185   4182   4188   4183
3   3216   4190   3220
6   3216   3224   4179   4186   4184   4190
5   4182   4185   4189   4184   4186
4   4182   4186   4179   4188
6   4183   4188   4179   3224   3214   4187
6   4184   4189   4041   3215   3220   4190
3   3217   4045   3221
5   4201   4203   1904   1916   4202
5   4201   4206     84     74   4203
6   4201   4202   4204   4205   4207   4206
4   4202   1916   1914   4204
6   1914   1905   4208   4209   4205   4204
4    566    561   4209   4208
5    566   4208   1905     85     75
4     84   4206   4207     91
4   1904   4203     74     72
6   4205   4209    561     83     91   4207
4   3846   4210   4212   3842
5   3846   3849   2808   2811   4210
5   2807   2810   4217   2506   2508
9   2807   2508   2511   4214   3850   3856   4212   4210   2811
6   3849   3840   4213   4216   2818   2808
4   4211   4215   4218   4219
5   4211   4213   3840   3845   4215
7   4211   4219   2509   2506   4217   4216   4213
3   4212   3856   3842
5   3850   4214   4218   4215   3845
4   2810   2818   4216   4217
5   4214   2511   2509   4219   4218
4   4220   4221   3721   3718
6   4220   1309   1310   4229   4230   4221
5    191   4225   4234   3713    178
5    191    190   4227   4226   4225
5   4221   4230   4231   3726   3721
7   3726   4231   4232   4222   4227    190    195
5   1298   3716   3712   4223   1299
6   3712   3713   4234   4235   4224   4223
4   1297   1299   4223   4224
8   1297   4224   4235   4233   4222   4232   4228   1303
4   4222   4233   4226   4227
5   4225   4226   4233   4235   4234
5   4228   4232   4231   4230   4229
4   4228   4229   1310   1303
7   4237   4253   4254   4252   4245   4244   4238
5   4237   4236   4255   4256   4253
5   4237   4238   4242   4241   4236
5   4238   4244   4239   4243   4242
4   4239   4244   4245   4246
6   4239   4246   1040   1037   4251   4243
3   4240   4249   4250
8   4240   4241   4242   4243   4251   1039   1026   4249
6   4240   4250   4247   4255   4236   4241
6   1035   4252   4254   4248   4257   1032
5   1035   1040   4246   4245   4252
3   1037   1039   4251
6   4247   4250   4249   1026   1032   4257
5   4247   4257   4248   4256   4255
4   4248   4254   4253   4256
5   2894   2078   2074   4270   4263
7   2894   4263   4264   1981   1983   4260   2902
7   4259   4265   1982   1980   4258   4261   4266
5   4259   4268   4271   4262   4265
6   4259   4266   4267   2899   2895   4268
5   4260   4262   4271   2900   2902
5   4260   1983   1982   4265   4262
4   4261   4269   4267   4266
6   4261   4258   4264   4263   4270   4269
6   2074   2080   2899   4267   4269   4270
4   1981   4264   4258   1980
4   2895   2900   4271   4268
4   4273   4291   4290   4277
4   4273   4276   4278   4291
4   4274   4281   4272   4282
9   4274   4282   4290   4291   4278   4279   4285   4280   4275
6   4277   4290   4282   4272   4288   4289
5   4281   4284   4287   4288   4272
5   4283   4289   4288   4287   4286
6   4293   4305   4304   4306   4307   4292
4   4293   4303   4301   4305
5   4293   4292   4295   4297   4303
5   4294   4301   4303   4297   4308
5   4294   4298   4304   4305   4301
5   4295   4302   4309   4308   4297
6   4295   4292   4307   4300   4296   4302
6   4296   4300   4306   4304   4298   4299
3   4300   4307   4306
8   4343   4346   4347   4345   4348   4349   2372   2371
3   4344   4349   4348
5   4350   4351   4352   1967   1968
5   4353   4356   3060   3062   4354
4   4353   4354   4355   4358
5   4354   3062   3068   4357   4355
3   4359   4361   4360
8   4363   4367   4368   4374   4372   4366   4369   4365
7   4364   1273   1274   4366   4372   4362   4371
3   4365   4369   4370
5   4366   1274   1276   4370   4369
4   4372   4374   4373   4362
6   3811   3914   4401   4400   4399   3808
5   4402   4405   4403   2749   2748
5   4404   4407   2747   2746   4406
7   2455   4410   4408   4413   4411   4415   2453
3   2455   2461   4410
6   4409   4419   4421   2466   2463   4417
7   4409   4411   4413   4414   4416   4423   4419
6   4409   4417   2454   2448   4415   4411
8   4410   2461   2462   4420   4418   4416   4414   4408
3   2448   2453   4415
4   2466   4421   4424   2465
5   2462   2465   4424   4412   4420
6   4412   4424   4421   4419   4423   4422
4   4412   4422   4418   4420
3   4413   4408   4414
3   2454   4417   2463
4   4416   4418   4422   4423
6    174    160   1820   4463   4164   4171
8    174   4171   2255    535    544    563    565    175
6   1820   1805    567    564    613   4463
6   4463    613    614   4464   4160   4164
6    531   2256   4464    614    562    558
4   4160   4464   2256   2257
5    567   1805    167    175    565
3    544    557    563
4   4466    115    126   4468
6    258   4465   4467   4468    126    107
6   4260   2902   1162   1163   3565   4471
7   4260   4471   4476   1971   1972   1975   1983
6   4469   1964   1962   4473   4474   4470
6   4469   4264   1981   1975   1972   1964
4   4469   4470   4263   4264
5   1142   1158   4474   4473   4472
6   1142   4472   1960   1963   4475   1146
5   1146   4475   4477   3566   1145
7   3565   3566   4477   1969   1970   4476   4471
6   4470   4474   1158   1150   2894   4263
4   4472   4473   1962   1960
3   1970   1971   4476
4   4475   1963   1969   4477
4   1976   4478   4479   1973
7   4481   4496   4490   4489   4491   4504   4483
6   4481   4492   4493   4497   4500   4496
6   4481   4483   4487   4488   4503   4492
5   4482   4493   4492   4503   4502
6   4483   4504   4505   4495   4486   4487
6   4484   4488   4487   4486   4480   4499
4   4484   4502   4503   4488
4   4486   4495   4494   4480
5   4489   4494   4495   4505   4491
3   4491   4505   4504
3   3359   4506   3357
9   3359   3360   3061   3071   4510   4508   4514   4511   4506
8   4506   4511   4517   4518   4507   4509   3356   3357
5   1406   4356   3060   2947   1405
7   1406   1408   4509   4507   4512   4353   4356
6   4507   4518   4515   4516   4513   4512
4   4508   4513   4516   4514
6   4508   4510   4354   4353   4512   4513
4   3360   1402   1415   3061
4   3356   4509   1408   1412
4   3071   3062   4354   4510
5   4511   4514   4516   4515   4517
3   4515   4518   4517
6    294   2513   4519   4526   4522    287
6    296    336   4529   4521   2519    295
6   4520   4527   2518   2519   4521   4523
5   4520   4525   4526   4519   4527
5   4520   4523   4528   4524   4525
4   4521   4529   4528   4523
7   4522   4524   4528   4529    336    289    287
4   4522   4526   4525   4524
4   4527   4519   2513   2518
3   4531   4542   4541
6   4531   4541   4540   4539   4530   4535
5   4532   4539   4540   3396   3406
6   4532   3406   3405   4534   4537   4536
9   4533   4543   4534   3405   3396   4540   4541   4542   4538
4   4534   4543   4544   4537
6   1514   1541   4555   4546   1480   1487
6   1514   1487   1484    996    993   1522
5   1534   1536   4554   4549   4547
5   1534   4547   4545   4556   1523
8   1536   1517    995   1000   4550    900    906   4554
12   4545   4547   4549    905    903   4551   4548   4553    270    264   1480   4546
4   4545   4546   4555   4556
4   1541   1523   4556   4555
4   1517   1522    993    995
6   1001    996   1484    274    270   4553
6   1001   4553   4548   4552   4550   1000
3   4548   4551   4552
5    900   4550   4552   4551    903
4   4549   4554    906    905
9   4558   4559   4563   4565   4566   1045   1046   4564   4557
6   4558   4245   4252   4560   4562   4559
4   4558   4557   4246   4245
3   4559   4562   4563
5   4560   4252   1035   1029   4561
5   4560   4561   4565   4563   4562
3   1046   1028   4564
5   4246   4557   4564   1028   1040
5   1029   1031   4566   4565   4561
3   1045   4566   1031
3   1638   1632   4590
8   1638   4590   4591   4592   4572   4589   4585   1621
4   4567   4585   4589   4588
7   4567   4574   4576   4577   1626   1621   4585
6   4567   4588   4584   4578   4573   4574
6   4568   4571   4587   4579   4578   4584
5   4568   4572   4592   4569   4571
5   4568   4584   4588   4589   4572
6   4569   4592   4591   4586   4583   4582
4   4569   4582   4587   4571
4   4570   4575   4577   4576
7   4570   4573   4578   4579   4580   4581   4575
4   4570   4576   4574   4573
5   1633   4586   4591   4590   1632
6   1633   1634   4581   4580   4583   4586
5   4575   4581   1634   1626   4577
5   4579   4587   4582   4583   4580
5   4593   4603   4600   4601   4602
7   4594   4595   4600   4603   4597   4604   4605
5   4596   4599   4598   4602   4601
5   4606   4607   4612   4616   4608
5   4607   4613   4615   4614   4612
3   4609   4617   4611
6   4610   4611   4617   4616   4612   4614
6   4618   4627   4628   4626   4624   4620
4   4618   4622   4619   4627
4   4618   4620   4623   4622
6    857    861   1386   4628   4627   4619
6    857   4619   4622   4623   4621    858
6   4620   4624   4630   4631   4621   4623
5   4621   4631   4069    864    858
6   1398   4069   4631   4630   4625   1395
4   1391   1395   4625   4629
5   1391   4629   4626   4628   1386
5   4624   4626   4629   4625   4630
7   4049   4640   4638   4636   4642   4632   4044
6   4049   4050   4646   4648   4647   4640
5   4632   4645   4635   4043   4044
5   3860   3864   4638   4640   4647
6   4633   4639   3880   3879   4643   4644
5   4633   4641   4642   4636   4639
4   4634   4637   4644   4643
5   4636   4638   3864   3880   4639
4   4527   4520   4667   4666
6   4668   4671   4673   4672   4669   4670
4   4669    171    173   4670
9   4669   4672   4082   4085   4675   1814   1803    168    171
3   1803    157    168
4   1814   4675   4674   1806
4   4672   4673   4080   4082
6   2356   2339   2231   2232   4676   4678
5   4677   2233   2231   2339   2352
8   4679   4684   4685   4680   4682   4686   4687   4681
3   4680   4685   4683
5   4688   4694   4691   3839   3836
5   4688   4690   4689   4693   4694
4   4691   4694   4693   4692
5   4707   4711   3833   3822   4708
7   4709   4710   4712   2860   2866   3833   4711
4   4713   4714   4717   4716
5   4714   4718   4715   4719   4717
3    796    789   4720
3   4721   4724   4723
4   4722   4725   4730   4729
3   4726   4728   4727
6   4732   4735   4740   4742   4741   4736
5   4733   4739   4738   4737   4734
5   4734   4737   4741   4742   4743
5   4736   4741   4737   4738   4731
3   4740   4743   4742
4   4745   4753   4756   4755
7   4745   4754   1471   1459   4752   4749   4753
3   4745   4755   4754
5   4746   4752   1459   1467   4750
5   4746   4751   4747   4749   4752
3   4746   4750   4751
4   1462   1466   4744   4748
6   1462   4748   4747   4751   4750   1467
6   4747   4748   4744   4756   4753   4749
6   1471   4754   4755   4756   4744   1466
4   4757   4764   4762   4761
4   4757   4759   4765   4764
6   4757   4761   4758   4763   4760   4759
7   1941   4767   4768   4766   4773   4774   1934
6   1941   1948   4772   1210   1229   4767
6   1229   1228   4778   4776   4768   4767
7   4768   4776   4775   4782   4779   4771   4766
6   4298   4304   4769   1216   1210   4772
5   4769   4304   4305   4780   4781
7   4769   4781   4782   4775   4777   1217   1216
5   4770   4301   4294   4774   4773
6   4770   4771   4779   4780   4305   4301
4   4770   4773   4766   4771
4   1228   1217   4777   4778
4   4775   4776   4778   4777
4   4779   4782   4781   4780
3   4784   4786   4788
9   4784   4791   4783   4795   4794   4787   4793   4785   4786
7   4784   4788     43     32   4798   4790   4791
4   4785   4793     41     42
5   4785     42     43   4788   4786
4   4787   4794   4800   4792
7   4787   4792   4797   4789     40     41   4793
7   4789   4521   4529   4799   4798     32     40
4   4789   4797   4523   4521
6   4790   4798   4799   4796   4795   4783
3   4790   4783   4791
6   4792   4800   4801   4528   4523   4797
5   4794   4795   4796   4801   4800
5   4796   4799   4529   4528   4801
4   4803   4812   4810   4809
7   4803   2918   2915   4802   4822   4820   4812
7   4803   4809   4806   4808   4811   2925   2918
4   4804   4816   4815   4805
4   4804   4811   4808   4816
7   4804   4805   4814   4802   2915   2925   4811
6   4805   4815   4807   4813   4817   4814
7   4806   4809   4810   4818   4819   4813   4807
4   4810   4812   4820   4818
4   4813   4819   4821   4817
5   4814   4817   4821   4822   4802
5   4818   4820   4822   4821   4819
5   3233   3231   4823   4826   4825
4   4824   4829   4828   4827
4   4831   4834   4832   4836
5   4831   4836   4837   4838   4835
3   4833   4843   4842
8   4835   4838   4839   4840   4830   4841   4842   4843
3   4837   4839   4838
6   4859    359    361   4867   4866   4865
7   4860   4861   4864   4863   4862   4866   4867
6    346   4868   4873   4871   4870    342
4   4868   4880   4879   4873
3   4869   4872   4877
7   4870   4871   4875   4876   4878   4877   4872
5   4871   4873   4879   4874   4875
6   4882   4889   4888   4886     37     28
8   4883   4885   4900   4896   4793     41     37   4886
7   4883   4890   4891   4892   4897   4893   4885
4   4883   4886   4888   4890
6   4884     30     42   4785   4902   4895
6   4884   4895   4894   4893   4897   4898
5   4885   4893   4894   4899   4900
4   4888   4889   4891   4890
5   4785   4793   4896   4901   4902
5   4894   4895   4902   4901   4899
4   4896   4900   4899   4901
3   4921   4931   4930
6   4921   4926   2033   2029   4935   4931
11   4921   4930   4933   4940   4941   4929   4920   4927   4924   4923   4926
3   4922   4923   4924
7   4922   4936   4937   2028   2033   4926   4923
6   4922   4924   4927   4925   4928   4936
8   4925   4920   4929   4934   4938   2243   2242   4928
3   4925   4927   4920
4   2028   4937   4932   2037
6   4928   2242   2244   4932   4937   4936
3   4929   4941   4934
4   4930   4931   4935   4933
7   2244   2243   4938   4939   2036   2037   4932
6   4933   4935   2029   2036   4939   4940
5   4934   4941   4940   4939   4938
7   4942   4957   4944   4130   4136   3481   3479
6   4943   4954   4134   4018   4037   4950
4   4943   4950   4953   4951
4   4944   4947   4135   4130
6   4944   4957   4958   4955   4956   4947
5   4946   3480   3481   4136   4129
9   4135   4947   4956   4949   4952   4953   4950   4037   4023
4   4948   4951   4953   4952
3   4949   4956   4955
6   4959   4962   4963   2475   2472   4960
5   4961   4963   4962   1657   1644
3   4961   1644   1655
3   4964   1656   1662
4   4965   4970   4972   4966
7   4966   4972   4969   4967   4975   4974   4968
5   4969   4972   4970   4971   4973
4   4989   5002   4999   5006
7   4989   4992   4994   4998   5009   5010   5002
4   4990   5008   5007   5003
7   4990   1336   1328   4994   4992   5005   5008
10   4990   5003   5004   5001   5000   4995   4997   4996   1337   1336
4   4991   4988   5010   5009
4   4991   4997   4995   4988
5   4991   5009   4998   4996   4997
3   4993   5000   5001
7   4993   4999   5002   5010   4988   4995   5000
8   4993   5001   5004   5007   5008   5005   5006   4999
5   4994   1328   1337   4996   4998
3   5003   5007   5004
5   1207   1206   5023   5024   2203
8   2203   5024   5022   5021   5017   5019   5013   2195
4   5012   5027   5014   5018
5   5012   5018   5020   5011   5015
5   5014   5027   5026   5019   5017
5   5014   5017   5021   5020   5018
9   5016   5011   5020   5021   5022   5023   1206   1203   5025
3   5022   5024   5023
8   5029   5035   5044   5036   5045   5051   5054   5055
7   5030   5040   5049   5046   5050   5052   5053
4   5030   5032   5038   5040
6   5030   5053   5039   5033   5028   5032
6   5031   5042   5041   5055   5054   5047
5   5031   5047   5046   5049   5048
5   5033   5044   5035   5043   5028
4   5033   5039   5036   5044
5   5036   5039   5053   5052   5045
4   5045   5052   5050   5051
5   5046   5047   5054   5051   5050
4   5056   5057   1687   1688
5   5059   2750   2749   4403   5058
3   5061   5060   5066
6   5061   5065   5072   4613   4615   5060
8   5061   5066   5063   5067   5077   4693   4692   5065
4   4613   5072   5071   4607
5   4030   4038   5067   5063   5068
7   4030   5068   5073   5076   5069   5064   4026
4   5062   4021   4026   5064
6   5062   4694   4693   5077   4039   4021
7   5062   5064   5069   5074   5075   4691   4694
7   5063   5066   5060   4615   4614   5073   5068
4   4614   4612   5076   5073
7   5065   4692   4691   5075   5070   5071   5072
4   4038   4039   5077   5067
7   5069   5076   4612   4607   5071   5070   5074
3   5070   5075   5074
4   5079   5084   5080   5085
8   5079   4636   4639   5078   5081   5089   5086   5084
8   5079   5085   5082   5083   5091   5087   4642   4636
5   5080   5084   5086   5083   5082
3   5080   5082   5085
3   5081   5090   5089
7   5081   5078   4633   4641   5088   5092   5090
6   5083   5086   5089   5090   5092   5091
3   4639   4633   5078
4   5087   5088   4641   4642
4   5087   5091   5092   5088
6   5094   5116   5115   5104   5102   5099
5   5094   5106   5096   5098   5116
5   5094   5099    788    795   5106
4   5095   5112   5100   5111
7   5095   5096   5106    795    790   5101   5112
6   5095   5111    940    939   5098   5096
5    939    928   5115   5116   5098
5   5097    938    940   5111   5100
5   5097   5114   5110    927    938
6   5097   5100   5112   5101   5113   5114
5   5099   5102   5107    787    788
8    790    787   5107   5108   5093   5109   5113   5101
7    927   5110   5109   5093   5103   5105    929
6   5102   5104   5105   5103   5108   5107
3   5103   5093   5108
5   5104   5115    928    929   5105
4   5109   5110   5114   5113
4   5126   5128   5129   5127
7   4901   5133   4582   4587   5136   5137   4902
6   4901   4899   5134   5135   5131   5133
4   4899   4894   5146   5134
5   5131   5142   4569   4582   5133
8   5131   5135   5141   5149   5150   5145   5130   5142
4   4902   5137   5139   4895
7   5132   3704   3703   5146   4894   4895   5139
7   5132   5138   5147   5140   5148   3675   3704
5   5132   5139   5137   5136   5138
7   4587   4571   5143   5144   5147   5138   5136
6   5134   5146   3703   3696   5141   5135
5   4571   4569   5142   5130   5143
4   5140   5150   5149   5148
5   5140   5147   5144   5145   5150
5   5141   3696   3675   5148   5149
4   5143   5130   5145   5144
4   5152   5160   5153   5154
5   5152   5154   5161   5155   5157
6   5153   5159   5151   5162   5161   5154
5   5155   1340   1343   5156   5157
5   2166   2165   5158   5162   5151
7   5172   5178   5171   5177   5176   5180   5179
5   5173   5174   5175   5176   5177
4      8   1431   1432     13
7   1432   1423   5183   5182   5185     12     13
4   1424   1437   3288   5184
6   1424   5184   5189   5191   5183   1423
5   5181   5190   5191   5189   5188
7   5181   5186     17      4   5185   5182   5190
4   5181   5188   5187   5186
4   5182   5183   5191   5190
3     12   5185      4
4     17   5186   5187     18
7   3288      6     18   5187   5188   5189   5184
5   3262   3264   5198   3644   3637
4   3262   3637   3632   3270
7   5192   5197   3643   3636   5194   5196   5195
7   5192   5193   3260   3270   3632   3634   5197
4   5192   5195   5199   5193
4   5193   5199   3272   3260
4   5194   3636   3644   5198
5   5194   5198   3264   3279   5196
5   5195   5196   3279   3272   5199
3   3634   3643   5197
5   5213   2820   2821   5233   5220
6   5213   5214   5216   5212   2806   2820
8   5213   5220   5235   5236   4416   4418   5219   5214
4   5214   5219   5221   5216
5   5215   5227   5224   5232   5218
6   5215   5217   5230   5231   5238   5227
9   5215   5218   5225   2817   2806   5212   5222   5228   5217
5   5216   5221   5229   5222   5212
8   5217   5228   5229   5221   5219   4418   4422   5230
5   5218   5232   5223   5234   5225
8   5220   5233   5223   5232   5224   5237   5226   5235
3   5222   5229   5228
5   2821   2819   5234   5223   5233
4   5224   5227   5238   5237
4   4422   4423   5231   5230
7   4423   4416   5236   5226   5237   5238   5231
4   5225   5234   2819   2817
3   5226   5236   5235
4   5248   5255   5254   5249
7   5248   3048   3050   5250   5252   5251   5255
4   5248   5249   3054   3048
6   5249   5254   3149   3151   3049   3054
6   5250   3050   2342   2360   3157   5256
5   5250   5256   5253   5247   5252
5   3153   5251   5252   5247   3156
5   3153   3149   5254   5255   5251
4   3049   3151   2361   2351
4   3156   5247   5253   3150
4   3150   5253   5256   3157
7   3244    872    885   5271   5270   5273   3241
5   5267   5266   5274   5270   5271
5   5267   5268   5269   5272   5266
5   5267   5271    885    883   5268
4   3238   3243   5272   5269
6   3241   5273   5274   5266   5272   3243
3   5270   5274   5273
6   2678   5277   3942   3955   5278   2683
4   2678   2691   5280   5277
8   5275   2681   2684   3950   3947   5276   5292   5287
7   5275   5285   5281   5279   5282   2693   2681
3   5275   5287   5285
5   3936   2687   2683   5278   3939
4   3936   3950   2684   2687
3   2692   2693   5282
6   2692   5282   5279   5283   5280   2691
5   5276   5290   5291   5293   5292
5   5276   3947   3951   5288   5290
6   5277   5280   5283   5284   3953   3942
3   3939   5278   3955
8   5279   5281   5293   5291   5289   5286   5284   5283
4   3952   3953   5284   5286
5   5281   5285   5287   5292   5293
4   5288   5289   5291   5290
5   2568   2589   5328   5148   3675
5   5310   5312   5147   5140   5327
7   5310   5308   5324   5322   5320   5321   5312
7   5310   5327   2567   2564   5311   5319   5308
3   2561   5311   2564
9   2561   2566   3684   5326   5314   5318   5317   5319   5311
4   5312   5321   5138   5147
5   3704   5132   5313   5326   3684
7   5313   5320   5322   5323   5316   5314   5326
5   5313   5132   5138   5321   5320
6   2567   5327   5140   5148   5328   2588
3   2588   5328   2589
5   3054   3047   5329   5330   5249
5   3048   5248   5331   3984   3055
4   3984   5331   5332   3985
5   5249   5330   5332   5331   5248
7   5333   5335   5346   5342   5343   5347   5348
5   2010   5344    960    959   2001
8   2010   1995   5334   5337   5336   5341   5345   5344
6    960   5344   5345   5350   5349    967
6   5334   1995   2000   5340   5339   5338
3   5334   5338   5337
6   5336   5342   5346   5349   5350   5341
6   5336   5337   5338   5339   5343   5342
6   2000   2015   5351   5348   5347   5340
4   5339   5340   5347   5343
3   5341   5350   5345
3   2015   1990   5351
8   5353    821    832   5359   5357   5360   5355   5354
5   5353   5356   5352    829    821
5   5353   5354   5285   5287   5356
4   5354   5355   5281   5285
5   5287   5292   5361   5352   5356
4   5355   5360   5293   5281
10   5357   5358    811    819   5362   5363   5361   5292   5293   5360
3   5357   5359   5358
4   5358   5359    832    811
6    829   5352   5361   5363   5364    842
5   5362    845    846   5364   5363
3   5362    819    845
3    846    842   5364
6   3520   3522   1913   1919   5390   5397
4   3520   5397   5384   3507
6   5384   5388   5389   5393   3508   3507
6   5384   5397   5390   5387   5385   5388
6   3522   3509   5395   5391   1918   1913
6   5385   5387   5392   5394   5396   5386
4   5385   5386   5389   5388
5   5386   5396   5398   5393   5389
6   5387   5390   1919   1918   5391   5392
3   5400   5402   5401
4   3124   3138   5412   5409
5   3124   5409   5403   5407   3126
5   3139   3137   5405   5410   5406
7   3139   5406   5408   5403   5409   5412   3144
3   5404   5416   5415
6   5404   5411   5410   5405   5414   5416
7   5404   5415   5413   5407   5403   5408   5411
6   5405   3137   3126   5407   5413   5414
3   3144   5412   3138
4   5406   5410   5411   5408
4   5413   5415   5416   5414
6   5430   5458   5457   5442   5443   5429
5   5430   5433   5453   5454   5458
6   5430   5429   5434   5455   5456   5433
6   5431   5151   5162   5445   5432   5440
6   5431   5442   5457   5439   5159   5151
4   5431   5440   5443   5442
5   5432   5445   5446   5447   5448
6   5432   5448   5434   5429   5443   5440
6   5433   5456   5441   5449   5450   5453
6   5434   5448   5447   5444   5452   5455
5   5435   5153   5159   5439   5438
8   5435   5436   5449   5441   5452   5444   5154   5153
4   5435   5438   5437   5436
5   5154   5444   5447   5446   5161
4   5162   5161   5446   5445
5   5436   5437   5451   5450   5449
7   5437   5438   5439   5457   5458   5454   5451
4   5441   5456   5455   5452
4   5450   5451   5454   5453
6   5460   5459   5472   2178   2169   5463
8   5460   5464   5468   5473   5474   5470   5462   5459
4   5460   5463   5466   5464
6   2172   5467   5465   5466   5463   2169
7   2172   1159   1158   4474   5461   5471   5467
5   5461   5469   5474   5473   5471
6   5461   4474   4473   5462   5470   5469
5   5462   4473   4472   5472   5459
4   5464   5466   5465   5468
5   2178   5472   4472   1142   1139
5   5465   5467   5471   5473   5468
3   5469   5470   5474
4   5475    944    945   5478
4   5475   5476    943    944
5   5475   5478   4888   4890   5476
7   5476   4890   4883   5477   5480    950    943
4   4886   5479   5477   4883
6   4886   4888   5478    945    946   5479
5   5477   5479    946    942   5480
3   5480    942    950
6   5481   3776   3771   5491   5493   5492
6   3787   3424   3421   5485   5491   3771
6   3787   3790   5483   5484   3426   3424
9   5482   5486   5485   3421   3426   5484   5494   3483   3493
4   3476   3483   5494   5488
4   5483   5488   5494   5484
5   5485   5486   5487   5493   5491
5   4962   4963   5501   5499   5498
6   4962   5498   5500   5502   5505   4959
6   5188   5499   5501   2471   2481   5189
6   5188   5181   5496   5500   5498   5499
4   2475   2471   5501   4963
7   5495   5503   5497   5507   5508   2470   2473
6   5495   4960   4959   5505   5506   5503
4   5495   2473   2472   4960
8   5496   5190   5191   5504   5508   5507   5502   5500
3   5496   5181   5190
5   5497   5506   5505   5502   5507
3   5497   5503   5506
5   2481   2478   5504   5191   5189
4   2478   2470   5508   5504
5   4399   4400   5511   5516   5510
7   5509   5513   5512   5515   5516   5511   5514
9   1028   1041   5520   5524   5525   5453   5450   5523   4564
5   5517   5518   5523   5450   5451
8   5517   5522   5527   5521   4239   4246   4557   5518
4   5517   5451   5454   5522
4   5518   4557   4564   5523
7   5519   5524   5520   5529   2451   2460   5526
3   5519   5525   5524
7   5519   5526   5527   5522   5454   5453   5525
6   5520   1041   1037   4251   5530   5529
6   5521   5527   5526   2460   2466   4421
6   5521   4421   4424   5528   4243   4239
4   4243   5528   5530   4251
6   5528   4424   2465   2451   5529   5530
3     23     24   5371
6   5531   3001    413    410   3453   5532
3     14     22   5534
5     14   5534   5532   3453     10
4   1810   1806   4674   5535
4   5391   1918   1912   5542
4   5536   1923   1920   5550
4   5536   5539   1908   1923
4   5537   5544   3514   3518
7   5537    739    737   5547   5545   5538   5544
4   3512   1909   1906   3513
7   3512   3514   5544   5538   5550   1920   1909
4   1913   3522   3513   1906
6   5568   5570   5571   4404   4406   5569
5   5581   5594   5598   5597   5584
7   5581    269    255   5587   5586   5588   5594
8   5581   5584   5590   5591   1957   1953    251    269
10   5582   5580   1573   1569   5596   5583   5589   5597   5598   5595
8   5582   5586   5587   5593   5592    150    151   5580
4   5582   5595   5588   5586
8   1569    141    139   5600   1956   1959   3473   5596
6   5583   5596   3473   1955   1958   5599
5   5583   5599   5591   5590   5589
3    150   5592    133
4   5584   5597   5589   5590
7   5585   5601   5600    139    133   5592   5593
4   5585   2262   2260   5601
6   5585   5593   5587    255    267   2262
4   5588   5595   5598   5594
4   5591   5599   1958   1957
5   1956   5600   5601   2260   1954
4    151    149   1573   5580
6   3868   5606   5608   5609   5607   3882
6   3868   3858   5610   5605   5603   5606
6   5603   5605   3615   3614   5602   5604
4   5603   5604   5608   5606
4   5604   5602   5609   5608
4   5605   5610   3616   3615
8   3858   3869   5607   5609   5602   3614   3616   5610
3   5607   3869   3882
8   3710   5612   5616   5618   5619   5614   5615   3709
6   5611   4859   4865   5614   5619   5617
4   5613   5617   5619   5618
5   5156   5621   5622   5620   5157
4   5160   5152   5623   5624
4   5157   5620   5623   5152
3   5639   5571   5570
3   1629   1620   1889
3   5640   5642   5641
5   5643   5644   5648   5646   5645
5   5644   2917   2907   5647   5648
6   2827   5650   5659   5660   2528   2539
8   2827   2831   5671   5672   5674   5675   5676   5650
6   5650   5676   5655   5663   5652   5659
7   2526   5649   5664   5668   5665   5654   2524
6   2526   2528   5660   5670   5658   5649
7   5651   5657   5663   5655   5675   5674   5673
6   5651   5667   5666   5661   5656   5657
7   5651   5673   5662   5653   5665   5668   5667
3   2524   5654   2540
4   5652   5663   5657   5656
7   5652   5656   5661   5669   5670   5660   5659
4   5653   5662   5672   5671
7   5653   5671   2831   2548   2540   5654   5665
3   5658   5670   5669
6   5658   5669   5661   5666   5664   5649
4   5662   5673   5674   5672
4   5664   5666   5667   5668
4   5696   5697   4863   4864
3   5698   5700   5699
6   5702   5718   5719   5707   5720   5723
6   5702   5714   5713   5722   5712   5718
5   5702   5723   4821   4817   5714
6   5703   4819   4821   5723   5720   5704
7   5703   5706   5705   5710   5709   4813   4819
6   5703   5704   5711   2311   2305   5706
8     26   5372   5382   5701   5725   5724   5726     27
4   5704   5720   5707   5711
8     11     27   5726   5717   5719   5718   5712   5721
7   5705   5706   2305   2329   5724   5725   5708
6   5707   5719   5717   2328   2311   5711
5   4813   5709   5713   5714   4817
6   5709   5710   5715   5716   5722   5713
5   2329   2328   5717   5726   5724
4   5712   5722   5716   5721
8   3649   3588   3586   5751   5754   5756   2138   2144
11   3649   2145   2161   5753   5760   5759   5758   2966   2964   3568   3588
5   3568   2964   2967   5751   3586
6   5751   2967   2966   5758   5755   5754
3   5752   5759   5760
5   5752   5757   5755   5758   5759
6   5752   5760   5753   2127   2148   5757
3   5753   2161   2127
6   5754   5755   5757   2148   2147   5756
3   2138   5756   2147
4   5761   5764   5762   5763
5   3308   3307   5769   5310   5308
5   3309   5773   5767   5769   3307
4   3309   3312   5765   5773
5   5312   5766   5771   5770   5321
6   5312   5310   5769   5767   5774   5766
5   5766   5774   5775   5772   5771
5   5767   5773   5765   5775   5774
4   5770   5776   5320   5321
3   5322   5320   5776
6   5778   3847   3845   4215   5796   5783
5   5778   5789   5785   3844   3847
5   5778   5783   5795   5790   5789
7   4685   5782   5784   5788   5780   5787   4680
7   4685   4683   5791   5777   4211   4213   5782
7   5779   5781   5777   5791   5793   5786   5792
6   5779   5794   5795   5783   5796   5781
3   5779   5792   5794
7   5780   5788   5790   5795   5794   5792   5786
4   5780   5786   5793   5787
6   3844   5785   5784   5782   4213   3840
5   5781   5796   4215   4211   5777
5   4683   4680   5787   5793   5791
5   5784   5785   5789   5790   5788
6   5798   5803   5809   5808   5801   5802
5   5798    485    489   1609   5803
5   5798   5802   5797    493    485
4   5799   4738   4737   5800
6   5799   5797   5802   5801   4739   4738
7   5799   5800   5806   1894    487    493   5797
7   5800   4737   4734   5805   1619   1608   5806
5   5801   5808   5807   4733   4739
6   1609   1619   5805   5804   5809   5803
4   1600   1894   5806   1608
5   5804   5805   4734   4733   5807
4   5804   5807   5808   5809
6   5810   5811   5631   5637   5823   5824
5   5810   5819   1491   1492   5811
5   5810   5824   5814   5820   5819
5   5812   5815   5814   5824   5823
5   5812   5821   5822   5816   5815
4   1489   1490   5817   5818
4   5814   5815   5816   5820
7   5816   5822   5817   1490   1491   5819   5820
6    496    497   5826   4671   4668   5825
6   5828   5831   5830   5833   5834   5829
5   5830   2422   2425   5832   5833
4   5830   5831   2423   2422
4   5832   5827   5834   5833
3   5835   5849   5848
4   5835   4282   4290   5849
9   5835   5848   5838   5845   5842   5843   5837   4274   4282
4   5836   5843   5842   5844
8   5836   5840   5847   4285   4280   5839   5837   5843
9   5836   5844   5845   5838   4291   4278   5841   5846   5840
5   4279   4285   5847   5846   5841
3   4279   5841   4278
4   5837   5839   4275   4274
3   4280   4275   5839
5   5838   5848   5849   4290   4291
3   5840   5846   5847
3   5842   5845   5844
4   5850   4267   2899   2891
6   5850   5853    400    402   4266   4267
5   4259    407    408   5855   4268
4   4259   4266    402    407
4    400   5853   5854    406
5   5851   5852   5855    408    405
4   5851   2897   2890   5852
5   5852   2890   2895   4268   5855
4   5856   5859   5858   5857
5   4343   2371   2375   5858   5859
7   1646   3806   3817   5879   3460   3461   1651
6   1646   1648   5872   5877   3814   3806
7   5867   5873   5870   5878   3816   3814   5877
3   5867   5876   5873
9   5867   5877   5872   5869   5874     19     16   3291   5876
5   1651   3461   3451   5871   1652
7   5868   5875   5869   5872   1648   1652   5871
6   5868   3456      5     19   5874   5875
4   5868   5871   3451   3456
3   5869   5875   5874
5   5870   3452   3460   5879   5878
6   5870   5873   5876   3291   3289   3452
4   5878   5879   3817   3816
6   5880   5883   5882   1275   1277   5881
4   3825   2864   2863   5884
4   5886   5891   5893   5894
7   5886   5890   5896   3559   3558   5887   5891
7   5886   5894   5899   5900   5885   5895   5890
6   3555   3550   5885   5900   5892   5897
8   3555   5897   5898   5888   5893   5891   5887   3549
3   5887   3558   3549
5   5888   5898   5892   5900   5899
4   5888   5899   5894   5893
5   3550   3551   5889   5895   5885
4   5889   3551   3559   5896
4   5889   5896   5890   5895
3   5892   5898   5897
7   5902   5909   3647   3641   5912   5913   5903
3   5902   5901   5909
8   5902   5903   5908   5904   5918   5919   5905   5901
5   3646   3644   5198   5906   5914
6   3646   5914   5911   5913   5912   3645
4   5903   5913   5911   5908
6   5904   5906   5198   5194   5917   5918
5   5904   5908   5911   5914   5906
5   3648   5915   5917   5194   3636
8   3648   3647   5909   5901   5905   5916   5910   5915
4   5905   5919   5907   5916
6   5907   5919   5918   5917   5915   5910
3   5907   5910   5916
3   3645   5912   3641
5   3838   5923   2135   2124   3837
5   5920   5922   5921   2136   2132
5   5940   5944   5945   5514   5511
6   5940   5942   5941   4011   4012   5944
6   5940   5511   4400   4401   5943   5942
4   4012   4009   5945   5944
5   5947   5946   5950   2480   2479
6   5515   5512   5948   5949   5950   5946
5   1329   4996   4997   5964   1331
6   1329   1324   5962   5963   4998   4996
6   5445   5965   5964   4997   4991   5432
6   5445   5446   5962   1324   1330   5965
4   5009   5448   5432   4991
5   5009   4998   5963   5447   5448
4   5962   5446   5447   5963
4   5964   5965   1330   1331
7   1906   1915   5970   5968   5972   3521   3513
5   1915    391    390   5969   5970
5   3520   3521   5972   5971   5397
4   5390    404    398   1919
6   5390   5397   5971   5966    401    404
4   5967   5968   5970   5969
5   5967   5966   5971   5972   5968
5   5967   5969    390    401   5966
8    126   4468   5980   5973   4545   4546   1483    125
6   5973   5978   5974   5976   4556   4545
4   5973   5980   5975   5978
5   5974   5978   5975   5982   5979
6   5974   5979   5977    114    111   5976
5    114   5977   5981   4466    115
6   5975   5980   4468   4466   5981   5982
6   5976    111    110   1488   4555   4556
4   5977   5979   5982   5981
4   1488   1483   4546   4555
5   5984   5992   5985   5994   5993
4   5984   5993   5983   5991
4   5985   5987   5988   5994
6   5986   5990   5983   5993   5994   5988
4   5989   5991   5983   5990
5   1419   6001   5997   6003   1421
4   5995   5996   6009   6007
6   5996   6010   6011   6006   6008   6009
5   5998   6011   6010   6002   5999
3   6000   6005   6004
8   6012   6018   6016   6019   6017   6014   6015   6013
8   6021   6024   6025   6039   6046   6029   6020   6032
9   6021   6028   6036   6026   6038   6023   6044   6027   6024
3   6021   6032   6028
5   6022   6026   6036   6037   6033
5   6022   6030   6041   6038   6026
4   6022   6033   6035   6030
5   6023   6040   6031   6045   6044
4   6023   6038   6041   6040
4   6024   6027   6043   6025
4   6025   6043   6042   6039
6   6027   6044   6045   6047   6042   6043
5   6028   6032   6020   6037   6036
6   6029   6034   6035   6033   6037   6020
6   6029   6046   6047   6045   6031   6034
6   6030   6035   6034   6031   6040   6041
4   6039   6042   6047   6046
4   1863   6048   3748   1870
4   5260   6050   6049   5262
8   5260   5259   6051   6052   6053   3440   3438   6050
5   1308   3450   6053   6052   1304
4   1300   6051   5259   1295
4   1300   1304   6052   6051
3   3440   6053   3450
4   1722   1729   6055   6054
6   1722   6054   1827   1407   1413   1715
5   4509   6056   1719   1714   3356
5   6056   6057   6058   1717   1719
4   1413   1403   1716   1715
6   6059   6062   6068   6069   3181   3182
8   6059   6061   6067   1888   1889   1629   1624   6062
5   6059   3182   3179   6060   6061
5   6060   1891   1885   6067   6061
5   6060   3179   3194   1882   1891
4   1881   1882   3194   3185
5   1881   3185   3189   6066   1879
5   1627   1879   6066   6063   1636
3   1888   6067   1885
6   6062   1624   1636   6063   6065   6068
4   3184   3181   6069   6064
6   3184   6064   6065   6063   6066   3189
4   6064   6069   6068   6065
4   1844   1834   6071   6070
6   6072   6078   6073   6076   6075   6074
5   3913   6077   6074   6075   3921
3   6080   6082   6079
6   6080   6083   6086   6087   6085   6082
7   6080   6079   6054   6055   6088   6084   6083
4   6081   6085   6087   6090
8   6081   1779   1776   1827   6054   6079   6082   6085
8   6083   6084   6089   1777   1778   6091   6092   6086
3   6084   6088   6089
5   6079   1724   1725   6096   6080
4   6079   6054   1722   1724
4   1723   6093   6095   1737
5   1723   1729   6055   6088   6093
7   1725   1736   6100   6097   6098   6094   6096
4   6094   6083   6080   6096
4   6094   6098   6084   6083
5   6095   6099   6100   1736   1737
7   6095   6093   6088   6084   6098   6097   6099
3   6097   6100   6099
3   2372   4349   2378
4   4148   2376   2373   6101
5   4344   6101   2373   2378   4349
4   6102   5107   5108   6104
5   6102   6103    791    787   5107
4   5093   5109   1577   1578
5   1582   1584   6116   6114   6113
4   1582   6113   6112   1593
4   4789     40     31   6115
8   4789   6115   6116   1584   1583   6108   6107   4797
3   6106   6105   6109
7   6106   1585   1588   4900   4896   6110   6105
5   6106   6109   6108   1583   1585
4   4896   4793   4787   6110
6   1588   1592   6118   6119   4885   4900
3   6107   4792   4797
7   6107   6108   6109   6105   6110   4787   4792
5     31     45   6114   6116   6115
8   1593   6112   6111   5479   5477   6117   6118   1592
5   6111     38     37   4886   5479
6   6111   6112   6113   6114     45     38
5   5477   4883   4885   6119   6117
3   6117   6119   6118
4   4850   6120    629    626
4   6121   6122   5743   5742
7   6121   6123    636    629   6120   6124   6122
7   6121   5742   4851   1994    632    638   6123
3    638    636   6123
6   4549   4554   6139   6137   6136   6135
4   4549   6135    907    905
6   6133   6137   6139   6140   6141   6138
6   4554    906    901   6134   6140   6139
4   6134   6132   6141   6140
4   6142   6149   6147   6145
9   6142   6150   6151   3810   3815   1645   1649   6148   6149
5   6143   6147   6149   6148   6146
4   1659   6146   6148   1649
3   6144   6151   6150
4   4680   5787   6152   4682
6    351    349   6154   6153   5793   5791
4   5787   5793   6153   6152
8   6156   6164   4755   4745   6169   6167   6165   6166
6   6156   6160   6159   6161   6157   6164
6   6156   6166   6158   6163   6162   6160
4   6157   4756   4755   6164
6   6157   6161   6168   6170   4753   4756
3   6158   6166   6165
9   6159   5934   5937   3318   3323   3333   6171   6168   6161
6   6159   6160   6162   6155   5927   5934
8   3321   6169   4745   4753   6170   6171   3333   3322
4   3321   3306   6167   6169
3   6162   6163   6155
3   6168   6171   6170
6   4818   5703   5704   6177   6173   4820
7   4818   4810   6178   6179   6181   5706   5703
4   2305   5706   6181   2302
5   6173   6183   6185   4812   4820
6   6173   6177   2322   2323   6180   6183
7   6174   6178   4810   4812   6185   6184   6176
7   6174   6176   6175   2304   2302   6181   6179
4   2304   6175   6172   2321
5   2321   6172   6182   6180   2323
5   5711   2317   2322   6177   5704
3   5711   2311   2317
5   6175   6176   6184   6182   6172
5   6180   6182   6184   6185   6183
6    334    335   4798     32     52   6186
4    334   6186   2118    312
4   4799    324    336   4529
4   4799   4798    335    324
6   1555   1561     46     31   6115   2516
5   2519   2516   6115   4789   4521
3   1554    290    306
6   4547   4549   6135   6187   5980   5973
3   4547   5973   4545
3   4546   1483   1480
5    258   4465    908    899    262
4   4548   4553    278    279
6   4548    279    262    899    904   4551
4    122    108    250   1478
4   4467   4468   5980   6187
6   4467   6187   6135    907    908   4465
3   4553    270    278
3   4551    904    903
3    250    271   1478
3   6189   6199   6198
5   6189   6190   6193   6188   6199
8   6189   6198   6206   6207   6208   6209   6191   6190
5   6190   6191   6196   6200   6193
5   6192   6197   6208   6207   6214
5   6192   6214   6215   6205   6204
5   6193   6200   6201   6194   6188
6   6194   6201   6212   6211   6202   6195
8   6194   6195   6205   6215   6206   6198   6199   6188
5   6195   6202   6203   6204   6205
5   6196   6213   6212   6201   6200
4   6206   6215   6214   6207
6   2507   6218   6219   6216   6217   2510
7   3592   3576   6249    631    627   6253   6254
4   3592   6254   6242   3590
6   6233   6250   6249   3576   3578   6248
9   6233   6240   6241   6247   6234   6239    643    635   6250
7   6233   6248   6081   6085   6246   6243   6240
7   6234   6247   6246   6085   6087   6244   6235
4   6234   6235   6238   6239
5   6235   6244   6236   6251   6238
6   6236   6252   6253    627    644   6251
7   6236   6244   6087   6090   6237   6245   6252
6   6237   6090   6081   6248   3578   3577
5   6237   3577   3590   6242   6245
5   6238   6251    644    643   6239
4    631   6249   6250    635
3   6240   6243   6241
4   6241   6243   6246   6247
5   6242   6254   6253   6252   6245
8   2234   4677   2352   2368   6261   6256   6257   2213
6   2368   2366   6259   6258   6260   6261
4   6256   6261   6260   6255
3   6259   2366   2350
3   6262   6266   6265
5   6262   6265   1884   1874   6263
10   5641   5642   6067   1885   1884   6265   6266   6267   6268   6264
5   5328   5148   5149   6296   6295
6   5328   6295   6292   3702   2590   2589
3   1843   1837   6294
6   1843   6294   6296   5149   5141   1832
5   1832   5141   3696   3705   1841
5   1845   3681   6288   6289   1833
4   3693   1840   1841   3705
3   3693   1846   1840
3   6288   3681   3697
7   6288   3697   3702   6292   6293   6290   6289
5   1833   6289   6290   6291   1836
3   6290   6293   6291
8   6291   6293   6292   6295   6296   6294   1837   1836
4   6297   6298   6299   6300
4    505   6299   6298    511
6    563     87     96   6301    538    544
6     88   4098    759    750   6301     96
6     88     80    565    175    165   4098
5   4171   4176   6302    166    174
10    760    158    170   6302   4176   2245    537    538   6301    750
3    760    164    158
3    170    166   6302
6   6316   6318   6323   6325   6320   6319
5   6317   6321   6322   6323   6318
3   6320   6325   6324
6   6326   6327   6329   1660   1654   6328
5   2857   2851   2553   2554   6347
7   2353   2343   4060   4059   6349   6351   3053
9   1094   6350   6348   5329   3047   3053   6351   6352   1091
3   6349   6352   6351
4   4963   4961   6370   5501
6   5947   2479   2471   5501   6370   6369
5   1655   1653   6369   6370   4961
6   6372   6371   6373   4001   4006   6374
3   4000   4001   6373
3   4006   4002   6374
6   2600   2598   6377   6378   6382   6383
5   2600   6383   6380   6381   2601
5   6375   6379   6390   6389   6384
5   6375   6377   2598   2602   6379
6   6375   6384   3557   3556   6378   6377
8   3553   6388   6391   6385   6376   6382   6378   3556
8   3553   3557   6384   6389   6386   6387   6392   6388
4   6376   6380   6383   6382
6   6376   6385   6387   6386   6381   6380
4   6379   2602   2597   6390
6   6381   6386   6389   6390   2597   2601
4   6385   6391   6392   6387
3   6388   6392   6391
5    438   6393   6406   6407    434
5    438    439   6397   6395   6393
4    432   6398   6397    439
5    432    455   6401   6402   6398
3    458   6405    457
6    458    434   6407   6404   6394   6405
4   6394   6404   6400   6403
8   6394   6403   6399   6396   6401    455    457   6405
6   6395   6399   6403   6400   6406   6393
6   6395   6397   6398   6402   6396   6399
3   6396   6402   6401
4   6400   6404   6407   6406
4   2920   3161   6413   2924
5   6395   6399   2921   2924   6413
8   6395   6413   3161   3168   6416   6408   6414   6393
4   6409   6400   6406   6415
9   6409   6410   6411   6412   3163   2927   2919   6403   6400
5   6409   6415   6414   6408   6410
4   6410   6408   6416   6411
4   6393   6414   6415   6406
5   6411   6416   3168   3159   6412
3   6412   3159   3163
4   2919   2921   6399   6403
6   6417   6419   6420   6421   5133   5131
4   6418   4586   4583   6422
5   6421   6422   4583   4582   5133
6   6423   6424   5142   4569   4592   6425
5   6427   6426   6428   6436   6429
5   6427   2468   2455   4410   6426
7   6427   6429   6432   6433   6430   2467   2468
4   4411   6431   6434   4413
5   4411   4415   6430   6433   6431
3   6428   6435   6436
5   6428   6426   4410   4408   6435
7   6429   6436   6435   4408   4413   6434   6432
4   6430   4415   2453   2467
4   6431   6433   6432   6434
7   6438   6437   6444   6441   2214   2224   6439
4   6440   6441   6444   6443
5   6440   6442   2238   2214   6441
4   6445   6447   6450   6446
4   6446   6450   6449   6457
8   4825   6458   6459   6453   6455   1012   1019   3233
9   6447   6451   6460   6461   6454   6455   6453   6449   6450
4   6448   6452   6460   6451
5   6449   6453   6459   6456   6457
3   6452   6461   6460
5   3227   1018   1012   6455   6454
3   6456   6459   6458
3   6462   6474   6473
4   6462   6467   6466   6474
6   6462   6473   2175   2170   6464   6467
5   6463   6465   6468   6472   6471
6   6464   2170   2182   6469   6472   6468
4   6469   2182   2168   6470
3   6475   6477   6476
4   4577   6482   1639   1626
7   4577   4575   6480   6066   6063   6481   6482
5   1636   1635   6478   6481   6063
5   6478   1625   1639   6482   6481
3   6478   1635   1625
5   1879   6066   6480   6479   1872
5   4581   1634   1631   1872   6479
4   4581   6479   6480   4575
5   6483   6484   6485   3369   3363
7   2411   6493   6494   3285   3277   6497   2416
5   3266   6495   6496   6497   3277
6   3266   3261   6490   2400   2401   6495
3   6491   2407   2404
5   6492   6490   3261   3275   6498
4   2415   2416   6497   6496
4   2415   6496   6495   2401
7   2596   2593   6512   6510   6509   6511   6508
3   2591   6512   2593
5   6507   6509   6510   6506   6513
7   3554   3543   6388   6391   2637   2644   6523
4   3554   6523   5889   3551
4   6514   6515   6382   6378
9   6514   6516   6518   6529   6530   6527   6533   6526   6515
7   6514   6378   3556   3559   5896   6522   6516
6   6385   6525   6531   2635   2637   6391
3   6385   6376   6525
7   6515   6526   6532   6531   6525   6376   6382
6   6516   6522   6517   6520   6534   6518
9   6517   6522   5896   5889   6523   2644   2632   6519   6521
3   6517   6521   6520
5   2646   6530   6529   6524   2629
5   2646   2630   6528   6527   6530
5   6518   6534   6535   6524   6529
5   6519   6535   6534   6520   6521
5   6519   2632   2629   6524   6535
3   3553   6388   3543
3   6526   6533   6532
7   6527   6528   2638   2635   6531   6532   6533
3   2630   2638   6528
4   6545   6552   6559   6558
6   6545   6563   6548   6555   6554   6552
6   6545   6558   6546   6547   6562   6563
5   6546   6558   6559   6551   6550
7   6546   6550   1924   1926   6557   6560   6547
6   1924   6550   6551   6553   1167   1166
5   6547   6560   6561   6556   6562
4   6548   6563   6562   6556
5   6548   6556   6561   6549   6555
6   6549   1168   1167   6553   6554   6555
7   6549   6561   6560   6557   1925   1169   1168
5   6551   6559   6552   6554   6553
3   1926   1925   6557
5   6565   6573   6239    643    630
6   6565   6566   6589   6590   6569   6573
6   6565    630    634   6582   6591   6566
9   6241   6567   6576   6578   6585   6579   6574   6572   6240
4   6241   6247   6577   6567
6   6233   6572   6574   6575   6571   6250
3   6233   6240   6572
7   6250   6571   6570   6592   6582    634    635
6   6567   6577   6580   6569   6590   6576
5   6568   6578   6576   6590   6589
6   6568   6587   6581   6586   6585   6578
5   6569   6580   6234   6239   6573
7   6570   6571   6575   6564   6583   6584   6588
4   6574   6579   6564   6575
4   6577   6247   6234   6580
5   6579   6585   6586   6583   6564
4   6581   6584   6583   6586
5   6593   6594   6599   6598   6597
6   6593   1261   1260   6596   6595   6594
5   6593   6597   3023   1246   1261
5   6601   1247    200    203   6604
6   6601   6605   6606   6609   1240   1247
8   6601   6604   6603   3337   3339   6608   6600   6605
9   6602   3340   3338    198    206   1238   6609   6606   6607
4   3337   6603    201    204
4    201   6603   6604    203
3    198   3338    199
3   1240   6609   1238
4   6605   6600   6607   6606
4   6071   6612   6614   6070
4   6610   6615   2018   2017
6   6611   6613   6614   6612   2724   2723
4   6628   6638   5491   5493
5   6629   6631   6195   6202   6634
4   6629   1525   1524   6631
5   6629   6634   6627   1530   1525
6   1516   6635   6205   6195   6631   1524
6   1516   1515   6630   3773   3777   6635
3   6630   1515   1529
6   6630   1529   1528   6637   3775   3773
7   3777   3771   5491   6638   6204   6205   6635
4   6636   3788   3775   6637
6   3995   3996   6640   3627   3628   6639
5   6641   6319   6320   6648   6646
8   6642   6645   6647   6648   6320   6324   6644   6643
3   6646   6648   6647
4   6650   6656   6657   6654
7   6650   6663   6652   6661   5104   5115   6656
6   6650   6654   6649   6653   6662   6663
6   6651   6655    947    929   5105   6660
5   6651   6658   6653   6649   6655
6   6651   6660   6661   6652   6659   6658
4   6652   6663   6662   6659
5    948   6657   6656   5115    928
6    948    947   6655   6649   6654   6657
4   6653   6658   6659   6662
4   5104   6661   6660   5105
5   3186   3187   6676   6673   6671
5   3186   6671   6666   6664   3180
6   6665   6670   6668   6669   6667   6672
6   6665   6675   6676   3187   3183   6670
6   1133   3180   6664   2218   2209   1123
5   1126   1127   6668   6670   3183
7   6666   6674   6667   6669   2239   2218   6664
4   6666   6671   6673   6674
6   2209   2239   6669   6668   1127   1123
6   6667   6674   6673   6676   6675   6672
4   6682   6692   5794   5779
7   6682   6030   6041   6681   6683   6691   6692
7   6682   5779   5792   6690   6687   6022   6030
7   6041   6038   6684   6688   6685   6686   6681
7   6683   6686   6685   6689   6687   6690   6691
3   6683   6681   6686
6   6026   6022   6687   6689   6688   6684
3   6026   6684   6038
3   6685   6688   6689
5   6690   5792   5794   6692   6691
6   5190   5182   6694   6693   6701   5496
5   6693   6700   6699   6697   6701
7   6693   6694   6703   6704   6702   6695   6700
6   6694   5182   5183   6705   6706   6703
5   5500   5496   6701   6697   6698
3   5500   6698   5502
4   6695   6696   6699   6700
5   6695   6702   5508   5507   6696
6   6696   5507   5502   6698   6697   6699
6   5504   5508   6702   6704   6706   6705
4   5504   6705   5183   5191
3   6703   6706   6704
5   4471   3565   1100    752    751
5   2699   2677    387    386   6720
6   2699   6720   6724   6721   6722   2673
4    502   2674   2676    507
8    502    500   6723   6727    364    387   2677   2674
5   6720    386    385   2754   6724
9   6721   6724   2754   2733   6726   6728   3148   3121   4178
5   6721   4178   3127   3125   6722
4    500    509   6725   6723
4   5993   5984   3136   3135
6   5993   3135   3145   6728   6726   5994
4    364   6727   2739    380
6    507   2676   2673   6722   3125    499
3   3148   6728   3145
7   6723   6725   5992   5985   2736   2739   6727
6   6725    509    513   3136   5984   5992
5   6726   2733   2736   5985   5994
4   5126   6729   6730   5128
6   5153   5160   5624   6730   6729   5435
4   6732   6731   3439   3435
5   6732   6734   6739   6735   6731
9   6732   3435   1311   1306   6737   6740   6745   6743   6734
5   6733   6735   6739   6738   6742
5   6734   6743   6736   6738   6739
4   6736   6743   6745   6744
4   6736   6744   6742   6738
6   4717   4714   6753   6747   3580   3575
5   4717   3575   3574   6749   4719
4   3255   6748   6752   3248
6   3255   3256   6755   2157   2151   6748
4   6746   6755   3256   3252
8   6746   4715   4719   6749   6750   2129   2157   6755
6   6746   3252   3247   6751   4718   4715
5   6747   2142   2160   3579   3580
7   6747   6753   6754   6752   6748   2151   2142
5   4718   6751   6754   6753   4714
5   2129   6750   3584   3573   2123
4   6749   3574   3584   6750
5   6751   3247   3248   6752   6754
4   6756   6761   6760   6758
6   6757   6758   6760   6321   6317   6759
5    446    451   6772   3021   3009
3    455   6401    459
5    451    433   6769   6771   6772
4   6769    433    454   6770
9   6769   6770    461    459   6401   6402   3017   3010   6771
4   6402   6398   3007   3017
4   3007   6398    432    436
3   6770    454    461
6   6788   6792   6791   6671   6673   6793
7   6788   1472   1464   2024   2023   6790   6792
6   6788   6793   6794   6795   1458   1472
4   6674   6794   6793   6673
8   6674   6666   6789   2221   1463   1475   6795   6794
6   6789   1384   1383   2016   2216   2221
8   6789   6666   6671   6791   6796   2022   1376   1384
4   6790   2023   2022   6796
4   6790   6796   6791   6792
5   1464   1468   2216   2016   2024
3   1475   1458   6795
3   2173   6797   2185
4   6798   6804   6805   6799
6   6798   6801   6807   6802   6811   6804
6   6798   6799   2560   2583   3689   6801
8   6799   6805   6806   5907   5916   6809   2559   2560
5   5905   6810   6803   6809   5916
7   5905   5919   6800   6802   6807   6808   6810
4   6800   6812   6811   6802
5   6800   5919   5907   6806   6812
7   6801   3689   2582   2581   6813   6808   6807
5   6803   6813   2581   2559   6809
4   6803   6810   6808   6813
5   6804   6811   6812   6806   6805
4   6815   6822   6821   6816
7   6815   6824   6825   6814   2834   2833   6822
7   6815   6816   6819   6244   6236   6823   6824
5   6816   6821   6818   6820   6819
4   6238   6827   6826   6251
6   6238   6235   6820   6818   6817   6827
6   6817   2830   2834   6814   6826   6827
6   6817   6818   6821   6822   2833   2830
4   6244   6819   6820   6235
3   6823   6825   6824
6   6823   6236   6251   6826   6814   6825
4   6828   1883   1872   6479
6   6828   6830   4795   4796   1880   1883
5   6828   6479   4581   4580   6830
6   4586   1633   1623   6831   6829   6418
4   6829   6831   4801   4800
5   6829   4800   4794   6422   6418
6   4794   4795   6830   4580   4583   6422
6   1623   1622   1880   4796   4801   6831
4   5278   3955   3956   6846
6   5278   6846   6844   6847   3935   3939
6   3956   3958   4341   6845   6844   6846
5   6849   6850   6852   6853   6851
4   4537   4536   6854   6855
8   4537   6855   6686   6683   3755   3395   3389   4534
5   3755   6683   6681   3409   3398
3   3405   4534   3389
7   6854   6856   3397   3409   6681   6686   6855
4   6854   4536   4532   6856
4   3406   3397   6856   4532
4    912    913   6877   6880
6    912   6880   6872   6874   6879    909
6   6872   5473   5468   6878   6881   6874
9   6872   6880   6877   6884   6888   6886   6889   5471   5473
6   6873   5467   5471   6889   2093   2092
4   6873   6883   5465   5467
10   6873   2092   2084   6876   6871   6885    916    926   6882   6883
3   6874   6881   6879
4    913    910   6884   6877
4   6875   6882    926    922
6   6875   6878   5468   5465   6883   6882
6   6875    922    909   6879   6881   6878
5   6876   6886   6888   6887   6871
5   6876   2084   2093   6889   6886
6    916   6885   6887   6888   6884    910
3   6885   6871   6887
5    716   6890   6891   1745    717
3   5753   5760   6922
8   5753   6922   6921   6919   6917   6914   2162   2161
11   2962   2961   6925   6579   6564   6913   6918   6920   6923   6924   3074
3   3649   3587   3588
7   3651   6575   6574   6915   6926   3570   3572
6   3651   3656   6916   6913   6564   6575
5   2966   2956   3074   6924   5758
4   3655   2128   2162   6914
5   3655   6914   6917   6916   3656
4   6915   6574   6579   6925
5   6915   6925   2961   2965   6926
5   6916   6917   6919   6918   6913
5   3568   3570   6926   2965   2964
4   5758   6924   6923   5759
4   6918   6919   6921   6920
6   6920   6921   6922   5760   5759   6923
5   6927   6931   6932   6928   6929
4   6928   6932   6933   6930
5   6931   6934   6935   6933   6932
5   2129   2126   6936   6937   6750
6   3543   6388   6392   6941   6938   3541
6   6391   2637   2636   4981   6941   6392
5   6940   6938   6941   4981   4979
5   3552   6232   6228   6523   3554
4   6224   6227   2648   2647
5   6224   2647   2644   6523   6228
6   5174   5173   6945   6947   6942   6943
4   6944   6946   6947   6945
4   4772   6956   1222   1210
6   2430   2438   2180   2190   1209   1223
7   4296   4300   2188   2180   2438   2427   6948
4   6948   2427   2434   6950
5   4300   4306   6955   2189   2188
4   4306   4304   4769   6955
6   1216   1209   2190   2189   6955   4769
8   6966   1208   1212   4318   6969   6970   6968   6965
4   6966   4194   1221   1208
8   6966   6965    145    129   6967    598    591   4194
3    598   6967    590
7    146   6968   6970    593    590   6967    129
4    146    145   6965   6968
4   4318    599    605   6969
4   6969    605    593   6970
5   6972   6973   6980   6978   6975
6   6972   5658   5669   6982   6971   6973
4   6972   6975   5649   5658
6   6973   6971   6976   6977   6981   6980
5   6974   6979   6978   6980   6981
6   6974   6977   6976   5666   5664   6979
3   6974   6981   6977
3   5661   6982   5669
5   5661   5666   6976   6971   6982
5   6975   6978   6979   5664   5649
5   5856   6984   6983   6985   5859
4   5859   6985   4346   4343
7   3821   3829   7013   7008   3303   3299   7005
4   3821   7005   2005   1993
4   7000   7008   7013   7001
8   7000   7007   7012   7011   7009   3304   3303   7008
5   7000   7001   7002   7006   7007
7   5634   2004   2014   7010   7009   7011   5750
6   5742   5745   7006   7002   7003   6121
6   1988    637    638   6123   7004   3830
7   3830   7004   7003   7002   7001   7013   3829
7   3299   3304   7009   7010   2006   2005   7005
4   6121   7003   7004   6123
5   7006   5745   5748   7012   7007
4   5750   7011   7012   5748
3   2014   2006   7010
5   6470   7015   5463   2169   2168
6   6470   6469   7021   7022   7017   7015
6   2172   5467   6873   2085   2082   2186
4   7014   7022   7021   7016
8   7014   7020   7019   6883   5465   5466   7017   7022
6   7014   7016   7018   2431   2440   7020
4   2431   7018   2191   2174
6   6469   2182   2191   7018   7016   7021
4   7015   7017   5466   5463
5   2076   2095   7019   7020   2440
5   2095   2085   6873   6883   7019
4   7023   7031   7032   7027
7   7023   7026   7030   7028   7029   7033   7031
5   7023   7027   3167   3160   7026
4   7024   7025   2910   2906
4   7024   7029   7028   7025
6   7024   2906   2907   5647   7033   7029
4   2913   2914   2979   2975
5   2913   2975   2978   5644   2917
6   7025   7028   7030   3162   2903   2910
4   7026   3160   3162   7030
7   7027   7032   5648   5644   2978   2981   3167
5   5647   5648   7032   7031   7033
4   6807   7035   7038   6802
4   6807   6808   7034   7035
8   6808   6810   5901   5902   7037   7039   7040   7034
7   7034   7040   7036   5908   5904   7038   7035
3   6810   5905   5901
5   5908   7036   7039   7037   5903
3   7036   7040   7039
3   7037   5902   5903
3   5919   6800   5918
5   6802   7038   5904   5918   6800
4   5013   2195   2196   7041
8   5013   7041   2205   2207   7053   7047   7055   5019
3   2205   7041   2196
7   2203   5024   7045   7046   6532   6526   2204
5   7042   7044   5017   5019   7055
3   7042   7043   7044
10   7042   7055   7047   7054   6533   6532   7046   7049   7048   7043
8   7043   7048   7051   7052   7050   5021   5017   7044
5   7045   7052   7051   7049   7046
5   7045   5024   5022   7050   7052
3   5022   5021   7050
5   7047   7053   2208   2201   7054
5   2204   6526   6533   7054   2201
3   7048   7049   7051
3   7053   2207   2208
9   7056   7057    847    845   5362   7065   7066   7067   7059
4   2991   2997   7058   7060
5   3005   2998   7063    822    844
6   3005    844    843   7064   7058   2997
6   7057   7060   7058   7064    818    847
7   7059   7067   7061   7063   2998   2985   7062
3   7061   7067   7066
6   7061   7066   7065    830    822   7063
3   7064    843    818
4   7065   5362    819    830
4   7069   7068   7070   7076
9   7069   7077   7075   7079   7081   7073   7083   7082   7068
5   7069   7076   1503   1501   7077
8   1503   7076   7070   7074   7072   2027   2032   1507
5   7070   7068   7082   7084   7074
5   7071   1505   1507   2032   2026
7   7071   7080   7081   7079   7078   1499   1505
8   7071   2026   2027   7072   7085   7083   7073   7080
4   7072   7074   7084   7085
5   1501   1499   7078   7075   7077
3   7073   7081   7080
3   7075   7078   7079
4   7082   7083   7085   7084
4   1780   7086   6091   1778
4   7087   7088   5764   5761
8   7089   7090   7092   3965   3960   7091   4048   4042
5   5846   4007   3662   3664   5841
7   5846   5840   7093   7098   6373   4000   4007
4   4005   7095   7097   4013
10   4005   4001   6373   7098   5844   5845   7094   7102   7103   7095
11   7094   5838   4291   4273   7101   3665   3668   7100   7099   7096   7102
3   7094   5845   5838
6   4013   7097   7099   7100   3666   3670
5   7095   7103   7096   7099   7097
6   3665   7101   4276   4278   5841   3664
3   3666   7100   3668
3   7096   7103   7102
3   5840   5836   7093
4   5836   5844   7098   7093
3   7101   4273   4276
6   7104   7107   1280   1272   7106   7105
6   4508   7111   7112   7117   7109   4513
6   4508   4510   7113   7108   7118   7111
3   7108   7119   7118
8   7108   7113   7114   7115   7116   7117   7112   7119
3   7109   7117   7116
6   7109   7116   7115   7110   4512   4513
5   4510   4354   4355   7114   7113
4   7110   4358   4353   4512
5   7110   7115   7114   4355   4358
4   7111   7118   7119   7112
6   7121   7120    918    911   7128   7126
4   7121   7125   7123   7120
6   7121   7126   7129   7127   7124   7125
5   7122   7127   7129   6884   6877
6   7126   7128    917    910   6884   7129
3    911    917   7128
4   7131   6186    334    319
7   7131    319    335   4798   4790   7133   7134
5     35   7138   7137   4788     43
7   4790   4791   7136   7130   7132   7135   7133
3   4784   7136   4791
5   4784   4788   7137   7130   7136
3   7133   7135   7134
6   4879   4880   7142   7143   7140   7141
3   4879   7141   4874
4   7145   7144   7165   7164
6   7145   7146   7167   7163   7158   7144
5   7145   7164   7162   7161   7146
8   7146   7161   7154   7155   7150   7159   7166   7167
4   7147   7156   7166   7159
5   7147   7151   7158   7163   7156
8   7147   7159   7150   7149   7153   7152   7157   7151
5   7148   7160   7154   7161   7162
4   7148   7152   7153   7160
6   7148   7162   7164   7165   7157   7152
3   7149   7150   7155
5   7149   7155   7154   7160   7153
5   7151   7157   7165   7144   7158
4   7156   7163   7167   7166
3    148   1571    144
5   4727   5596   1569   1568   4726
5    131    139   5600   7168   1740
4   6089   7172   1781   1777
8   6089   6088   6093   7169   7173   7170   7171   7172
4   6820   6818   7176   7175
5   6820   7175   6580   6234   6235
5   6238   6239   6573   7178   6827
5   6818   6817   7174   7179   7176
5   6817   6827   7178   7177   7174
4   7174   7177   7180   7179
5   6569   7180   7177   7178   6573
6   6569   6580   7175   7176   7179   7180
4   7182   7181   7183   7184
5   7183   7186   7187   7185   7184
3   7204   7214   7203
5   7204   7205   7218   7219   7214
8   7204   7203   7217   7215    182    191   4225   7205
5    176   7210   7211   7212    193
6    176    182   7215   6073   6076   7210
6   7205   4225   4234   7213   7209   7218
4   6075   7211   7210   6076
10   6075   6074   7208   7221   7206   3458   3455   7220   7212   7211
7   6078   7217   7203   7214   7219   7216   6072
4   6078   6073   7215   7217
5   7206   7221   7222   7209   7213
6   7206   7213   4234   3713   3459   3458
4   7207   7222   7221   7208
6   7207   7216   7219   7218   7209   7222
5   7207   7208   6074   6072   7216
5    192    193   7212   7220   3730
4   3455   3457   3730   7220
7   3105   7230   7227   7235   7236   7226   3103
4   3105   3108   7232   7230
6   3103   7226   7234   7233   7223   3100
5   7224   7229   7235   7227   7231
5   7224   7225   7223   7233   7229
4   7224   7231   7228   7225
6   7225   7228   7232   3108   3100   7223
3   7226   7236   7234
5   7227   7230   7232   7228   7231
5   7229   7233   7234   7236   7235
6   7238   7237   5852   2890   2901   7239
6   7238   7224   7231    534    542   7237
4   7238   7239   7225   7224
6    540   7240   5855   5852   7237    542
6    540    534   7231   7228   7241   7240
7   7228   7225   7239   2901   2900   4271   7241
5   4268   5855   7240   7241   4271
7   7242   1952   1936   7248   2779   2769   4319
6   7242   7244   7249   7245   1942   1952
5   7242   4319   4310   7247   7244
5   4310   1219   1218   7250   7247
4   7244   7247   7250   7249
6   4767   7245   7249   7250   1218   1229
4   4767   1941   1942   7245
7   1933   7246   7251   2788   2779   7248   1937
3   1936   1937   7248
5   3942   3945   7265   7261   5277
5   7260   7263   7264   3122   3133
5   7260   7262   7261   7265   7263
5   7260   3133    506    504   7262
7   7261   7262    504    507   2676   2678   5277
5   6846   5278   2683   2673   6722
7   6846   6722   3125   3122   7264   3954   3956
5   3954   7264   7263   7265   3945
4   1174   1179   5363   5361
5   1174   5361   5292   5276   1186
6    811    830   7065   7272   7266   5358
6   5358   7266   7268   7270   7267   5357
5   7266   7272   7271   7269   7268
5   7267   7270   5291   5293   5360
3   7267   5360   5357
5   7268   7269   5290   5291   7270
7   1179   1180   7271   7272   7065   5362   5363
6   7269   7271   1180   1186   5276   5290
5   7282   7284   7283   7285   7286
4   4147   7290   7295   4149
7   4147    247    250   1478   1495   7287   7290
5    103    121   7289   7293   1479
6   7287   1495   1479   7293   7292   7288
6   7287   7288   7291   7294   7295   7290
3   7288   7292   7291
4   2377   7289    121    124
8   2377   2373   6101   7294   7291   7292   7293   7289
5   4148   4149   7295   7294   6101
6   7297   7314   7306   7121   7125   7311
8   7297   7299   7298   7308   7309   7310   7307   7314
4   7297   7311   7296   7299
4   7298   6521   6519   7308
6   7298   7299   7296   7301   6520   6521
6   6519   6535   7305   7300   7309   7308
5   7120   7313   7303   7312   7123
8   7120   7121   7306   7307   7310   7300   7305   7313
3   7300   7310   7309
7   7301   7296   7311   7125   7123   7312   7302
5   7301   7302   7304   6534   6520
4   7302   7312   7303   7304
6   7303   7313   7305   6535   6534   7304
3   7306   7314   7307
6   7316   5754   5755   7318   7323   7324
4   7316   7322   5756   5754
4   7317   7321   7326   7325
5   5755   5757   7319   7315   7318
5   7319   5757   2148   2150   7320
5   7320   2150   2149   7326   7321
3   7327   7328   7329
8   3629   3631   7088   7087   7332   7334   3739   3740
7   7331   7330   7335   7336   7333   7334   7332
4   3736   3739   7334   7333
4   5171   5178   7338   7337
4   7340   7348   3402   3403
8   7340   7349   7351   7352   7358   7359   7360   7348
5   7340   3403   3401   7350   7349
6   7341   7342   7360   7359   7357   7355
3   7341   7356   7342
4   7341   7355   7339   7356
9   7342   7356   7339   7344   7345   3390   3402   7348   7360
9   5244   5242   6536   6544   3399   3390   7345   7346   7354
5   3399   6544   6537   7350   3401
4   7343   7347   7352   7351
6   7343   7351   7349   7350   6537   6542
3   7344   7346   7345
10   7344   7339   7355   7357   7358   7352   7347   7353   7354   7346
3   7357   7359   7358
3   7362   7378   7377
8   7362   7371   7032   7027   7365   7374   7361   7378
5   7362   7377   7373   7372   7371
5   7031   4289   4288   7369   7023
6   7031   7032   7371   7372   4283   4289
8   7363   7370   7373   7377   7378   7361   7375   7376
5   7363   7368   4287   4286   7370
5   7363   7376   7366   7379   7368
6   7364   7365   7027   7023   7369   7367
6   7364   7366   7376   7375   7374   7365
4   7364   7367   7379   7366
6   7367   7369   4288   4287   7368   7379
5   7370   4286   4283   7372   7373
3   7374   7375   7361
5   7284   6831   1623   1630   7282
6   7284   7283   4524   4528   4801   6831
5   4524   7283   7285   7380   4522
5   4796   4799    324    325   1880
4    304   1871    333    305
8    304    300   7380   7285   7286   1641   1642   1871
4   7286   7282   1630   1641
4   7380    300    287   4522
4   2553   2536   2858   2851
7   1892   7395   2538   2554   6347   1614   1615
8   1892   1602   1601   2854   7396   7394   7397   7395
5   7393   7392   2855   2828   2843
4   7393   7394   7396   7392
5   7393   2843   2826   7397   7394
4   2855   7392   7396   2854
4   2839   2858   2536   2557
4   1614   6347   2857   1611
5   7395   7397   2826   2532   2538
3    169     66     68
8   4625   4630   7400   7399   7403   7398   7402   7401
5   7404   3563   3564   1589   1590
3   7406   7419   7418
7   7406   7409   7411   7421   7408   7410   7419
7   7406   7418   7407   7405   7416   7417   7409
8   3743   7420   7421   7411   3993   3989   7412   3744
9   3743   3742   6597   6593   7405   7407   7410   7408   7420
4   7407   7418   7419   7410
3   7408   7421   7420
5   7409   7417   3983   3993   7411
6   7412   3989   3990   7415   7414   7413
4   7412   7413   3741   3744
6   3741   7413   7414   6598   6597   3742
4   3983   7417   7416   3992
6   3991   3992   7416   7405   6593   6594
5   3991   6594   6599   7415   3990
4   7414   7415   6599   6598
3   7423   7424   7422
6   7435   7436   7440   7444   7443   7437
6   7438   7443   7444   7439   7441   7442
6   6157   6164   7447   7454   7445   7459
6   6157   7459   7460   7452   7458   6161
3   7445   7460   7459
7   7445   7454   7456   7457   7450   7452   7460
5   7446   7453   7455   7457   7456
5   7446   7447   6164   6156   7453
4   7446   7456   7454   7447
5   6160   7449   7455   7453   6156
5   6160   6159   7448   7451   7449
4   6159   6161   7458   7448
5   7448   7458   7452   7450   7451
5   7449   7451   7450   7457   7455
6    112    114   5977   7473   7474   7472
4   2414   7476   7483   2397
6   2414   2413   7478   7479   7480   7476
4   7475   4068   4062   7481
10   7475   3197    781    782   7483   7476   7480   7477   4064   4068
6   7475   7481   5044   5036   3198   3197
5   6359   7477   7480   7479   6354
5   6359   6365   4074   4064   7477
6   5035   5044   7481   4062   4071   7485
5   2413   2409   7484   7482   7478
8    782    784   5045   5051   7484   2409   2397   7483
3   4073   7485   4071
6   6354   7479   7478   7482   5054   5055
4   5051   5054   7482   7484
5    761   3198   5036   5045    784
4   3414   3415   3707   3708
5    502    501   7486   2696   2674
4    382    387   2677   2675
8   7487   7492   2798   2796   7490   7491   7488   7489
5   6493   7490   2796   2795   6494
6   1881    314    320   7494   3195   3185
4    311   1886   7495    328
4    320    319   7131   7494
7   4440    588    310    328   7495   3193   3178
5   7495   1886   1882   3194   3193
5   7496   7501   4560   4561   7497
5   7497   4561   4565   7500   7499
4   4563   7498   7500   4565
7   7237    539    533   2252   7504   7502   7238
5   7237   5852   5851    556    539
4   7239   7503   2893   2901
4   7239   7238   7502   7503
5   2252   2250   2932   2930   7504
7   7502   7504   2930   2940   2896   2893   7503
5   3068   3056   7505   7506   4357
4   7508   7522   7520   7521
6   7508   7519   7518   7510   7507   7522
4   7508   7521   7512   7519
6   7509   7511   7524   7513   7525   7526
5   7509   7517   7527   7515   7511
6   7509   7526   7520   7522   7507   7517
5   7510   7528   7527   7517   7507
5   7510   7518   7514   7516   7528
6   7511   7515   7516   7514   7523   7524
7   7512   7525   7513   7523   7514   7518   7519
5   7512   7521   7520   7526   7525
3   7513   7524   7523
4   7515   7527   7528   7516
3     71     82   7531
6     71   7531   7530   7529   4203     74
6    390   5969   7530   7531     82     89
5   1904   4203   7529   5970   1915
4   7529   7530   5969   5970
4   7532   7535   7544   7546
6   7532   7538   7540   1072   1069   7535
10   7532   7546   7545   5494   5488   7533   7534   7536   7539   7538
4   7533   5812   5815   7534
8   1069   1057   7547   5626   3506   3505   7544   7535
7   5824   5823   5635   5626   7547   1085   1087
6   5824   1087   1088   7543   7541   5814
7   1072   7540   7537   7542   7541   7543   1082
3   1088   1082   7543
6   5815   5814   7541   7542   7536   7534
4   7536   7542   7537   7539
3   1085   7547   1057
4   7537   7540   7538   7539
5   7544   3505   3488   7545   7546
4   3488   3483   5494   7545
3   7548   7553   7552
5   7548   7552   7551   7550   7549
3   6609   7555   6606
5   6609   1240   1243   7554   7555
8   7554   1243   1242   3200   1401   1400   7475   7481
7   7554   7481   5044   5033   6605   6606   7555
7   1242   1247   6601   5039   5036   3198   3200
4   5039   6601   6605   5033
4   3197   7475   1400   1387
6   7025   7560   4814   4802   2904   2910
5   7025   7028   7557   7559   7560
3   2915   2904   4802
7   4805   7556   7558   7030   3162   3170   4804
5   4805   4814   7560   7559   7556
4   7556   7559   7557   7558
4   7557   7028   7030   7558
5   3170   3161   6413   4811   4804
4   6413   2924   2925   4811
6   3235   7563   5979   5974   1024   1022
7   7561   7562   7564   1020   1014   5978   5975
5   1016   1020   7564   4823   3231
4   5978   1014   1024   5974
5   6701   6697   7575   7571   7567
6   6701   7567   7572   5186   5181   5496
4   7565   5499   5188   5187
6   7565   7568   7569   7573   5498   5499
6   7565   5187   5186   7572   7570   7568
5   7566   7570   7572   7567   7571
4   7566   7569   7568   7570
6   7566   7571   7575   7574   7573   7569
5   5498   7573   7574   6698   5500
4   7574   7575   6697   6698
5   7577   7584   7583   7585   7576
6   7577    902    901   6134   7582   7584
5   7577   7576   4550    900    902
6   6140   7579   7578   7580   7582   6134
5   6140   6139   1537   1527   7579
6   4550   7576   7585   7586    999   1000
4   1536   1537   6139   4554
4   1517    995    994   1518
6   1527   1518    994    997   7578   7579
6   7578    997    999   7586   7581   7580
5   7580   7581   7583   7584   7582
4   7581   7586   7585   7583
4   7587   4187   4191   7595
6   7587   7591   3301   3292   4183   4187
7   7587   7595   7598   3497   3499   7589   7591
6   3301   7591   7589   7592   7593   3302
4   7588   4180   4181   7594
7   7588   7597   5082   5085   7599   4192   4180
6   7588   7594   7593   7592   7596   7597
7   7589   3499   3498   7590   7601   7596   7592
7   7590   3498   3497   7598   7603   7600   7602
3   7590   7602   7601
6   7593   7594   4181   4183   3292   3302
6   7595   4191   4192   7599   7603   7598
7   7596   7601   7602   7600   5080   5082   7597
5   7599   5085   5080   7600   7603
6   7149   7150   7605   6890    716    720
5   7606   7607   6974   6977   7610
4   7606   7608   7609   7607
6   7606   7610   7611   5667   5668   7608
4   7607   7609   6979   6974
4   6976   7611   7610   6977
4   6976   5666   5667   7611
5   7608   5668   5664   6979   7609
10   5856   6984   7619   7622   7623   7624   7620   7621   7616   5857
4   3218   3226   7622   7619
7   3218   7619   6984   6983   1079   1064   3225
4   6983   6985   1074   1079
9   6985   5859   5858   2370   2380   7617   7543   1082   1074
9   7612   7618    113    119   2370   5858   5857   7616   7615
4   7612   7537   7542   7618
8   7612   7615   7614   7620   7624   7613   7540   7537
3   7613   7624   7623
8   7613   7623   7622   3226   3225   1064   1072   7540
3   7614   7621   7620
4   7614   7615   7616   7621
7    118    113   7618   7542   7541   7617   2380
3   7617   7541   7543
5   6547   7626   7625   7629   6560
4   6547   6546   7627   7626
6   6550   7628   7205   7218   7627   6546
3   7205   7628   7204
7   7325   7630   5071   4607   4606   7631   7317
6   7633   7632   7640   7637   7636   7634
6   7635   7643   7639   7640   7632   7638
5   7637   7640   7639   7642   7641
5   7644   7661   7659   7652   7650
4   7644   7646   7651   7661
4   7644   7650   7655   7646
7   7645   7659   7661   7651   7649   7647   7660
6   7645   5212   5216   7653   7652   7659
4   7645   7660   5222   5212
5   7646   7655   7654   7649   7651
5   7647   7658   5229   5222   7660
7   7647   7649   7654   7656   7657   7662   7658
6   7648   7653   5216   5221   7662   7657
7   7648   7656   7654   7655   7650   7652   7653
4   7658   7662   5221   5229
8   7664   7666   6969    605    604   7670   7665   7668
6   7664   5587   5593   7663   7669   7666
4   7664   7668   5586   5587
4   5582   7665   7670   5580
4   5582   5586   7668   7665
5   7666   7669   7667   6970   6969
8   7667    152    151   5580   7670    604    593   6970
6   7667   7669   7663   5592    150    152
3   5592   7663   5593
4   7671   7672   4735   4732
6   7673   7350   7349   2446   2444   3237
8   7673   5790   5788   7676   7675   3407   3401   7350
5   7673   3237   3239   5789   5790
5   3407   7675   7674   7678   3408
7   2459   2461   4410   6426   7679   7677   3240
4   7349   7340   2457   2446
8   5788   5784   7679   6426   6427   7678   7674   7676
3   7674   7675   7676
7   2468   2457   7340   3403   3408   7678   6427
5   5789   3239   3240   7677   5785
4   5785   7677   7679   5784
6   7680   7681   1327   1333   7683   7682
5   1333   1338   7684   7687   7683
5    939   5098   7687   7684    936
7    937    936   7684   1338   1323   7685   7686
5   7682   7683   7687   5098   5096
5   5661   5656   7691   7690   6982
7   7611   6976   6971   7689   4077   4083   7692
6   7611   7692   5403   5407   5651   5667
7   3124   5409   4084   4078   7688   7693   3129
5   4083   4084   5409   5403   7692
5   7688   7691   5656   5657   7693
6   7688   4078   4077   7689   7690   7691
6   5407   3126   3129   7693   5657   5651
4   7689   6971   6982   7690
4   7694   7124   7125   7311
6   7694   7696   7699   7695   7127   7124
5   7694   7311   7297   7697   7696
4   7695   7701   7129   7127
5   7695   7699   7700   7698   7701
4   7696   7697   7700   7699
5   7314   7698   7700   7697   7297
6   7314   7306   7126   7129   7701   7698
3   7306   7121   7126
6   3654   6122   6121   7003   7705   3660
4    629   6120   6582    634
7   6250   6571   3652   3660   7705   7703   6249
6   7702   7704   3659   3652   6571   6570
6   6123    636    631   6249   7703   7004
4   7703   7705   7003   7004
6   7706   7709   7707   6937   6936   7708
6   1659   1660   6329   7710   7711   6146
3   6143   6146   7711
5   6419   6417   7712   7713   7714
4   1830   1835   7713   7712
3   6423   7715   6424
4   7717   6552   6554   7716
7   7717   7720   7723   4222   4233   6559   6552
6   7717   7716   7719   7721   7724   7720
5   6559   4233   4226   7718   6551
6   3528   7722   6553   6551   7718   3530
5   3528   3534   7721   7719   7722
5   4226   4227   3535   3530   7718
7   4227   4222   7723   7724   7721   3534   3535
5   7719   7716   6554   6553   7722
3   7720   7724   7723
7   3723   3972   3973   7381   4494   4495   3722
5   4220   4221   7725   3976   3969
4   3976   7725   7727   3975
6   4221   3721   3734   7726   7727   7725
6   3982   3975   7727   7726   4491   4489
5   4491   7726   3734   3720   4505
4   4505   3720   3722   4495
4   5451   5437   7730   5517
5   7728   5457   5458   6647   6645
4   6641   6646   7729   7731
6   5522   7729   6646   6647   5458   5454
4   6849   7732   7733   6850
6    592    590   6967   7751   7750   7748
5    592   7748   7747   7749    596
5   7746   7753   7752   7749   7747
4   7746   1564   1570   7753
6   7746   7747   7748   7750   1567   1564
4    129    132   7751   6967
5   7749   7752   7670    604    596
5   1567   7750   7751    132    127
4    152    146   6968   7667
3   6968   6970   7667
6   7670   7752   7753   1570   1573   5580
8   7754   7760   7756   3562   1420   1421   6003   7758
4   7754   7758   7757   7755
3   7756   7760   7759
4   7761   7762   7764   7763
5    825    827   7767   4359   4360
8   3273   7765    244    245   7768    834    812   3282
5   7766   3265   3282    812    826
4   3366   7776   7773   3367
4   5996   7775   7770   6010
7   5996   5995   7769   3364   3370   7771   7775
8   6005   6000   7774   7778   7772   7777   7755   7757
5   7770   7778   7774   6002   6010
5   7770   7775   7771   7772   7778
6   7771   3370   3367   7773   7777   7772
3   7785   7793   7792
5   7785   7794   6663   6650   7793
8   7786   7792   7793   6650   6654   7791   7789   7790
3   7786   7790   7784
6   7787   6662   6663   7794   7795   7797
4   7787   7788   6653   6662
6   6342   6649   6653   7788   7796   6341
5   6342   6335   7791   6654   6649
4   7789   7791   6335   6336
3   4753   6170   4749
6   1472   6788   5767   5769   7803   1474
4   4745   4754   7801   6169
7   6794   7800   3330   3316   3309   5773   6793
4   6794   6795   7798   7800
4   1473   1474   7803   7802
5   1473   7802   7801   4754   1471
7   6169   7801   7802   7803   5769   3307   3321
6   1458   1459   4752   7799   7798   6795
4   5767   6788   6793   5773
7   4752   4749   6170   6171   3336   3334   7799
5   7798   7799   3334   3330   7800
3   3336   6171   3333
5   7804   7805   7806   4687   4686
7   6506   7817   4609   4617   7820   7821   6510
5   6506   6513   7822   7809   7817
8   6509   7814   7813   7812   7808   7809   7822   6507
9   6509   6510   7821   7819   7824   7823   7818   7811   7814
8   4611   7815   7816   7826   7810   7807   7820   4617
6   4611   4609   7817   7809   7808   7815
4   7808   7812   7816   7815
5   7810   7826   7825   7823   7824
4   7810   7824   7819   7807
7   7811   7818   7825   7826   7816   7812   7813
3   7811   7813   7814
3   7818   7823   7825
3   6513   6507   7822
4   7819   7821   7820   7807
3   7828   7833   7832
7   7828   1807   1809   7827   7553   7552   7833
7   7828   7832   2753   2726   7834   1815   1807
5   1815   7834   7830   7835   1816
6   1809   1816   7835   7829   7831   7827
4   2751   7830   7834   2726
5   2751   2755   7829   7835   7830
8   7829   2755   2753   7832   7833   7552   7548   7831
4   7553   7827   7831   7548
5   4084   4079   7850   5412   5409
5   4075   7847   7848   7849   4076
4   4075   4078   7688   7847
6   3130   7848   7847   7688   7693   3123
6   3130   3138   5412   7850   7849   7848
4   7849   7850   4079   4076
3   7693   3129   3123
6   6595   2334   2341   3051   3991   6594
8   4344   6101   7294   7856   2035   2036   4939   4348
6   7074   7084   1083   1071   4933   4935
5   7074   4935   2029   2034   7072
8   7084   7085   7855   7858   7853   7854   1086   1083
4   7853   7858   7292   7293
4   7853   7293   7289   7854
6   7854   7289   2377   2374   1081   1086
7   7072   2034   2035   7856   7857   7855   7085
5   7855   7857   7291   7292   7858
8   4348   4939   4940   1084   1081   2374   2378   4349
4   1071   1084   4940   4933
4   7294   7291   7857   7856
5   3898   7863   7865   7859   3895
4   7859   7865   7864   7867
6   7859   7867   6046   6047   3894   3895
4   6045   6031   7870   7869
5   6045   7869   3906   3894   6047
7   7861   7862   3764   3753   7871   7872   7866
6   7861   7866   7868   7864   7865   7863
4   3890   3906   7869   7870
7   3890   7870   6031   6034   7871   3753   3759
6   7864   7868   7873   6029   6046   7867
5   6034   6029   7873   7872   7871
4   7866   7872   7873   7868
5   3375   7877   7874   2521   2514
7   3375   3347   2104     33     55   7876   7877
5     45   6114   7875   7876     55
6   7874   7875   6114   6116   2520   2521
4   7874   7877   7876   7875
4   2516   2520   6116   6115
8   3230   3236   7878   7880   7879   1107   1105   3467
4   5643   2973   2978   5644
5   6444   6437   7885   1135   1122
5   6444   1122   1117   7884   6443
4   7881   7882   1120   1114
4   1118   7883   7884   1117
5   7886   7890   7894   7893   7891
7   7886   2791   2792   7887   7644   7646   7890
4   7886   7891   2775   2791
7   2760   7889   7888   4212   3856   3857   2778
6   2760   2775   7891   7893   7892   7889
5   7887   2792   2778   3857   3852
8   7887   3852   3842   4212   7888   7895   7661   7644
4   7646   7651   7894   7890
4   7888   7889   7892   7895
6   7661   7895   7892   7893   7894   7651
4   2806   2814   7645   5212
4   7896   7898   5213   5214
5   7896   7897   3843   3848   7898
5   7896   5214   5216   7653   7897
5   7897   7653   7652   3851   3843
7   3846   3851   7652   7659   2815   2805   4210
6   2820   5213   7898   3848   3849   2808
3   2811   4210   2805
4   2815   7659   7645   2814
7   6646   7729   5527   5526   7899   7910   6648
5   7899   5526   2460   2464   7908
6   7899   7908   7901   7900   7909   7910
6   6641   6319   6316   7903   7907   7731
6   7900   7906   7902   6323   6325   7909
4   7900   7901   7904   7906
7   7901   7908   2464   2463   4417   7905   7904
6   7902   7905   4417   4409   6318   6323
4   7902   7906   7904   7905
5   6325   6320   6648   7910   7909
5   7903   4419   4421   5521   7907
5   7903   6316   6318   4409   4419
5   7907   5521   5527   7729   7731
6   7911   7915   4516   4513   7109   7912
4   4516   7915   7913   4515
5   7913   7917   7920   4518   4515
3   7116   7115   7914
4   4507   4518   7920   7916
5   7916   7920   7917   7919   7918
4   6917   6739   6734   6919
4   6917   6914   6738   6739
5   6738   6914   2162   2143   6736
6   6736   2143   2140   7922   7921   6743
5   6734   6743   7921   6921   6919
4   7921   7922   6922   6921
5   6922   7922   2140   2127   5753
5   7923   7924   7927   6474   6473
6   7923   7930   5799   4738   4731   7924
9   7923   6473   6462   7929   6955   4306   4307   7925   7930
9   4741   7926   4780   4781   7929   6462   6474   7927   4736
7   4741   4737   5800   7928   4292   4293   7926
4   7924   4731   4736   7927
4   4305   4780   7926   4293
4   7925   4307   4292   7928
5   7925   7928   5800   5799   7930
4   7929   4781   4769   6955
5   7931   4055   4052   7938   7937
9   7931   7936   1099   1098   6352   6349   1291   1290   4055
6   7931   7937   7940   1271   1264   7936
4   1291   6349   4059   1292
7   7932   7939   7940   7937   7938   7934   7933
5   4051   7935   7934   7938   4052
3   1098   1091   6352
4   7953   7957   7450   7452
4   7953   7452   7460   7956
5   7456   3383   3382   7955   7454
5   7456   7457   7954   3385   3383
7   7457   7450   7957   2417   2423   5831   7954
6   7954   5831   5828   7952   3380   3385
3   7454   7955   7445
4   6476   6477   7958   7959
5   2671   7960   6930   6933   2679
6   6933   6935   7961    713    707   2679
7   7964   7966   7633   7634   7965   1543   1545
4   1033   1043   7979   7969
6   1033   7969   7975   7974   7973   1030
8   4091   4087   7972   7977   7978   7979   1043   1044
7   4091   1044   1030   7973   7970   7968   4090
4   7968   7970   7967   7971
4   7968   7971   4095   4090
5   7969   7979   7978   7976   7975
9   4095   7971   7967   7974   7975   7976   7977   7972   4094
4   7970   7973   7974   7967
3   7972   4087   4094
3   7976   7978   7977
5   7980   4600   4595   4967   4969
5   7980   7983   7982   4601   4600
7   7980   4969   4973   7984   5967   5968   7983
6   5969   5967   7984   3211   3209   7530
6   7529   7981   7982   7983   5968   5970
4   7981   4596   4601   7982
5   7985   7739   5710   5709   7986
4   4807   7986   5709   4813
3   3013   3016   7987
5   3013   7987   4806   4809   3014
3   4818   4819   5703
5   6181   5706   5705   7744   7988
4   6181   7988   7989   6179
5   3014   4809   4810   6178   3020
7   7990   7993   3706   3695   7998   7999   7992
5   3706   7993   1831   1841   3705
6   7991   7992   7999   7996   7997   7994
6   7995   7997   7996   7998   3695   3694
3   7996   7999   7998
7   5411   5410   6299   6300   6058   1717   1735
4   5411   1735   1730   5404
6   5404   1730   1731   8004   8008   5416
7   5410   5405   8005   8006   8001   6298   6299
4   5414   5416   8008   8007
5   5414   8007   8000   8005   5405
6   7918   6057   6058   6300   6297   7919
4   7918   7916   6056   6057
5   7917   7919   6297   6298   8001
6   7917   8001   8006   8002   8003   7920
7   7916   7920   8003   8004   1731   1719   6056
4   8002   8006   8005   8000
6   8002   8000   8007   8008   8004   8003
6   7755   7777   8011   8012   8010   7754
7   8009   7759   7760   8010   8012   7876   7875
3   8010   7760   7754
6   7773   7776   7877   7876   8012   8011
3   7773   8011   7777
5   6137   6139   1537   1533   8014
4   6137   8014   8015   6133
3   2803   8018   2822
11   2803   2809   8013   8019   6138   6133   8015   6458   6456   8017   8018
3   2809   2800   8013
7   1532   8016   6459   6458   8015   8014   1533
6   1532   1527   7579   7889   7892   8016
9   8013   2800   2804   7888   7889   7579   6140   6141   8019
8   6459   8016   7892   7895   2813   2812   8017   6456
4   2813   7895   7888   2804
3   6141   6138   8019
4   8017   2812   2822   8018
4   2204   6526   6515   2194
7   2199   8022   8028   6530   6527   7054   2201
5   2199   2198   3413   8024   8022
6   3413   3412   8026   8023   8021   8024
4   8021   8023   8030   8029
6   8021   8029   8020   8028   8022   8024
6   8023   8026   8027   8032   8031   8030
6   6518   6529   8020   8029   8030   8031
4   6518   8031   8032   6516
5   8025   6514   6516   8032   8027
5   8025   2193   2194   6515   6514
6   8025   8027   8026   3412   2197   2193
4   8028   8020   6529   6530
3   6533   7054   6527
7   4166   8033   8036   8000   8005   3134   3141
8   8033   8034   5674   5673   5413   5414   8007   8036
4   5405   3137   3134   8005
3   8034   5675   5674
8   3123   7693   5657   5663   8035   4159   4161   3132
3   4161   3142   3132
3   5663   5655   8035
4   5673   5651   5407   5413
3   8000   8036   8007
7   8037   8039   8042   4869   4877   8041   8038
5   8037   8040   5622   5621   8039
3   8037   8038   8040
3   8041   4877   4878
5   7706   7708   5921   5922   8060
5   8062   2531   2542   8069   8064
9   8062   8065   8061   7437   7435   2856   2858   2536   2531
5   8062   8064   8067   8066   8065
6   2838   2396   2395   7444   7443   8068
10   2838   8068   8063   8066   8067   8069   2542   2537   8070   2840
4   8063   8061   8065   8066
5   8063   8068   7443   7437   8061
4   2558   2837   8070   2537
3   8064   8069   8067
4   2850   7436   7440   2847
4   2850   2856   7435   7436
5   2847   7440   7444   2395   2392
3   8070   2837   2840
5   8072   8073   8078   8076   8077
5   8072   8074   7360   7348   8073
3   8072   8077   8074
7   4415   2448   2452   8075   8076   8078   6430
7   8073   7348   7340   2457   2467   6430   8078
7   8074   8077   8076   8075   8071   7359   7360
5   8075   2452   2441   8079   8071
5   7359   8071   8079   8080   7358
3   7358   8080   7352
6   8079   2441   2458   7351   7352   8080
4   7349   7351   2458   2446
4   3822   3828   8100   4708
7   8096   8102   8097   8100   3828   3831   8098
5   8098   3831   3832   8099   8101
4   8104   8106   6263   6262
6   8104   8105   8107    298    293   8106
6   8104   6262   6265   8109   8103   8105
6   1871   1874   6263   8106    293    304
4    322    301    298   8107
5    322   8107   8105   8103    317
6    317   8103   8109   8108   1887    318
3   1887   8108   1890
5   1890   8108   8109   6265   1884
4   3927   3921   6075   7211
3   3925   3926   8110
4   8111   7885   6437   6438
6   8113   3661   3663   2911   2916   8112
6   8114   7915   4516   4514   5283   5280
6   8114   2672   2694   8119   7911   7915
4   8114   5280   2691   2672
6   4508   7111   8116   5279   5283   4514
6   8115   8117   7117   7109   7912   8118
8   8115   2689   2692   5282   8116   7111   7112   8117
5   8115   8118   8119   2694   2689
4   7911   8119   8118   7912
3   8116   5282   5279
3   7117   8117   7112
6   8121   4533   4538   8120   8122   8123
11   8125   8131   8126   8132   8135   7998   7996   8133   8134   8128   8129
3   8125   8130   8131
6   8125   8129   8127   6696   6699   8130
7   8126   8131   8130   6699   6700   6652   6659
4   8126   6659   6658   8132
8   6696   8127   8128   8134   8136   6660   6661   6695
4   6695   6661   6652   6700
3   8127   8129   8128
7   6651   6660   8136   8133   7996   7999   8124
5   6651   8124   8135   8132   6658
3   8133   8136   8134
4   7999   7998   8135   8124
5   8137   2421   2426   2408   2403
6   8137   8139    776    780   2420   2421
5   8137   2403   2397   7483   8139
4    786   2419   2420    780
6    786    777   8142   8141   2418   2419
4    776   8139   7483    782
6   8138   5052   5050   8144   8143   8140
6   8138   8142    777    784   5045   5052
4   8138   8140   8141   8142
7   2424   8143   8144   8145   2402   2408   2426
5   2424   2418   8141   8140   8143
4   2409   2402   8145   7484
5   5050   5051   7484   8145   8144
5   6005   7757   7758   8147   6004
6   8146   6484   6483   7769   5995   6007
4   7758   6003   5997   8147
4   6016   6018   5503   5495
4   5506   8148   8149   5505
7   4488   4484   8160   8161   8152   8158   8154
6   4488   8154   8155   8150   8153   4503
4   8151   8163   8162   8156
3   8151   8157   8163
6   8151   8156   8153   8150   8159   8157
5   8152   5848   5835   8164   8158
8   8152   8161   8162   8163   8157   8159   5849   5848
7   8153   8156   8162   8161   8160   4502   4503
4   8154   8158   8164   8155
6   8155   8164   5835   5849   8159   8150
3   8165   2603   2606
6   8165   2606   2599   8166   7882   7881
6   8167   8168   8170    941    948   6657
4   8167   8169   8171   8168
6   8167   6657   6656   8172   8173   8169
4   5115   5116   8172   6656
5   8168   8171   5007   5004   8170
7   8169   8173   7687   7684   5003   5007   8171
6   8170   5004   5003   7684    936    941
5   7687   8173   8172   5116   5098
4   4939   4348   4345   4938
5   8174   8175   7856   2035   2031
4   7294   7856   8175   7295
3    524   1090    521
4   6453   8213   8016   6459
5   6453   6455   1538   1539   8213
5   6455   1012   1021   1526   1538
4   1013   1535   1526   1021
6   1013   1020   7564   8014   1533   1535
4   4826   4825   6458   8015
5   4826   8015   8014   7564   4823
4   8016   8213   1539   1532
7   7292   7288   8227   4766   4773   8228   7858
6   8225   8230   7245   4767   4768   8226
5   8225   7287   1495   1494   8230
5   8225   8226   8227   7288   7287
5   1481   1942   7245   8230   1494
6   7858   8228   8229   1946   1935   7853
4   8226   4768   4766   8227
4   8228   4773   4774   8229
5   7293   7853   1935   1477   1479
4   8231   8232    645    646
5   6048   1452   1449   2976   3748
6   7502   7503   8235   8236   8233   8237
5   7502   8237   7229   7224   7238
5   8233   8234   7233   7229   8237
3   8233   8236   8234
5   7223   8235   7503   7239   7225
5   7223   7233   8234   8236   8235
4   8238   4829   4824   8239
7   2154   8243   4131   4135   4947   8241   2153
4   2154   2130   8242   8243
6   4953   2141   2125   3658   8244   4952
6   4953   4950   8245   8242   2130   2141
4   4036   8245   4950   4037
6   4036   4022   4131   8243   8242   8245
4   8241   8240   2155   2153
4   8241   4947   4956   8240
7   4949   8244   3658   2159   2155   8240   4956
7   8247   8249   5431   5440   8250   6009   6008
8   8248    240    241   3379   3378   8246   5443   5442
4   5443   8246   8250   5440
8   8250   8246   3378   3369   6485   8146   6007   6009
4   7068   7082   5347   5340
9   7068   5340   2000   2009   8252   8251   4930   4931   7070
8   5347   7082   7084   1083   1085   7547   5633   5348
5   4930   8251   1052   1071   4933
6   2009   2006   7010   1060   1055   8252
4   7070   4931   4935   7074
8   5351   5633   7547   1057   1060   7010   2014   2015
4   8251   8252   1055   1052
6   5810   7854   7853   1935   1939   5811
6   5810   5819    105    121   7289   7854
4   5819   1491    109    105
6   7315   8258   8255   8257   8256   7318
5   8255   8258   8259   8260   8261
3   7323   7318   8256
5   4293   7926   8264   8263   4303
4   4742   8264   7926   4741
8   4742   4743   8266   1510   1496   8262   8263   8264
4   4743   4734   5805   8266
6   8262   1496   1509   1618   1604   8265
5   8262   8265   4297   4303   8263
7   1608   5806   8267   4295   4297   8265   1604
4   7928   4292   4295   8267
4   7928   8267   5806   5800
6   1619   1618   1509   1510   8266   5805
4   8269   8279   8284   8271
6   8269   8274   8268   8278   8283   8279
5   8269   8271   8272   8277   8274
7   8271   8284   8285   8282   8286   8287   8272
5   8272   8287   8276   8281   8277
5   8273   8283   8278   8275   8280
6   8274   8277   8281   8280   8275   8268
3   8275   8278   8268
3   8276   8287   8286
4   3213   3226   7622   8288
4   8289   8291   3902   3899
4   8289   8294   8292   8291
6   8289   3899   3756   3757   8293   8294
8    586   3892   3902   8291   8292   8290   8295    587
4   8290   7346   7354   8295
8   8290   8292   8294   8293   3393   3394   7345   7346
4   3393   8293   3757   3387
3   7345   3394   3390
4   3388   3749   6544   3399
7   6262   8104   8299   8296   8297   8298   6266
3   6267   6266   8298
7   5973   4547   1534   1535   1013   1014   5978
6   5980   5975   7561   8300   8301   6187
7   7564   8014   6137   6136   8301   8300   7562
4   6135   6187   8301   6136
3   7561   7562   8300
8   1834   1842   7715   6423   6425   8319   6612   6071
4   2722   2724   6612   8319
7   5902   5909   8327   8328   8329   8324   7037
8   3641   5912   8320   2996   2997   7058   8322   3640
8   8320   5913   5903   7037   8324    423    426   2996
3   8320   5912   5913
5   7058   7060   8323   8321   8322
5   8321   8325   3642   3640   8322
5   8324   8329   8326    424    423
5   8325   8327   5909   3647   3642
3   8326   8329   8328
6   7873   6029   6020   8346   8343   8342
5   7873   8342   7746   7747   7868
5   1566   1564   7746   8342   8343
6   1566   8343   8346   8344   8338   1562
5   6025   8345   8352   8339   6024
8   6025   6039   8349   8350   8351   7163   7167   8345
7   1563   1565   8347   8348   8337   7166   7156
7   1563   7156   7163   8351   8340   7750   1567
4   1565   1562   8338   8347
5   8337   8352   8345   7167   7166
7   8337   8348   8341   6032   6021   8339   8352
5   8338   8344   8341   8348   8347
3   8339   6021   6024
4   7868   7747   7748   7864
4   7867   8349   6039   6046
7   7867   7864   7748   7750   8340   8350   8349
3   8340   8351   8350
5   8341   8344   8346   6020   6032
8   7603   5607   3882   3881   8358   4647   4640   7599
6   7603   7598   7544   7546   5609   5607
9   3867   8353   3772   3785   8357   8355   8360   8358   3881
4   3867   3868   5606   8353
8   7535   7595   4191   3219   3222   8354   8356   7532
4   7535   7544   7598   7595
9   3222   3221   4045   4050   4646   8359   8360   8355   8354
5   8353   5606   5608   3774   3772
8   3785   3774   5608   5609   7546   7532   8356   8357
4   8354   8355   8357   8356
5   7599   4640   4049   4040   4192
5   4647   8358   8360   8359   4648
3   4648   8359   4646
9   6476   7959    914    919   8365   8363   8362   8366   6475
5    919    918   7120   7313   8365
5   8361   8363   8365   7313   7303
4   8362   8364   8367   8366
6   7412   6639   3628   3630   3735   3744
5   7752   8374   2768   2783   7749
5   7752   7670   7665   8373   8374
4   7242   7668   7664   7244
7   7242   4319   2784   2766   8373   7665   7668
4   7666   7247   7244   7664
5   7666   6969   4318   4310   7247
5   7749   2783   2787    597    596
4   2766   2768   8374   8373
5   2735   8376   4631   4069   2737
5   2735   2738   5569   5568   8376
4   5569   2738   2746   4406
7   4621   4631   8376   5568   5570   5639   8377
6   4621   8377   8378   8375    850    858
6   4404   4407   8378   8377   5639   5571
5    850   8375   2741   2742    855
5   8375   8378   4407   2747   2741
4   2608   8380   8379   2620
6   8379   8383   8382   8381   2619   2620
5   4637   4634   2610   2619   8381
4   4835   4843   8386   8387
6   4835   8387   8074   8072   8384   4831
3   4831   8384   4834
8   8077   8074   8387   8386   8388   8385   6761   6756
4   4843   4833   8388   8386
4   8389   8391   8392   8393
7   7186   8392   8391   1346   1321   8390   7187
6    403   8399   8398   8400   8397    396
6    403    397   5387   5385   8396   8399
6   7699   8395   8394   8400   8398   7695
6   7699   7700   5384   5397   5971   8395
4   5388   5384   7700   7698
5   5388   7698   7701   8396   5385
5   5971   5966   8401   8394   8395
4   8394   8401   8397   8400
5   8396   7701   7695   8398   8399
4   5387    397    404   5390
5    401    396   8397   8401   5966
5   2132   2138   5756   7322   5920
6   5074   8406   2131   2135   5923   5075
6   5074   5070   7630   7325   7326   8406
4   8406   7326   2149   2131
3   6373   6371   7098
6   3562   7756   6112   1593   1589   3564
5   7759   8009   6113   6112   7756
4   1581   1580   8416   8415
7   8417   3004   2986   8420   8421   6142   6149
5   8417    814    844   3005   3004
6   8417   6149   6147   8418    820    814
3    813    820   8418
7    813   8418   6147   6145   4361   4360    825
5    827   7767   7207   7222    831
6    831   7222   7221   8419   7063    822
8   4361   6145   6142   8421   7208   7207   7767   4359
5   8419   7221   7208   8421   8420
5   8419   8420   2986   2998   7063
3   8422   7643   7635
4    286    291   7641   7642
7   8425   8429   8426   8432   8434   7500   7498
5   8425   5129   5128   6730   8429
6   6730   5624   5623   8431   8426   8429
6   8426   8431   8430   8427   8428   8432
5   8427   8430   5620   5622   8040
5   8427   8040   8038   8424   8428
8   8428   8424   8041   4878   4876   8433   8434   8432
5   7499   7500   8434   8433   8435
4   8430   8431   5623   5620
3   8041   8424   8038
4   6541   6537   7350   7673
6   6541   7673   5790   5795   8436   6543
9   3391   3754   6691   6690   5786   5780   7676   7675   3400
6   6692   3750   3760   8436   5795   5794
4   6692   6691   3754   3750
3   3400   7675   3407
3   6690   5792   5786
3   5788   7676   5780
5   2270   8441   8438   8440   2261
5   2270   2269   8226   8227   8441
4   8226   2269   2263   8225
5   7287   8225   2263   2265   7290
8   8227   7288   7291   7857   8437   8439   8438   8441
8   8437   8175   7295   7290   2265   2261   8440   8439
4   8437   7857   7856   8175
3   8438   8439   8440
8   4837   8445   8447   8449   8451   8448   8450   4839
5   4837   4836   4542   4531   8445
6   4542   4836   4832   8446   8120   4538
4   4531   4535   8447   8445
3   4840   4839   8450
5   8395   8457   4970   4971   8394
7   8395   5971   5972   8452   8454   8455   8457
6   4969   4972   8456   8458   8459   7980
4   5966   8401   7984   5967
5   8452   8453   8459   8458   8454
5   8452   5972   5968   7983   8453
4   7983   7980   8459   8453
5   4972   4970   8457   8455   8456
4   8454   8458   8456   8455
5   4973   7984   8401   8394   4971
6   8460   8462   8465   6720    386    362
6   8460   2727   2728   4063   8464   8462
4   8460    362    365   2727
7   8461   8466   8467   4070   2744   2754   6724
4   8461   8463   8468   8466
8   8461   6724   6720   8465   6367   6366   8469   8463
6   8462   8464   7477   6359   6367   8465
4   4064   7477   8464   4063
3   4070   8467   4072
5   7097   4013   3999   8478   8473
6   7097   8473   1433   1434   8475   7095
5   8472   1429   1435   8480   8479
6   8472   8474   8476   8475   1434   1429
5   8472   8479   5945   5944   8474
4   8473   8478   1438   1433
6   8474   5944   4012   4010   8477   8476
7   8475   8476   8477   6374   4006   4005   7095
5   4003   4009   5945   8479   8480
6   4003   8480   1435   1438   8478   3999
4   8477   4010   4002   6374
4   1066   3304   7009   1065
8   8481   8484   3295   1056   1055   8252   8486   8485
4   8481   8489   8482   8484
5   8481   8485   8483   8488   8489
4   8482   3297   3295   8484
6   8482   8489   8488   7005   3299   3297
5   2009   2008   8487   8486   8252
4   1065   7009   7010   1060
4   8483   8485   8486   8487
6   8483   8487   2008   2005   7005   8488
8   4163   8490   4336   3957   3946   7264   3122   3128
4   8006   7260   7263   8002
5   8006   8005   3134   3133   7260
8   7264   3946   3944   4329   8036   8000   8002   7263
4   4331   8033   8036   4329
4   6322   8492   7902   6323
5   3349   8496   7900   7906   3352
9   3349   3353   3373   8495   6644   6324   6325   7909   8496
7   8492   8493   8494   3354   3352   7906   7902
6   8493   7964   1545   1551   3355   8494
3   8494   3355   3354
3   7909   7900   8496
10   8497   8503   8500   8498   5341   5345   8499   2383   2387   2859
3   8497   8501   8503
8   8497   2859   2388   1999   1996   8504   8502   8501
4   5337   5336   8498   8500
6   5337   8500   8503   8501   8502   5334
3   8498   5336   5341
3   8499   5345   5344
5   8499   5344   2010   2011   2383
3   1996   2007   8504
5   8502   8504   2007   1995   5334
6   2755   2756   8513   8514   8505   7829
6   8505   8514   7408   7421   8507   8508
6   8505   8508   8510   8511   7831   7829
5   7420   7408   8514   8513   8512
8   7420   8512   7334   7332   8509   8506   8507   7421
4   7336   7333   2731   2745
5   7336   2745   2753   7832   7335
6   8506   8509   7550   7549   8511   8510
4   8506   8510   8508   8507
5   7331   7551   7550   8509   7332
5   7331   7330   7833   7552   7551
4   7833   7330   7335   7832
6   2756   2731   7333   7334   8512   8513
4   7548   7831   8511   7549
4   8515   4368   4367   8516
6   4126   4113   7300   7309   8518   8519
4   4113   4114   7305   7300
4   6220   6229   8519   8518
5   6220   8518   7309   7308   6221
6   2647   6224   6221   7308   6519   2632
4   8517   5163   2642   2645
4   8517   4107   4110   5163
6   8517   2645   2629   6524   4116   4107
5   6524   6535   7305   4114   4116
6   2020   3205   8521   4588   4567   2019
5   1317   1319   8520   8521   3205
6   6613   6611   4589   4588   8521   8520
5   6610   2017   2019   4567   4585
5   8522   8523   8525   8528   8529
6   8524   4004   3667   3671   8527   8526
4   8525   8526   8527   8528
6   3671   3661   8113   8529   8528   8527
7   7765   3283   3284   8533   8530    243    244
3   3274   8533   3284
9   3274   3285   6494   2795   2799   8531   8532   8530   8533
7   8534   8536    162    168   1803   1812   8535
6   8534   3131   3132   4161   4169   8536
4   8534   8535   3146   3131
7   3148   6728   1817   1818   4463   4164   3147
6   8535   1812   1817   6728   3145   3146
6   4170   6302    166    162   8536   4169
3   4170   4176   6302
3   1820   4463   1818
6   6037   6033    357    353   8541   8538
6   6036   8537   4860   4867   6684   6026
7   6022   6687   8540   6154    349    357   6033
5    361    360   6688   6684   4867
4   8539   8540   6687   6689
6   8542   8544   8545   8543   8547   8546
7   8542   6372   6371   7098   5844   5842   8544
5   8542   8546   8477   6374   6372
6   7095   8475   8548   8547   8543   7103
5   8543   8545   8549   7102   7103
6   5845   7094   8549   8545   8544   5842
5   8546   8547   8548   8476   8477
3   8548   8475   8476
3   7094   7102   8549
5   8551   8553   8556   8550   8552
4   8552   8550   8554   8555
6   8558   8557   8561   8562   8565   8564
7   8558   8560    343    342   4870   8563   8557
3   8558   8564   8560
7   8559   8561   8557   8563   4872   4869   8042
3   4870   4872   8563
5   3642   8325   8567   8568   3635
3   8566   8569   8570
8   8566   6803   6809   8571   8572   8568   8567   8569
7   8566   8570   8327   5909   5901   6810   6803
5   3635   8568   8572   5915   3648
4   5915   8572   8571   5910
4   5910   8571   6809   5916
4   8573   6463   6471   8574
4   7510   7507   6027   6044
10   7510   6044   6045   7869   8576   2634   2646   6530   8028   7518
7   6047   6042   4117   4107   8517   3909   3894
4   8028   8020   7519   7518
4   8575   7522   7508   8577
5   8575   6043   6027   7507   7522
6   8575   8577   4118   4117   6042   6043
4   7869   3906   3887   8576
8   8020   6529   6524   4116   4118   8577   7508   7519
6   8517   2645   2634   8576   3887   3909
7   7698   7314   7307   8581   8580   5389   5388
6    917    916   6885   8578   8579   7128
5   8396   6888   6884   7129   7701
5   8396   5385   5386   6887   6888
6   7128   8579   8581   7307   7306   7126
4   8578   8580   8581   8579
6   8578   6885   6887   5386   5389   8580
5   3836   3837   2124   2156   4688
8   3255   3246   3959   3966   8584   8583   8582   6748
6   2156   2152   8582   8583   4690   4688
4   8582   2152   2151   6748
6   3237   3245    870    881   6541   7673
4   6863   5271   5270   6864
4   6863    894    885   5271
5   3241   3239   5789   5778   5273
4   8436   8585   5783   5795
8   8585   8586   6862   6864   5270   5273   5778   5783
5   8587   1214   1217   4777   8590
5   8587   8589   6966   1208   1214
8   8587   8590   8591   7669   7667   6968   6965   8589
5   1228   1218   7250   8588   4778
6   8588   7250   7247   7666   7669   8591
5   8588   8591   8590   4777   4778
3   8589   6965   6966
6   1108   8165   2603   2604   8593   1128
8   1108   1125   8598   6389   6390   2605   2606   8165
6   8593   8597   8594   8595   1131   1128
6   8593   2604   2601   6381   8596   8597
6   8594   8596   6381   6386   8592   8595
3   8594   8597   8596
5   8595   8592   8598   1125   1131
3   2605   6390   2597
4   6389   8598   8592   6386
6   7864   7865   8402    602    592   7748
5   2759   8471   7861   7866   2765
3   2759   2780   8471
5   7865   7863   4701   4697   8402
6   7866   7868   7747   7749   2783   2765
8   8600   8603   8606   8605   8264   7926   4780   4779
4   8600   8441   8438   8603
8   8600   4779   4782   8604   8608   2271   2270   8441
4   8601   8609   8611   8599
8   8601   7671   7672   8606   8603   8438   8440   8609
8   8601   8599   8602   8610   7927   4736   4732   7671
6   8602   8599   8611   2264   2268   8612
8   8602   8612   8608   8604   8607   6467   6466   8610
5   7672   4735   4740   8605   8606
4   6467   8607   7929   6462
5   4782   4781   7929   8607   8604
4   8605   4740   4742   8264
4   7927   8610   6466   6474
4   8608   8612   2268   2271
5   8609   8440   2261   2264   8611
6   5621   5156   1343   1335   8613   8039
4   8039   8613   8559   8042
6   8615   8617   1236   1234   8614   8616
5    628   2391   8619   8618    625
5   8499   7392   2855   2381   2383
7   8499   5344    960    986   8620   7393   7392
4    625   8618   4857    624
4   2391   2393   2842   8619
4   7393   8620   2846   2843
5   8621   8622   8623   4729   4730
3   8631   8632   8630
5   8631   8630   2797   2798   7492
5   2122   2119   8633    376    369
5   8635   8641   8640   8637   8636
4   8637   8640   8643   8638
6   7170   7173   8642   8643   8640   8641
6   1011   8639   8638   8643   8642   1009
5   8644   8645   8637   8638   8647
4   8645   8646   8636   8637
5   8638   8639   5401   5402   8647
6   1038   1042   8656   6190   6191   8652
5   7657   7662   5530   5529   8655
7   4251   5530   7662   7658   8656   1042   1039
6   1049   1369   8655   5529   5520   1048
3   8648   7654   7656
7   8648   8650   8653   6196   6200   7649   7654
4   7647   7649   6200   6193
5   7647   6193   6190   8656   7658
3   1374   1034   1027
3   1041   1048   5520
6   8657   6053   3450   3059   3072   8661
7   8657   7270   5291   5289   3441   3440   6053
6   8657   8661   6563   6562   7267   7270
7   8116   5279   5281   5355   8663   7108   7118
3   8116   7118   7111
6   8658   5284   5283   4514   4511   8662
6   8658   8660   8664   8659   5286   5284
6   8658   8662   4506   3359   3358   8660
5   8659   8664   3081   3082   3437
7   4510   7113   6548   6563   8661   3072   3071
6   3061   3081   8664   8660   3358   3360
3   4506   8662   4511
5   7108   8663   6556   6548   7113
6   6562   6556   8663   5355   5360   7267
5   3672   8129   8127   8666   3679
4   3672   3673   8125   8129
5   3678   8667   8668   8665   3676
7   3678   3679   8666   5497   5506   8148   8667
4   8148   8149   8668   8667
4   7575   6697   6699   8130
7   7575   8130   8125   3673   3676   8665   7574
7   8665   8668   8149   5505   5502   6698   7574
5   5497   8666   8127   6696   5507
8   3270   3271   6495   6496    838    828   3638   3632
7   3637   3639    824    815   7766   3265   3262
4   3639   3633    823    824
7   3282    812    838   6496   6497   8533   3284
3   3271   3266   6495
3    815    826   7766
3    828    837   3638
3   3633    840    823
4   3277   3274   8533   6497
7   8669   8671    835    833   8670   8672   8673
4   8670    833    834   7768
4   4201   4203   7529   7981
4   4201   7981   7982   4202
3   1917   1921   8674
7   1917   8674   8453   8452   3519   3512   1909
7   8453   8674   1921   1916   4202   7982   7983
4   8452   5972   3521   3519
6   6255   6260   1259   1258    649    654
4   1248   1253   8675   8676
5   6258   8675   1253   1259   6260
4   4058   2359   2343   4060
4   4058   4054   2363   2359
5   4054   1283   1286   2362   2363
4   6351   1293   1291   6349
6   6351   3053   3049   3151   1282   1293
3   5059   2729   2750
5   8677   6468   6465   8617   8615
6   8677   8678   8604   8607   6464   6468
3   6464   8607   6467
3   8608   8604   8678
7   5941   8682   8683   8546   8477   4010   4011
4   8681   8542   8546   8683
4   1457   8684   8687   1465
5   1461   1476   2235   8686   8685
6   2024   1464   1465   8687   3207   2021
6   4838   4835   8387   7342   7356   8690
6   4838   8690   8689   8693   8445   4837
9   4836   4542   4541   8691   3392   3404   8688   8384   4831
4   7342   8387   8074   7360
4   8072   8384   8688   8073
5   3404   3402   7348   8073   8688
6   3392   8691   8692   7344   7345   3394
4   8689   8690   7356   7339
5   8689   7339   7344   8692   8693
6   8691   4541   4531   8445   8693   8692
3   3246   3251   3959
5   6020   6037   8538   8694   8346
6   4864   4861   8537   6036   6028   5696
5   8695   3176   3179   6060   8696
4   8695   1130   1129   3176
6   8695   8696   8697   8698   1110   1130
5   8696   6060   6061   8699   8697
7   8697   8699   6059   3182   1119   1116   8698
3   6059   8699   6061
3   1110   8698   1116
3   8701   8700   8702
5   6607   6606   7555   8705   8706
4   5033   6605   6600   5028
3   8704   8706   8705
8   8704   8705   7555   7554   4061   4071   7485   8703
4   7481   4062   4061   7554
4   6106   8709   1591   1585
9   7761   8708   6108   1583   1581   8415   8710   8707   7762
7   7958   7161   7146   8714   8366   6475   6477
7   7958   7959    914    915   8711   7162   7161
6   7146   7145   8712   8577   8575   8714
7   8577   8712   8713   8365   8363   7521   7508
7    915    925   8713   8712   7145   7164   8711
3   8711   7164   7162
4    919   8365   8713    925
4   8363   8362   7520   7521
6   8714   8575   7522   7520   8362   8366
6   5771   5766   8723   8715   8720   8719
6   8715   8716   8717   8718   8722   8720
5   8715   8723   4573   4570   8716
6   8716   4570   4576   6796   6791   8717
7   8717   6791   6792   5774   5775   6618   8718
7   5766   5774   6792   6790   4574   4573   8723
4   8719   8720   8722   8721
4   4576   4574   6790   6796
6   6453   6449   6188   6194   8727   8213
6   6199   6450   6447   8725   8724   6198
4   6199   6188   6449   6450
4   6454   8728   8730   6461
8   6454   6455   1538   1516   6635   8731   8729   8728
5   1524   1539   8213   8727   6631
4   6205   6215   8731   6635
8   6206   8726   6460   6461   8730   8729   8731   6215
4   6206   6198   8724   8726
5   6451   6460   8726   8724   8725
3   6451   8725   6447
4   6194   6195   6631   8727
3   8728   8729   8730
6   8363   8361   8030   8029   7512   7521
4   8362   7520   7526   8364
5   7525   7512   8029   8021   8732
4   4604   4597   1096   1097
5   3997   8734   4602   4598   3994
4   3997   3985   5332   8734
6   8734   5332   5330   8733   4593   4602
4   6348   8733   5330   5329
5   7433   8056   8736   3536   3546
6   8043   5565   5538   5544   8735   8047
7   3536   8736   8735   5544   5537   6225   3538
4   8047   8735   8736   8056
4   6225   6231   3545   3538
7   8298   8743   8745   8744   8109   6265   6266
8   8298   6267   6268   4144   4145   8737   8741   8743
4   8737   4145   4146   8742
6   8737   8742   8697   8696   8739   8741
6   8697   8742   4146   4140   8738   8699
6   8738   4140   4144   6268   6264   8740
7   8738   8740   5640   5642   6067   6061   8699
8   8696   6060   1891   1890   8108   8744   8745   8739
4   8739   8745   8743   8741
4   6264   5641   5640   8740
3   8109   8744   8108
4   8747   8756   8755   8746
9   8747   8748   8753   8754   8633   2119   2120   8750   8756
6   8747   8746   8749   2793   2794   8748
5   8748   2794   2797   8630   8753
5   8750   8752   8751   8755   8756
4   8632   8754   8753   8630
7   5260   6050   5288   5290   7269   8758   5264
4   8757   7271   1180   1172
4   8757   8758   7269   7271
4   1175   1186   5276   3947
4   4080   4673   7689   4077
5   7611   7610   8759   8760   7692
8   4673   4671   5826   8761   8762   6973   6971   7689
5   6156   7453   8764   8768   6166
7   4755   4754   7801   8765   8769   7447   6164
6   7447   8769   8771   8770   8763   7446
4   8763   8764   7453   7446
4   8763   8770   8768   8764
6   8765   7801   6169   6167   8767   8766
4   8765   8766   8771   8769
7   6166   8768   8770   8771   8766   8767   6165
4   1033   7969   8776   1036
4   1032   4257   7973   1030
4   8724   8775   6189   6198
6   8724   8726   8777   8772   8774   8775
6   7974   8772   8777   8779   8780   7975
7   7974   7973   4257   4247   8778   8774   8772
3   8773   8780   8779
7   8773   6207   6208   8776   7969   7975   8780
6   8773   8779   8777   8726   6206   6207
8   8774   8778   4250   4249   8656   6190   6189   8775
4   1042   8656   4249   1026
3   4247   4250   8778
7   8781   8788   8787   8785   8783   7438   7442
3   8782   8790   8789
7   8782   8789   8792   8791   8786   8785   8787
4   8783   8785   8786   8784
9   4679   8794   8793   6436   6428   7679   5784   5782   4684
8   5213   7898   7677   7679   6428   6435   8795   5220
5   5785   7677   7898   3848   3844
6   4838   4839   8450   8798   8799   8690
6   8796   8800   8422   7643   7639   8802
4   8796   8799   8798   8800
9   8796   8802   8803   8797   8804   7341   7356   8690   8799
8   4843   8386   8801   8797   8803   7640   7632   4842
6   8386   8387   7342   7341   8804   8801
9   8450   4840   4830   8805   7638   7635   8422   8800   8798
3   8797   8801   8804
5   7638   8805   4841   4842   7632
3   4841   8805   4830
4   7639   7640   8803   8802
4   8806   8071   8079   8808
10   8806   3346   3354   8494   8801   8804   8809   7357   7359   8071
5   8806   8808   2105   2107   3346
8    337   2117   8080   7358   7357   8809   8807    338
8   8801   8494   3355   2113    316    338   8807   8797
4   8804   8797   8807   8809
5   2105   8808   8079   8080   2117
5   8759   7610   7606   8810   8811
7   8812   6934   6935   7961   8752   8751   8816
5   8812   8815   8817   6931   6934
5   8812   8816   8813   8814   8815
8   2679   6933   6932   7119   7118   8116   5282   2693
6   2698   8750   8752   7961    713    712
4   2698   2680   8756   8750
3   2681   5275   2682
9   5354   8814   8813   8755   8756   2680   2682   5275   5285
6   5354   5355   8663   8817   8815   8814
6   6932   6931   8817   8663   7108   7119
4   8813   8816   8751   8755
6   5076   8824   8826   8823   8819   5073
6   5076   5069   8820   8821   8822   8824
6   4030   5068   8819   8823   8825   4025
3   5064   8820   5069
6   5064   4026   4016   8818   8821   8820
3   8818   8822   8821
7   8818   4016   4025   8825   8826   8824   8822
3   5068   5073   8819
3   8823   8826   8825
6   8827   4370   1276   1280   7107   8828
7   8827   8239   4824   4827   8830   4365   4370
4   4365   8830   8829   4363
6   5986   8831   5535   4674   4675   5990
5   5989   5990   4675   4085   4081
6   8248   5442   5457   7728   8837   8836
5   5431   8249   2163   2166   5151
5   7133   8839   8720   8722   7135
5   7133   4790   4783   8841   8839
6   8839   8841   8838   8840   8719   8720
4   7130   8840   8838   7136
5   7136   8838   8841   4783   4791
6   7559   8163   8151   8843   8842   7556
5   7559   7557   8846   8157   8163
4   7558   8845   8846   7557
5   7558   7556   8842   8844   8845
6   8843   8151   8157   8846   8845   8844
4   8483   8852   8851   8488
6   8483   8487   8850   8848   8847   8852
6   1997   3823   8853   8849   8504   1996
8   2007   8504   8849   1512   1500   8850   8487   2008
5   8847   3819   3827   8851   8852
7   8847   8848   1502   1513   8853   3823   3819
4   8848   8850   1500   1502
4   8849   8853   1513   1512
5   3821   7005   8488   8851   3827
4   7847   7688   7691   8854
6   7847   8854   8856   8536   8534   7848
6   5652   8855   8856   8854   7691   5656
7   5652   5663   8035   8857   4167   4168   8855
4   7848   8534   3131   3130
5   4169   8536   8856   8855   4168
3   4158   4167   8857
4   8858   8860   8786   8791
6   8859   8066   8063   8784   8786   8860
5   8622   8861   6216   6217   8621
6   8622   8623   8863   7583   7584   8861
4    356   2509   4219    352
8   8621   6217   2510    355    350   8862   4725   4730
8   2512   8866   7582   7580   2777   2758   4214   2511
5   2512   2507   6218   8868   8866
5   4722   4725   8862   8865   8864
5   4722   8864   8863   8623   4729
9    352   4219   4218   2781   2757   8867   8865   8862    350
7   8861   7584   7582   8866   8868   6219   6216
5   7580   7581   8867   2757   2777
3   6218   6219   8868
6   8863   8864   8865   8867   7581   7583
4   4214   2758   2781   4218
5   2802   8869   8873   8870   2816
7   2802   2801   8871   8875   8872   8874   8869
4   8870   5225   2817   2816
4   8870   8873   5218   5225
5   8871   2801   2814   7645   7660
5   8871   7660   5222   5228   8875
4   5217   8872   8875   5228
4   5217   5215   8874   8872
5   8873   8869   8874   5215   5218
4   2974   2977   8876   8877
6   8878   8884   5353   5356   8881   8882
8   8878   8879   8530    243    245   7768   8670   8884
3   8878   8882   8879
5    821   5353   8884   8670    833
9   8879   8882   8881   8880   2398   2416   6497   8533   8530
3   7765   3283   3273
6   5352    829    841   8888   8887   8883
7   5352   8883   8886   8885   8880   8881   5356
9   2415   2406   8885   8886   8887   8888    839    838   6496
4   2398   8880   8885   2406
3   8883   8887   8886
3    839   8888    841
5   8890   4101   4102   6549   6555
8   8890   7114   7115   7914   8891   8892   4100   4101
5   8890   6555   6548   7113   7114
8   8891   7914   7116   7117   8117   6928   6929   8894
3   8891   8894   8892
7   8892   8894   6929   6927   8893   4099   4100
6   4099   8893   8889   6561   6549   4102
5   7112   7119   6932   6928   8117
5   8893   6927   6931   8817   8889
5   6561   8889   8817   8663   6556
4   8895   8899   5180   5176
4   8895   8897   8896   8899
5   8895   5176   5175   8898   8897
4   4957   4944   8901   5747
5   7590   7602   8900   3487   3489
7   7590   3489   3496   5749   5747   8901   7601
3   5749   3496   3482
5   4136   3481   3487   8900   4137
7   4944   4130   4137   8900   7602   7601   8901
4   7625   8671   8669   7629
6   6569   6590   8904   8281   8277   7180
4   8004   8903   1728   1731
11   8004   8008   8287   8276   8904   6590   6576   8902   1733   1720   8903
5   6096   6577   6580   7175   6094
6   6096   1725   1733   8902   6567   6577
7   1730   1736   6100   5653   5662   5415   5404
3   1720   1728   8903
5   6094   7175   7176   8905   6098
3   6567   8902   6576
6   8272   5672   5671   7179   7180   8277
7   8272   8287   8008   5416   5415   5662   5672
7   7179   5671   5653   6100   6097   8905   7176
3   6098   8905   6097
4   6993   5326   5314   6994
9   6993   6992   8907   8912   8914   8913   3680   3684   5326
7   7841   8909   2575   2576   8910   8184   7840
4   7841   5319   5311   8909
4   2561   2575   8909   5311
6   8184   8910   8911   8906   8908   8176
7   2586   2577   3677   8913   8914   8906   8911
4   2586   8911   8910   2576
4   8908   8906   8914   8912
3   3677   3680   8913
6   8666   6012   6013   8922   8128   8127
6   8129   8128   8922   7995   3694   3672
5   2464   2442   8923   8924   7908
6   8079   8808   8926   8923   2442   2441
5   8806   8071   8075   7905   7904
6   8806   7904   7901   8925   8926   8808
5   2452   2454   4417   7905   8075
4   8923   8926   8925   8924
4   8924   8925   7901   7908
4   8927   8798   8450   8448
4   8928    576    577   8932
4   8928   4976    583    576
7   8928   8932   8930   8933   6941   4981   4976
5   8929   8934   8931   8933   8930
5   8929   8253   7429   7427   8934
7   8929   8930   8932    577    581   4430   8253
5   6941   8933   8931   7434   6938
4   8931   8934   7427   7434
4    197   8936   8935    210
5    197    207   1241   8939   8936
8   8935   8937   8940   2357   2332   8941    202    210
5   8935   8936   8939   8938   8937
8   1253   1255   8942   8941   2332   2366   6259   8675
5    209    202   8941   8942   1262
3   1255   1262   8942
6   8937   8938   6261   2368   2369   8940
6   1259   6260   6261   8938   8939   1241
3   8940   2369   2357
3   6259   6258   8675
4   1107   7879   3472   1106
5   5193   5192   8952   8953   8943
8   5193   8943   7482   7484   8145   8945   8955   5199
3   8944   8951   8950
7   8944   8954   8952   5192   5195   8948   8951
7   8944   8950   8949   5046   5047   8946   8954
3   8945   8947   8955
8   8945   8145   8144   8949   8950   8951   8948   8947
6   8946   5047   5054   7482   8943   8953
4   8946   8953   8952   8954
5   8947   8948   5195   5199   8955
4   8949   8144   5050   5046
7   4716   4717   3575   3571   8956   8097   8102
3   3591   8956   3571
4   6034   7871   8957   6035
4   6691   3754   3755   6683
6   3753   3750   6692   6682   8957   7871
4   6030   6035   8957   6682
7   6041   6681   3409   3410   8959   8958   6040
7   3757   3751   3890   7870   8958   8959   8293
4   6040   8958   7870   6031
4   3410   3393   8293   8959
5   2030   8960   8961   8174   2031
5   8962   7490   6493   2411   2412
6   8962   8967   8966   8965   7491   7490
5   8962   2412   2399   8968   8967
5   8963   8966   8967   8968   8964
8   8964   8968   2399   2407   6491   5056   1688   1689
6   6048   1863   1851   8970   1451   1452
6   8969   7143   7142   8970   1851   1859
8   8971   8972   8866   2512   2508   2807   2800   8013
3   8973   8974   8975
4   8977   8987   4757   4759
6   8977   8985   8984   8779   8777   8987
6   8977   4759   4765   8980   8986   8985
4   8730   8981   6452   6461
8   8730   8729   8979   8978   8980   4765   4764   8981
4   8978   8982   8986   8980
5   8978   8979   3803   3791   8982
7   3783   8983   8984   8985   8986   8982   3791
7   3783   3804   8731   6215   6214   8976   8983
5   8979   8729   8731   3804   3803
8   8981   4764   4757   8987   8777   8726   6460   6452
5   8983   8976   8773   8779   8984
4   8773   8976   6214   6207
5   8989   8271   8284   8990   8988
6   8989   8034   5674   5672   8272   8271
7   8008   8007   8036   4329   4342   8286   8287
4   5415   5662   5673   5413
5   8500   8991   1504   1497   8503
4   8500   8498   8995   8991
6   8262   8995   8498   5341   5350   8265
5   8262   1496   1504   8991   8995
4   7396   2854   1598   1607
8   7396   1607   1604   8265   5350   5345   8499   7392
4   2862   2859   8497   8994
6   2862   8994   8993   2848   2385   2384
5   1509   1618   1605   8992   1511
7   8992   8993   8994   8497   8503   1497   1511
5   8992   1605   1610   2848   8993
5   5977   5979   7563   8996   7473
3   3468   8997   3466
6   3468   3471   7474   7473   8996   8997
6   3584   3585   9001   7707   6937   6750
5   6936   7708   5921   2136   2126
6   5920   5922   8060   8999   7316   7322
5   7707   9001   8998   9000   7709
5   8998   9001   3585   3586   5751
6   8998   5751   5754   7316   8999   9000
5   7709   9000   8999   8060   7706
3   9003   9002   9005
8   9003   9006   9007   8682   5941   5942   9004   9002
3   9004   5942   5943
3   9006   9008   9007
5   6797   2173   2175   6473   7923
5   8257   9010   3078   3066   8256
8   9009   9011   7324   7323   8256   3066   3057   9012
6   4561   7497   4088   4091   1044   1029
6   7496   7501   4254   4248   7970   7968
5   7496   7968   4090   4088   7497
4   7970   4248   4257   7973
4   4560   4252   4254   7501
8   9014   9015   9017   2240   2212   6441   6440   9016
6   9014   7938   4052   4053   9013   9015
4   9014   9016   7934   7938
5   2339   2231   2220   8940   2369
4   4676   6442   2238   2232
7   4676   4678   7935   7934   9016   6440   6442
5   4053   4054   2363   2358   9013
3   2214   6441   2212
8   9015   9013   2358   2357   8940   2220   2241   9017
6   7935   4678   2356   2359   4058   4051
3   2240   9017   2241
6   7071   9020   9019   8960   2030   2026
9   7071   1505   1508   8266   4743   4740   8605   9018   9020
4   1507   2032   2025   1506
4   9018   8605   8606   9021
4   9018   9021   9019   9020
6   7689   4673   4672   9024   9027   7690
4    498    495   8761   8762
8    498   8762   6973   6972   9023   9026   5825    496
8   9022   9030   9025   9028   4670   4668   5825   9026
7   9022   9023   6972   5658   5670   9029   9030
3   9022   9026   9023
5   9024   4669   4670   9028   9027
3   9024   4672   4669
8   5669   6982   7690   9027   9028   9025   9029   5670
3   9025   9030   9029
4   5826   8761    495    497
6   9031   4763   4758   8828   7107   7104
5   3527   3532    186    182   7215
3   5948   5512   5513
5   9041   9048   9044   1445   1446
5   9041   9042   9045   9043   9048
5   9041   1446   1447   9049   9042
4   1433   8473   9049   1447
7   9042   9049   8473   8478   9047   9051   9045
4   9043   9045   9051   9050
8   9043   9050   9046   2970   2972   3029   9044   9048
4   1440   1441   2968   2969
7   1440   2969   2970   9046   9047   8478   1438
6   9044   3029   2971   2968   1441   1445
4   9046   9050   9051   9047
3   4093   7971   4095
5   4089   4088   7497   7499   8435
8   7873   8342   9059    354    348   9061   9060   7872
6   5777   9061    348    352   4219   4211
4   5777   5781   9060   9061
7   7872   9060   5781   5796   2782   2765   7866
5   8865   7753   7752   8374   8867
6   8865   8862   9059   8342   7746   7753
5   5796   4215   4218   2781   2782
4   9059   8862    350    354
4   8867   8374   2768   2757
6   8845   8846   8159   8150   9064   9062
5   8845   9062   7026   7030   7558
9   7557   7028   7029   9065   4277   4290   5849   8159   8846
6   9062   9064   9063   7369   7023   7026
3   7029   7033   9065
5   7033   7031   4289   4277   9065
6   7369   9063   8155   8164   4272   4288
4   9063   9064   8150   8155
4   4282   4272   8164   5835
3   9066     67     69
6   9066     69     70    755   9068   9067
5   9070    460    461   6770   9071
4   9070   9072    456    460
7   9070   9071   9069   8037   8038   8424   9072
5   8428    467    456   9072   8424
7   8428   8427   9069   9071   6770    454    467
4   8427   8040   8037   9069
10   1661   9078   9077   7035   7038   9075   9076   9073   4964   1662
4   7038   6802   6811   9075
9   7035   9077   9074   8668   8667   3686   3690   6801   6807
3   9074   9077   9078
5   8884   8814   8815   8672   8670
4   8884   8878   8813   8814
3   8879   8530   8532
5   9079   9082   9080   7073   7080
8   9079   9020   9019   9081   8437   7857   7855   9082
4   9079   7080   7071   9020
5   9080   9082   7855   7085   7083
3   9080   7083   7073
5   8961   8174   8175   8437   9081
4   8961   9081   9019   8960
3   2027   7072   2034
4   6454   3227   3229   8728
5   8728   3229   3232   8979   8729
5   1025   9083   3786   3769   1023
6   1025   1021   1526   1515   6630   9083
4   9083   6630   3773   3786
4   3804   3777   6635   8731
6   3232   1015   1023   3769   3803   8979
6   7907   9085   8973   8975   9084   7903
5   4901   4896   6110   6421   5133
4   6417   7712   5135   5131
6   5134   9086   1586   1588   4900   4899
5   5134   5135   7712   7713   9086
6   1586   9086   7713   7714   8709   1591
4   6421   6110   6105   6420
6   6419   6420   6105   6106   8709   7714
5   7379   9092   8819   8823   7367
4   7379   7366   9087   9092
8   4034   9088   9089   7364   7367   8823   8825   4015
4   4034   4033   9093   9088
3   4015   8825   4025
4   9088   9093   9094   9089
6   4038   5067   9090   9094   9093   4033
7   9089   9094   9090   9091   9087   7366   7364
4   9090   5067   5063   9091
6   9091   5063   5068   8819   9092   9087
3   9095   9097   9096
5   8911   9101   7566   7571   8906
5   8911   2586   2585   9098   9101
3   8913   8914   9102
6   8913   9102   8131   8125   3673   3677
5   7569   7566   9101   9098   9100
4   7569   9100   9099   7573
7   2585   2578   3676   8665   9099   9100   9098
4   9099   8665   7574   7573
7   7575   8130   8131   9102   8914   8906   7571
9   9103   9104   9106   5886   5891   1269   1266   9113   9110
6   9103   9109   9108   9105   9107   9104
4   9103   9110   9111   9109
4   1267   1269   5891   5893
7   1267   5893   5894   9114    518    526   1265
3   9104   9107   9106
4   9105   9108    529    530
8   9105    530    522   9114   5894   5886   9106   9107
6   9108   9109   9111   9112    523    529
4   9110   9113   9112   9111
6   1266   1265    526    523   9112   9113
3    518   9114    522
3   9115   9117   9116
4   5052   8138   9118   5053
5   5039   5053   9118   6604   6601
5    777    762   3025   3766   8142
8    203   6604   9118   8138   8142   3766   1245    196
4   1257   3026   3200   1242
7   9122   9132   8294   8292   9130   9128   9126
9   9122   9131   7042   7043   9129   9125   9127   9124   9132
3   9122   9126   9131
6   8291   9123   9125   9129   9130   8292
5   8291   8289   9124   9127   9123
3   9123   9127   9125
4   9124   8289   8294   9132
5   9126   9128   7044   7042   9131
5   9128   9130   9129   7043   7044
6   6247   6577   6096   6080   6082   6246
4   1718   9134   9135   1726
4   1718   1732   9133   9134
7   1724   1726   9135   6243   6246   6082   6079
4   1732   1733   8902   9133
7   9133   8902   6567   6241   6243   9135   9134
5   6397   9034   3008    444    439
6   6397   6395   6413   4811   4808   9034
6    438    440   6500   6504   6414   6393
6   1799   3611   6408   6414   6504   1796
6   3168   6416   3618   3626   9136   3171
4   3611   3618   6416   6408
6   9136   9036   4816   4804   3170   3171
8   4223   9139   9140   7067   7061   9137   9138   4224
4   4223   3712   3725   9139
3   4224   9138   4235
3   7059   7067   9140
6   2994   3458   7206   8419   8420   3003
6   7061   7063   8419   7206   7213   9137
5   4234   4235   9138   9137   7213
3   8420   2986   3003
7   3410   3397   6856   5617   5619   9143   8959
4   3392   8691   4540   3396
4   8292   9130   9142   8290
6   9141   9126   9122   9144   5618   5613
8   9141   4539   4540   8691   8692   9146   9128   9126
6   9141   5613   5617   6856   4532   4539
6   7346   8290   9142   9146   8692   7344
5   5619   5618   9144   9145   9143
6   8293   8959   9143   9145   9132   8294
4   9142   9130   9128   9146
4   9144   9122   9132   9145
5    994   1518   1520   9147   1008
5   1522    993   1008   9147   1519
3   1519   9147   1520
4   8525   9149   9152   8526
5   8525   8523   9148   9150   9149
6   9149   9150   9151   9043   9045   9152
5   8526   9152   9045   9051   8524
6   8647   5402   5400   9154   2543   2530
5   8647   2530   2541   9153   8644
3   2525   9155   2545
4   9153   2541   2542   8069
8   1316   1315   9157   9156   2571   2569   3702   6292
6   9158   9162   9163   8595   8592   9160
8   9158   9161   9164   3177   3176   8695   9159   9162
5   9158   9160   8933   8930   9161
3   8598   1125   1124
7   8598   1124   1136   8931   8933   9160   8592
3   9159   9163   9162
6   9159   8695   1130   1131   8595   9163
4   9161   8930   8929   9164
5   8931   1136   1137   3192   8934
5   9164   8929   8934   3192   3177
6   9165   9166   9167   8711   7162   7148
4    923    915   8711   9167
9   9168   9171   7727   3975   3981   6964   4943   4950   8245
5   9168   9169   9172   9170   9171
4   9168   8245   8242   9169
6   7921   6743   6745   3979   3976   7725
6   7921   7725   7727   9171   9170   7922
7   6744   6736   2143   2141   4953   4951   6960
5   8242   2130   2139   9172   9169
5   9170   9172   2139   2140   7922
4   1260   1248   8676   6596
5   5752   9177   9175   7319   5757
8   5752   5760   6922   7922   9170   9176   9180   9177
3   9172   2139   2137
7   9172   2137   2150   7320   9178   9176   9170
4   9176   9178   9179   9180
5   7319   9175   9179   9178   7320
4   9177   9180   9179   9175
4   9181   9182   3526   3533
4   7018   2431   2428   3087
4   7018   3087   3091   7016
6   1744   9183   7014   7016   3091   1751
5   1744   1748   9184   9185   9183
3   2439   3094   2429
7   2439   2440   7020   9185   9184   3084   3094
4   7014   9183   9185   7020
5   3084   9184   1748    137    136
5   9186   9187   2469   2476   9188
5   9187   6017   6019   2474   2469
6   7763   7764   9190   4666   4667   9189
4   4713   4716   8102   8096
4   9191   9153   8644   8645
6   9191   9193   8070   2537   2541   9153
6   9191   8645   8637   8640   9194   9193
4   9192   9194   8640   8643
8   9192   5654   2540   2547   2837   8070   9193   9194
7   9192   8643   8638   8647   2530   2524   5654
9   8810   5408   5411   1735   1737   6095   9196   7608   7606
6   8810   8811   8760   7692   5403   5408
5   7608   9196   9195   5665   5668
3   8811   8759   8760
5   5665   9195   6099   6100   5653
4   9195   9196   6095   6099
7   1202   2192   2194   6515   6382   6383   1201
6   9208   6377   6378   6514   8025   9209
8   6972   6975   2544   2525   9155   9213   9212   9023
5   9210   2535   2550   9216   9214
3   9210   2546   2535
6   9210   9214   9213   9155   2545   2546
4   2544   6975   5649   2526
3   9211   9030   9022
8   9211   9215   9216   2550   2549   9217   9029   9030
5   9211   9022   9023   9212   9215
4   9029   9217   5660   5670
5   9212   9213   9214   9216   9215
4   2549   2528   5660   9217
4   8794   4679   4681   9218
3   8600   4771   4779
7   8600   8603   9021   9018   9219   4770   4771
5   4303   4301   4770   9219   8263
5   8263   9219   9018   8605   8264
3   9021   8603   8606
6   9220   4241   4236   5883   5880   9222
6   9220   8872   5217   5230   4242   4241
9   9084   8975   8974   9223   9221   4238   4242   5230   5231
8   8698   1116   1132   7329   7328   4143   4146   8742
4   8165   7881   1114   1108
6   2306   9224   1443   1427   5717   2328
3   2306   2314   9224
4   9042   5707   5719   9049
6   9042   9041   2316   2317   5711   5707
6   1443   9224   2314   2316   9041   1446
5   1427   1447   9049   5719   5717
3   2752   4402   2748
6   7333   2731   2741   8375   3738   3736
5   9045   9152   5720   5707   9042
5   9149   9150   2327   2322   6177
5   9149   6177   5704   5720   9152
4   9043   9048   9225   9151
6   9225   9048   9041   2316   2324   9226
6   9225   9226   2326   2327   9150   9151
3   2326   9226   2324
7   7870   8958   9230   9229   9227   8576   7869
5   8576   9227   9228   3886   3887
5   3886   9228   9124   8289   3899
4   9145   9229   9230   9143
6   9145   9132   9124   9228   9227   9229
4   8958   8959   9143   9230
4   6805   6799   9232   9231
4   8375    850    853   3738
5     93    389   9234   9235     95
7   3211   3212   9233   9236   8397   8401   7984
4   9233   9235   9234   9236
7   9233   3212   3210   7531     82     95   9235
5   9234    389    396   8397   9236
4   3210   3209   7530   7531
4   7101   4273   4277   9065
5   5648   7032   7371   9237   5646
6   9238   9241   9239   7588   7597   9240
4   9238   5091   5087   9241
4   9238   9240   5083   5091
5   4642   4632   9239   9241   5087
6   4044   4047   4180   7588   9239   4632
5   4638   5079   5085   7599   4640
3   4638   4636   5079
4   5082   5083   9240   7597
4   8694   8538   8541   9242
3    651    650   9244
6    651   9244   9245   9243   8231    646
9   8142   8141   7957   7953   9245   9244    650    647   3766
4   8141   2418   2417   7957
4   7956   9243   9245   7953
6    370   7403   7399   9246   2732    373
6   7506   7505   7716   6554   6555   8890
7   8767   9253   8909   5311   2564   2573   8766
8   2575   8909   9253   9256   9254   9258   9252   2562
3   9251   2574   2563
6   9251   9261   8771   8766   2573   2574
8   9251   2563   2562   9252   9257   9255   9260   9261
4   8771   9261   9260   8770
3   9252   9258   9257
8   9254   9259   6158   6166   8768   9255   9257   9258
3   9254   9256   9259
4   9255   8768   8770   9260
6   9009   9262   9263   2963   2944   9012
5   9009   9011   8999   9000   9262
4   7316   8999   9011   7324
7   8256   3066   3067   6924   5758   5755   7318
3   3067   3074   6924
4   9012   2944   2959   3057
4   9000   8998   9263   9262
5   2963   9263   8998   5751   2967
5   9264   9266   9265   7424   7423
5   7217   9267   3531   3527   7215
7   5544   8735   9270   9268   9271   3523   3514
5   9268   9269   8458   8454   9271
7   9268   9270   1288   1285   9273   9272   9269
5   8459   9272   9273   8674   8453
4   8459   8458   9269   9272
6   1288   9270   8735   8047   8049   1281
10   1285   1281   8049   8058   5552   5550   1920   1917   8674   9273
5   8452   3519   3523   9271   8454
6   3510   9277   5900   5885   9276   3524
5   3510   3511   9279   9274   9277
7   9274    520    522   9114   5899   5900   9277
5   9274   9279   9280    527    520
3   9275   9107   9105
9   9275   9278   3517   3524   9276   5895   5890   9106   9107
6   9275   9105    530    527   9280   9278
5   3511   3517   9278   9280   9279
3   5885   5895   9276
3   9106   5890   5886
3   5894   5899   9114
4   9281   7592   7593   9282
6   9281   9283   7012   7011   7589   7592
5   9281   9282   7000   7007   9283
6   9282   7593   3302   3298   7008   7000
7   3293   7591   7589   7011   7009   1065   1059
3   3293   3301   7591
3   3298   3303   7008
3   7012   9283   7007
6   8432    466    445   1045   4566   8434
4   8432   8428    467    466
9   6405   4871   4875   8433   8434   4566   1031    453    458
7   6405    457    456   9072   8563   4870   4871
6   8424   8041   4877   4872   8563   9072
3   4876   8433   4875
6   4491   4504   8824   8822   9286   7726
7   9284   8303   4029   4015   8825   8826   9285
4   9284   4481   4496   8303
4   9284   9285   4483   4481
5   8818   9168   9171   9286   8822
5   8818   4016   4036   8245   9168
5   8824   4504   4483   9285   8826
4   9286   9171   7727   7726
9   4160   4464    615    610   9290   8466   8461   9288   4177
5    616    615   4464   2256   1766
5    610    608   8208   9289   9290
4   4177   9288   9287   4162
4   9287   9288   8461   8463
5   1199   9291   9292   9293   1205
5   1134   1135   7885   8111   9296
10   1134   9296   9294   9295   9297   9097   9095   7327   7329   1132
5   9298   9299   7368   4287   4284
4   9300   4189   4041   4046
8   7570   7566   9101   8329   8326    431    416   5383
8   7570   5383    418    429   3456   5868   9304   7568
6   9304   9306   9308   9100   7569   7568
5   9304   5868   5871   9305   9306
7   7040   7039   8324   8329   9101   9098   9307
6   7040   9307   9308   9306   9305   7036
8   3451    425    423   8324   7039   7036   9305   5871
4   9098   9100   9308   9307
6   5855    408     94     96   6301   7240
3    542    539   7237
4   7240   6301    538    540
8    388   7945   9310   9309    548    551     73     86
4   9311    550    548   9309
7    552    560    611   7941   7950   9309    548
5   1910    619    620   4208   1905
4    566   4208    620    559
8   9314   9315   9320   9321   8233   8236   1902   1903
5   9314   7394   7393   8620   9315
7   9314   1903   1901   3118   3106   7397   7394
9   1901   1902   8236   8234   7234   7226   9319   3104   3118
7   9316   9317   7236   7234   8234   8233   9321
9   9316   9318   2824   2826   7397   3106   3104   9319   9317
6   9316   9321   9320   2845   2829   9318
3   2824   9318   2829
4   9317   9319   7226   7236
6   6747   3580   3569   7705   7003   7002
5   6747   7002   7001   9322   6753
4   9322   7001   7013   9323
7   9322   9323   8098   8096   4713   4714   6753
5   3831   8098   9323   7013   3829
3   8100   8956   8097
8   8100   3828   3830   7004   7703   3581   3571   8956
4   7703   7705   3569   3581
7   3073   3077   9010   8257   8255   7724   7720
4   3073   7720   7717   3065
5   7717   7716   7505   3056   3065
4   7724   8255   8261   7721
5   9330   9339   9338   9332   9336
5   9330   8556   8553   9329   9339
6   9331   9334   9337   9344   9346   9342
11   9331   9342   9345   9341   9338   9339   9329   9231   9232   9333   9335
4   9332   9338   9341   9340
6   9340   9341   9345   9346   9344   9343
3   9342   9346   9345
6   8690   8689   9353   9354   9350   8799
7   8799   9350   9351   9355   9357   8927   8798
6   9349   9352   8449   8451   9357   9355
8   9349   5027   5014   9356   8693   8445   8447   9352
5   9349   9355   9351   5012   5027
5   9350   9354   5018   5012   9351
4   8448   8927   9357   8451
3   9352   8447   8449
4   8689   8693   9356   9353
5   9353   9356   5014   5018   9354
5    816    843   7064   8322   3640
8    823   3633   3645   5912   8320   9358   8417    814
4   8320   2996   2999   9358
4   9358   2999   3004   8417
3   7058   8322   7064
6   1580   1584   6116   2520   2517   8416
4   6114   6113   8009   7875
6   4724   8343   8346   8694   9242   4723
9   9359   9361   9364   9363   2477   2478   5504   6705   9362
5   9359   9362   1422   1425   9360
5   5189   2481   2480   5950   5184
5   1422   9362   6705   5183   1423
5   1430   1424   5184   5950   5949
5    248    252   4147   7290   2265
3   8439   8437   9081
5   9366   9367   8247   6008   6006
7   9368   3919   3934   9374   9375   9371   9370
8   9368   9369   9372   3729   3730   7220   3918   3919
4   9368   9370   9377   9369
6   5873   5876   3290   3286   9375   9374
5   5873   9374   3934   3933   5870
6   3729   9372   9373   5532   3453   3454
8     14   5534   9376   9377   9370   9371   3287      2
6   3933   3918   7220   3455   3452   5870
5   9369   9377   9376   9373   9372
4   9371   9375   3286   3287
3   3291   3290   5876
5   3050   5250   7416   3992   3052
5   5252   5251   9378   9379   9380
5   5252   9380   7417   7416   5250
3   5251   5255   9378
5   9378   5255   5248   5331   9379
6   9379   5331   3984   3983   7417   9380
7   9381   6415   6406   6407   7979   7969   8776
5   9381   6505   6504   6414   6415
5    434    462   1043   7979   6407
5   1370   1047    463    448   2873
4    443   2878   2876    449
4   2873    448    449   2876
6   7589   3499   3496   5749   5750   7011
4   7601   7596   9383   8901
5   9281   9382   9383   7596   7592
3   9281   9283   9382
7   9382   9283   7012   5748   5747   8901   9383
3   7590   3489   3498
7   3988   9386   9384   9385   8509   8506   3986
4   3988   3987   9387   9386
4   3995   3989   7412   6639
4   3630   3735   3740   3629
5   3993   3986   8506   8507   7411
9   3627   3631   7088   5764   5762   9384   9386   9387   6640
6   5763   5761   7087   7332   8509   9385
4   5763   9385   9384   5762
4   6640   9387   3987   3996
4   3743   7420   8512   3737
3   7411   8507   7421
4   8512   7334   3739   3737
6   8288   7623   7613   8354   3222   3213
7   8899   9388   9390   9389   9391   5179   5180
5   8899   8896   8360   8355   9388
6   8354   7613   7624   9390   9388   8355
8   4834   4832   8446   8122   8123   9392   8688   8384
6   3404   8688   9392   9393   7678   3408
5   4533   4543   9394   9395   8121
5   7674   7678   9393   9395   9394
7   7674   9394   4543   4534   3389   3400   7675
5   9392   8123   8121   9395   9393
3   4540   4541   8691
3   8446   8120   8122
3   8738   4142   4140
7   8738   8699   6059   6062   9396   4141   4142
5   4141   9396   9295   9297   4138
3   8698   8697   8742
5   4138   9297   9097   9096   4139
5   1111   1134   9296   6069   3181
5   6062   6068   9294   9295   9396
6   9096   9095   7327   7328   4143   4139
4   9294   6068   6069   9296
3   7077   9398   7069
4   7077   7075   9399   9398
6   9397   9080   7083   7082   5347   5343
5   9397   9400   7081   7073   9080
7   9397   5343   5339   9399   7075   7079   9400
6   9398   9399   5339   5340   7068   7069
3   7081   9400   7079
8   5334   5338   9399   9398   1498   1512   8849   8502
5   8503   8501   8853   1513   1497
4   1499   7078   8991   1504
4   8502   8849   8853   8501
7   7075   9399   5338   5337   8500   8991   7078
4   1501   1498   9398   7077
4   1419   6001   9401   1416
8   9401    932    933   1587   1590   7404   1417   1416
6   9401   6001   5997   8147    952    932
4   7404   3563   1418   1417
7    954   8010   7760   7756   6112   6111    953
6    954    952   8147   7758   7754   8010
7    933    942   5480   6117   6118   1595   1587
4    953   6111   5479    946
3   6118   1592   1595
3   5477   6117   5480
8   5875   5869   6370   4961   1644   1647   9306   9304
3   5875   9304   5868
4   1653   6369   5872   1648
4   9306   1647   1643   9305
4   1643   1652   5871   9305
4   5869   5872   6369   6370
6   3337   3336   6171   6168   9402   6603
4   5928   5032   5030   5938
4   6168   6161   7458   9402
7   5934   5938   5030   5053   9118   7448   6159
6   6603   9402   7458   7448   9118   6604
5   7439   2867   2860   4712   7441
6   8607   7929   6955   2189   2170   6464
6   2188   4300   4307   7925   1153   1152
5   1153   7925   7930   2181   1140
5   2185   2181   7930   7923   6797
4   8252   8251   9404   8486
6   8251   4930   4921   9403   9405   9404
5   4931   7070   7076   9403   4921
5   8487   8486   9404   9405   8850
8   9403   7076   7069   9398   1498   1500   8850   9405
3   8502   8504   8849
3   9399   5339   5338
5   9406   9407   8485   8481   9410
4   9406   9409   9413   9407
8   9406   9410   9408   1053   1058   9412   9411   9409
7   8481   8484   9414   1063   1070   9408   9410
5   9407   9413   9404   8486   8485
7   1052   8251   9404   9413   9409   9411   1062
3   9408   1070   1053
4   1062   9411   9412   1080
4   1068   1063   9414   3300
4   8484   3295   3300   9414
3   1058   1080   9412
9   9259   9254   9419   8944   8950   9415   9416   6162   6163
4   9415   8950   8949   9417
3   9415   9417   9416
9   6155   6162   9416   9417   8949   5046   5049   9040   9418
3   9037   9418   9040
5   8944   9419   9420   9421   8954
4   5031   5047   8946   7276
5   8954   9421   7281   7276   8946
4   9419   9254   9256   9420
5    435    452   9426   9429   9428
7    435   9428   9425   9427   9423   6769    433
6   9069   9422   9427   9425   8430   8427
4   9069   9071   9424   9422
4   9422   9424   9423   9427
5   8426   9426    452    466   8432
4   8426   8431   9429   9426
5   9071   6770   6769   9423   9424
5   8430   9425   9428   9429   8431
3   5581    268    269
4   7966   7964   8493   9430
4   6760   8492   6322   6321
6   6760   6761   8385   9430   8493   8492
3   6759   9433   6757
5   9431   6429   6436   8793   9434
4   9431   9432   6432   6429
6   5235   8795   6435   4408   4414   5236
3   8859   8067   8066
5   6132   8972   8971   8019   6141
6    494    484   1149   1148   9436   9435
6   6978   6975   2544   2543   9154   9437
4   6086   6087   6244   6819
6   6086   6819   6820   7175   6094   6083
3   6085   6082   6246
5   9438   9439   5645   5646   9237
6   8635   8636   8646   8858   8791   8792
4   2793   8749   8531   2799
7   2957   3075   9135   1726   1715   1413   1409
6   3358   1727   1718   9134   9445   8660
7   3075   3076   9447   9446   9445   9134   9135
4   9445   9446   8664   8660
5   3079   3081   8664   9446   9447
3   3079   9447   3076
4   9448   8677   8678   9450
9   9448   9449   3090   3091   7016   7021   6472   6468   8677
6   9448   9450   4775   4777   8590   9449
5   4782   4775   9450   8678   8604
8   1214   1209   2190   2191   7018   3087   3083   8587
5   9449   8590   8587   3083   3090
3   6472   7021   6469
6   9299   9298   7815   4611   4610   9451
8   1090    524    517   4968   4974   4605   4604   1097
6   3994   4598   4599   4206   4207   3998
8   3998   4207     91     92    571   8510   8506   3986
4    568   8511   8510    571
7   8664   9446   6578   6568   4338   4335   8659
7   3079   3080   3442   9454   6586   6585   9447
3   6581   6586   9454
4   6578   9446   9447   6585
6   2137   9172   9169   9457   8406   2131
6   4694   5062   9458   2146   2156   4688
5   5069   5074   8406   9457   8820
8   9169   8242   8243   9458   5062   5064   8820   9457
5   3839   3838   5923   5075   4691
4   8243   2154   2146   9458
5   9459   9460   4351   4350   9461
7   4602   4601   7982   4202   4204   9462   8734
6   3997   8734   9462   4205   4207   3998
3   9462   4204   4205
5   4206   4201   7981   4596   4599
7   2427   6948   6953   9464   1156   1160   2435
6   7928   7925   1153   1155   1895   8267
7   4302   4295   8267   1895   1893   9464   6953
4   1160   1143   2187   2435
3   2171   2180   2438
4   1156   9464   1893   1157
3   5078   5081   9467
7   5078   9467   9466   9468   3861   3880   4639
3   9466   9470   9468
7   9466   9467   5081   5089   9469   9472   9470
7   3864   3870   9471   9473   5084   5079   4638
4   3870   3871   9465   9471
7   3861   9468   9470   9472   9474   9465   3871
6   5084   9473   9474   9472   9469   5086
3   9469   5089   5086
4   9471   9465   9474   9473
6   9475   9470   9472   4020   4033   9093
6   9475   2611   2621   3863   9468   9470
7   9475   9093   9088   9476   3172   2624   2611
3   3861   9468   3863
8   3164   8304   3617   3624   3883   1867   1862   3158
7   3164   3165   9476   9088   4034   4035   8304
3   9476   3165   3172
5   3622   9465   3871   3884   3623
6   3622   3613   4133   4132   9474   9465
5   1868   2625   2615   3158   1862
5   4014   4020   9472   9474   4132
4   3623   3884   3883   3624
3   6142   8421   6150
6   6077   6144   6150   8421   7208   6074
4   9477   9482   8462   8464
7   9477   7480   7479   9483   9485   9478   9482
4   9477   8464   7477   7480
7   2687   3936   3937   6368   6367   8465   2700
3   9478   9485   9484
8   9478   9484   9481   2686   2700   8465   8462   9482
4   9479   9480   3949   3948
6   9479   9483   7479   6354   6357   9480
9   9479   3948   3950   2684   2685   9481   9484   9485   9483
3   9481   2685   2686
5   5815   7534   3767   3779   5816
5   5816   3779   3775   6637   5822
4   7534   7533   3778   3767
6   7805   9434   8793   8794   9218   7806
5   7450   7957   8141   8140   7451
7   9486   9415   9417   8143   2424   2422   5830
6   9486   9487   7455   7449   9416   9415
5   9486   5830   5831   7954   9487
6   8143   9417   9416   7449   7451   8140
4   9487   7954   7457   7455
9   3638   3634   5197   8952   8953   9489   8888    839    828
8   3260   3271   6495   2401   2410   9488   8943   5193
7   8953   8943   9488   9490   8886   8887   9489
3   8952   5197   5192
5   9488   2410   2406   8885   9490
3   8885   8886   9490
3   8887   8888   9489
7   1728   8903   9491   8662   4506   3357   1721
8   9445   8660   8658   9491   8903   1720   1732   9133
3   9445   9133   9134
3   8662   9491   8658
4   8478   3999   4008   9047
7   1266   1268   9208   9209   9503   9504   9113
6   8253   8929   9164   3175   3190   8254
5    580   9507   9508   8932    577
6    580    330    328   7495   9509   9507
4   9507   9509   9510   9508
5   8932   9508   9510   9161   8930
7   7495   3193   3175   9164   9161   9510   9509
3   4921   4926   9403
7   2033   2025   1506   1503   7076   9403   4926
5   8646   8645   9191   8860   8858
6   8069   8067   8859   8860   9191   9153
5   9274   8455   8456    515    520
6   9274   9279   7697   7696   8457   8455
6   8457   7696   7694   9519   4965   4970
5   4965   9519    528    514   4966
5    515   8456   4972   4966    514
6   9519   7694   7311   7296    516    528
5   9279   9280   7299   7297   7697
5   7299   9280    527    516   7296
4   4594   4605   4974   4975
5   2458   2449   9520   7343   7351
8   9194   9192   9195   6099   6097   8905   6821   6822
5   9194   6822   2833   2835   9193
4   9193   2835   2840   8070
4   9192   5654   5665   9195
4   7176   6818   6821   8905
4   2830   6817   7174   2825
5   7179   5671   2831   2825   7174
5   9521   6490   6492   5827   5832
4   9521   2405   2400   6490
6   9521   5832   2425   2426   2408   2405
6   5056   6491   2404   2403   8137   5057
3   6350   1094   1095
5   1201   6383   6380   9523   1204
6   9522   1200   1204   9523   8596   8597
4   6381   8596   9523   6380
5   5448   5009   5010   9528   5434
4   4994   9527   8093   4992
6   4994   4998   5963   9525   9531   9527
4   5455   5434   9528   9530
8   5455   9530   2875   2882   9526   9524   9529   5452
6   5002   2883   2875   9530   9528   5010
6   5002   4989   8091   9526   2882   2883
7   5963   5447   5444   9529   9524   9532   9525
7   9524   9526   8091   8093   9527   9531   9532
3   9525   9532   9531
3   9529   5444   5452
5   7187   8390   7681   7680   7185
8   5346   9511   8229   8228   9082   9080   9397   5342
6   4297   4308   9518   5349   5350   8265
8   8262   8995   9400   7081   7080   9079   9219   8263
6   9219   9079   9082   8228   4773   4770
6   5342   9397   9400   8995   8498   5336
5   4724   4721   9059   8342   8343
7   4726   1568   1570   7753   8865   8864   4728
9   4875   4874   7141   9536   7972   4087   4089   8435   8433
8   4086   4094   7972   9536   9535   9537   9539   9538
4   9536   7141   7140   9535
6   9541   8389   8393   9542   9543   9540
5   8522   9543   9542   9148   8523
5   4008   4004   8524   9051   9047
8   3833   2861   1989   2002    642    627   6253   4711
4   6249   7703   3581   3576
7   3591   8956   8100   4708   4707   6254   3592
4   4711   6253   6254   4707
5   7793   9547   8172   6656   6650
7   7793   7785   9506   9545   2319   2318   9547
7   6703   9546   2308   2319   9545   9544   6694
5   6703   6704   5099   5094   9546
4   6702   5102   5099   6704
5   6702   6695   6661   5104   5102
5   9544   9545   9506   8411   8407
5   9544   8407   8413   6693   6694
7   6700   6693   8413   8412   7794   6663   6652
7   9546   5094   5116   8172   9547   2318   2308
5   1487   1486   1950   1521   1514
10   1006   1007   9147   1519   1521   1950   1937   7248   2773   2771
4   1006   2771   2767   1002
5   1484    996   1004   1951   1493
3   1007   1008   9147
7   2767   2773   7248   1936   1951   1004   1002
7   7007   7006   8240   8241   9548   9382   9283
3   9382   9548   9383
6   4956   8240   7006   5745   5746   4955
6   9383   9548   8241   4947   4944   8901
6   9067   9557   9554   9555   9556   9066
4   9025   9028   9555   9554
6   9555   9028   4670    173    172   9556
6   9066   9556    172    169     68     67
7   9542   8393   8392   2313   2327   9150   9148
5   2313   8392   7186   7183   2320
5   7181   9226   2326   2320   7183
5   7266   7268   9559   9558   9560
6   7266   9560   9561   9562   5359   5358
3   6545   8661   6563
6   6545   6558   9558   9559   8657   8661
6   6546   7627   9561   9560   9558   6558
4   7627   7626   9562   9561
4   9559   7268   7270   8657
7   5357   5359   9562   7626   6547   6562   7267
7   5158   2165   2167   9563   9565   9566   9564
6   9431   9393   9395   7804   7805   9434
5   9431   6429   6427   7678   9393
6   5787   6152   9394   7674   7676   5780
4   9218   7806   4687   4681
6   9395   9394   6152   4682   4686   7804
3   6426   6428   7679
3   4685   5782   4684
5   9567   9568   9569   9411   9409
3   9412   9411   9569
4   7710   9571   9570   7711
5   7711   9570   8418   6147   6143
4   8784   8063   8068   8783
4   8783   8068   7443   7438
5   7563   3235   3234   8997   8996
5   3230   3467   3466   8997   3234
5   9014   9573   9575   7937   7938
7   9014   9016   7884   1117   1109   9574   9573
7   5700   7883   7884   9016   7934   7933   5698
9   5700   5699   9577   7939   7940   9572   1121   1118   7883
5   7940   7937   9575   9576   9572
4   9573   9574   9576   9575
5   9574   1109   1121   9572   9576
3   7939   9577   7932
5   7933   7932   9577   5699   5698
8   7137   5776   5320   5313   5139   5137   4786   4788
6   5321   5770   8840   8838   5136   5138
6   8838   7136   4784   4786   5137   5136
3   5313   5132   5139
4   6051   9578   5257   5259
7   6051   6052   9559   7268   7269   8758   9578
4   6052   6053   8657   9559
6   9579   4822   4802   2904   2912   9580
6   9579   8528   8527   5723   4821   4822
5   9579   9580   9581   8529   8528
8   3669   7024   7025   7560   5714   5702   7100   3668
5   3669   3663   2911   2906   7024
4   8529   9581   8112   8113
6   8527   3671   3666   7100   5702   5723
4   5714   7560   4814   4817
5   2912   2916   8112   9581   9580
6   4204   1914   1922   9582   9584   9462
5   1922   1923   5536   5567   9582
6   8191    609    620   4208   4209   9583
6   8191   9583   9584   9582   5567   5561
5   9462   9584   9583   4209   4205
5   7513   8732   8021   8024   7523
4   9099   8665   8668   9074
8   9099   9074   9078   1658   1657   4962   5498   7573
3   1661   1658   9078
7   9300   4046   4048   7091   3962   3254   3257
7    298    286   7642   7639   8802   9585   8107
5   8299   8104   8105   9588   9586
5   8107   9585   9587   9588   8105
5   9585   8802   8796   9589   9587
4   9586   9588   9587   9589
3   9127   9228   9124
6   9127   9123   4982   3888   3886   9228
5   3902   3903   4982   9123   8291
5   9590   6853   6852   9591   9592
4   8395   7699   7696   8457
6   7697   7700   5384   3507   3511   9279
5   9274   9277   9271   8454   8455
4   9271   9277   3510   3523
4   9602   8054   8048   9605
5   9602   9604   8736   8056   8054
7   9602   9605   9013   4053   4056   9603   9604
4   3152   3155   8046   8052
4   3152   8052   8044   3154
5   9603   4056   1287   1288   9270
5   9603   9270   8735   8736   9604
7   2358   9013   9605   8048   8046   3155   2365
5   1284   3154   8044   8049   1281
5   9375   8474   5944   5940   9374
5   9375   9371   8548   8476   8474
8   8547   9370   9368   9606   9006   9007   8683   8546
4   8547   8548   9371   9370
3   9006   9606   9003
6   3917   9002   9003   9606   9368   3919
4   3917   3920   9004   9002
6   9374   5940   5942   9004   3920   3934
3   8682   8683   9007
4    272    275   1494   8230
5    272   8230   8225   2263    265
4   4179   9607   3223   3224
4   9018   9219   9079   9020
4   8228   7858   7855   9082
5   4766   4771   8600   8441   8227
6   8438   8603   9021   9019   9081   8439
3   8591   7669   7663
7   8591   7663   5592    133    140   9449   8590
5   6965   8589   3086    130    145
4    153   3090   9449    140
4   3083   3086   8589   8587
5   3557   6384   9609   5887   3558
6   5887   9609   9576   9575   3540   3549
8   9576   9609   6384   6389   8598   1124   1112   9574
7   9608   1115   1136   8931   7434   3547   3542
5   9608   9573   9574   1112   1115
5   9608   3542   3540   9575   9573
5   6387   6392   6941   8933   9160
4   6387   9160   8592   6386
3   9610   4924   4927
9   7134   7133   8839   9611   6828   1883    332    320   7494
6   8717   3191   3189   6066   6480   8716
4   8717   8718   3196   3191
4   8839   8720   8715   9611
6   9611   8715   8716   6480   6479   6828
6   9613   9614   9616   9612   7105   7106
4   9614   9615   9617   9616
3   6014   9618   6015
8   5250   7416   7405   1249   1255   8942   9619   5256
4   1261   1249   7405   6593
7   2334   2350   6259   8675   8676   6596   6595
3   8942   8941   9619
6   2332   2364   3157   5256   9619   8941
8   5586   5588   1003   1004   1951   1952   7242   7668
6   7664   7244   7249    273    255   5587
4   5588   5594    992   1003
7    268    278   4553   1001    992   5594   5581
5   7249   7245   8230    272    273
6   4132   9474   9473   9620   8900   4137
7   3622   3500   3487   8900   9620   9471   9465
3   9620   9473   9471
4   1313   1316   6292   6295
6   1313   6295   6296   9622   8520   1319
6   6070   6614   9621   6294   1837   1844
5   6614   6613   8520   9622   9621
7   8983   9630   9627   9623   9628   9629   8984
5   8983   8976   3431   3429   9630
7   1860   1858   9624   9625   9628   9623   3422
4   9623   9627   3416   3422
4   9624   1858   1852   9626
7   9624   9626   8780   8779   8984   9629   9625
7   3431   8976   8773   8780   9626   1852   1854
3   9625   9629   9628
4   9627   9630   3429   3416
5   4067   9633   8460   2727   2725
6   4067   1396   1397   9631   9632   9633
6   8464   9477   9631   1397   1393   4063
5   8460   9633   9632   9482   8462
4   9477   9482   9632   9631
8   8763   3384   1927   1931   9340   9341   9260   8770
5   8763   7446   7456   3383   3384
8   8769   8771   9261   9345   9346   9634   9636   9635
6   8769   9635   9637   7955   7454   7447
6   9635   9636   1930   1929   3381   9637
3   9344   9634   9346
6   9344   9343   1928   1930   9636   9634
4   7955   9637   3381   3382
4   9340   1931   1928   9343
4   9261   9260   9341   9345
3   8836   8837   9638
3   8984   8985   9629
7   6947   6945   9643   3793   3799   9639   9642
5   6947   9642   9623   9628   6946
5   3792   9640   9641   9639   3799
5   3792   3783   8983   9630   9640
5   9639   9641   9627   9623   9642
5   6944   8986   8982   9643   6945
6   6944   6946   9628   9629   8985   8986
4   3791   3793   9643   8982
4   9640   9630   9627   9641
5   9644   2229   1470   1467   4750
7   9644   8938   8937   9646   9645   2215   2229
5   9644   4750   4746   8939   8938
5   4746   4752   7799   8936   8939
6   1469   2215   9645   7798   6795   1475
6   7798   9645   9646   8935   8936   7799
3   9646   8937   8935
4   9015   9648   9605   9013
6   9015   9014   9573   9608   9647   9648
6   4055   4056   9603   3561   3548   7931
4   9602   9605   9648   9647
6   9602   9647   9608   3542   3537   9604
5   7931   3548   3540   9575   7937
4   9604   3537   3561   9603
7   9649   8278   8275   6565    630    625   8618
3   9649   8283   8278
4   8280   6566   6565   8275
4   7045   6525   6531   7046
9   7045   7052   9652   9655   9158   9160   6387   6385   6525
4   4978   9654   2640   2639
7   4978   4976   8928   9651   7051   7049   9654
5   9652   9653   9508   9510   9655
5   9652   7052   7051   9651   9653
6   6531   2635   2640   9654   7049   7046
4   9161   9158   9655   9510
5   8928   8932   9508   9653   9651
6   1268   9208   6377   6375   9656   1270
4   9209   9503   8027   8025
5   5896   6522   9104   9106   5890
4   9609   9656   6375   6384
6   9609   5887   5891   1269   1270   9656
3   9113   9110   9504
6   9103   8032   8027   9503   9504   9110
5   9103   9104   6522   6516   8032
6   6508   6511   9660   9657   9659   9658
5   9658   9659   9606   9003   9005
5   9008   9006   9606   9659   9657
5   5273   5778   3847   3841   5274
8   2782   5796   5783   8585   6907   6910   8471   2759
3   3855   3852   7887
8   3855   7887   2792   2790   6864   5270   5274   3841
5   2778   3857   3850   4214   2758
5   3089   3086   8589   6966   4194
6   4092   9615   9614   7967   7971   4093
6   4248   7970   7967   9614   9613   4256
5   1741   1748   9184   7152   7153
5   9165   7148   7152   9184   9185
4   9663   9183   1744   1752
5   8117   6928   6930   7960   8115
6   7394   7396   1607   1596   1896   9314
7   9315   9314   1896   1893   9464   9301   9303
4   6953   6949   9301   9464
4   8267   1895   1894   5806
4   9246   7399   7400   9664
5   7763   9189   9670   8708   7761
3   7636   7965   7634
7   5820    102    106   2379   7617   7541   5814
4   5820   5819    105    102
5   7854   5810   5824   1087   1086
6   2374   1081   1088   7543   7617   2379
3   4265   1986   1982
8   4265   4262    748    753   4097   9671   1978   1986
5    748   4262   4260   4471    751
4   1978   9671   4478   1976
5   7917   7913   9672   9673   8001
4   7915   8114   9672   7913
5    510    511   6298   8001   9673
8    510   9673   9672   8114   2672   2697   7486    501
8   9421   9678   8568   3635   3643   5197   8952   8954
9   9674   9489   8888    841    842   5364   9677   8444   8443
6   9674   7275   7276   8946   8953   9489
7   7064   8322   8321   9679   9676    848    818
5    848   9676   9677   5364    846
5   9678   9681   9680   8567   8568
6   9682   9683   8544   8545   7825   7818
7   9682   9657   9008   9007   8683   8681   9683
6   9682   7818   7823   9684   9659   9657
4   8681   8542   8544   9683
5   9659   9684   9369   9368   9606
7   8545   8543   9377   9369   9684   7823   7825
4   8547   9370   9377   8543
5   9685   9689   9687   4364   4371
4   4374   9686   9688   4373
4   4374   4368   8515   9686
5   7540   7538   8356   8354   7613
4   9690   9691   7612   7615
8   9690   7614   7620   9390   9388   3794   3768   9691
3   9690   7615   7614
6   9691   3768   3781   7539   7537   7612
5   3794   9388   8355   8357   3784
6   3781   3784   8357   8356   7538   7539
3   7620   7624   9390
5   9638   8837   7728   6645   6642
5   5843   9696   7813   7812   5837
4   6511   6509   7814   9660
5     20     17   5186   7572   5367
5   7568   7565   5874   5875   9304
4   5383   5367   7572   7570
5   7565   5187     18     19   5874
4   9697   9698   7487   7489
4   9697   7402   7398   9698
5   4423   4419   7903   9084   5231
7   4411   6431   9433   6759   6317   6318   4409
3   4414   4416   5236
4   9239   7588   7594   9702
6   9239   9702   3963   3966   8584   9241
8   9281   9382   9548   9700   8582   6748   6752   9282
7   9699   9700   9548   9383   7596   7597   9240
5   9699   9701   8583   8582   9700
4   9699   9240   9238   9701
8   6752   3248   3250   3963   9702   7594   7593   9282
5   8583   9701   9238   9241   8584
6   9235   9703   4479   1973   1974   9234
5   9235     95     97   9704   9703
5   9703   9704   9671   4478   4479
7     97     90    395   1987   1978   9671   9704
5    395    389   9234   1974   1987
5   3243   3242   7896   7897   5272
5   7898   7896   3242   3240   7677
4   3841   5274   5266   3853
5   5272   7897   3843   3853   5266
6   6221   3515   3517   9278   7298   7308
5   6220   8518   8580   5389   5393
4   7298   9278   9280   7299
3   8581   7310   7307
5   8581   8580   8518   7309   7310
6   8863   5583   5589   9705   7585   7583
6   8863   8864   4728   4727   5596   5583
5   7585   9705   5597   5598   7586
7   8374   8867   7581   7586   5598   5595   8373
3   9705   5589   5597
4   5582   7665   8373   5595
4   2074   2093   6889   4270
4   4270   6889   6886   4269
4   4108   2088   2089   4127
6   4108   4106   9707   6876   2084   2088
5   9706   9707   4106   4120   9313
7   9706   5850   4267   4269   6886   6876   9707
4   4616   9709   7820   4617
9   4616   4612   5076   8824   4504   4505   3720   3732   9709
6   9063   9285   8826   8823   7367   7369
6   9063   8155   8154   4487   4483   9285
5   7815   7816   4281   4284   9298
4   9708   7810   7807   9710
7   9708   4486   4487   8154   8158   7826   7810
6   9708   9710   3727   3722   4495   4486
6   4272   4281   7816   7826   8158   8164
5   9299   7368   7379   9092   9451
6   5073   4614   4610   9451   9092   8819
6   7807   7820   9709   3732   3727   9710
7   3372   9711   7771   7775   8250   8246   3377
3   3372   3362   9711
4   6483   7769   3364   3363
4   7775   5996   6009   8250
4   3370   7771   9711   3362
3   8146   6484   6485
3   3378   3377   8246
4   9712   2267   2266   9716
4   9712   5585   2262   2267
8   9712   9716   9450   9448   9713   9714   5601   5585
6   8608   8678   9450   9716   2266   2271
6   9713   9448   8677   8615   8616   9715
6   1277   1273   4364   9687   9717   5881
5   2153   2133   9700   9548   8241
4   4020   9472   9469   4028
5   8243   4131   4019   4031   9458
7   9699   4027   4028   9469   5086   5083   9240
7   9699   9700   2133   2146   9458   4031   4027
5   9473   9620   7600   5080   5084
4   7600   9620   8900   7602
8   8421   6150   6151   5879   3460   3002   3003   8420
4   1649   6148   9718   1650
5   9718   6148   6149   8417   9358
8   9718   9358   2999    428    427   3461   1651   1650
4   3815   1645   1646   3806
4   3810   3817   5879   6151
8   6612   6614   9621   5130   5143   4568   4572   8319
4   4592   6425   8319   4572
8   6424   5142   5130   9621   6294   1843   1842   7715
3   4571   4568   5143
7   2620   8379   9723   9094   9093   9475   2614
7   8379   8383   9721   5077   5067   9090   9723
7   9720   5090   5089   9469   4028   4032   9719
7   9720   8382   8381   9722   9467   5081   5090
5   9720   9719   9721   8383   8382
5   5077   9721   9719   4032   4039
7   8381   2619   2614   9475   9470   9466   9722
3   9722   9466   9467
3   9094   9723   9090
7   9590   9592   9725   5469   5470   9459   9461
6   9724   6880   6872   5474   5469   9725
4   6103   9186   9187   6102
6   6103    791    792   9726   9188   9186
5   9361   9727    793    794   9359
3   9361   9364   9727
8   5102   5107   6102   9187   2469   2470   5508   6702
5   2476   9188   9726   9363   2477
7   9359    794    788   5099   6704   6706   9362
6   9726    792    793   9727   9364   9363
3   6706   6705   9362
6   9728   9085   8973   8974   9223   9729
6   9728   4244   4239   5521   7907   9085
5   9728   9729   9221   4238   4244
3   9221   9729   9223
6   4242   5230   4422   4412   5528   4243
3   4412   4424   5528
4   9352   9731   9730   9349
8   1360   8923   8924   9732   5519   5524   2870   1357
4   1360   1358   2442   8923
6   5524   5520   1048   1050   1367   2870
4   8924   7908   7899   9732
4   9732   7899   5526   5519
4   2451   2450   8655   5529
4   7105   9612   9031   7104
3   8154   4487   4488
4   9285   9063   9064   9284
3   8153   4503   4492
6   8153   4492   4481   9284   9064   8150
6   6102   6104   9618   6014   6017   9187
3   8565   9735   8564
4    340    343   8560   2905
4   9581   9580   9734   9733
7   2905   8560   8564   9735   9734   9580   2912
6   5057   1687   1689   8964   8139   8137
4   7476   8968   2399   2414
5   7476   7483   8139   8964   8968
9   5103   8136   8134   8922   6013   6015   9618   6104   5108
8   5103   5093   1578   1576   7994   7997   8133   8136
5   8922   8134   8133   7997   7995
5   7591   7587   1061   1067   3293
5   7587   7595   7535   1069   1061
4   3497   3505   7544   7598
3   5633   7547   5626
5   1974   9234   9236   9736   1984
6   8749   8531   8532   8879   8882   8746
7   2398   2412   8962   9738   9478   9485   8880
5   9737   8747   8746   8882   8881
6   9737   9484   9478   9738   8748   8747
5   9737   8881   8880   9485   9484
6   8748   9738   8962   7490   2796   2794
6    710    708    383    369   2122   2121
6    710   2121   2120   8750   2698    711
5   8753   9633   9632   9738   8748
6   8753   8754    368    362   8460   9633
4   8754   8633    376    368
4   9482   9478   9738   9632
6   9481   2686   2680   8756   8747   9737
3   9481   9737   9484
5    708    709   2675    382    383
4   2700   8465   6720   2699
5   9739   9740   9557   9067   9068
6   9266   9264   7376   7366   9087   9741
4   6643   6644   8495   9742
7   9242   8541    353    354   9059   4721   4723
5   2474   6019   6016   5495   2473
4   8872   8875   9743   9220
7   5221   5219   4420   4412   5528   5530   7662
4   9220   9743   4240   4241
8   8875   5228   5229   7658   8656   4249   4240   9743
3   4420   5219   4418
6   3538   3550   5885   9276   6230   6225
4   3516   6230   9276   3524
7   3561   9603   9270   9268   5892   5897   3560
5   5900   5892   9268   9271   9277
3   3555   3560   5897
4   8736   9604   3537   3536
5   8841   9744   6830   4795   4783
4   8841   8839   9611   9744
4   9611   6828   6830   9744
5   5911   9718   9358   8320   5913
7   5911   5908   7036   9305   1643   1650   9718
3   8324   7039   7037
5   1377   6482   6481   9748   1380
6   1377   1381   9747   1640   1639   6482
3   8820   9457   8821
5   8818   8821   9457   9169   9168
4   5062   4021   4031   9458
5   8345   8714   8575   6043   6025
7   8345   8352   9749   9751   8367   8366   8714
6   8367   9751   9752   7509   7526   8364
4   9749   9753   9752   9751
5   9749   8352   8339   9750   9753
6   7517   9750   8339   6024   6027   7507
5   7517   7509   9752   9753   9750
6   1640   9747   6615   6610   4585   1621
6   6611   2723   2722   8319   4572   4589
8   7791   9754   8168   8170   5475   5476   6340   6335
5   7791   6654   6657   8167   9754
4    941    944   5475   8170
3    947   6655    949
7   5476    943    949   6655   6649   6342   6340
3   9754   8167   8168
4    510   9673   7262    504
4   9672   7261   7262   9673
5   9672   8114   5280   5277   7261
3   7486   2696   2697
8   1964   4469   9725   9592   9591   7733   7732   1966
7   1979   9724   9725   4469   4264   4258   1977
3   1977   4258   1980
6    831    817   9562   9561   7209   7222
6   7625   7626   9562    817    835   8671
4   7627   7218   7209   9561
8   4744   1466   1457   8684   9637   7955   7445   7459
4   4744   7459   6157   4756
7   1473   7802   8765   8769   9635   9755   1460
5   9635   9637   8684   8687   9755
4   1460   9755   8687   1465
3   7802   7801   8765
6   2610   2609   3746   3874   4643   4634
4   8381   4637   4644   9722
3   2614   9475   2611
7   9466   9722   4644   4643   3874   3863   9468
3   3690   3689   6801
6   6799   2560   2572   9756   9333   9232
3   9397   5343   5342
5   9400   8995   8991   7078   7079
7   6433   8078   8076   6758   6757   9433   6431
7   6433   6432   9432   9392   8688   8073   8078
4   6758   8076   8077   6756
6   6042   6039   8349   9757   4112   4117
3   7163   7158   8351
7   7144   4123   4112   9757   8350   8351   7158
6   7144   7145   8712   9758   4124   4123
3   8350   9757   8349
5   8712   8577   4118   4115   9758
4   7146   7167   8345   8714
3   4115   4124   9758
4   5110   1574   1577   5109
5   9389   9390   7620   7621   9761
3   7623   8288   7622
5   2018   6615   9747   1381   1379
5   8247   9367   2164   2163   8249
4   6571   6575   3651   3652
6   6584   9053   9055   6916   6913   6583
3   6564   6583   6913
4   3657   3656   6916   9055
5   5991   5989   4081   4076   7849
6   5991   7849   7850   3143   3136   5984
3    508    512   3140
7   4672   9024   9762   8854   7847   4075   4082
3   9024   9027   9762
5   8854   9762   9027   7690   7691
5   8785   2836   2838   8068   8783
7   8785   8786   8860   9191   9193   2835   2836
10   4374   9686   6446   6450   6199   6189   8775   9763   9764   4372
7   4372   9764   8778   4250   4240   9743   4362
10   7660   7647   6193   6188   6449   6457   8017   2812   2823   8871
9   2823   2822   8018   9688   4373   4362   9743   8875   8871
6   9686   9688   8018   8017   6457   6446
4   8774   8778   9764   9763
3   8774   9763   8775
6   3414   3411   9765   5615   3709   3708
5   2206   9767   9765   3411   2202
9   2206   2208   7053   9769   9229   9230   9770   9771   9767
6   9765   9767   9771   9766   5614   5615
4   3710   5612   9768   3711
11   9144   9769   7053   2207   2200   3415   3707   3711   9768   5616   5618
4   9144   9145   9229   9769
3   9766   9771   9770
6   9766   9770   9230   9143   5619   5614
3   5616   9768   5612
3   8616   8614   9715
4   9714   7168   5600   5601
7   7425   8057   6670   3183   3192   8934   7427
6   9602   9647   6668   6670   8057   8054
5   6668   9647   9608   1115   1127
9   6472   7021   7022   9663   1752   1749   9772   8574   6471
4    571   8510   8508    570
5   7409   7417   9380   9774   9775
10   7409   9775   9773   9583   4209    561    570   8508   8507   7411
6   9773   9774   9380   9379   9584   9583
3   9773   9775   9774
6   9462   9584   9379   5331   5332   8734
7   9629   8985   8977   9777   9778   9776   9625
4   8977   4759   4760   9777
6   6812   9779   9780   9781   9075   6811
6   6812   6806   9329   8553   8551   9779
4   6806   6805   9231   9329
3   9075   9781   9076
5   9490   9483   7479   7478   9488
5   9490   8886   8883   9479   9483
4   7482   8943   9488   7478
8   9782   9480   9479   8883   8887   9489   9674   9784
5   9785   8011   7777   7772   9788
6   9785   9787   3368   3367   7773   8011
4   9785   9788   9786   9787
5   9786   9788   7772   7771   9711
5   9786   9711   3362   3368   9787
4   4929   9568   9567   4920
4   4934   4938   4345   4347
6   8528   8525   9149   6177   6173   9579
4   4822   9579   6173   4820
5   9152   8526   8527   5723   5720
6   7300   4113   4111   8579   8581   7310
7   7305   7313   8365   8713   9758   4115   4114
6   7128   8579   4111   4105    920    911
6   9758   8713    925    920   4105   4124
4   7177   8274   8277   7180
4   7177   7178   8268   8274
5   7178   6573   6565   8275   8268
3   6590   8904   6589
6   7849   7848   8534   8535   5983   5991
4   5412   7850   3143   3144
5   8535   3146   3135   5993   5983
5   8099   9790   9792   9791   8101
8   1296   3435   6732   6918   6920   9793   4229   1310
7   6732   6731   9454   6586   6583   6913   6918
6   3076   3069   6925   6579   6585   9447
4   3069   2958   2961   6925
5   3070   1302   1303   4228   3063
7   6923   6924   3067   3063   4228   4229   9793
3   6923   9793   6920
6   8631   9794    363    368   8754   8632
5   8631   7492   7487   9698   9794
6    363   9794   9698   7398   7403    370
7   9651   9800   9803   9796   9795   9798   9653
5   9651   8928    576    584   9800
5   9796   9803   9802   9799   9797
3   9796   9797   9795
5   9797   9799   9801   9798   9795
5   9653   9798   9801   9507   9508
6   9799   9802    585    580   9507   9801
5   9800    584    585   9802   9803
8   2829   9318   9804   9533   8989   8271   8269   2841
7   2933   9057   9533   9804   9316   9321   2934
3   9316   9804   9318
4   2934   9321   9320   2937
4   8269   8279   2844   2841
5   5141   5135   7712   1830   1832
7   5134   5146   9805   3685   3706   7993   9086
5   9086   7993   1831   1835   7713
4   9805   5146   3703   3674
3   9805   3674   3685
8   4196   4198   3095   3088   8340   8350   9757   8405
7   3095   4198    594    598   6967   7751   3096
6   8405   9757   8349   7867   7859   8404
5   8340   3088   3096   7751   7750
4   7865   8402   8404   7859
7   7633   7966   9430   8388   4833   4842   7632
3   8388   9430   8385
5   8236   8235   1164   1151   1902
3   9319   3104   3114
4   9319   3114   3103   7226
6   8235   7223   3100   3097   1165   1164
3   7233   8234   7234
4   3117   3118   1901   1900
4   3117   1900   1899   3119
5   9230   8958   6040   6023   9770
4   5617   5611   6854   6856
8   4859    359    360   6688   6685   6855   6854   5611
7   6038   6684   4867   4866   9766   9770   6023
3   6685   6686   6855
4   4866   4865   5614   9766
6   8237   7504   2930   2934   9321   8233
3   8237   7502   7504
6   9464   9301   1671   1676   1144   1156
5   1138   2893   7503   8235   1164
3   1903   9314   1896
4   2319   2329   5724   9545
5   8408   9506   9545   5724   5725
6   7793   7792   9505   2310   2309   9547
5   6181   2302   2310   9505   7988
3   2318   9547   2309
5   7442   7441   4712   4710   8781
6   6809   2559   2562   9252   9808   8571
3   9333   9335   9756
10   5910   8571   9808   9806   9809   9807   9339   9329   6806   5907
5   2563   2570   9331   9342   9251
4   9257   9255   9809   9806
4   9257   9806   9808   9252
5   9756   9335   9331   2570   2572
3   9807   9338   9339
6   9807   9809   9255   9260   9341   9338
4   9261   9251   9342   9345
5   6701   7567   8409   8413   6693
4   5185   5182   6694   9544
6   5185   9544   8407   5368      9      4
5   7567   7572   5367   5375   8409
4   3264   5198   5906   3281
7   3639    824    820   8418   9570   5914   3646
6   9570   9571   3280   3281   5906   5914
5   1654   1656   4964   9073   6328
6   8109   8103   9799   9801   9813   8744
5   8297   9814   9812   9811   8296
4   8297   8298   8743   9814
8   9801   9798   9815   9812   9814   8743   8745   9813
4   9586   8299   8296   9811
7   9586   9811   9812   9815   9795   9797   9588
5   8105   9588   9797   9799   8103
3   9813   8745   8744
3   9795   9815   9798
5   3614   5602   7545   3488   3501
3   3421   3432   5485
5   5605   3615   3612   3417   3423
4   5605   3423   3425   5603
5   7545   5602   5604   5484   5494
5   3425   3426   5484   5604   5603
6   3417   3612   3621   5486   5485   3432
9   9816   9817   9781   9075   7038   5904   5906   3281   3268
7   9816   3267   3263   9818   9779   9780   9817
3   9816   3268   3267
3   9817   9780   9781
9   3279   5196   5917   5918   6800   6812   9779   9818   3278
3   9818   3263   3278
3   5196   5194   5917
7   9090   9091   9741   9266   9265   9820   9723
7   9820   9819   9822   9821   9089   9094   9723
6   9820   9265   7424   7422   9823   9819
6   7375   9823   7422   7423   9264   7376
5   7375   7374   9822   9819   9823
4   9821   9822   7374   7365
4   9821   7365   7364   9089
3   9741   9091   9087
6   6814   2832   2836   8785   8787   6825
3   6814   2834   2832
3   6815   6824   9824
8   6815   9824   8782   8789   8641   8640   9194   6822
5   9824   6824   6825   8787   8782
4   8635   8641   8789   8792
6   6916   6917   6739   6735   9054   9055
4   6918   6732   6734   6919
3   5172   5179   9391
5   9585   8107    322    308   9825
5   9585   9825   9826   8803   8802
4    308    327   9826   9825
7   8803   9826    327    281    285   7637   7640
4   7637    285    291   7641
8   6629   7891   2775    998   1007   9147   1520   1525
8   6629   6634   1694   1702   2763   2776   7886   7891
3   2771   1006   1005
5   9326   1531   1521   1950   1949
3   2776   2791   7886
3   7248   2773   2779
6   8475   8548   9371   3287   1426   1434
4   5712   7096   7099   5718
7   5712   5721   9376   9377   8543   7103   7096
6     13      0   5726   5717   1427   1432
6   5719   5718   7099   7097   8473   9049
3      0     27   5726
9   7178   6827   6826   2389   2391   8619   9649   8278   8268
5   2389   6826   6251    644    633
3   9792   9790   9828
4   1782   2955   1828   1775
9   2306   2315   9546   6703   6706   9362   1422   1442   9224
11    794    789   4720   9829   2325   2314   9224   1442   1444   9360   9359
6   5094   9546   2315   2325   9829   5106
5    795   5106   9829   4720    796
3   1444   1425   9360
3   6091   7086   6092
7   1779   6081   6248   6926   2965   2960   1774
4   6248   3578   3570   6926
8   9135   3075   3069   6925   6915   6572   6240   6243
6   9446   9445   9133   8902   6576   6578
3   6572   6915   6574
3   9566   9565   9830
6   9226   7181   7182   9829   2325   2324
3   1442   1443   9224
4   4530   4539   9141   9831
6   9493   3430   3431   8976   6214   6192
5   9493   9501   9833   3433   3430
4   9626   7976   7975   8780
9   9626   1852   1866   9832   6409   6400   6404   7978   7976
4   6404   6407   7979   7978
7   6415   6409   9832   9833   9501   9500   9381
5   9832   1866   1865   3433   9833
5   9070   9835   9837   9424   9071
8   9070    460    459   6401   6396   9834   9836   9835
7   6396   6402   3017   3014   4809   4803   9834
5   4812   6185   9836   9834   4803
5   9835   9836   6185   6184   9837
7   9424   9837   6184   6176   8092   8095   9423
4   9423   8095   6771   6769
3   6174   8092   6176
5   4863   5697   9838   9839   4862
3   8419   7206   7221
6   7266   9560   9137   7061   7066   7272
5   9137   9560   9561   7209   7213
4    832    817   9562   5359
3   7065   7272   7066
5   7114   8890   7506   4357   4355
6   8661   3072   3065   7717   6552   6545
4   9267   7217   7203   9840
7   5797    493    494   9435   9841   9115   9116
4   5722   8161   8162   5713
7   5722   5712   7096   7102   8549   8152   8161
6   7029   9065   7101   3665   3669   7024
6   7560   5714   5713   8162   8163   7559
3   8159   8846   8157
5   8152   8549   7094   5838   5848
4   5718   5702   7100   7099
4   6551   6550   7628   7718
6   6558   6559   4233   4235   9138   9558
5   7628   7205   4225   4226   7718
4   9137   9560   9558   9138
6   7170   8641   8789   8790   9842   7171
8   3234   8997   3468   3465   3801   3769   1023   1017
6   3465   3470   9844   9843   3802   3801
6   7472    112    117   9845   9843   9844
5   7472   9844   3470   3471   7474
5    104   3796   3795   9845    117
6    104    111   5976   9083   3786   3796
5   5974   1024   1025   9083   5976
4   9843   9845   3795   3802
6   3425   3420   9846   8353   5606   5603
5   3428   3798   3770   9846   3420
4   3428   3424   3787   3798
4   3770   3772   8353   9846
6   3789   5483   5484   5604   5608   3774
4   8696   8739   9159   8695
8   9159   8739   8741   9847   9522   8597   8594   9163
3   8595   9163   8594
5   5943   9004   3920   3914   4401
3   9848   5877   5867
6   9848   5516   5510   3813   3814   5877
7   9848   5867   5873   9374   5940   5511   5516
4   3812   3923   5878   3816
4   4399   3808   3813   5510
4   3933   5870   5878   3923
5   9331   2570   2571   9156   9334
9   7819   9849   3924   3912    184    180   3728   9710   7807
6   7819   7821   6512   2593   2594   9849
4    194    188   9850   3731
5   2595   9851   9850    188    189
7   2595   2591   6512   7821   7820   9709   9851
6   9849   2594   2592   8110   3925   3924
6    184   3912   3926   8110   2592    179
5   9850   9851   9709   3732   3731
3   3727   9710   3728
4   8380   8379   9723   9820
5   8380   9820   9819   2617   2608
5   9822   9821   9476   3172   3174
5   9822   3174   2613   2617   9819
4   9088   9476   9821   9089
3   1508   8266   1510
5   9572   9853   1263   1271   7940
7   9572   1121   1120   7882   8166   9852   9853
5    503    505   6299   5410   5406
5    503   5406   3139   3140    508
5   8006   8001   9673   7262   7260
6   4480   4486   9708   9372   9373   7382
5   3729   9372   9708   9710   3728
5   8002   7263   7265   9854   8003
7   3945   3953   5284   8658   9491   9854   7265
5   9491   8903   8004   8003   9854
3   3946   3954   7264
5   6093   6095   9196   9855   7169
4   7609   9855   9196   7608
7   3913   3923   5878   5879   6151   6144   6077
9   2083   2439   3094   3093   9858   7157   7165   9857   2096
5   2096   9857   4109   4108   2088
3   4198   3095   3085
5   9757   8405   5167   4103   4112
3   7151   7157   9858
7   7151   9858   3093   3088   8340   8351   7158
5   7165   7144   4123   4109   9857
6   4625   1395   1392   9859   9860   7401
5   9859   9794   9698   9697   9860
7   9859   1392   1399   2740    366    363   9794
5   4630   7400   9664   8376   4631
5   2735   8376   9664   9246   2732
4   7402   7401   9860   9697
5   6375   9656   9853   9852   6379
4   1270   1263   9853   9656
4   4786   4785   4902   5137
6   6993   5326   5313   5139   4895   4884
5   1892   7395   3115   3117   1900
5   2533   3099   3115   7395   2538
8   5437   5436   6729   5126   5127   9862   9861   7730
3   5435   6729   5436
5   9129   7048   7049   9654   9125
7   9129   9130   9142   9800   9651   7051   7048
6   9800   9142   8290   8295    579    584
5   9123   9125   9654   4978   4982
4   2254   2246   7235   7227
5   2254   7227   7231    534    541
6   7229   7235   2246   2252   7504   8237
9   4346   4347   4934   4941   9569   9412   1080   1074   6985
6   4941   4940   1084   1062   9411   9569
3   2375   5858   2370
3   7617   2379   2380
4    935   9870   9868    951
6    935    934   7774   7778   9871   9870
6   8010    954    951   9868   9869   8012
6   9785   9869   9868   9870   9871   9788
4   9785   8011   8012   9869
4   7772   9788   9871   7778
6   6000   7774    934    952   8147   6004
4   5523   9872   5449   5450
7   5523   4564   1046    465    464   9873   9872
6   2871   2870   5524   5525   9874   9875
8   2871   9875   5456   5441   9873    464    448   2873
4   5441   5449   9872   9873
4   5433   5456   9875   9874
4   5433   9874   5525   5453
5   9876   9806   9809   9878   9877
9   9876   8948   5195   5196   5917   5915   8572   9808   9806
4   9876   9877   8947   8948
3   8556   8550   9330
4   8551   9779   9818   8552
4   5199   8955   3269   3272
12   9818   3278   3269   8955   8947   9877   9878   9807   9339   9330   8550   8552
3   9807   9878   9809
3   8571   9808   8572
9   8706   9599   9601   8195   8210   9879   9881   9880   8705
8   8942   1262   1251   9880   9881   5247   5253   9619
7   9879   8045   8052   3152   3156   5247   9881
6   9880   1251   1238   6609   7555   8705
9   8046   8051    211    202   8941   9619   5253   3150   3155
6   3338    198    211   8051   7844   3331
6   7721   8261   8260   9181   3533   3534
4   3851   3854   7650   7652
6   3853   5266   5267   7655   7650   3854
5   7653   7648   5269   5272   7897
5   5267   5268   8648   7654   7655
6   9717   9689   9685   9222   5880   5881
4   3420   9846   3873   3419
5   3427   3859   5610   5605   3423
3   5610   3859   3858
4   3867   3873   9846   8353
6   9083   6630   1529   1523   4556   5976
6   1541   1540   5817   1490   1488   4555
6   3796    104    102   5820   5816   3779
5   8576   9227   6528   2630   2634
8   9125   9654   2640   2638   6528   9227   9228   9127
4   3908   3909   8517   5163
3   4464    614    615
5   2892   1161   1160   2435   2437
3   7048   7043   9129
7   9229   9769   7047   7054   6527   6528   9227
6   9769   9144   9122   9131   7055   7047
3   7042   7055   9131
3   6531   6532   7046
6   9739   9068    755    749   1103   3109
7   5254   9883   9885   9884   8733   5330   5249
5   5254   3149   1289   1294   9883
9   9883   1294   1293   6351   6352   1098   1092   9886   9885
5   9884   9885   9886   1093   1089
6   9884   1089   1095   6350   6348   8733
3   1092   1093   9886
5   5175   8898   9889   6943   5174
5   8898   8897   9891   9892   9889
5   6942   9890   9888   9642   6947
5   6942   6943   9889   9892   9890
7   8897   8895   3800   3799   9639   9887   9891
6   3800   8895   5176   5177   9893   3780
5   6945   9643   9893   5177   5173
4   9887   9639   9642   9888
5   9887   9888   9890   9892   9891
4   3780   9893   9643   3793
7   9177   4231   4230   9793   6923   5759   5752
8   9177   9175   8258   8255   7724   7723   4232   4231
3   4230   4229   9793
4   9175   7319   7315   8258
6   4232   7723   7720   3073   3063   4228
3   3077   9010   3078
6   5040   5030   5938   5933   9418   9040
3   5070   5071   7630
4   8143   9417   8949   8144
4   9416   7449   6160   6162
5   9118   7448   7451   8140   8138
5   2239   6669   9894   9017   2240
5   6668   9647   9648   9894   6669
3   1109   9574   1112
4   6443   6440   9016   7884
4   9015   9017   9894   9648
6   6444   1122   1123   2209   2212   6441
5   3330   7800   6667   6672   3329
10   9605   9648   9894   9895   9646   8935    210    211   8051   8048
7   7800   7798   9645   9895   9894   6669   6667
4   8057   7842   6665   6670
3   9895   9645   9646
5   3334    208    197   8936   7799
5   7153   7149    720    718   1741
9   9891   9896   9897   3875   3862   8358   8360   8896   8897
3   3875   9897   3876
4   8358   3862   3860   4647
6   5828   5829   9898   9899   9900   7952
5   3465   3801   3780   9893   3463
8   7879   3472   3463   9893   9643   8982   8978   7880
3   7878   3228   3236
6   7878   7880   8978   8979   3232   3228
3   1809   1802   7827
7    567    568   8511   7831   7827   1802   1805
8    613   4463   1818   1819   7835   7829   8505    607
3   1816   7835   1819
5   8508    570    569    607   8505
6   9268   5892   5898   9901   9902   9269
4   1285   9273   9883   1294
6   1099   1092   9886   9902   9901   7936
7   3548   7931   7936   9901   5898   5897   3560
5   9269   9902   9886   9885   9272
4   9883   9273   9272   9885
6   3024   3023   6597   3742    849    867
3   6823   6252   6236
8   1780   1781   7172   6816   6819   6086   6092   7086
6   9824   6815   6816   7172   7171   9842
6   9903   6498   3275   3276   8555   8554
9   7235   2246   2249   4167   8857   9534   9904   9317   7236
4   9534   9533   9804   9904
4   9804   9316   9317   9904
7   8564   8558   9836   6185   6183   9905   9735
4   9836   8558   8557   9835
5   9905   6183   6180   9907   9906
5   9905   9906   8562   8565   9735
6   8562   9906   9907   1347   1350   8561
6   8557   8561   1350   1342   9837   9835
5   6180   6182   1341   1347   9907
5   9837   1342   1341   6182   6184
4   4507   7916   6056   4509
4   9450   9716   4776   4775
6   4768   4776   9716   2266   2269   8226
5   8139    776    773   8963   8964
5   6849   6851   1965   1966   7732
3   3874   3879   4643
5   9467   9722   4644   4633   5078
6   8580   8578   4104   4122   8519   8518
6   6885   6871   9707   4106   4104   8578
6   9707   6871   6887   5386   5396   9706
6   9540   9543   8522   8529   9581   9733
6   6326   6328   9073   9076   9781   9817
4   9393   9392   9432   9431
6   8171   9909   6175   2304   2303   8169
6   8171   8168   9754   8088   8089   9909
9   9505   7786   7790   8088   9754   8167   8169   2303   2310
5   9909   8089   8092   6176   6175
3   9910   9899   9898
3   9911   9913   9912
7   4828   4829   8238   9914   8981   6452   6448
5   8673   8672   8815   8817   8889
4   4975   4967   4595   4594
4   2883   5002   4999   2874
5   2876    449    450   9526   2882
5    450    451   6772   8091   9526
5   2874   4999   5006   8090   2889
3   7159   7605   7150
6    397    400   5853   9120   5392   5387
9   4750   9644   9916    652    651   9244   9918   9919   4751
6   9243   4748   4747   9919   9918   9245
8   9243   8231   8232   9917   8685   1461   1462   4748
4   9915   9922   9920   9921
6   9915   9917   8232    645    653   9922
5   9915   9921   8686   8685   9917
6   8686   9921   9920   9923   2230   2235
3   4751   9919   4747
5   9916   9644   2229   2230   9923
6   9916   9923   9920   9922    653    652
3   9918   9244   9245
5   9711   9786   9924   3371   3372
6   3371   9924   9528   5434   5429   3374
8   9786   9788   9871   9925   4988   5010   9528   9924
5   8246   3377   3374   5429   5443
8   7775   8250   5440   5432   4991   4988   9925   7770
4   9925   9871   7778   7770
6   4927   4920   9567   9409   9413   9610
7   8371   4993   5001   5478   4888   4889   6330
5   8371   2888   2874   4999   4993
5   5001   5004   8170   5475   5478
4   8089   9909   5008   5005
4   9754   8088   7789   7791
4   6340   4891   4890   5476
4   8171   5007   5008   9909
6   9926   9927   6789   1384   1382   9928
5   9926   6439   2224   2217   9927
4   9927   2217   2221   6789
7   8912   7787   6662   6659   8126   9102   8914
6   7571   7567   8409   8414   8908   8906
3   9102   8126   8131
6   6561   6560   7629   8669   8673   8889
5    148   1571   1572   1738    147
6   1563   7156   7147   1742   1738   1572
7   7147   7151   9858   3092    135    128   1742
4    132    134   3096   7751
3   3093   3092   9858
6   1264   7936   9901   5888   5893   1267
5   9609   9576   9572   9853   9656
3   9901   5898   5888
7   9436   1148   1147   2179   9117   9115   9841
5   5445   5965   9564   5158   5162
5   9367   2164   2167   9563   9366
6   5964   9929   9830   9566   9564   5965
8   5964   4997   4995   9925   7770   6010   6011   9929
3   4988   9925   4995
7   9830   9929   6011   6006   9366   9563   9565
6   4924   9610   9413   9404   9405   4923
3   2192   1202   1198
6   7686   5999   6002   7774    934    937
4   1782   1774   2960   2955
8   5178   5172   9391   9389   9761   9931   9930   7338
5   9797   9796   9933   9587   9588
6   9802    309    308   9825   9932   9803
5   9802   9799   8103    317    309
5   9585   9587   9933   9932   9825
4   9932   9933   9796   9803
6   9541   9906   9905   9734   9733   9540
5   9541   8389   8391   9907   9906
6   9579   9580   9734   9905   6183   6173
6   8391   8392   2313   2323   6180   9907
7   5607   3869   3870   9471   9620   7600   7603
3   3881   8358   3862
6   3385   7954   9487   8764   8763   3384
4   3380   3386   9900   7952
8   9809   9255   8768   8764   9487   9486   9934   9878
5   9910   9935   5834   5829   9898
9   9910   9899   9900   3386   1932   1931   9340   9332   9935
8   9338   9807   9878   9934   5833   5834   9935   9332
4   9486   5830   5833   9934
6   8838   8841   9744   4579   4587   5136
4   9744   6830   4580   4579
5   6110   6421   6422   4794   4787
7   5020   5021   7050   9652   9653   9798   9815
4   5020   9815   9812   5011
7   9812   9814   9292   9293   9936   5016   5011
4   9813   9801   9507   9509
8   9813   9509   9510   9655   9162   9159   8739   8745
6   9292   9814   8743   8741   9847   9291
5   1205   1203   5025   9936   9293
10   9163   9162   9655   9652   7050   5022   5023   9523   8596   8594
4   1206   1204   9523   5023
5   9847   9522   1200   1199   9291
3   5025   5016   9936
4   7500   4565   4566   8434
4   4558   4559   9938   9937
4   4558   9937   5518   4557
5   7498   8425   9938   4559   4563
7   8429   9872   5523   5518   9937   9938   8425
5   8429   8426   9426   9873   9872
4    464   9873   9426    452
8   3202   9939   5327   5140   5150   9941   8521   3205
4   3202   3208   9940   9939
9   1313   6295   5328   2588   2587   9940   3208   3204   1314
5   5327   9939   9940   2587   2567
3   1314   3204   1318
5   5150   5149   6296   9622   9941
4   9941   9622   8520   8521
5   1342   1348   9422   9424   9837
5   1326   9942   9427   9422   1348
5   1326   1328   4994   9527   9942
7   6175   9909   5008   4990   1339   1320   6172
6   8093   8095   9423   9427   9942   9527
4   1341   6182   6172   1320
3   1336   1339   4990
5   8895   3800   3794   9388   8899
5   9639   9887   9896   9897   9641
8   9641   9897   3875   3873   9846   3770   3797   9640
3   9896   9887   9891
3   3792   9640   3797
3   3785   8357   3784
5   9854   4517   4518   7920   8003
5   9854   9491   8662   4511   4517
4   8981   9914   4762   4764
4   2862   8994   5884   2863
5   2867   7439   7444   2395   2382
4   9108   7301   7302   9109
6   9108   9105   9275   6517   6520   7301
5   6522   6517   9275   9107   9104
6   9109   7302   7304   8031   8032   9103
4   6518   8031   7304   6534
6   9831   9731   9352   8447   4535   4530
4   2106   3348   9943   2116
5   8806   7904   7906   3352   3346
6   2116   9943   9945   8925   8926   2115
4   3349   8496   9944   3345
6   8496   7900   7901   8925   9945   9944
5   9943   3348   3345   9944   9945
4   2105   2115   8926   8808
7   7896   5214   5219   4420   2462   2456   3242
4   8115   2689   2671   7960
5   7859   8404   5169   3907   3895
5   3535   4227    190    187   3525
5    187    181   9182   3526   3525
5   9175   8258   8259   9946   9179
5   9177   9180   3733   3726   4231
6   9179   9946   9850   3731   3733   9180
8   8259   8260   9181   9182    181    188   9850   9946
3   7723   4232   4222
7   3114   9319   9317   9904   5650   5659   3111
5   5660   9217   3110   3111   5659
6   9904   9804   9318   2824   2827   5650
5   9217   2549   2555   3102   3110
4   2533   3099   3102   2555
4   7397   3106   3115   7395
3   7818   9682   7811
6   7826   8158   8152   8549   8545   7825
5   7811   9682   9683   9696   7813
5   4281   7816   7812   5837   4274
5   9683   8544   5842   5843   9696
8   6492   5827   5834   9935   9912   9911   9903   6498
6   8945   9521   6490   3261   3269   8955
7   8945   8947   9877   9934   5833   5832   9521
7   8554   9903   9911   9913   9336   9330   8550
5   3276   8555   8552   9818   3263
3   9877   9878   9934
5   9913   9912   9935   9332   9336
7   9884   4603   4600   7980   8459   9272   9885
4   9884   8733   4593   4603
9   9273   8674   1921   1922   9582   9378   5255   5254   9883
4   9582   9584   9379   9378
8   7655   5267   5271   6863   1705   1703   7890   7646
5   6200   7649   7651   7894   6201
6   1699   6212   6201   7894   7890   1703
4   9868   9869     44     49
6   9868     49     38   6111    953    951
5   9869   8012   7876     55     44
7   9617   9615   4092   4086   9538   9947   9948
5   4469   9725   5469   5461   4470
7   4351   4352   1961   1962   4473   5462   9460
7   6851   1965   1968   4350   9461   9590   6853
3   4470   5461   4474
4   5470   9459   9460   5462
3   1961   4352   1967
4   7733   6850   6852   9591
3   8922   8134   8128
6   3695   3685   9805   9949   8135   7998
8   8126   8132   9949   9805   3674   3680   8913   9102
3   9949   8132   8135
3   8133   7997   7996
4   9739   3109   3101   9740
3   9537   9950   9539
7   4578   4584   5144   5147   5312   5766   8723
6   4578   8723   8715   9611   9744   4579
4   5143   5144   4584   4568
3   1428   8472   1429
8   1428   1430   5949   5948   5513   5509   8479   8472
4   9937   9938   9862   9861
5   9937   9861   7730   5517   5518
5   9938   8425   5129   5127   9862
6   5436   6729   6730   8429   9872   5449
4   8799   9350   9589   8796
7   9350   9351   8701   8702   9811   9586   9589
7   8911   9101   8329   8328   8570   8566   8910
5   8184   8910   8566   8569   8185
4   3531   9267   9840   3529
4   9931   3469   3464   9930
7   9570   5914   5911   9718   6148   6146   7711
6   3167   3165   9476   9821   7365   7027
4   3169   8306   8304   3164
6   3169   3160   7026   9062   8302   8306
5   8302   9062   9064   9284   8303
5   7337   7338   9930   3464   3462
6   1331   5964   9929   9952   7685   1323
4   7681   8390   1321   1327
7   9955   9535   9536   7977   7976   9626   9624
5   9955   8969   7143   7140   9535
5   9955   9624   1858   1859   8969
7   3163   3166   8970   1851   1856   9956   6412
8   6404   7978   7977   9536   7141   4879   4873   6394
6   4873   4868   2908   2919   6403   6394
7   7142   8970   3166   2926   2908   4868   4880
6   1856   1866   9832   6410   6411   9956
3   6412   9956   6411
3   6409   6410   9832
6   9946   7631   4606   4608   9851   9850
4   3767   7534   7536   3782
4   7536   7539   3781   3782
3   8356   7538   7532
4   7546   7545   5602   5609
5   3171   3169   8306   8308   9136
8   3624   3883   1850   1855   9956   6411   6416   3618
6   3159   6412   9956   1855   1862   3158
3   1855   1856   9956
4   3173   2980   2627   2623
3   3173   2982   2980
4   8970   1451   1450   3166
3   8795   5220   5235
3   7821   6510   6512
4   9709   9851   4608   4616
6   6846   6722   6721   9288   9287   6844
4   4177   9288   6721   4178
6   8239   8238   9914   4762   4761   8827
9   8827   4761   4757   8987   8772   8774   9763   4369   4370
6   4828   4827   8830   8725   6451   6448
7   4369   9763   8775   8724   8725   8830   4365
3   8987   8777   8772
6   9535   9955   9957   9958   9950   9537
8   6651   8124   6119   6117   5480    950    949   6655
7   6653   7788   4897   4893   9949   8132   6658
6   9949   4893   4885   6119   8124   8135
5   9750   7517   7527   9839   9838
4   4761   8827   8828   4758
7   8856   8536    162    171   4669   9024   9762
3   8856   9762   8854
6   1812   8535   5983   5990   4675   1814
6   5882   5883   4236   4255   1278   1279
6   4256   9613   7106   1272   1278   4255
7   9839   7527   7528   9771   9766   4866   4862
4   7528   7516   9767   9771
4   6724   6721   9288   8461
4   6481   6063   6065   9748
7   7953   9245   9918   9959   9402   7458   7452
6    205    201   6603   9402   9959   1244
7   9959   9918   9244    650    648   1252   1244
4   4709   8788   8781   4710
8   6825   6823   6252   6253   4711   4709   8788   8787
5   2832   2390   2389   6826   6814
7   4993   8371     63     49   9868   9870   5000
7   9786   9787   2111   2110   8372   9960   9924
5   8372   2881   2884   9961   9960
5   9871   9925   4995   5000   9870
6   2111   9787   9785   9869     44     56
5   9960   9961   9530   9528   9924
4   2875   9530   9961   2884
3   2823   2801   8871
6   4362   9743   9220   9222   9685   4371
5   8400   9964   9736   9236   8397
6   8488   8489   9966   9965   9967   8851
3   6430   6433   8078
7   8075   8076   6758   6760   8492   7902   7905
4   4929   9568   9569   4941
4   4926   9403   9405   4923
8   9761   9931   3469   3470   9844   9690   7614   7621
4   9691   9843   3802   3768
4   9691   9690   9844   9843
6   7337   5171   5177   9893   3463   3462
8   9252   9258   9419   9420   9678   8568   8572   9808
3   8948   8951   9876
7   9876   8951   8944   9419   9258   9257   9806
5   4893   9949   9805   5146   4894
5   7168   1740   1755   9713   9714
5   9712   9716   4776   4778   8588
6   9712   8588   8591   7663   5593   5585
6   9713   1755    142    140   9449   9448
4   4111   4104   8578   8579
7   7019   2095   2096   9857    921    926   6882
3   7019   6882   6883
3   6871   9707   6876
3   2085   6873   2092
5    920    921   9857   4109   4105
8   5709   7986   9032   9667   9665   8156   8162   5713
4   8161   8160   5716   5722
5   8156   9665   4493   4492   8153
6   7987   9034   6397   6398   3007   3013
4   2918   4803   9834   2909
5   6399   2921   2909   9834   6396
4   5774   6792   6788   5767
7   9939   7803   1474   1460   9755   3203   3202
5   9939   5327   5310   5769   7803
5   6790   4574   4567   2019   2023
3   8723   4578   4573
6   8521   4588   4584   5144   5145   9941
4   3203   9755   8687   3207
3   9941   5145   5150
6   6813   2579   2576   8910   8566   6803
3   6813   2581   2579
4   9253   7838   7841   8909
3   9254   9258   9419
8    242    240   8248   8836   9638   6642   6643   9742
6   2729   2736   5985   5987   5058   5059
6   5058   5987   5988   9968   4405   4403
4   6726   2733   2751   7830
6   6726   7830   7834   9968   5988   5994
6   4405   9968   7834   2726   2752   4402
6   6408   6410   9832   9833   3609   3611
7   9501   9492   9970   9962   3620   3609   9833
6   5441   9873   9426   9429   9529   5452
4   2884   2871   9875   9961
5   9526   9524   9428    435    450
4   9428   9524   9529   9429
5   9961   9875   5456   5455   9530
6    395    407   4259   4265   1986   1987
7   1977   4258   4261   8399   8398   9971   1985
5   1984   1985   9971   9964   9736
5    403   8399   4261   4266    402
4   8400   9964   9971   8398
7   9854   7265   7261   9672   7913   4515   4517
5   7301   7296    516    529   9108
3   3960   7091   3962
8   4645   7090   7092   3964   3961   9702   9239   4632
4   4645   4635   7089   7090
4   7089   4635   4043   4042
7   4181   7594   9702   3961   3259   3258   4185
3   3964   7092   3965
5   9300   4189   4185   3258   3257
6   8845   8844   9666   8305   8302   9062
4   8156   9665   8843   8151
5   9972   9973   7362   7378   9974
6   7271   7272   7066   7067   9140   8757
5    848   9676   9953   7057    847
5   9677   5364   5363   1179   1191
5   4098     88     98   9975   4096
5    575    321    309   9802    585
7   7495   9509   9813   8744   8108   1887   1886
8   1314   1315   9157   9337   9344   9634   3206   3204
9   9634   9346   9342   9251   2574   2565   9940   3208   3206
4   9157   9156   9334   9337
3   2587   9940   2565
3   6872   5473   5474
7   5888   9901   9902    519    518   9114   5899
6   9269   8458   8456    515    519   9902
4   9645   9895   2219   2215
4   7800   6794   6674   6667
5   9894   9017   2241   2219   9895
4   2217   2218   6664   9927
4   9927   6664   6666   6789
4   9904   5650   5676   9534
3   9976   3112   3107
7   9976   9977   8855   5652   5659   3111   3112
6   9976   3107   3105   7230   9978   9977
5   9977   9978   4165   4168   8855
6   9978   7230   7227   2254   2253   4165
4   9945   9979   9980   9944
7   9945   9943   9960   9961   9875   9874   9979
7   9943   3348   3350   3361   3371   9924   9960
8   3350   3345   9944   9980   5430   5429   3374   3361
5   5430   9980   9979   9874   5433
5   1075   1061   7587   4187   3214
3   3225   1064   1076
6   8801   8386   8388   9430   8493   8494
4   8804   8809   7355   7341
3   7355   8809   7357
6   8937   8940   2220   2219   9895   9646
3   5256   9619   5253
3   3961   9702   3963
5   9884   4603   4597   1096   1089
4    517   4968   4966    514
5    525    519   9902   9886   1093
3   2234   2233   4677
7   7249    273    266   2267   9712   8588   7250
7   8501   8853   3823   3825   5884   8994   8497
5   9740   9557   9554   3113   3101
8   3107   9976   9981   9556   9066     69     64    747
6   3113   9554   9555   9981   9976   3112
3   9555   9556   9981
4   8710   9982   9983   8707
5   6012   6018   5503   5497   8666
4   5103   8136   6660   5105
8   1250   7407   7410   9984   4066   4061   7554   1243
4   1250   1249   7405   7407
5   4065   4066   9984   8514   8513
6   4065   8513   8512   3737    856    852
4   1389   1400   7475   4068
4   7408   8514   9984   7410
5   7895   2813   2815   7659   7661
5   6194   8727   7893   7894   6201
5   7892   7893   8727   8213   8016
3   8017   6456   6457
7   7930   5799   5797   9116   9117   2179   2181
6   9139   4223   1299   1300   6051   9578
5   7650   3854   3855   7887   7644
6   1704   1703   7890   7886   2776   2789
6   3782   7536   7542   7618   9845   3795
5   7618   7612   9691   9843   9845
6   9631   8967   8968   7476   7480   9477
5   9631   1397   1388   8966   8967
5   1388    775    773   8963   8966
5   7993   7990   1579   1586   9086
6   9195   9192   8643   8642   9855   9196
7   9437   1010   1011   8639   5401   5400   9154
8   9437   6978   6979   7609   9855   8642   1009   1010
6   9658   9849   7819   7824   9684   9659
5   9658   6508   2596   2594   9849
5   9657   9682   7811   7814   9660
3   7824   7823   9684
6   9986   9985   4182   4185   3258   3249
9   9986   9791   9792   9828   9987   9965   9966   9988   9985
4   7185   7680   7682   7184
6   5096   5106   9829   7182   7184   7682
7   9323   9986   9985   3296   3298   7008   7013
7   9323   9322   6754   6751   3253   3249   9986
6   7001   7000   9282   6752   6754   9322
3   3253   6751   3247
5   3294   3296   9985   4182   4188
4   3294   4188   4183   3292
9   3154   8044   8059   5564   5567   9582   9378   5251   3153
7   9959   9919   4747   4749   6170   6168   9402
7   9959   1244   1241   8939   4746   4751   9919
4   7169   9855   8642   7173
8   3827   8851   9967   9987   9828   9790   8099   3832
3   9527   9531   9942
4   9524   9428   9425   9532
5   9942   9531   9532   9425   9427
4   3532   3525    187    186
7   3530   3529   9840   7203   7204   7628   7718
4   7994   1576   1575   7991
4   1324   1322   9989   5962
5   5962   9989   5155   5161   5446
4   9989   1322   1340   5155
6   8583   9701   9719   9721   4689   4690
6   9719   9701   9238   5091   5092   9720
6   6914   6738   6742   7604   3653   3655
6   5869   6370   5501   5499   7565   5874
6   1658   1647   9306   9308   9077   9078
5   9099   9074   9077   9308   9100
5   9350   9354   9933   9587   9589
5   9351   8701   8700   5015   5012
7   5018   5020   9815   9795   9796   9933   9354
6   9811   9812   5011   5015   8700   8702
5   8561   8559   8613   1351   1350
3   1335   1351   8613
4   8391   9907   1347   1346
7   5696   6028   6021   8339   9750   9838   5697
4   7491   7488   9990   8965
7   9990   9860   9859   1394   1388   8966   8965
5   9990   7488   7489   9697   9860
5   8967   9631   9632   9738   8962
9   9859   9794   8631   8630   8753   9633   4067   1390   1394
6   6689   8539   4544   4537   6855   6685
6   5786   5793   6153   8540   6687   6690
7   8539   8540   6153   6152   9394   4543   4544
7   6821   8905   6098   6084   6089   7172   6816
4   8482   9988   9966   8489
5   3223   9607   9414   1063   1054
4   9824   9842   8790   8782
6   3110   3113   9554   9025   9029   9217
8   8855   8856   9762   9027   9028   9555   9981   9977
3   9976   9977   9981
10   7374   7361   9974   9972   8877   2974   2980   3173   3174   9822
3   9974   7361   7378
5   7371   9237   9438   9973   7362
6   9438   9439   8876   8877   9972   9973
6   2977   8876   9439   5645   5643   2973
6   9870    935    945   5478   5001   5000
4   5998   6011   9929   9952
5   5998   9952   7685   7686   5999
3   4996   1337   1329
5   7684   1338   1339   4990   5003
3   3678   3686   8667
9   1234   1235   9991   9772   1749   1755   9713   9715   8614
7   9991   1235   1236   8617   6465   6463   8573
3   9687   9717   9689
7   1274   4366   9764   8778   4247   4255   1278
3   5882   1275   1279
3   9764   4366   4372
4   5945   8479   5509   5514
6   8829   8830   8725   6447   6445   9992
6   6172   2321   2307   7683   1333   1320
4   2303   8169   8173   2312
5   8173   7687   7683   2307   2312
6   6889   5471   5461   4470   4263   4270
5   7695   8398   9971   7122   7127
7   9724   6880   6877   7122   9971   1985   1979
6   8399   8396   6888   6886   4269   4261
3   9905   9734   9735
6    172   9556   9981   9977   9978    159
6   9978   4165   4170   6302    170    159
5   9485   8880   8885   9490   9483
4   7478   9488   2410   2413
4   9721   5077   4693   4689
3   9859   1392   1394
4   7241   7228   7232   9993
6   7241   9993    746    748   4262   4271
5   9993   7232   3108    754    746
5   6629   7891   7893   8727   6631
4    997   7578   2774    991
5   7579   7889   2760   2774   7578
5   3612   3417   3433   9833   3609
5   3616   3623   3884   3859   5610
6   3430   3432   5485   5491   6638   9493
6   3429   9630   9640   3797   3798   3428
9   8689   7339   7355   8809   8807   9826   9825   9932   9353
6   8080   7352   7347   7852   2114   2117
7   9353   9932   9803   9800   9142   9146   9356
4   8693   9356   9146   8692
4    327   9826   8807    338
8   8430   5620   5157   5155   9989   9525   9532   9425
7   9069   9422   1348   1351   8613   8039   8037
6   9942   9531   9525   9989   1322   1326
5   8172   8173   2312   2309   9547
7   1304   6052   9559   9558   9138   4224   1297
8   8765   8766   2573   2565   9940   9939   7803   7802
4   3201   3206   9634   9636
5   3201   9636   9635   9755   3203
3   9061    348    358
5   9061    358    351   5791   5777
3   5522   5527   7729
3   8971   8019   8013
4   2774   7578   7580   2777
5   2805   2804   7888   4212   4210
5   8866   7582   6134   6132   8972
5   7764   7762   8707   9983   9190
6   7682   7184   7183   2320   2307   7683
7   9773   8192   5554   5563   9879   9881   9774
6   9773   9775   7406   7419   8196   8192
7   8204   8196   7419   7418   9880   8705   8704
6   9880   7418   7406   9775   9774   9881
7   9165   9166   6875   6882   7019   7020   9185
7   9857    921    924   9167   8711   7164   7165
6   9184   3084   3092   9858   7157   7152
5   9166   9167    924    922   6875
7   6327   9816   3268   3280   9571   7710   6329
5   9941   9622   9621   5130   5145
3   7525   8732   7513
5   3368   3344   2100   2111   9787
4   7877   3375   3366   7776
4   5962   5963   9525   9989
3   9167    923    924
3   9758   8713   8712
4   6256   9916   9923   6257
5   6256   6255    654    652   9916
6   7002   7006   8240   2155   2142   6747
3   6753   6754   9322
4   2133   9700   8582   2152
9   8821   9457   8406   7326   7321   9178   9176   9286   8822
3   9178   7321   7320
4   9176   9170   9171   9286
6   2517   2515   9982   8710   8415   8416
8   3288   3290   5876   5867   9848   5946   5950   5184
6   6369   5947   5946   9848   5877   5872
7   9982   2515   2518   4527   4666   9190   9983
6   4805   4815   9033   9668   8842   7556
4   7212   7211   3927   3916
4   7212   3916   3918   7220
3   7977   9536   7972
4   4871   4873   6394   6405
6   9742   8495   3373   3379    241    242
7   8431   5623   5152   5154   5444   9529   9429
7   6380   9523   5023   5024   7045   6525   6376
8   7232   9993    758    760    158    159   9978   7230
6   9993   7241   7240   6301    750    758
5   8361   7303   7304   8031   8030
3   6154   8540   6153
4   4868    346    344   2908
6   7528   9771   9770   6023   6044   7510
3   8537   4860   4861
6   7321   7317   7631   9946   9179   9178
7   7999   8124   6119   6118   1595   1594   7992
9   7991   7992   1594   1587    933    927   5110   1574   1575
4   8708   9670   6107   6108
5   6572   6233   6248   6926   6915
4   9704   9975     98     97
4   7705   3569   3567   3660
5   9985   3296   3297   8482   9988
5   9986   9791   8101   8098   9323
3   9967   9987   9965
6   2102   2115   8926   8923   1360   1359
3   9436   9841   9435
4   1594   1579   7990   7992
4   7518   7514   8022   8028
6   7514   7516   9767   2206   2199   8022
3   7047   7053   9769
5    184   3912   3916   7212    193
5   8925   9945   9979   9732   8924
5   9732   9979   9980   7910   7899
5   9944   8496   7909   7910   9980
3   3361   3351   3350
5   9943   2116   2109   8372   9960
3   9993    758    746
6    282   1543   7965   7636   7637    285
5   8938   9644   9916   6256   6261
3   9919   9959   9918
5   2405   2402   8145   8945   9521
5   9732   9979   9874   5525   5519
6   9980   7910   6648   6647   5458   5430
4   8573   8574   9772   9991
7   4667   4520   4523   4797   6107   9670   9189
6   9836   9834   2909   2905   8560   8558
4   5026   5027   9349   9730
4   7022   9663   9183   7014
7   7725   4221   4230   9793   6920   6921   7921
6   7726   9286   9176   9180   3733   3734
6   4188   4179   9607   9414   3300   3294
3   7040   9307   7034
5   9077   7035   7034   9307   9308
4   6326   6327   9816   9817
5   5781   5779   6682   8957   9060
4   7872   9060   8957   7871
4    117   9845   7618    113
5   6521   7298   9278   9275   6517
3   8244   3650   3658
3   6891   1739   1745
7     12   5185   9544   9545   5724   5726      0
6   9375   3286   1436   1428   8472   8474
7   9926   6064   6065   9748   1380   1385   9928
6   9926   9927   6664   3180   3184   6064
7   6796   2022   1378   1377   6482   4577   4576
3   1385   1382   9928
5   6671   6791   8717   3191   3186
4   6480   8716   4570   4575
4   8024   8022   7514   7523
4   8807   8797   8803   9826
7   8950   8951   9876   9877   9934   9486   9415
4   5516   9848   5946   5515
7   9060   8957   6035   6033    357    358   9061
5   9957   9955   9624   9625   9776
5   6620   6619   6676   3187   3188
4   6675   6676   6619   6617
3   3175   3177   9164
6   9686   8515   8516   9992   6445   6446
4   9763   4369   4366   9764
8   7967   9614   9616   9777   8977   8987   8772   7974
6   9031   4763   4760   9777   9616   9612
4   9923   6257   2213   2230
4   8884   5353   5354   8814
8   5356   8881   9737   9481   2685   2682   5275   5287
5   8813   8755   8746   8882   8878
6   9897   9641   9627   3416   3418   3876
3   9720   5090   5092
5   9701   9699   4027   4032   9719
6   7177   8274   8269   2841   2825   7174
3   2315   9546   2308
5    999    992   5594   5598   7586
4   8029   7512   7519   8020
6   8166   2599   2605   6390   6379   9852
6   4748   9243   7956   7460   7459   4744
7   1742   1739   6891   6890   7605   7159   7147
6   9684   7824   7810   9708   9372   9369
5   5252   9380   9774   9881   5247
3   7409   7406   9775
5   1250   1251   9880   7418   7407
4   9353   9354   9933   9932
6   9849   3924   3917   9002   9005   9658
3   9162   9158   9655
5   9704   9671   4097   4096   9975
5   9835   9070   9072   8563   8557
7   9984   4066   4070   8467   9290    610    622
6   9984    622    621   8196   7419   7410
5   9538   9539   9950   9958   9947
4   9968   8831   5986   5988
6   5773   5765   6619   6676   6673   6793
4   8764   9487   7455   7453
7   9098   9307   7034   6808   6813   2579   2585
4   8513   4065   2730   2756
6   1819   7835   7830   6726   6728   1817
5   8514   8505    607    622   9984
6   9948   9947   9958   9957   9776   9778
5   9617   9948   9778   9777   9616
7   6439   9926   6064   6069   9296   8111   6438
7   8883   9479   3948   1171   1174   5361   5352
6   5017   7044   9128   9146   9356   5014
3   9652   7052   7050
6   6230   6228   6523   5889   5895   9276
6   9968   8831   5535   1810   1815   7834
5   4367   8516   9992   8829   4363
7   8373   5595   5588   1003   1002   2767   2766
4   8191   8192   9773   9583
9   5026   5019   7055   9131   9126   9141   9831   9731   9730

