# vtk DataFile Version 2.0
polydata
ASCII
DATASET POLYDATA
POINTS 9994 double
 2.41486e+00  4.20123e+00  3.71384e-01
 2.25242e+00  3.44915e+00  1.95384e+00
 3.33229e+00  3.66911e+00  8.79539e-01
 2.43074e+00  3.49041e+00  1.99451e+00
 2.15154e+00  4.32346e+00  1.61199e+00
 2.65824e+00  3.71807e+00  2.02326e+00
 2.90398e+00  4.36331e+00  1.74596e+00
 3.29430e+00  3.81376e+00  1.33934e+00
 2.65522e+00  4.42420e+00  6.71289e-01
 2.09340e+00  3.54291e+00  1.89295e+00
 3.21322e+00  3.46868e+00  9.56088e-01
 2.76843e+00  3.48996e+00  3.34271e-01
 2.32556e+00  4.39393e+00  7.90779e-01
 2.55035e+00  4.42351e+00  5.84898e-01
 3.27863e+00  3.50497e+00  7.59964e-01
 3.16975e+00  4.07623e+00  1.87067e+00
 3.14182e+00  4.10909e+00  1.86998e+00
 2.25622e+00  4.31392e+00  1.84046e+00
 2.43120e+00  4.32225e+00  1.88462e+00
 2.61769e+00  4.16245e+00  1.95400e+00
 2.09691e+00  3.54090e+00  1.90148e+00
 2.52350e+00  3.28614e+00  1.58638e+00
 3.10452e+00  3.48424e+00  6.07503e-01
 2.41316e+00  3.35864e+00  3.86717e-01
 2.40211e+00  3.35036e+00  4.38899e-01
 2.55958e+00  3.26426e+00  1.50900e+00
 2.41484e+00  3.36235e+00  3.78776e-01
 2.41755e+00  4.16948e+00  3.58980e-01
-1.22577e+00  3.91349e+00 -1.46400e-01
-1.62505e+00  3.63990e+00  5.77480e-01
-1.70766e+00  3.70612e+00  7.30986e-01
-2.65050e+00  4.48531e+00 -5.23784e-02
-2.68312e+00  3.26083e+00  3.67698e-01
-2.38791e+00  3.94687e+00 -6.52700e-01
-1.80397e+00  3.16554e+00 -5.50056e-01
-2.52326e+00  3.07697e+00  3.74882e-01
-1.38980e+00  3.60718e+00 -6.49384e-01
-1.50286e+00  4.99988e+00  3.94690e-01
-1.57991e+00  5.01714e+00  2.98167e-01
-1.45093e+00  3.52016e+00 -7.24838e-01
-2.71069e+00  4.19306e+00  2.64763e-01
-1.83898e+00  4.28405e+00  9.89338e-01
-1.84838e+00  4.06743e+00  9.99987e-01
-2.48001e+00  3.30994e+00  5.34144e-01
-1.89775e+00  4.04631e+00 -9.04975e-01
-2.61716e+00  4.52350e+00 -6.92389e-02
-2.50031e+00  3.91581e+00 -5.41415e-01
-1.82629e+00  3.21159e+00 -6.35604e-01
-1.77611e+00  3.18738e+00 -5.89208e-01
-1.83197e+00  4.07843e+00 -8.80595e-01
-2.05740e+00  3.06863e+00  2.26206e-01
-2.61583e+00  2.93948e+00  1.80792e-01
-2.63928e+00  2.99288e+00  2.48621e-01
-2.62045e+00  2.94301e+00  1.82262e-01
-1.94036e+00  3.13061e+00 -4.90835e-01
-2.33028e+00  4.20277e+00 -5.76079e-01
-1.95452e+00  3.86282e+00 -9.50601e-01
-1.43794e+00  3.56345e+00 -7.56974e-01
-2.13435e+00  3.13395e+00  3.73773e-01
-2.13133e+00  3.04938e+00  2.64822e-01
-2.60121e+00  2.98285e+00  2.69121e-01
-2.58743e+00  2.94440e+00  2.17224e-01
-1.75512e+00  3.58771e+00 -9.35486e-01
-1.55394e+00  3.62629e+00 -8.70337e-01
 7.68205e-01 -6.59847e+00  2.27169e+00
 7.71503e-02 -5.62995e+00  2.73567e+00
 6.97564e-01 -5.78242e+00  3.07651e+00
 1.10861e+00 -6.40098e+00  2.75566e+00
 9.77021e-01 -5.95413e+00  3.12121e+00
 9.35813e-01 -6.51295e+00  2.49761e+00
 7.71819e-01 -6.61987e+00  2.26768e+00
-2.09451e+00 -5.16185e+00  3.20277e+00
-2.09329e+00 -3.84176e+00  2.65799e+00
-1.11660e+00 -4.17777e+00  2.49147e+00
-2.28892e+00 -4.47101e+00  3.37647e+00
-1.74339e+00 -3.69940e+00  3.39745e+00
-1.98829e+00 -4.86011e+00  3.99082e+00
-2.00346e+00 -5.38178e+00  3.41569e+00
-1.86255e+00 -3.90663e+00  2.31377e+00
-1.93016e+00 -3.94436e+00  2.31639e+00
-9.04893e-01 -4.43041e+00  2.78784e+00
-1.50299e+00 -4.05072e+00  4.16017e+00
-1.77558e+00 -4.76630e+00  2.29021e+00
-1.65666e+00 -3.87923e+00  4.02375e+00
-2.19358e+00 -4.59256e+00  3.90818e+00
-2.00393e+00 -3.74850e+00  2.72966e+00
-1.38310e+00 -4.12758e+00  2.23135e+00
-9.27238e-01 -4.38972e+00  2.66377e+00
-9.77940e-01 -4.66149e+00  2.63694e+00
-1.75742e+00 -4.65942e+00  2.20361e+00
-1.62397e+00 -4.70280e+00  2.18304e+00
-1.70273e+00 -3.97407e+00  4.08308e+00
-1.57253e+00 -3.97826e+00  4.13250e+00
-1.74228e+00 -4.68217e+00  2.19895e+00
-1.40245e+00 -4.48469e+00  2.18682e+00
-1.77338e+00 -4.76598e+00  2.28735e+00
-9.78610e-01 -4.60901e+00  2.59736e+00
-1.53725e+00 -5.15975e+00  2.58833e+00
-1.49011e+00 -5.28822e+00  2.71935e+00
-2.08715e+00 -4.92097e+00  3.95445e+00
-2.05606e+00 -5.04707e+00  3.88231e+00
 7.61058e-01 -2.72463e+00 -5.61452e+00
 1.44638e+00 -1.86210e+00 -4.76785e+00
 7.94188e-01 -2.48310e+00 -4.93144e+00
 1.31283e+00 -1.33091e+00 -5.41918e+00
 1.11936e+00 -2.04645e+00 -4.76062e+00
 2.15588e+00 -2.17804e+00 -5.11168e+00
 7.04687e-01 -2.67651e+00 -5.60305e+00
 6.64013e-01 -2.64283e+00 -5.34188e+00
 9.34740e-01 -2.12465e+00 -4.78445e+00
 6.09424e-01 -2.00556e+00 -5.10358e+00
 1.08740e+00 -1.38413e+00 -5.49389e+00
 1.72009e+00 -1.63071e+00 -5.78766e+00
 2.14258e+00 -1.98113e+00 -5.39516e+00
 1.20301e+00 -1.70392e+00 -5.89689e+00
 1.03543e+00 -2.30185e+00 -6.00952e+00
 1.05796e+00 -2.33080e+00 -6.00909e+00
 1.80704e+00 -1.54206e+00 -5.67223e+00
 2.16536e+00 -2.10508e+00 -5.23345e+00
 2.13758e+00 -2.02388e+00 -5.40991e+00
 1.75422e+00 -2.01651e+00 -5.83299e+00
 1.05257e+00 -2.60148e+00 -4.99628e+00
 6.22013e-01 -2.51022e+00 -5.10234e+00
 8.07688e-01 -2.76499e+00 -5.49173e+00
 1.24608e+00 -2.71982e+00 -5.10480e+00
 6.01672e-01 -2.03807e+00 -5.11197e+00
 7.07725e-01 -2.58853e+00 -5.65043e+00
-2.69273e+00 -3.19859e+00 -3.94821e+00
-3.05903e+00 -3.95908e+00 -3.21312e+00
-2.25198e+00 -3.22602e+00 -3.28506e+00
-2.10911e+00 -3.78782e+00 -3.05913e+00
-2.44132e+00 -3.98954e+00 -4.41475e+00
-2.80419e+00 -3.37581e+00 -2.94711e+00
-2.25314e+00 -3.67394e+00 -4.31811e+00
-2.89384e+00 -3.56467e+00 -2.80638e+00
-3.01255e+00 -3.82992e+00 -2.83787e+00
-2.95988e+00 -3.92903e+00 -2.87446e+00
-2.87212e+00 -4.10695e+00 -2.95941e+00
-2.65653e+00 -4.19927e+00 -3.01506e+00
-2.40608e+00 -3.86958e+00 -4.46139e+00
-2.09330e+00 -4.29761e+00 -3.28745e+00
-2.66922e+00 -3.40273e+00 -4.35191e+00
-2.18643e+00 -4.32519e+00 -3.47208e+00
-2.93837e+00 -3.82245e+00 -4.08269e+00
-2.91146e+00 -3.69560e+00 -4.12448e+00
-2.16942e+00 -3.31862e+00 -3.27558e+00
-2.18904e+00 -3.20131e+00 -3.37207e+00
-2.97079e+00 -3.82002e+00 -4.02333e+00
-2.95294e+00 -3.78433e+00 -4.07877e+00
-2.57297e+00 -3.13813e+00 -4.19905e+00
-2.26100e+00 -3.43452e+00 -4.21494e+00
-2.50453e+00 -3.13068e+00 -4.17042e+00
-2.23982e+00 -3.14243e+00 -3.80212e+00
-2.08243e+00 -4.29500e+00 -3.18423e+00
-2.27441e+00 -4.35495e+00 -3.14911e+00
 2.06216e-01 -5.45326e+00  4.17310e+00
-2.70537e-01 -5.06549e+00  4.00999e+00
 1.10478e+00 -5.16418e+00  3.99652e+00
 3.50328e-01 -5.20109e+00  2.74363e+00
 6.17707e-01 -5.07491e+00  2.83554e+00
 3.10506e-01 -4.31711e+00  3.62939e+00
-4.73946e-01 -5.46176e+00  2.77479e+00
 1.14150e+00 -5.15481e+00  3.59072e+00
 1.07644e+00 -5.24949e+00  4.03824e+00
-3.57999e-02 -5.45857e+00  2.63247e+00
-4.93540e-01 -5.44996e+00  2.79225e+00
 6.49661e-01 -4.61070e+00  3.19283e+00
-4.21534e-02 -4.47421e+00  3.71940e+00
 1.14414e+00 -5.17219e+00  3.71886e+00
 1.07177e+00 -5.61271e+00  3.20710e+00
 6.13066e-01 -4.86907e+00  2.96494e+00
 1.15716e+00 -5.19850e+00  3.58590e+00
 1.08176e+00 -5.59465e+00  3.20671e+00
 1.10983e+00 -5.56207e+00  3.27165e+00
 3.21257e-01 -4.32126e+00  3.57060e+00
-7.24776e-02 -4.52152e+00  3.51512e+00
 5.19362e+00  2.42459e+00  2.19926e+00
 6.01193e+00  2.27197e+00  1.60298e+00
 4.63667e+00  1.87024e+00  1.96050e+00
 5.40538e+00  2.35338e+00  1.37709e+00
 4.75857e+00  2.08080e+00  1.28063e+00
 6.14824e+00  1.75092e+00  1.59135e+00
 5.33013e+00  2.12393e+00  2.35869e+00
 5.85003e+00  2.31718e+00  2.03726e+00
 4.90046e+00  2.44009e+00  1.58774e+00
 6.14608e+00  2.05752e+00  1.37286e+00
 5.85491e+00  2.00198e+00  2.25421e+00
 6.08358e+00  1.47549e+00  1.97996e+00
 5.54759e+00  2.00635e+00  1.00974e+00
 5.59144e+00  2.03062e+00  1.02182e+00
 5.14013e+00  1.27383e+00  1.96441e+00
 4.84725e+00  1.61995e+00  2.15708e+00
 4.55983e+00  2.29441e+00  1.81183e+00
 4.71556e+00  2.48163e+00  1.87114e+00
 4.88973e+00  1.84807e+00  1.02521e+00
 4.86297e+00  1.60463e+00  1.37885e+00
-1.87733e+00  1.08423e-01  5.20651e+00
-2.71428e+00  1.37110e-01  4.07648e+00
-2.37797e+00 -6.98795e-02  3.67692e+00
-2.31756e+00  8.62378e-02  3.59205e+00
-1.81843e+00 -2.96127e-02  5.13250e+00
-1.59768e+00  5.64429e-01  4.78485e+00
-2.53261e+00 -3.53301e-01  4.17280e+00
-1.71110e+00  2.02331e-01  5.05418e+00
-2.15003e+00  3.15457e-01  3.68160e+00
-2.17297e+00  3.84789e-01  5.23139e+00
-2.40925e+00 -5.21969e-01  4.31282e+00
-2.60222e+00  2.12065e-01  4.78982e+00
-2.38970e+00  2.30796e-01  3.67096e+00
-2.46269e+00 -4.87455e-01  4.30447e+00
-2.70735e+00  1.12327e-01  4.06964e+00
-2.43511e+00 -9.24768e-02  3.74873e+00
-5.57309e-01 -9.28160e-01  1.29176e+00
 3.35725e-01 -1.11612e+00  1.76327e+00
 4.45391e-01 -6.47768e-01  1.00538e+00
-5.98025e-01 -3.48053e-02  1.97221e+00
 2.24794e-01 -3.51554e-01  1.00454e+00
-3.97449e-01 -5.43283e-01  2.25896e+00
-2.37956e-01 -7.07608e-01  2.20677e+00
-6.04199e-01 -3.53645e-02  1.98309e+00
 5.21607e-01 -8.55004e-01  1.13487e+00
 1.38976e-01 -1.30044e+00  1.70410e+00
-3.92207e-01 -5.45991e-01  2.26224e+00
-4.19569e-01 -4.04067e-01  7.52154e-01
 1.19914e-01 -1.50714e+00  1.29045e+00
-5.99767e-01 -5.43247e-02  1.99913e+00
-7.46689e-01 -1.10062e-01  1.87280e+00
-6.52865e-01 -1.92056e-01  2.02316e+00
-9.18387e-01 -3.04174e-01  1.13117e+00
-8.60728e-01 -2.89338e-01  1.08580e+00
-3.11370e-01 -1.18850e+00  1.19837e+00
-2.47832e-01 -8.63001e-01  6.90630e-01
-3.72448e-01 -6.92889e-01  6.90912e-01
-9.14137e-01 -3.03809e-01  1.12356e+00
 4.71552e-01 -1.11322e+00  1.53555e+00
 3.33766e-01 -1.42587e+00  1.09760e+00
 2.37127e-01 -1.47744e+00  1.15268e+00
 1.17625e-01 -1.12313e+00  7.54822e-01
 3.31223e-01 -1.42264e+00  1.05469e+00
 3.07381e-01 -1.43148e+00  1.03069e+00
-3.17339e+00  5.58683e+00 -3.47060e+00
-3.59618e+00  5.36723e+00 -2.75490e+00
-3.68439e+00  5.29780e+00 -3.22529e+00
 3.02706e+00  1.50045e+00  5.91763e+00
 2.98467e+00  1.52175e+00  5.91403e+00
 3.04314e+00  1.50429e+00  5.90566e+00
-2.15681e-01 -3.83149e+00 -5.85769e+00
 7.19497e-01 -3.55494e+00 -5.28416e+00
 3.18155e-01 -4.26518e+00 -5.08681e+00
 7.71461e-01 -2.75433e+00 -5.63124e+00
 5.13254e-01 -2.63169e+00 -5.16901e+00
-9.53300e-01 -3.20795e+00 -5.16075e+00
 5.14212e-01 -4.19569e+00 -5.18617e+00
-8.60194e-01 -3.29090e+00 -5.55653e+00
 8.50210e-01 -2.87077e+00 -5.52677e+00
-9.15513e-01 -3.16685e+00 -5.03883e+00
 1.68746e-01 -3.41611e+00 -5.97715e+00
 3.87507e-01 -3.29510e+00 -5.97143e+00
 5.51154e-01 -2.70151e+00 -5.68132e+00
 6.03239e-01 -2.96859e+00 -5.84807e+00
 8.40553e-01 -2.86064e+00 -5.54844e+00
 6.68573e-01 -2.91242e+00 -5.78284e+00
-5.74301e-01 -2.76130e+00 -5.39099e+00
-7.91607e-01 -3.19762e+00 -5.57629e+00
-3.25077e-01 -2.65595e+00 -4.81094e+00
-3.94434e-01 -3.66697e+00 -4.71660e+00
-7.05711e-01 -3.40808e+00 -4.73043e+00
-9.25813e-01 -3.22908e+00 -5.03465e+00
-7.09151e-01 -2.80654e+00 -5.10892e+00
-9.19057e-01 -3.11586e+00 -5.09047e+00
-4.05920e-01 -2.66879e+00 -4.84987e+00
 1.33105e-02 -2.64021e+00 -4.91384e+00
-5.05631e-01 -3.01934e+00 -4.65292e+00
-5.96200e-01 -3.11674e+00 -4.67830e+00
-3.58120e-01 -2.66056e+00 -4.79657e+00
-3.42801e-01 -2.70850e+00 -4.73275e+00
 3.38938e-01 -4.28620e+00 -5.35665e+00
 3.76238e-01 -4.27046e+00 -5.35254e+00
-5.92633e-01 -2.71368e+00 -5.04628e+00
-6.42948e-01 -2.73439e+00 -5.15947e+00
-3.90858e+00  3.86598e+00 -9.79147e-01
-4.14894e+00  3.02736e+00 -8.74221e-01
-4.29718e+00  3.93570e+00 -1.10465e+00
-4.48195e+00  4.54288e+00 -8.21336e-01
-4.46352e+00  4.52018e+00 -8.36806e-01
-4.66490e+00  3.51544e+00 -1.09114e+00
-5.47243e+00  3.69136e+00 -1.04324e-01
-4.62364e+00  3.74747e+00  3.77702e-01
-5.03687e+00  4.49845e+00 -6.01657e-01
-4.21041e+00  3.49756e+00  3.99495e-01
-3.90516e+00  3.83085e+00 -9.98051e-01
-5.38413e+00  3.87330e+00 -6.66027e-01
-5.22101e+00  4.05547e+00  9.54672e-02
-5.47959e+00  3.69601e+00  4.86177e-02
-4.20540e+00  4.25442e+00 -4.78034e-01
-4.00310e+00  4.03208e+00 -3.51860e-01
-4.08782e+00  3.51665e+00  2.98273e-01
-3.98145e+00  3.11426e+00 -8.57498e-01
-5.42097e+00  3.62660e+00 -4.64135e-02
-5.44711e+00  4.21516e+00 -5.23876e-01
-4.87482e+00  3.78892e+00  3.87389e-01
-4.41207e+00  3.05424e+00 -4.83993e-01
-5.50091e+00  3.72277e+00  2.74645e-02
-5.51032e+00  3.95026e+00 -4.79751e-02
-4.89029e+00  3.68246e+00  4.10621e-01
-4.27387e+00  3.47109e+00  4.09613e-01
-3.91089e+00  3.36221e+00 -8.96707e-01
-3.92765e+00  3.17935e+00 -7.57353e-01
-4.20447e+00  2.84099e+00 -9.37494e-01
-4.16227e+00  1.85205e+00 -4.72135e-01
-3.72334e+00  1.63880e+00  6.39990e-02
-4.49640e+00  2.41552e+00  9.85464e-01
-2.96846e+00  2.89643e+00  2.12954e-02
-3.14864e+00  2.19639e+00 -1.38502e-01
-4.07702e+00  3.12395e+00  9.65882e-01
-3.44382e+00  2.37989e+00 -7.57487e-01
-3.97839e+00  3.08218e+00 -8.76772e-01
-4.62623e+00  2.43313e+00  1.87290e-01
-4.60456e+00  2.50446e+00  8.23884e-01
-3.55315e+00  3.30235e+00  6.41053e-01
-4.05646e+00  3.13578e+00  9.55186e-01
-4.00258e+00  1.69530e+00 -4.06007e-01
-4.44076e+00  2.96968e+00 -5.07797e-01
-3.44301e+00  2.43494e+00 -7.83547e-01
-3.81737e+00  3.47638e+00  6.79287e-01
-4.05954e+00  3.28555e+00  8.84057e-01
-2.94664e+00  2.75374e+00 -5.60528e-02
-4.17087e+00  2.87800e+00 -9.56663e-01
-3.91546e+00  1.69928e+00  2.36657e-01
-3.68073e+00  1.65225e+00  3.71286e-02
-3.87977e+00  1.62395e+00 -2.16866e-02
-3.95466e+00  1.66112e+00 -2.99042e-01
-4.07204e+00  3.14470e+00  9.58087e-01
-4.31157e+00  3.36245e+00  5.87509e-01
-3.49494e+00  3.29638e+00  5.93988e-01
-3.56146e+00  3.33750e+00  6.27881e-01
-4.04414e+00  3.53005e+00  4.41180e-01
-3.89950e+00  2.85128e+00 -9.57575e-01
-4.16096e+00  2.87943e+00 -9.57832e-01
 3.64742e+00  4.54914e+00 -2.78584e+00
 2.58621e+00  4.22794e+00 -3.44383e+00
 3.66023e+00  4.29407e+00 -3.32413e+00
 2.57081e+00  4.31373e+00 -3.60905e+00
 2.55161e+00  4.31407e+00 -3.47516e+00
 2.64409e+00  4.15135e+00 -3.60646e+00
 3.49683e+00  4.18124e+00 -3.55912e+00
 2.64125e+00  4.15965e+00 -3.61298e+00
 3.48614e+00  4.17670e+00 -3.56851e+00
-3.63221e+00 -9.69628e-01 -4.63380e+00
-4.41214e+00 -7.30169e-01 -4.84316e+00
-3.66274e+00 -1.28395e+00 -4.91717e+00
-4.16586e+00 -6.64596e-01 -4.73651e+00
-3.29906e+00 -9.40553e-01 -4.74875e+00
-4.32605e+00 -1.21775e+00 -4.95337e+00
-3.68385e+00 -1.28428e+00 -4.90846e+00
-3.55573e+00 -1.17039e+00 -5.41431e+00
-3.04385e+00 -6.90583e-01 -5.02256e+00
-4.21510e+00 -1.05912e+00 -4.80151e+00
-3.80965e+00 -9.23578e-01 -4.62278e+00
-5.67434e+00 -6.47419e-01 -3.47116e+00
-5.60263e+00 -6.18199e-01 -3.60094e+00
-5.58378e+00 -7.31689e-01 -3.54891e+00
 1.86568e+00 -1.78576e+00  5.88499e+00
 1.56987e+00 -1.60029e+00  6.76225e+00
 2.20051e+00 -2.48749e+00  6.06990e+00
 1.73734e+00 -1.89935e+00  5.98178e+00
 1.45517e+00 -1.94755e+00  6.48936e+00
 2.84776e+00 -2.45261e+00  6.71596e+00
 2.01336e+00 -1.25373e+00  6.36056e+00
 2.98452e+00 -1.41317e+00  6.51373e+00
 1.70032e+00 -1.73734e+00  7.05123e+00
 2.75399e+00 -2.56876e+00  6.67296e+00
 2.43379e+00 -1.75986e+00  7.40170e+00
 1.49528e+00 -2.07399e+00  6.57483e+00
 3.00487e+00 -1.90362e+00  7.04541e+00
 2.79094e+00 -2.53554e+00  6.68079e+00
 2.61906e+00 -1.22140e+00  6.56322e+00
 2.63515e+00 -1.68805e+00  7.36505e+00
 3.00799e+00 -1.57773e+00  6.77768e+00
 2.97117e+00 -1.77136e+00  7.15634e+00
 2.10550e+00 -2.46397e+00  6.06158e+00
 2.74764e+00 -2.57025e+00  6.66807e+00
 2.54983e+00 -1.94653e+00  5.95352e+00
 2.90516e+00 -1.64168e+00  6.30484e+00
 1.79406e+00 -2.34958e+00  6.42362e+00
 1.91940e+00 -2.03221e+00  5.84817e+00
 1.98662e+00 -1.93727e+00  5.79703e+00
 2.35047e+00 -2.02800e+00  5.82923e+00
-1.30114e+00 -3.71408e+00  2.03552e+00
-2.10636e+00 -4.69325e+00  1.80599e+00
-2.32666e+00 -4.12919e+00  2.08467e+00
-2.20648e+00 -3.93383e+00  2.19234e+00
-1.95368e+00 -3.67088e+00  2.08289e+00
-1.20672e+00 -3.45337e+00  1.37169e+00
-1.77446e+00 -3.74213e+00  2.21604e+00
-1.58634e+00 -4.79284e+00  1.68321e+00
-2.69298e+00 -4.42129e+00  1.43506e+00
-2.53586e+00 -4.03028e+00  1.25227e+00
-2.30260e+00 -3.82116e+00  2.06003e+00
-1.14528e+00 -3.49679e+00  1.46407e+00
-1.94799e+00 -3.82774e+00  9.21263e-01
-2.69062e+00 -4.17087e+00  1.66415e+00
-2.28801e+00 -4.36936e+00  9.26157e-01
-2.59523e+00 -4.35812e+00  1.15060e+00
-2.65510e+00 -4.02189e+00  1.68029e+00
-1.13327e+00 -3.60471e+00  1.37644e+00
-1.24547e+00 -3.48652e+00  1.24907e+00
-1.55006e+00 -4.77751e+00  1.60352e+00
-1.27776e+00 -4.49490e+00  1.66526e+00
 3.03883e+00  2.10726e+00  1.41947e+00
 3.29012e+00  2.48041e+00  1.51100e+00
 3.49331e+00  2.33912e+00  1.76117e+00
 2.55593e+00  3.23727e+00  1.52792e+00
 3.10138e+00  2.11730e+00  1.42950e+00
 3.19391e+00  2.91592e+00  2.77027e+00
 2.29699e+00  2.32726e+00  1.35269e+00
 1.95447e+00  3.22716e+00  2.15964e+00
 1.97107e+00  2.37302e+00  1.72031e+00
 2.03746e+00  3.30296e+00  2.10922e+00
 2.07267e+00  2.23104e+00  1.54265e+00
 2.05413e+00  2.16724e+00  1.63047e+00
 2.01869e+00  2.20561e+00  1.69932e+00
 2.02174e+00  2.72225e+00  2.57301e+00
 2.29147e+00  2.88233e+00  2.76575e+00
 1.98575e+00  2.86858e+00  2.62166e+00
 2.86149e+00  3.22264e+00  2.64347e+00
 2.34422e+00  2.86760e+00  2.78303e+00
 3.01900e+00  3.08975e+00  2.75004e+00
 2.99755e+00  2.94281e+00  2.83761e+00
 2.56643e+00  3.41832e+00  2.24478e+00
 1.86215e+00  2.97595e+00  2.13333e+00
 1.93362e+00  2.95598e+00  2.48558e+00
 1.30505e+00  2.85853e+00 -2.87007e+00
 7.16539e-01  3.84828e+00 -3.05811e+00
 9.61822e-01  3.12001e+00 -3.97022e+00
 3.22433e-01  3.73156e+00 -3.39102e+00
 1.28539e+00  2.84536e+00 -2.85112e+00
 2.41590e-01  2.74628e+00 -3.07971e+00
 1.27355e+00  2.40496e+00 -3.31166e+00
 1.32754e+00  2.72462e+00 -2.88126e+00
 1.24796e+00  2.38062e+00 -3.26686e+00
 1.29535e+00  2.67142e+00 -2.86904e+00
 2.05442e-01  2.89327e+00 -2.89628e+00
 3.05269e-02  2.87527e+00 -3.10273e+00
 1.32572e+00  2.72220e+00 -2.87942e+00
 2.11058e-01  3.57077e+00 -3.92827e+00
 5.57323e-01  3.08157e+00 -2.54435e+00
 8.70941e-01  2.93163e+00 -2.65019e+00
 5.64719e-02  3.34765e+00 -3.68123e+00
-2.23242e-02  3.00104e+00 -3.21980e+00
 3.25130e-01  3.58695e+00 -3.03898e+00
 5.19211e-01  3.61954e+00 -2.81517e+00
 1.89011e-01  3.65656e+00 -3.81304e+00
 2.30308e-01  3.55708e+00 -3.93839e+00
 8.06508e-01  3.85934e+00 -3.11798e+00
 1.04187e+00  3.76717e+00 -3.20852e+00
 8.62611e-01  3.82203e+00 -3.39296e+00
 9.79689e-01  3.72445e+00 -3.47211e+00
 9.36359e-01  3.43844e+00 -3.83855e+00
 9.44429e-01  3.83465e+00 -3.18704e+00
 9.02288e-01  3.85884e+00 -3.19389e+00
 8.70335e-01  3.86086e+00 -3.15701e+00
 3.07323e-01  3.45602e+00 -3.96544e+00
 1.23954e-01  3.43316e+00 -3.82478e+00
 1.74027e-01  3.63020e+00 -3.81827e+00
 1.79885e-01  3.55474e+00 -3.90085e+00
 1.99034e-01  3.65702e+00 -3.82649e+00
 5.14942e-01  3.74497e+00 -3.60856e+00
-7.16505e-01 -1.02283e+00  5.97507e-01
-1.20147e+00 -1.46947e+00  9.82838e-01
-1.13626e+00 -3.25731e-01  1.24918e+00
-1.14756e+00 -3.41953e-01  1.25645e+00
-5.52299e-01 -9.25414e-01  5.59199e-01
-1.05235e+00 -2.86968e-01  1.17120e+00
-1.15045e+00 -3.63264e-01  1.27637e+00
-1.24071e+00 -1.18089e+00  1.76187e+00
-3.56780e-01 -8.43644e-01  5.72198e-01
-1.24793e+00 -1.54222e+00  1.53969e+00
-7.41578e-01 -8.27209e-01  6.81640e-01
-1.07955e+00 -2.86492e-01  1.20031e+00
-1.24100e+00 -1.68503e+00  1.32109e+00
-6.51291e-01 -1.55371e+00  1.55778e+00
-7.85033e-01 -1.49767e+00  1.63574e+00
-9.56934e-01 -1.33779e+00  1.70802e+00
 6.75267e-01 -6.14795e+00 -8.15465e-01
 1.20802e+00 -6.23670e+00 -1.29763e+00
 7.40227e-01 -6.01037e+00 -7.76551e-01
 9.42416e-01 -5.90388e+00 -1.09100e+00
 1.34685e+00 -5.94917e+00 -1.22588e+00
 1.41420e+00 -6.05758e+00 -1.28763e+00
 1.25174e+00 -6.41276e+00 -2.86994e-01
 1.86056e+00 -6.35664e+00 -7.27818e-01
 1.91270e+00 -6.50579e+00 -9.26352e-01
 8.52582e-01 -6.08818e+00 -1.13675e+00
 6.36479e-01 -6.27682e+00 -9.01963e-01
 3.11702e+00 -6.39746e+00  3.79089e+00
 2.70699e+00 -6.47682e+00  3.47663e+00
 2.93618e+00 -6.32194e+00  3.90680e+00
 3.12741e+00 -6.41180e+00  3.76120e+00
 2.49314e+00 -3.25691e+00  4.30897e+00
 2.90643e+00 -2.76473e+00  4.87957e+00
 3.66371e+00 -2.72247e+00  4.97451e+00
 2.90788e+00 -2.76204e+00  4.87719e+00
 3.88933e+00 -3.75260e+00  4.34283e+00
 2.95510e+00 -2.97539e+00  4.48172e+00
 4.17024e+00 -3.55126e+00  4.46499e+00
 2.50232e+00 -3.25982e+00  4.29993e+00
 2.84803e+00 -2.82530e+00  4.75761e+00
 2.80257e+00 -3.62062e+00  4.21346e+00
 2.46174e+00 -3.37058e+00  4.61723e+00
 3.70706e+00 -2.90776e+00  4.63113e+00
 4.15364e+00 -3.34544e+00  4.53981e+00
 2.54532e+00 -3.36938e+00  4.26573e+00
 2.46510e+00 -3.30576e+00  4.34150e+00
-4.77132e+00 -4.03320e+00  1.81221e+00
-4.56446e+00 -3.57839e+00  1.95360e+00
-4.95244e+00 -3.53163e+00  1.24702e+00
-5.35740e+00 -4.20535e+00  2.15477e+00
-5.12085e+00 -2.79357e+00  1.71660e+00
-4.88628e+00 -3.21875e+00  2.44402e+00
-4.75806e+00 -3.24160e+00  1.44726e+00
-5.40219e+00 -3.46984e+00  2.67931e+00
-5.01330e+00 -2.92398e+00  1.62070e+00
-5.75607e+00 -2.98604e+00  1.66771e+00
-5.48603e+00 -4.05749e+00  2.35353e+00
-5.27349e+00 -3.31009e+00  2.68526e+00
-5.64719e+00 -2.77698e+00  1.78862e+00
-4.80749e+00 -3.27629e+00  1.37717e+00
-5.03192e+00 -3.91483e+00  1.29495e+00
-4.98372e+00 -3.47836e+00  1.26293e+00
-4.81965e+00 -3.26762e+00  1.37847e+00
-2.91304e-01 -3.46354e+00  2.63095e+00
-2.79174e-01 -3.44600e+00  1.55411e+00
 2.57173e-01 -3.65414e+00  1.50942e+00
-3.43908e-03 -4.40912e+00  1.83972e+00
-6.78511e-02 -3.84474e+00  2.73536e+00
-4.90784e-01 -3.48065e+00  1.58155e+00
 1.99903e-01 -4.07240e+00  2.43678e+00
-1.83672e-01 -4.44707e+00  2.09865e+00
-1.30099e-01 -4.10616e+00  1.55952e+00
-7.69659e-02 -4.45031e+00  1.86756e+00
 4.16763e-01 -4.09969e+00  1.90447e+00
-8.15145e-02 -4.34532e+00  1.74789e+00
-7.37620e-01 -3.24956e+00  2.16681e+00
-6.19686e-01 -4.06925e+00  2.59262e+00
-5.83339e-01 -3.40303e+00  1.68960e+00
-3.03270e-01 -3.42381e+00  1.58429e+00
-3.10390e-01 -3.21064e+00  2.21457e+00
-8.30558e-01 -3.40904e+00  2.24171e+00
-3.35913e-01 -3.31649e+00  2.47890e+00
-8.49454e-01 -3.27298e+00  2.11528e+00
-7.89269e-01 -3.62227e+00  2.41412e+00
-7.72523e-01 -3.57592e+00  2.41898e+00
-8.74027e-02 -3.32817e+00  1.83265e+00
 1.97941e-01 -3.56974e+00  1.51254e+00
-4.35303e-01 -3.47596e+00  1.56980e+00
-4.82068e-01 -3.49062e+00  1.57466e+00
-7.16160e-01 -3.85686e+00  2.54282e+00
-6.67504e-01 -3.63489e+00  2.53545e+00
-1.60470e+00 -3.20135e+00  3.49378e+00
-1.18412e+00 -3.19383e+00  3.04731e+00
-1.69857e+00 -3.66704e+00  3.90470e+00
-8.25390e-01 -3.38691e+00  3.50530e+00
-8.24028e-01 -4.25146e+00  2.65440e+00
-9.21938e-01 -3.45440e+00  3.88429e+00
-8.92334e-01 -4.42231e+00  2.80227e+00
-1.77125e+00 -3.37537e+00  3.58652e+00
-1.05195e+00 -4.04752e+00  3.90396e+00
-1.49619e+00 -4.04689e+00  4.16646e+00
-1.07141e+00 -3.44065e+00  3.97391e+00
-1.45622e+00 -3.81877e+00  4.16482e+00
-1.50943e+00 -3.97096e+00  4.18159e+00
-3.30543e+00  4.99789e-01  2.80768e-01
-3.26281e+00  2.64069e-01  1.50423e-01
-3.30374e+00  4.05977e-01 -1.22437e+00
-4.02145e+00  1.64083e+00 -4.12363e-01
-4.31665e+00  5.64208e-01 -9.16047e-02
-4.30057e+00  6.96160e-01 -7.57071e-03
-3.00180e+00  4.37459e-01 -7.96194e-01
-3.81137e+00  9.67554e-01 -1.08570e+00
-4.12319e+00  1.41847e+00 -1.04776e-01
-3.37003e+00  8.77597e-01  4.76481e-01
-3.27476e+00  2.60683e-01  1.52762e-01
-4.04297e+00  1.04432e-01 -2.50649e-01
-4.06495e+00  1.17112e+00 -8.13915e-01
-4.02446e+00  1.63834e+00 -4.13501e-01
-3.52795e+00  3.40843e-01 -1.16617e+00
-3.65521e+00  7.44611e-01 -1.19848e+00
-3.34528e+00  1.43503e+00  3.37108e-01
-3.32392e+00  1.48424e+00  2.56411e-01
-2.31065e+00 -2.89139e+00 -3.05597e+00
-1.88595e+00 -2.98034e+00 -2.18413e+00
-2.52156e+00 -2.46575e+00 -3.06638e+00
-1.98545e+00 -2.63591e+00 -3.45270e+00
-2.11279e+00 -2.96372e+00 -2.12116e+00
-2.11023e+00 -2.42580e+00 -2.02150e+00
-2.14276e+00 -2.24456e+00 -3.49391e+00
-1.71524e+00 -2.09525e+00 -3.22023e+00
-2.24380e+00 -2.93941e+00 -2.80686e+00
-1.44938e+00 -2.50961e+00 -3.13693e+00
-1.67313e+00 -2.89162e+00 -2.18565e+00
-2.08012e+00 -2.55179e+00 -1.90156e+00
-2.31483e+00 -2.51534e+00 -2.01617e+00
-2.24342e+00 -2.61976e+00 -1.90034e+00
-1.99528e+00 -2.58595e+00 -3.46682e+00
-1.93803e+00 -2.62027e+00 -3.43947e+00
-4.50453e-01 -2.14045e+00  3.36194e+00
-9.00434e-01 -3.20722e+00  4.06495e+00
-4.56773e-01 -1.97286e+00  3.90213e+00
-1.66037e+00 -2.68418e+00  3.34386e+00
-4.52701e-01 -2.08717e+00  4.03693e+00
-1.31967e+00 -2.81227e+00  2.65262e+00
-8.66590e-01 -2.49410e+00  2.82743e+00
-7.92181e-01 -3.38207e+00  3.87195e+00
-5.36596e-01 -3.23233e+00  3.65135e+00
-4.18575e-01 -3.02476e+00  3.60733e+00
-4.37063e-01 -2.50866e+00  3.22022e+00
-1.47764e+00 -2.75075e+00  2.87521e+00
-1.30191e+00 -2.75158e+00  2.62485e+00
-1.50356e+00 -2.86470e+00  2.91676e+00
-1.70491e+00 -3.04720e+00  3.38143e+00
-7.79731e-01 -2.10481e+00  3.93909e+00
-5.74414e-01 -2.20011e+00  4.12458e+00
 3.55867e+00 -3.33535e+00 -1.15457e+00
 2.88233e+00 -2.82558e+00 -9.51700e-01
 2.98233e+00 -3.24408e+00 -4.36018e-01
 2.94532e+00 -2.72211e+00 -9.71163e-01
 4.48622e+00 -2.93668e+00 -4.33150e-01
 3.60670e+00 -3.65616e+00 -7.16369e-01
 3.71017e+00 -2.46993e+00 -2.65564e-01
 3.94990e+00 -2.56684e+00  1.20625e-01
 4.49082e+00 -2.71932e+00 -4.79910e-01
 3.56991e+00 -2.77484e+00 -1.31868e+00
 3.74297e+00 -3.68428e+00 -7.30994e-01
 3.95374e+00 -2.53605e+00  9.64777e-02
 4.28749e+00 -2.64429e+00 -5.46710e-02
 4.16121e+00 -2.62929e+00 -9.49616e-01
 3.87381e+00 -2.94037e+00 -1.26418e+00
 4.05748e+00 -2.67316e+00 -1.07984e+00
 3.16143e+00 -2.80386e+00 -1.31820e+00
 3.13633e+00 -2.84099e+00 -1.30781e+00
 3.89295e+00 -3.45965e+00 -1.11155e+00
 3.89704e+00 -3.46573e+00 -1.10452e+00
 4.25957e+00 -2.72200e+00  1.86569e-02
 4.40039e+00 -3.05806e+00 -2.27691e-01
-2.72335e+00  1.03885e+00  6.15657e+00
-2.25207e+00  9.44405e-01  5.88921e+00
-2.17071e+00  5.74894e-01  5.96384e+00
-2.27259e+00  5.95918e-01  5.92143e+00
-2.56870e+00  6.57961e-01  6.10696e+00
-2.27834e+00  7.51133e-01  5.87372e+00
-2.28025e+00  7.60453e-01  5.87195e+00
-2.67833e+00  8.88997e-01  6.10633e+00
-2.73052e+00  1.03620e+00  6.15991e+00
-2.67674e+00  8.65043e-01  6.11320e+00
 2.92263e+00  9.37128e-01  1.39137e+00
 3.46166e+00  5.48099e-01  7.77818e-01
 3.39913e+00  4.75264e-01  8.63055e-01
 2.98726e+00  1.02322e+00  1.30198e+00
 2.65893e+00  1.23910e+00 -3.90367e-02
 2.12037e+00  4.18682e-01  8.08655e-01
 2.43482e+00  1.45027e+00  1.59102e-01
 2.78367e+00  1.39858e+00  4.05248e-01
 2.52023e+00  9.66849e-02  4.39804e-01
 3.14066e+00  1.03677e+00  3.87309e-02
 2.56589e+00  1.24473e-01  3.79623e-01
 2.66894e+00  6.47892e-02  4.02425e-01
 3.47240e+00  6.06294e-01  3.14856e-01
 2.86856e+00  6.62782e-02  4.02575e-01
 1.95110e+00  1.06113e+00  8.23173e-01
 2.50525e+00  9.10287e-01  1.36411e+00
 1.94973e+00  1.03199e+00  8.32893e-01
 2.16196e+00  7.09831e-01  1.13906e+00
 3.40536e+00  7.07921e-01  1.63289e-01
 3.00844e+00  1.15779e-01  4.57724e-01
 2.93199e+00  9.80171e-01  1.37478e+00
 2.83070e+00  9.48545e-01  1.40505e+00
-1.21010e-01  2.67359e-01  2.07928e+00
 7.57528e-01 -4.81249e-01  1.16329e+00
 1.09559e+00  2.77973e-01  2.30410e+00
-1.71011e-01  9.67153e-02  2.38025e+00
 6.75590e-01 -9.07778e-01  1.82790e+00
-6.40892e-02  9.56600e-02  2.43427e+00
-1.72371e-01  1.29393e-01  2.34489e+00
 9.52970e-01  2.17562e-01  2.39611e+00
 6.13569e-02 -3.99896e-01  2.71555e+00
 6.02583e-03 -4.15752e-01  2.61762e+00
 7.27524e-01  6.30332e-01  1.52478e+00
-1.19894e-01  4.38874e-02  2.46162e+00
 1.08420e+00  3.38836e-01  1.75921e+00
 1.31025e+00 -6.90867e-02  1.84094e+00
 7.25560e-01  6.22921e-01  1.45213e+00
 1.02790e+00  4.20597e-01  2.00510e+00
 1.28462e+00 -2.92355e-01  1.70000e+00
 7.07885e-01 -3.11320e-01  1.06612e+00
 3.57736e-01 -7.28242e-01  2.26585e+00
 1.14630e-01 -4.19337e-01  2.72802e+00
 6.01103e-01 -1.27569e-01  1.06921e+00
 6.69149e-01 -3.28842e-02  1.06162e+00
 6.70844e-01 -4.19466e-02  1.05930e+00
 6.63985e-01 -4.33671e-02  1.06001e+00
 7.55211e-01 -2.56214e-01  1.05951e+00
 8.80611e-01 -3.69010e-01  1.16030e+00
 7.19413e-01  6.19745e-01  1.44294e+00
 4.84302e-01  5.48567e-01  1.63915e+00
 3.63443e+00 -1.91706e+00  5.41436e+00
 3.64610e+00 -1.29645e+00  5.66790e+00
 3.53595e+00 -1.06320e+00  5.83244e+00
 3.13699e+00 -1.43450e+00  6.10230e+00
 3.15188e+00 -1.41786e+00  5.91573e+00
 3.24024e+00 -1.27038e+00  6.13893e+00
 3.33820e+00 -1.12373e+00  5.92659e+00
 3.50808e+00 -1.04677e+00  5.85619e+00
 3.53639e+00 -1.04213e+00  5.85820e+00
-3.16750e+00 -5.21756e+00 -3.48524e+00
-3.38383e+00 -4.86850e+00 -3.95531e+00
-3.93601e+00 -4.76092e+00 -3.32345e+00
-3.49081e+00 -4.74257e+00 -3.59677e+00
-3.34187e+00 -4.97491e+00 -3.37400e+00
-3.29672e+00 -5.04071e+00 -3.36513e+00
-3.93029e+00 -4.77299e+00 -3.31074e+00
-3.28615e+00 -5.01361e+00 -3.90139e+00
-2.77718e+00 -1.18850e+00  1.66130e+00
-3.50415e+00 -1.51830e+00  6.07783e-01
-3.51466e+00 -1.51646e+00  6.22989e-01
-2.36738e+00 -9.84071e-01  3.27093e-01
-2.74744e+00 -1.23036e+00  1.66208e+00
-3.19030e+00 -6.81226e-01  3.99302e-01
-2.45751e+00 -3.14130e-01  3.27165e-01
-3.31722e+00 -1.65092e+00  1.11981e+00
-2.64251e+00 -1.65830e+00  1.54396e+00
-2.57726e+00 -1.89349e+00  9.35477e-01
-2.18713e+00 -1.51873e+00  1.16961e+00
-2.17207e+00 -1.68894e+00  1.10865e+00
-2.47681e+00 -3.02334e-01  3.42237e-01
-2.57159e+00 -1.37185e+00  1.55921e+00
-2.30247e+00 -1.89058e+00  1.17092e+00
-2.63228e+00 -1.76097e+00  1.50615e+00
-2.45820e+00 -1.95647e+00  1.09331e+00
-2.79771e+00 -1.86783e+00  1.35529e+00
-3.11016e+00 -9.16648e-01  2.22303e-01
-2.45356e+00 -3.88840e-01  2.79713e-01
-3.05083e+00 -4.84746e-01  4.63273e-01
-2.78463e+00 -3.57911e-01  8.29736e-01
-2.37139e+00 -9.85028e-01  3.24453e-01
-2.65713e+00 -7.49666e-01  1.40905e-01
 1.21338e-02 -5.47941e+00  1.96595e+00
 5.85717e-01 -6.28448e+00  1.59715e+00
-3.17308e-01 -5.90479e+00  1.40453e+00
 6.49782e-01 -6.53185e+00  1.67703e+00
-9.27622e-02 -5.39871e+00  2.32091e+00
-2.62657e-01 -5.99466e+00  1.30617e+00
-8.69200e-02 -6.06391e+00  1.25219e+00
-1.11231e+00 -6.05138e+00  2.22249e+00
 2.75677e-01 -5.83392e+00  1.58581e+00
 7.70171e-01 -6.74786e+00  2.11189e+00
 5.92525e-01 -6.37166e+00  1.53596e+00
 1.79538e-01 -6.08205e+00  1.27399e+00
-4.82312e-02 -5.41078e+00  2.22503e+00
-4.90266e-01 -5.45871e+00  2.76273e+00
-5.72967e-02 -5.40735e+00  2.35809e+00
-4.46864e-01 -6.87476e-01  5.35940e+00
-1.26124e+00  1.25254e-01  6.30734e+00
-1.97482e-01 -9.84450e-01  7.05380e+00
-9.58927e-01 -1.25902e-01  7.18450e+00
-1.32451e+00 -3.06319e-01  6.83842e+00
-1.26806e+00  1.26690e-01  6.32622e+00
-1.23091e+00 -6.07535e-01  6.82608e+00
-1.24081e+00 -5.93465e-01  6.82221e+00
-8.10549e-01 -5.88669e-01  7.16922e+00
-9.86830e-01 -3.45609e-01  5.87781e+00
-3.25899e-01 -1.04140e+00  7.08280e+00
-7.23812e-01 -1.13058e+00  6.68551e+00
 2.67453e-01 -3.42986e-01  6.34497e+00
-4.04450e-01 -7.75976e-01  5.42436e+00
 2.44004e-01 -6.87058e-01  6.38680e+00
-1.10865e-01 -1.62666e-01  5.73127e+00
-8.71812e-01  3.00777e-01  6.16938e+00
-1.85556e-01  3.95575e-02  7.01597e+00
-3.27843e-01  1.37881e-01  7.04254e+00
-7.24780e-01  3.26426e-01  6.39314e+00
-4.34937e-01 -7.03100e-01  5.36179e+00
-2.42134e-01 -1.83484e-01  5.53707e+00
-1.23122e+00 -1.07883e-01  6.97101e+00
-2.59840e-01 -1.79075e-01  5.53020e+00
-1.24194e+00  1.61783e-01  6.40210e+00
-8.59938e-01  3.38027e-01  6.28163e+00
 4.99001e-01  6.33914e+00  7.20593e-01
 7.11988e-01  6.25573e+00  5.40551e-01
 1.00901e+00  6.45287e+00  1.39450e-01
 3.05164e-01  6.83310e+00  1.17396e-01
 6.73242e-01  6.99826e+00  1.53172e+00
 1.16190e+00  6.91380e+00  1.25951e+00
 1.40439e+00  6.63402e+00  8.10994e-01
 1.20471e+00  6.47362e+00  6.65391e-01
 8.34015e-01  6.36903e+00  1.41843e-01
 1.00032e+00  6.44965e+00  1.32727e-01
-1.27392e+00  2.33825e-01 -2.69211e+00
-1.14075e+00  1.54807e-01 -2.68415e+00
-2.34853e-01 -5.46723e-01 -2.54949e+00
-1.04338e+00 -1.08696e+00 -2.95949e+00
-2.58817e-01 -5.50234e-01 -2.46107e+00
-1.53437e+00 -3.32827e-01 -2.03176e+00
-1.11829e+00 -7.25907e-01 -1.86986e+00
-1.71168e+00 -3.79331e-01 -2.92559e+00
-6.51714e-01 -8.44891e-01 -2.82338e+00
-5.94809e-01 -2.51637e-01 -2.67108e+00
-1.02566e+00 -8.62312e-01 -2.02228e+00
-9.30487e-01 -7.84816e-01 -1.90786e+00
-2.55266e-01 -5.50540e-01 -2.47073e+00
-2.31593e-01 -5.55934e-01 -2.54975e+00
 3.19771e+00  1.04539e+00  3.87672e+00
 2.76867e+00  1.63823e+00  5.27987e+00
 2.71458e+00  2.22674e+00  4.55235e+00
 2.57173e+00  2.09168e+00  4.29073e+00
 2.72384e+00  2.16622e+00  4.67896e+00
 2.26950e+00  1.31914e+00  4.03782e+00
 3.76546e+00  1.20832e+00  4.23270e+00
 2.43792e+00  1.07014e+00  3.80680e+00
 2.62882e+00  9.20769e-01  3.73515e+00
 2.70940e+00  2.22385e+00  4.54557e+00
 3.51474e+00  9.14822e-01  4.42017e+00
 3.01242e+00  1.44477e+00  3.65829e+00
 2.55948e+00  2.09125e+00  4.29870e+00
 2.66821e+00  2.19581e+00  4.50043e+00
 2.86467e+00  2.18757e+00  4.58215e+00
 2.72430e+00  2.16505e+00  4.68129e+00
 3.86807e+00  1.76423e+00  4.56278e+00
 2.20842e+00  1.11860e+00  4.22310e+00
 2.43973e+00  7.75563e-01  3.92913e+00
 2.89439e+00  1.05945e+00  3.66370e+00
 3.75259e+00  1.51042e+00  4.15554e+00
 3.66325e+00  1.06000e+00  4.19550e+00
 3.69254e+00  1.31698e+00  5.05639e+00
 3.66643e+00  1.37193e+00  5.12985e+00
 3.89640e+00  1.50261e+00  4.69384e+00
 3.90514e+00  1.61863e+00  4.71538e+00
 2.21450e+00  1.16892e+00  4.19406e+00
 2.22261e+00  1.07156e+00  4.30445e+00
 2.21118e+00  1.03455e+00  4.24721e+00
 2.47703e+00  1.90403e+00  4.24358e+00
 2.41581e+00  7.91334e-01  3.94583e+00
 2.44235e+00  7.90715e-01  3.89593e+00
 2.42495e+00  1.11762e+00  3.81471e+00
 2.94896e+00  1.48784e+00  3.68157e+00
 2.61855e+00  9.16204e-01  3.73798e+00
 2.48408e+00  8.46649e-01  3.79764e+00
 2.54754e+00  9.13599e-01  3.75989e+00
 2.48391e+00  8.50762e-01  3.79654e+00
-1.25262e+00 -2.11313e+00  6.07572e+00
-6.39244e-02 -2.47858e+00  6.79910e+00
-1.09996e+00 -2.33962e+00  7.03200e+00
-6.20273e-01 -1.99397e+00  5.69923e+00
-6.87457e-01 -2.51609e+00  6.90047e+00
-6.35997e-01 -1.92816e+00  5.74192e+00
 2.06286e-01 -2.25769e+00  6.28502e+00
-1.19855e+00 -2.13164e+00  6.02962e+00
-7.58480e-01 -1.85605e+00  7.12479e+00
-4.80335e-02 -2.36865e+00  6.83142e+00
-8.46452e-01 -1.51729e+00  6.57111e+00
-1.18937e+00 -1.74801e+00  6.49717e+00
-5.34718e-01 -1.48987e+00  6.88330e+00
-1.15142e+00 -2.16339e+00  7.09781e+00
 1.17415e-01 -1.82871e+00  6.57679e+00
 1.82452e-01 -1.91825e+00  6.56197e+00
-1.26072e+00 -2.00240e+00  6.75911e+00
-1.27390e+00 -2.14700e+00  6.35041e+00
-1.20809e+00 -1.90438e+00  6.14630e+00
-8.45354e-01 -1.76876e+00  5.96293e+00
-1.51527e+00  5.48396e-01 -1.75243e+00
-2.00049e+00  1.05415e+00 -3.07678e+00
-2.71740e+00  1.12488e+00 -2.09959e+00
-1.73917e+00  6.61391e-01 -3.15886e+00
-2.24576e+00  1.61033e+00 -2.25415e+00
-1.46580e+00  5.59423e-01 -1.75041e+00
-2.35207e+00  1.05430e+00 -1.84683e+00
-2.28554e+00  1.02996e+00 -1.81697e+00
-1.77315e+00  1.37579e+00 -1.80772e+00
-2.26187e+00  1.07728e+00 -1.81813e+00
-1.85260e+00  1.41929e+00 -2.92980e+00
-1.42006e+00  5.95232e-01 -1.74983e+00
-2.63304e+00  7.39579e-01 -2.56062e+00
-1.14706e+00  1.06755e+00 -1.85144e+00
-1.68715e+00  5.99875e-01 -3.16972e+00
-2.17726e+00  3.42361e-01 -2.68046e+00
-1.69606e+00  5.73607e-01 -3.16663e+00
-1.39004e+00  6.27710e-01 -3.02113e+00
-2.25526e+00  3.62592e-01 -2.72716e+00
-2.18531e+00  3.34869e-01 -2.76855e+00
-1.20259e+00  1.09906e+00 -2.91773e+00
-1.10988e+00  1.05084e+00 -2.26158e+00
-1.42082e+00  5.57976e-01 -1.92528e+00
-1.33234e+00  7.96729e-01 -3.04074e+00
-1.35957e+00  5.26273e-01 -2.62144e+00
-1.70000e+00  4.67771e-01 -3.13736e+00
-1.40690e+00  5.01063e-01 -2.84923e+00
-1.73803e+00  4.12046e-01 -3.09708e+00
-1.42467e+00  1.20403e+00 -1.78085e+00
-1.41630e+00  6.01988e-01 -1.74997e+00
-5.57229e-01 -2.23059e+00 -6.18286e+00
-7.67955e-01 -1.72773e+00 -5.95494e+00
-1.67827e+00 -1.52401e+00 -6.13252e+00
-1.70990e+00 -1.55741e+00 -6.10981e+00
-7.10461e-01 -1.89452e+00 -5.97404e+00
-6.95356e-01 -1.97918e+00 -5.98651e+00
-6.08583e-01 -1.65948e+00 -6.18506e+00
-7.22094e-01 -1.56626e+00 -6.06853e+00
-4.89977e-01 -1.79873e+00 -6.36572e+00
-5.06410e-01 -2.17212e+00 -6.27887e+00
-3.52409e+00 -5.29191e+00 -4.32705e-01
-3.27244e+00 -4.41199e+00  3.17087e-01
-3.92053e+00 -3.94734e+00 -2.32695e-01
-3.53283e+00 -5.32554e+00 -3.37970e-01
-3.35509e+00 -4.70998e+00  4.26040e-01
-4.43235e+00 -4.31450e+00 -7.03342e-01
-4.23568e+00 -4.30827e+00 -8.17059e-01
-3.23120e+00 -4.25711e+00  1.89124e-02
-3.77919e+00 -4.00867e+00 -1.32845e-01
-4.51517e+00 -4.21232e+00 -3.90633e-01
-4.43290e+00 -4.20318e+00 -6.49819e-01
-3.89199e+00 -3.98241e+00 -7.13067e-01
-3.32963e+00 -4.26271e+00 -1.11635e+00
-3.32522e+00 -4.56262e+00 -1.17772e+00
-3.91038e+00 -4.38778e+00 -9.92095e-01
-3.49597e+00 -4.44317e+00 -1.18272e+00
-4.36590e+00 -4.17777e+00 -6.77435e-01
-3.25097e+00 -4.29908e+00 -1.11018e+00
-6.44240e-01  6.35279e+00  1.52882e-01
-3.24923e-01  5.48047e+00  2.49012e-01
-3.66957e-01  5.49768e+00  3.26770e-01
-6.87086e-01  6.49329e+00 -8.43915e-01
-8.16818e-01  6.58111e+00 -2.94940e-01
-1.27742e+00  5.97525e+00  6.55523e-02
-1.29149e+00  5.79049e+00  2.89386e-01
-1.35716e+00  5.40610e+00 -6.75706e-01
-1.31426e+00  5.31757e+00 -6.51246e-01
-3.68667e-01  5.54075e+00 -7.07806e-01
-7.50014e-01  6.33408e+00 -9.26988e-01
-6.02437e-01  6.72237e+00 -2.82558e-01
-1.42973e-01  5.80718e+00 -4.59105e-01
-4.57949e-01  6.71639e+00 -5.99081e-01
-4.32745e-01  5.45350e+00 -6.84215e-01
-1.36763e+00  5.19691e+00  4.17265e-01
-9.15864e-01  5.25252e+00  3.57241e-01
-6.76352e-01  5.36843e+00 -6.62090e-01
-1.22824e+00  5.30564e+00 -6.47561e-01
-1.39138e+00  5.24531e+00 -1.66011e-01
-5.89313e-01  5.36548e+00  3.60736e-01
-3.47211e-01  5.45356e+00  2.29321e-01
-7.14492e-01  5.32173e+00  3.73356e-01
-1.08913e+00  5.22921e+00  4.02979e-01
-1.39383e+00  5.29565e+00 -4.60570e-01
-1.39267e+00  5.39410e+00 -5.87813e-01
-1.39878e+00  5.29103e+00 -4.29510e-01
-1.39881e+00  5.30137e+00 -4.57645e-01
 1.19778e+00 -2.24703e+00 -5.04195e-01
 1.28126e+00 -1.48038e+00 -1.15789e+00
 1.21320e+00 -3.46517e+00 -1.14600e+00
 1.14059e+00 -2.78720e+00 -6.33399e-01
 2.32194e+00 -3.26771e+00 -1.54898e+00
 2.13117e+00 -3.48940e+00 -1.56106e+00
 2.31765e+00 -3.20834e+00 -1.62537e+00
 1.14264e+00 -2.82240e+00 -6.47303e-01
 1.47046e+00 -1.49062e+00 -1.14451e+00
 1.17392e+00 -2.31027e+00 -5.01231e-01
 1.02522e+00 -2.02713e+00 -2.06425e+00
 1.00658e+00 -2.15738e+00 -1.96332e+00
 2.07283e+00 -3.51569e+00 -1.61385e+00
 2.11951e+00 -3.32461e+00 -1.77270e+00
 1.86099e+00 -2.13049e+00 -1.60262e+00
 1.06805e+00 -1.76224e+00 -1.96785e+00
 1.51938e+00 -2.14495e+00 -4.70518e-01
 1.13847e+00 -2.78979e+00 -6.39220e-01
 2.08713e+00 -3.13627e+00 -8.79384e-01
 1.13099e+00 -1.41605e+00 -1.41648e+00
 1.24083e+00 -3.47323e+00 -1.17934e+00
 1.17882e+00 -3.25176e+00 -1.29869e+00
 1.23131e+00 -2.20759e+00 -5.03510e-01
 1.05655e+00 -2.23072e+00 -8.02452e-01
 1.09520e+00 -1.67096e+00 -1.17710e+00
 1.03264e+00 -2.09531e+00 -9.60215e-01
 1.11993e+00 -1.49765e+00 -1.31544e+00
 1.26582e+00 -1.50704e+00 -1.13819e+00
 1.58189e+00 -2.19922e+00 -4.56698e-01
 1.18136e+00 -2.40728e+00 -4.90698e-01
 1.20948e+00 -3.36748e+00 -8.66671e-01
 1.97776e+00 -3.28607e+00 -9.24762e-01
 1.57747e+00 -2.18752e+00 -4.58446e-01
 1.28401e+00 -1.41503e+00 -1.24569e+00
 1.55403e+00 -2.10998e+00 -4.91838e-01
 1.47834e+00 -1.62841e+00 -9.59428e-01
-1.21456e+00 -1.12935e+00 -4.55426e+00
-1.16589e+00 -1.99976e+00 -4.56799e+00
-5.85485e-01 -1.72791e+00 -5.21853e+00
-1.13173e+00 -1.20788e+00 -5.08093e+00
-7.73186e-01 -1.71161e+00 -5.50949e+00
-5.39434e-01 -2.50822e+00 -4.90325e+00
-1.40959e+00 -1.11295e+00 -4.83719e+00
-1.18770e+00 -1.13329e+00 -4.53049e+00
-1.43818e+00 -1.42936e+00 -4.90969e+00
-7.92632e-01 -1.78446e+00 -5.51621e+00
-5.44694e-01 -2.51136e+00 -4.91027e+00
-9.42332e-01 -1.75726e+00 -4.21825e+00
-1.04440e+00 -1.90941e+00 -4.38196e+00
-8.79984e-01 -1.91534e+00 -4.30052e+00
-1.08725e+00 -1.26913e+00 -4.38214e+00
-1.00252e+00 -1.37523e+00 -4.26886e+00
-9.39074e-01 -1.19576e+00 -4.54544e+00
-8.82387e-01 -1.22508e+00 -4.68509e+00
 4.72563e+00 -4.56873e+00  2.51289e+00
 4.54129e+00 -4.91090e+00  2.54774e+00
 4.71745e+00 -4.78043e+00  2.43067e+00
 1.31190e-01  1.52241e-01 -6.12144e+00
 5.23620e-01 -7.54612e-01 -6.00289e+00
 6.56211e-01 -8.53696e-01 -6.18028e+00
 1.01253e+00  1.04652e-01 -6.12792e+00
-1.71461e-02 -2.84618e-01 -6.53123e+00
 1.21028e+00 -5.10818e-01 -6.43687e+00
 2.31748e-01  2.55545e-01 -6.18402e+00
 8.06836e-03  4.64999e-02 -6.34132e+00
 3.31878e-01 -7.06384e-01 -6.24567e+00
 7.20147e-01 -6.55385e-01 -5.68447e+00
 1.14706e+00 -5.80242e-01 -6.48712e+00
 1.30424e+00 -3.23262e-01 -5.89563e+00
 7.78693e-01 -8.76700e-01 -6.18226e+00
 8.86857e-01 -6.81866e-01 -5.67576e+00
-8.34461e-01  2.04690e+00 -4.82042e+00
-4.47753e-01  1.93780e+00 -3.77863e+00
-9.91711e-01  2.87122e+00 -4.21981e+00
 2.58419e-01  3.51649e+00 -4.21510e+00
 3.38169e-01  2.56479e+00 -4.98095e+00
 2.15400e-01  3.57635e+00 -3.95475e+00
-3.14509e-01  2.66055e+00 -5.37154e+00
 6.77338e-01  2.34673e+00 -4.56764e+00
-6.68179e-01  2.22028e+00 -3.52414e+00
-3.63687e-01  2.88062e+00 -5.21674e+00
-1.95137e-02  1.79098e+00 -4.16229e+00
-1.19078e+00  2.47062e+00 -4.13105e+00
-2.94943e-01  1.67903e+00 -4.13670e+00
-9.59307e-01  2.09909e+00 -4.61442e+00
-1.01656e+00  2.84822e+00 -4.25223e+00
-1.11210e+00  2.47506e+00 -3.91809e+00
-8.57866e-01  1.96876e+00 -4.73248e+00
 6.26056e-01  3.03418e+00 -4.33712e+00
 6.04315e-01  3.06232e+00 -4.35727e+00
 2.14054e-01  3.57654e+00 -3.95192e+00
 1.40927e-01  3.54684e+00 -3.92667e+00
-6.54984e-01  2.43248e+00 -3.47625e+00
-1.03584e+00  2.44246e+00 -3.81820e+00
-8.50140e-01  2.33976e+00 -3.64220e+00
-7.90095e-01  2.42067e+00 -3.58181e+00
 3.97756e+00 -2.49685e+00 -4.90014e+00
 2.88934e+00 -3.21780e+00 -4.35306e+00
 4.08239e+00 -2.49707e+00 -4.79471e+00
 4.28654e+00 -2.29482e+00 -4.56052e+00
 3.67133e+00 -2.79631e+00 -3.61766e+00
 4.14113e+00 -2.51770e+00 -3.68679e+00
 2.94096e+00 -2.09822e+00 -3.57193e+00
 3.59704e+00 -2.77974e+00 -4.82705e+00
 3.77082e+00 -1.92329e+00 -3.71240e+00
 3.63990e+00 -2.37073e+00 -3.35029e+00
 3.68810e+00 -1.63173e+00 -3.94859e+00
 2.90333e+00 -3.20161e+00 -4.51411e+00
 4.31950e+00 -2.37908e+00 -4.37405e+00
 3.46415e+00 -2.09426e+00 -4.90842e+00
 3.74210e+00 -2.33431e+00 -3.37963e+00
 3.77719e+00 -2.33246e+00 -3.39601e+00
 3.77310e+00 -1.76886e+00 -3.83743e+00
 4.28064e+00 -2.42397e+00 -3.92871e+00
 3.46743e+00 -1.64190e+00 -3.94066e+00
 4.22865e+00 -2.41665e+00 -4.68901e+00
 2.87959e+00 -3.21726e+00 -4.35834e+00
 3.09629e+00 -2.02658e+00 -4.71403e+00
 3.88194e+00 -2.54922e+00 -4.91186e+00
 3.24493e+00 -2.38086e+00 -4.89353e+00
 3.92679e+00 -1.84375e+00 -4.43454e+00
 3.56983e+00 -2.08332e+00 -4.89922e+00
 4.22974e+00 -2.40324e+00 -4.69480e+00
 4.00872e+00 -2.44819e+00 -4.89380e+00
 3.38388e+00 -2.28729e+00 -4.93017e+00
 3.17007e+00 -3.03502e+00 -4.72254e+00
 2.61633e+00 -2.76244e+00 -4.40439e+00
 2.86702e+00 -2.23237e+00 -4.66945e+00
 2.67894e+00 -2.90362e+00 -4.26401e+00
 2.89327e+00 -3.20228e+00 -4.50729e+00
 2.71697e+00 -2.31886e+00 -3.84961e+00
 2.61317e+00 -2.76182e+00 -4.38596e+00
 2.60930e+00 -2.44006e+00 -4.23151e+00
 2.65733e+00 -2.41254e+00 -4.49648e+00
-4.52864e+00 -3.31554e+00  3.34066e+00
-5.23188e+00 -3.96415e+00  3.15840e+00
-4.76036e+00 -2.43944e+00  3.35029e+00
-4.61631e+00 -2.65073e+00  3.21508e+00
-4.48824e+00 -2.97185e+00  3.14652e+00
-4.98899e+00 -2.72287e+00  3.80479e+00
-5.00380e+00 -2.79832e+00  3.85636e+00
-4.82909e+00 -4.06055e+00  3.57521e+00
-4.85001e+00 -4.08058e+00  3.57029e+00
-4.74145e+00 -2.44833e+00  3.32524e+00
-4.76721e+00 -2.48327e+00  3.21526e+00
-1.19827e-01 -6.11832e+00  6.52115e-01
 7.31523e-01 -6.51708e+00  9.58803e-01
 6.31852e-01 -6.44946e+00  8.64010e-01
 6.52200e-01 -6.42046e+00  1.47728e+00
 1.95626e-01 -6.12822e+00  7.99995e-01
 1.20831e+00  1.33799e-01 -7.31667e+00
 1.60886e+00  6.05431e-01 -7.40361e+00
 1.58938e+00  6.41707e-01 -7.41102e+00
-5.72542e+00  2.76218e-01  1.92562e+00
-5.49820e+00 -2.83547e-01  2.65847e+00
-5.70970e+00  8.22882e-01  2.23065e+00
-5.70435e+00  1.30143e+00  2.87086e+00
-4.94274e+00 -1.38481e-01  2.18952e+00
-6.04641e+00  1.08098e+00  2.89887e+00
-6.11193e+00  7.90092e-02  2.39571e+00
-4.76537e+00  1.04226e-02  2.17252e+00
-5.90734e+00  1.16777e+00  2.73926e+00
-5.69552e+00 -1.42361e-01  3.07443e+00
-5.78345e+00 -1.88785e-01  2.89549e+00
-5.72047e+00  1.28808e+00  2.82948e+00
-5.94838e+00 -1.20410e-01  2.61928e+00
-5.69887e+00 -2.53185e-01  2.70426e+00
-5.53741e+00  3.80531e-01  3.56416e+00
-5.10453e+00  4.94132e-01  3.19941e+00
-5.01904e+00  1.72229e-01  1.76011e+00
-5.17362e+00  2.21057e-01  1.75739e+00
-4.57964e+00  4.46432e-01  2.17189e+00
-4.59120e+00  2.92104e-01  2.33112e+00
-5.60555e+00  3.97148e-01  1.81579e+00
-5.49940e+00  9.09850e-01  2.27022e+00
-5.57300e+00  7.90752e-01  2.14294e+00
-5.56357e+00  3.99448e-01  1.79941e+00
-6.02541e+00  1.10961e+00  2.88411e+00
-5.10963e+00  9.86608e-01  2.77682e+00
-5.76660e+00  1.26982e+00  2.93652e+00
-5.83492e+00  9.64894e-01  3.24218e+00
-4.75540e+00  2.47483e-01  1.90505e+00
-4.60913e+00  4.28059e-01  2.10834e+00
-4.38671e-02 -4.91492e+00  4.75078e-02
-1.32111e+00 -5.81088e+00 -1.09987e+00
-3.00532e-01 -5.49752e+00 -1.44257e+00
 4.95502e-01 -5.17656e+00 -9.59661e-02
-1.38364e+00 -5.87117e+00 -9.33285e-01
-8.25035e-01 -4.73519e+00 -9.21474e-01
-1.77617e-01 -4.67862e+00 -3.65477e-01
-2.19560e-01 -5.99327e+00  4.03425e-01
-4.28589e-01 -6.35253e+00  1.02750e-02
-4.20463e-01 -5.75273e+00 -1.48389e+00
 7.23794e-03 -6.12870e+00 -6.62346e-01
 2.35787e-01 -5.82565e+00 -4.87517e-01
-1.21723e+00 -5.06731e+00 -4.12275e-01
 5.45521e-01 -4.92650e+00 -2.23785e-01
-3.02332e-01 -5.09096e+00 -1.28987e+00
-7.51092e-02 -5.15331e+00 -1.29388e+00
 4.87842e-01 -5.35489e+00 -3.66278e-01
 5.78209e-01 -4.85454e+00 -4.96626e-01
 4.06277e-01 -4.78117e+00 -4.49290e-01
 5.79043e-01 -4.82511e+00 -4.46467e-01
-1.42105e+00 -5.34322e+00 -7.65740e-01
-1.37501e+00 -5.31507e+00 -8.90352e-01
-8.02363e-01 -4.69920e+00 -8.50463e-01
-7.96436e-01 -4.67283e+00 -7.30419e-01
-5.27206e-01 -5.29969e+00  3.15804e-01
-2.02555e-01 -5.94123e+00  4.44574e-01
 1.96170e-01 -4.94599e+00 -9.46481e-03
 2.68329e-01 -5.39755e+00  1.25232e-01
 5.53416e+00  1.31777e+00  4.18189e+00
 6.24766e+00  6.54614e-01  4.13280e+00
 6.22449e+00  4.52865e-01  4.28835e+00
 5.55020e+00  1.02965e+00  4.36918e+00
 2.64054e+00  3.83799e-01  1.83246e+00
 2.42112e+00 -3.64582e-01  3.50525e+00
 2.93273e+00  5.19962e-01  2.51541e+00
 2.22424e+00 -2.11023e-01  1.68893e+00
 2.55669e+00  1.90886e-01  3.56740e+00
 2.81885e+00 -4.41579e-01  3.47308e+00
 2.53787e+00  5.41008e-01  2.15775e+00
 2.69818e+00  3.62225e-01  1.83366e+00
 2.81417e+00  3.67916e-01  1.97145e+00
 2.52525e+00  4.42772e-01  3.51277e+00
 3.00350e+00  4.68665e-01  3.09792e+00
 2.74450e+00  1.92915e-01  1.80733e+00
 1.89190e+00  4.69411e-01  2.94546e+00
 2.34803e+00 -3.90632e-01  3.44285e+00
 2.09634e+00 -8.27160e-01  2.63870e+00
 1.84634e+00  3.90371e-01  2.91320e+00
 2.85036e+00 -3.28401e-01  3.48552e+00
 2.37710e+00 -9.48881e-01  2.50152e+00
 1.75404e+00 -3.19980e-01  2.19485e+00
 2.64797e+00 -7.65793e-01  2.87980e+00
 2.54140e+00  5.54868e-01  2.19968e+00
 1.93557e+00  5.00154e-01  2.98113e+00
 2.09924e+00 -3.05171e-01  1.74607e+00
 2.22062e+00 -3.44774e-01  1.66459e+00
 2.48144e+00 -5.26946e-01  1.65484e+00
 2.55822e+00 -4.44714e-01  1.67638e+00
 1.76108e+00 -3.57789e-01  2.25061e+00
 1.73990e+00 -2.87452e-01  2.25255e+00
-6.28517e+00 -9.41131e-01  2.14592e-01
-6.83405e+00  4.36132e-01  5.25372e-01
-6.80061e+00  4.14660e-01  5.51667e-01
-6.33751e+00 -7.67318e-01  6.15265e-01
-6.29101e+00 -9.24552e-01  2.67786e-01
-6.59344e+00  2.95499e-01 -1.49714e-01
-6.49880e+00  2.26062e-01  4.66526e-01
-6.85536e+00  4.52268e-01  3.55365e-01
-6.46288e+00  2.12998e-01 -1.29303e-01
-6.45244e+00  1.65925e-01 -1.71813e-01
-1.59974e+00 -3.52983e+00 -2.84146e+00
-9.44540e-01 -4.03116e+00 -2.48295e+00
-2.12484e-01 -3.04127e+00 -2.54196e+00
-4.35497e-01 -2.97764e+00 -2.02018e+00
-1.33801e+00 -2.64632e+00 -2.96865e+00
-1.61518e+00 -2.91412e+00 -2.19359e+00
-1.33957e+00 -3.94512e+00 -3.00506e+00
-6.23006e-01 -2.57115e+00 -2.08000e+00
-7.48083e-01 -4.00578e+00 -2.83025e+00
-8.12452e-01 -3.94715e+00 -3.31242e+00
-6.68302e-01 -3.24749e+00 -3.37635e+00
-1.22448e+00 -2.59054e+00 -3.03323e+00
-5.88816e-01 -2.54500e+00 -2.14331e+00
-1.64182e+00 -3.03602e+00 -2.21129e+00
-2.18199e-01 -2.89196e+00 -2.32485e+00
-9.49050e-01 -3.57667e+00 -1.84716e+00
-1.06027e+00 -3.44354e+00 -1.84005e+00
-4.32612e-01 -2.93348e+00 -2.02586e+00
-1.20952e+00 -2.81959e+00 -1.93280e+00
-1.14594e+00 -2.84299e+00 -1.89211e+00
-8.00779e-01 -3.92131e+00 -3.31848e+00
-4.62248e-01 -3.28738e+00 -3.19858e+00
-4.05613e-01 -2.95271e+00 -2.04393e+00
-6.35305e-01 -2.62664e+00 -2.02033e+00
-4.15612e-01 -2.68654e+00 -2.24466e+00
-5.95528e-01 -2.53126e+00 -2.21942e+00
-1.63944e+00 -5.38982e+00 -4.49783e+00
-1.78440e+00 -5.57459e+00 -4.26863e+00
-1.60441e+00 -5.41859e+00 -4.46314e+00
-1.94146e+00 -1.25819e-02  5.83396e+00
-2.06201e+00 -8.10637e-01  4.39598e+00
-2.07447e+00 -1.57773e-01  5.89132e+00
-1.85679e+00 -7.49796e-01  4.60472e+00
-2.60796e+00  2.23666e-01  4.80390e+00
-1.59577e+00 -6.90780e-01  5.13347e+00
-1.68857e+00 -8.03412e-01  4.96248e+00
-2.20435e+00  4.09525e-01  5.25280e+00
-1.95459e+00  3.04464e-02  5.82576e+00
-2.07355e+00 -1.07162e+00  5.45308e+00
-1.64985e+00 -4.52971e-01  4.97758e+00
-3.28065e+00 -6.44151e-01  5.72653e+00
-2.15482e+00 -1.21962e+00  5.00578e+00
-2.14670e+00 -1.21440e+00  4.99277e+00
-2.17882e+00 -9.55971e-01  4.47682e+00
-2.24501e+00  3.12692e-01  5.80628e+00
-3.29135e+00 -6.38106e-01  5.71355e+00
-2.63185e+00  1.65138e-02  5.94266e+00
-2.69136e+00 -9.22308e-01  4.55873e+00
-2.18643e+00 -8.34455e-01  5.67424e+00
-1.60526e+00 -6.90183e-01  5.18900e+00
-2.61526e+00  7.28079e-02  5.92629e+00
-3.14572e+00 -2.06464e-01  5.60458e+00
-3.15341e+00 -7.10973e-01  5.70617e+00
-2.19610e+00 -1.20663e+00  5.31007e+00
-2.66635e+00 -9.06834e-01  4.51993e+00
-5.78547e+00 -1.40532e+00  2.00689e+00
-5.23399e+00 -2.24826e+00  2.50054e+00
-5.62535e+00 -2.69490e+00  1.78757e+00
-5.58261e+00 -2.42316e+00  1.71551e+00
-5.47898e+00 -2.46418e+00  1.77304e+00
-5.81516e+00 -1.91957e+00  1.77836e+00
-5.52426e+00 -2.39634e+00  1.73134e+00
-5.76057e+00 -1.66176e+00  1.84119e+00
-5.72195e+00 -1.40787e+00  2.14511e+00
-6.54533e-01  3.24553e+00 -6.50334e+00
-1.82914e+00  2.08290e+00 -6.87332e+00
-6.60807e-01  2.34136e+00 -6.64991e+00
-1.82466e+00  3.06579e+00 -6.64792e+00
-5.54710e-01  2.52300e+00 -7.44376e+00
-2.08553e+00  2.67857e+00 -6.77315e+00
-6.62116e-01  3.20686e+00 -6.45217e+00
-1.18671e+00  3.30766e+00 -6.50289e+00
-5.43880e-01  2.55926e+00 -7.52096e+00
-3.46538e+00 -1.74194e+00  3.03963e+00
-3.96151e+00 -2.51530e+00  3.38076e+00
-4.12080e+00 -1.25705e+00  3.89991e+00
-3.44699e+00 -1.75146e+00  3.16793e+00
-3.71599e+00 -2.13248e+00  3.10461e+00
-4.01975e+00 -1.32871e+00  3.88287e+00
-3.96369e+00 -1.39578e+00  2.85237e+00
-3.64423e+00 -1.61980e+00  2.89402e+00
-3.93957e+00 -2.53523e+00  3.35196e+00
-4.71689e+00 -2.08000e+00  3.22782e+00
-4.72850e+00 -2.36512e+00  3.34088e+00
-4.80284e+00 -2.10861e+00  3.44101e+00
-4.47429e+00 -2.45179e+00  3.33824e+00
-3.96317e+00 -2.55707e+00  3.30598e+00
 3.70141e+00  4.63591e-01  2.29430e+00
 4.55005e+00  4.91010e-02  1.31658e+00
 4.17508e+00  5.89646e-01  2.36716e+00
 3.95454e+00  1.02859e+00  1.59668e+00
 4.12688e+00  6.58535e-01  2.33683e+00
 3.78261e+00  4.63940e-01  2.36175e+00
 3.59605e+00  7.02267e-01  1.82177e+00
 4.68966e+00  4.07422e-02  1.50090e+00
 4.71206e+00  6.23879e-02  1.47946e+00
 4.06967e+00  3.77158e-01  2.42859e+00
 4.10688e+00  7.15595e-02  1.24140e+00
 4.22274e+00  1.74678e-01  1.16809e+00
 4.03619e+00  7.05564e-02  1.80317e+00
 4.31085e+00  5.54403e-02  1.99956e+00
 4.40780e+00  5.34583e-01  1.09726e+00
 4.69243e+00  1.15816e-01  1.33759e+00
 4.50809e+00  5.12829e-02  1.30255e+00
 4.12126e+00  7.09485e-02  1.22912e+00
-1.92218e+00  4.43733e+00  4.15256e+00
-1.80179e+00  4.06863e+00  4.63582e+00
-1.76376e+00  4.39989e+00  4.66228e+00
-1.84373e+00  4.55730e+00  4.36592e+00
-2.81417e+00  3.45477e+00  4.18821e+00
-1.93828e+00  3.82216e+00  4.73486e+00
-2.50997e+00  4.06762e+00  3.90562e+00
 7.40104e-02  5.32170e+00 -1.39979e+00
 2.80369e-01  6.33434e+00 -2.01203e+00
 1.17684e-02  5.38670e+00 -2.56328e+00
-5.62570e-01  6.17012e+00 -1.84056e+00
-1.02229e-01  5.43169e+00 -2.45759e+00
-2.56473e-02  6.45493e+00 -2.55732e+00
 1.76498e-01  5.26201e+00 -2.53677e+00
 2.25048e-02  6.22341e+00 -1.75494e+00
-2.24116e-01  5.20606e+00 -1.52254e+00
-4.31829e-01  5.40518e+00 -1.68177e+00
-5.89662e-01  6.23835e+00 -2.08285e+00
-6.33994e-01  6.18905e+00 -1.93673e+00
-1.90259e-01  6.41432e+00 -2.49502e+00
-2.49596e-02  5.35567e+00 -1.33480e+00
 1.50315e-01  6.31903e+00 -2.76121e+00
 1.02536e+00  5.75990e+00 -2.66396e+00
-2.22931e-01  5.21650e+00 -1.40365e+00
-3.30092e-01  5.28871e+00 -1.54690e+00
-1.56223e-01  5.25960e+00 -1.31240e+00
-1.59296e-01  5.24630e+00 -1.31687e+00
 1.03511e-01  6.22186e+00 -2.75776e+00
 1.12859e+00  5.61155e+00 -2.37912e+00
 1.02222e+00  5.55810e+00 -2.56754e+00
 1.67216e-01  6.27944e+00 -2.77198e+00
 7.84201e-02  6.36777e+00 -2.73066e+00
 4.92594e-02  6.35861e+00 -2.72195e+00
 1.11054e+00  5.76299e+00 -2.43117e+00
 1.13273e+00  5.64211e+00 -2.39591e+00
 9.58177e-01  5.53187e+00 -2.61026e+00
 1.02795e+00  5.78613e+00 -2.65142e+00
 1.04731e+00  5.68488e+00 -2.61979e+00
 1.03174e+00  5.72018e+00 -2.65486e+00
-2.23059e+00  1.99797e+00 -2.39863e+00
-1.15174e+00  2.71272e+00 -2.16605e+00
-1.75643e+00  1.75764e+00 -3.08916e+00
-1.71721e+00  2.01790e+00 -3.40639e+00
-8.76097e-01  1.84773e+00 -3.29163e+00
-9.79168e-01  2.73324e+00 -3.02949e+00
-2.30533e+00  2.32525e+00 -2.55852e+00
-1.92748e+00  2.73162e+00 -1.95331e+00
-2.06665e+00  2.74340e+00 -2.19215e+00
-1.89304e+00  2.33793e+00 -1.86146e+00
-6.35654e-01  1.93667e+00 -3.31377e+00
-1.89626e+00  2.34184e+00 -1.86157e+00
-1.90248e+00  2.33107e+00 -1.87114e+00
-9.05550e-01  2.40553e+00 -2.15590e+00
-9.04827e-01  2.40501e+00 -2.15727e+00
-7.86549e-01  2.58659e+00 -3.36737e+00
-6.56211e-01  1.89685e+00 -3.28862e+00
-1.33552e+00  2.11681e+00 -3.56617e+00
-6.48425e-01  2.44110e+00 -3.46084e+00
-5.79416e-01  2.31690e+00 -3.31736e+00
-5.97992e-01  2.28828e+00 -3.12694e+00
-5.90311e-01  2.05539e+00 -3.34342e+00
-6.05497e-01  2.06054e+00 -3.39789e+00
-5.88206e-01  2.07038e+00 -3.35839e+00
-3.96530e+00  2.40424e+00  3.91678e+00
-4.37891e+00  2.76992e+00  3.63408e+00
-3.95829e+00  2.46852e+00  3.86688e+00
-4.34349e+00  3.85377e+00  4.53697e+00
-4.92272e+00  2.46315e+00  3.87353e+00
-4.41348e+00  3.81738e+00  4.42933e+00
-4.77559e+00  2.37590e+00  3.94085e+00
-3.99113e+00  2.33175e+00  4.03138e+00
-4.02395e+00  2.33836e+00  3.96805e+00
-4.84736e+00  2.40431e+00  3.91899e+00
-2.87522e-01 -1.10647e+00  7.12277e+00
-4.22422e-01 -8.87090e-01  5.27748e+00
 4.30335e-01 -8.80323e-01  6.42127e+00
-3.93309e-01 -9.49546e-01  5.24718e+00
 5.61325e-01 -1.23076e+00  6.63356e+00
-1.49274e-01 -1.09081e+00  7.11858e+00
 5.57735e-01 -1.31836e+00  6.74805e+00
 5.07344e-01 -1.00505e+00  6.38590e+00
 5.58039e-01 -1.25114e+00  6.68117e+00
 4.71763e-01 -1.36122e+00  6.86301e+00
 5.19658e-01 -1.04684e+00  6.43457e+00
 5.06882e-01 -9.99989e-01  6.39088e+00
 5.00297e-01 -1.49122e+00  6.76957e+00
 5.63097e-01 -1.34649e+00  6.72908e+00
-4.16379e-01 -9.04788e-01  5.26595e+00
-4.25026e-01 -8.95519e-01  5.27453e+00
 5.31735e+00 -1.77769e+00  2.60770e+00
 5.25165e+00 -2.24713e+00  2.27959e+00
 6.22097e+00 -2.03548e+00  2.39435e+00
 5.58917e+00 -1.52937e+00  2.77229e+00
 5.61849e+00 -1.60592e+00  2.89240e+00
 5.59151e+00 -2.74140e+00  2.20296e+00
 5.25219e+00 -2.37385e+00  3.09978e+00
 5.48060e+00 -1.78438e+00  2.26573e+00
 5.44840e+00 -1.57009e+00  2.60002e+00
 6.13938e+00 -2.09100e+00  2.24116e+00
 5.15895e+00 -2.18463e+00  2.77154e+00
 5.26577e+00 -2.26152e+00  2.23637e+00
 5.43282e+00 -1.58936e+00  2.55626e+00
 5.42647e+00 -1.58093e+00  2.57763e+00
-1.66598e+00  6.52604e+00 -1.65663e-01
-1.98485e+00  6.32634e+00  3.83844e-01
-2.20300e+00  6.26558e+00  2.88630e-01
-2.21458e+00  6.44905e+00 -8.75936e-01
-2.28933e+00  6.26971e+00  7.59780e-02
-2.23286e+00  6.44173e+00 -8.70045e-01
 1.82677e+00  5.58149e+00  1.00044e+00
 1.95878e+00  5.34821e+00  1.21483e+00
 2.79187e+00  5.39935e+00  1.53038e+00
 1.89409e+00  5.73619e+00  9.23390e-01
 3.22741e+00  5.08012e+00  5.24225e-01
 2.65178e+00  4.76339e+00  4.63727e-01
 3.33306e+00  5.39080e+00  1.14119e+00
 3.35598e+00  5.40097e+00  1.04117e+00
 2.95190e+00  5.61937e+00  1.44784e+00
 2.76054e+00  4.76995e+00  5.88043e-01
 2.65551e+00  4.74128e+00  5.15306e-01
 3.27400e+00  5.20923e+00  3.09870e-01
 3.25103e+00  5.10847e+00  4.94179e-01
 3.36302e+00  5.44603e+00  8.67360e-01
 3.23855e+00  5.25984e+00  1.18979e+00
 3.08602e+00  5.17829e+00  1.28720e+00
 3.30316e+00  5.29998e+00  3.83330e-01
 2.86040e+00  5.72897e+00  1.33471e+00
 3.11083e+00  5.72032e+00  6.50483e-01
 2.89422e+00  5.88078e+00  7.20487e-01
 1.96895e+00  5.55324e+00  5.77302e-01
 2.07335e+00  5.49817e+00  3.67257e-01
 1.91642e+00  5.75099e+00  8.71029e-01
 2.22133e+00  5.85709e+00  5.52749e-01
 2.15801e+00  5.57292e+00  3.28960e-01
 3.15134e+00  5.16425e+00  2.49293e-01
 3.64770e+00  3.48206e+00 -3.58876e+00
 3.76616e+00  3.03519e+00 -4.61439e+00
 3.63085e+00  3.45184e+00 -3.62227e+00
 3.37869e+00  3.23973e+00 -4.67695e+00
 3.64445e+00  3.08077e+00 -4.68886e+00
 3.76570e+00  3.37492e+00 -3.61733e+00
 3.77583e+00  3.39850e+00 -3.59271e+00
 3.65263e+00  3.48133e+00 -3.58685e+00
 3.64921e+00  3.48600e+00 -3.58853e+00
-2.68134e+00  2.24094e+00  4.82530e+00
-3.23538e+00  1.15990e+00  4.12939e+00
-2.72237e+00  8.77549e-01  4.36281e+00
-2.36650e+00  2.22228e+00  3.90438e+00
-2.84801e+00  2.02383e+00  5.02483e+00
-2.58431e+00  1.60200e+00  4.93338e+00
-3.53715e+00  1.43522e+00  4.41057e+00
-2.95677e+00  2.43416e+00  4.09860e+00
-2.72259e+00  2.52040e+00  4.23700e+00
-2.30710e+00  1.86752e+00  4.62951e+00
-2.83807e+00  9.86499e-01  4.75756e+00
-3.64525e+00  1.73650e+00  4.54163e+00
-3.50505e+00  1.35001e+00  4.41866e+00
-3.50719e+00  1.39167e+00  4.81781e+00
-2.10625e+00  1.82430e+00  4.12215e+00
-2.67336e+00  2.20032e+00  3.83822e+00
-2.36375e+00  2.21984e+00  3.90214e+00
-2.36407e+00  2.22012e+00  3.90196e+00
-3.27767e+00  1.18897e+00  4.16737e+00
-3.58565e+00  1.60630e+00  4.86804e+00
 7.47168e-01 -2.45551e+00 -4.13298e+00
 4.96724e-01 -2.57115e+00 -5.06240e+00
 7.11496e-01 -2.61247e+00 -4.54949e+00
 4.49258e-01 -2.00371e+00 -5.06701e+00
-3.40175e-01 -2.64657e+00 -4.29279e+00
 8.45649e-01 -2.20619e+00 -4.04056e+00
 5.77350e-01 -1.98961e+00 -5.10623e+00
-3.78175e-01 -2.58071e+00 -4.77560e+00
 2.42833e-01 -1.81192e+00 -3.96111e+00
-3.65947e-01 -1.93697e+00 -4.05666e+00
-1.25849e-01 -2.05081e+00 -4.81201e+00
 5.93290e-01 -1.98608e+00 -5.10247e+00
 8.20100e-01 -1.75885e+00 -4.18891e+00
 8.90123e-01 -1.79888e+00 -4.44238e+00
 9.81175e-01 -1.96937e+00 -4.52409e+00
 9.26385e-01 -2.03082e+00 -4.13159e+00
-4.49582e-01 -2.20709e+00 -4.15476e+00
-3.25829e-01 -2.74670e+00 -4.57083e+00
 5.06219e-01 -2.67216e+00 -4.64413e+00
 2.16204e+00 -5.34534e+00 -2.25245e+00
 2.82100e+00 -4.85338e+00 -2.01868e+00
 3.54849e+00 -4.17698e+00 -3.08813e+00
 2.04881e+00 -5.05910e+00 -3.13416e+00
 3.66624e+00 -4.20069e+00 -3.02920e+00
 2.88231e+00 -4.53251e+00 -3.26815e+00
 3.66794e+00 -4.20264e+00 -3.02785e+00
 2.30938e+00 -5.05619e+00 -3.35470e+00
 2.15702e+00 -5.19502e+00 -2.25398e+00
 2.04515e+00 -5.10020e+00 -3.17642e+00
 2.21985e+00 -5.16134e+00 -3.36092e+00
 2.19080e+00 -5.13982e+00 -3.34527e+00
 2.12828e+00 -5.62066e+00 -2.61381e+00
 2.16683e+00 -5.41062e+00 -2.25087e+00
 2.15888e+00 -5.44225e+00 -2.30571e+00
 2.73825e+00 -5.32043e+00 -2.04872e+00
 3.62546e+00 -4.16036e+00 -2.95989e+00
 3.62599e+00 -4.16130e+00 -2.95440e+00
 4.30013e-02 -1.47184e+00 -4.91874e+00
 4.24801e-01 -6.42074e-01 -5.04825e+00
 1.57040e-02 -2.63477e-01 -4.98436e+00
-7.12984e-01 -1.50992e+00 -5.78729e+00
-9.51033e-01 -9.64048e-01 -5.65479e+00
-1.52732e-01 -1.04264e+00 -4.58175e+00
-2.23362e-01 -9.76709e-01 -4.62561e+00
 1.94818e-03 -1.04873e+00 -4.52960e+00
-1.93191e-01 -1.51678e+00 -5.05023e+00
 3.13361e-01 -1.34814e+00 -5.07408e+00
-2.43939e-03 -2.56589e-01 -4.97022e+00
 2.20971e-02 -5.30076e-01 -4.68769e+00
 4.08646e-01 -6.38430e-01 -5.07000e+00
-9.67840e-01 -8.62077e-01 -5.77085e+00
 3.52336e-01 -8.00124e-01 -4.77988e+00
 4.43027e-01 -6.89331e-01 -5.01640e+00
 1.35498e-01 -7.41562e-01 -4.58374e+00
 1.25560e-01 -9.25893e-01 -4.52846e+00
-6.86164e-01 -4.59806e-01 -5.74201e+00
-7.28071e-01 -6.97290e-01 -6.01632e+00
-1.28371e-01 -1.35407e+00 -5.65065e+00
 2.62666e-02 -8.08386e-01 -5.54111e+00
-6.92284e-01 -1.45070e+00 -6.00973e+00
-8.67559e-01 -9.48725e-01 -6.10999e+00
 3.76701e-03 -2.61722e-01 -5.00244e+00
-3.78722e-02 -2.51439e-01 -5.02445e+00
 2.93156e-01 -9.48442e-01 -4.68568e+00
 3.00447e-01 -1.36083e+00 -5.03796e+00
-4.50895e+00  4.61999e+00 -8.30909e-01
-4.68556e+00  4.17985e+00 -1.73880e+00
-4.01034e+00  4.68459e+00 -2.35359e+00
-4.35285e+00  4.23547e+00 -2.19316e+00
-3.75388e+00  5.06474e+00 -1.19076e+00
-3.80130e+00  5.14847e+00 -1.30592e+00
-4.17674e+00  4.62304e+00 -2.30852e+00
-3.91179e+00  4.25192e+00 -2.28183e+00
-4.68760e+00  4.84516e+00 -9.95739e-01
-3.93607e+00  4.17192e+00 -2.26035e+00
-3.63834e+00  4.47002e+00 -1.16332e+00
-3.59427e+00  4.09260e+00 -1.25044e+00
-3.68849e+00  3.82877e+00 -1.14961e+00
-3.69928e+00  3.96865e+00 -1.07633e+00
-3.87844e+00  5.12944e+00 -1.14859e+00
-3.90047e+00  5.15167e+00 -1.16510e+00
-4.78156e+00  4.64630e+00 -1.43909e+00
-3.67242e+00  3.83362e+00 -1.17973e+00
-3.65261e+00  3.86371e+00 -1.15894e+00
-3.65332e+00  3.86344e+00 -1.15775e+00
-4.08132e+00 -3.01839e+00 -4.10612e+00
-3.67917e+00 -3.24539e+00 -3.33879e+00
-3.25393e+00 -2.39111e+00 -3.54713e+00
-4.05899e+00 -3.13593e+00 -3.96573e+00
-3.99580e+00 -2.88977e+00 -4.10778e+00
-3.27783e+00 -2.72698e+00 -3.26719e+00
-3.19042e+00 -3.06360e+00 -4.56225e+00
-2.76178e+00 -3.26453e+00 -4.44554e+00
-2.83186e+00 -2.67795e+00 -4.07627e+00
-3.00515e+00 -3.73565e+00 -4.08938e+00
-3.18734e+00 -3.71490e+00 -3.95801e+00
-2.59012e+00 -3.07829e+00 -4.21175e+00
-1.25125e+00  6.61976e+00  8.18009e-01
-1.28672e+00  6.61351e+00  8.42100e-01
-5.21306e-01  6.73876e+00  1.09269e+00
-5.02183e-01  6.74759e+00  6.40307e-01
-4.79896e-01  6.74600e+00  1.06863e+00
-1.95708e+00  6.06453e+00  9.03790e-01
-3.00703e+00  5.13774e+00 -4.06637e-02
-3.06989e+00  5.34881e+00  6.99553e-03
-2.43805e+00  4.95988e+00  9.20190e-02
-3.09306e+00  5.05911e+00  6.23929e-01
-2.92266e+00  4.79099e+00 -1.16729e-03
-2.83838e+00  5.47281e+00  1.32560e+00
-2.33895e+00  5.81630e+00  1.26016e+00
-1.82715e+00  5.85397e+00  7.59949e-01
-2.23884e+00  5.54551e+00  1.16721e+00
-2.10810e+00  6.15434e+00  5.91393e-01
-2.05125e+00  6.13889e+00  6.63726e-01
-2.65450e+00  5.93846e+00  1.38122e+00
-1.66887e+00  5.42512e+00  6.36006e-01
-1.73439e+00  5.31218e+00  4.42408e-01
-1.84793e+00  5.89202e+00  8.02269e-01
-1.74905e+00  5.65616e+00  7.10427e-01
 1.43683e+00 -5.09131e+00 -9.26603e-01
 2.31989e+00 -6.60229e+00 -8.05182e-01
 2.17754e+00 -5.22911e+00 -8.36512e-01
 2.14541e+00 -6.12969e+00 -3.48316e-01
 1.12455e+00 -5.08469e+00 -1.28439e+00
 2.19095e+00 -5.41833e+00 -6.96144e-01
 2.01825e+00 -5.79002e+00 -4.17109e-01
 2.61007e+00 -6.53837e+00 -8.57874e-01
 1.36282e+00 -5.04769e+00 -1.52370e+00
 2.62924e+00 -5.52137e+00 -1.65274e+00
 2.60503e+00 -6.44099e+00 -1.10859e+00
 1.68805e+00 -5.07146e+00 -9.45521e-01
 1.21289e+00 -5.06472e+00 -1.44933e+00
 1.87622e+00 -6.08057e+00 -2.08429e+00
 2.63658e+00 -5.49874e+00 -1.49498e+00
 2.29755e+00 -6.05628e+00 -3.42745e-01
 2.08760e+00 -6.27475e+00 -4.47919e-01
 2.62462e+00 -6.35936e+00 -7.14245e-01
 2.21945e+00 -6.05918e+00 -3.16662e-01
 2.13924e+00 -6.00207e+00 -3.26289e-01
 2.04880e+00 -6.58339e+00 -9.56806e-01
 1.99815e+00 -6.23675e+00 -1.86171e+00
 2.13414e+00 -5.43472e+00 -2.21766e+00
 1.88847e+00 -5.74360e+00 -2.28019e+00
-5.69034e+00  3.07651e+00  2.06055e+00
-4.47909e+00  3.58768e+00  3.25297e+00
-4.86885e+00  3.81053e+00  1.85300e+00
-4.91217e+00  4.00738e+00  1.91350e+00
-5.75919e+00  2.97502e+00  2.34811e+00
-5.27743e+00  3.21046e+00  3.45585e+00
-4.47765e+00  3.57102e+00  3.24946e+00
-5.55047e+00  3.05773e+00  2.06656e+00
-5.46198e+00  3.98169e+00  1.80122e+00
-5.78859e+00  3.03695e+00  2.19474e+00
-5.29108e+00  4.37268e+00  1.93437e+00
-4.63900e+00  3.47108e+00  1.95161e+00
-4.49388e+00  4.16242e+00  2.75198e+00
-4.46203e+00  3.94824e+00  2.46710e+00
-4.42467e+00  3.57578e+00  2.29430e+00
-5.51437e+00  3.09927e+00  3.30176e+00
-5.75267e+00  2.97138e+00  2.35565e+00
-5.55090e+00  3.73890e+00  1.87066e+00
-4.49747e+00  4.12845e+00  2.86149e+00
-4.54060e+00  3.54325e+00  3.29603e+00
-4.55437e+00  3.66749e+00  3.32464e+00
-5.34194e+00  4.35749e+00  1.91310e+00
-5.32589e+00  4.01886e+00  1.79112e+00
 2.22713e+00  3.98661e+00  3.50790e+00
 1.98928e+00  5.01507e+00  3.71831e+00
 3.38452e+00  4.28578e+00  4.15833e+00
 3.45704e+00  4.34180e+00  3.33417e+00
 1.77642e+00  4.65212e+00  3.74884e+00
 3.19311e+00  4.79314e+00  3.26601e+00
 3.14141e+00  4.02414e+00  4.33351e+00
 2.90559e+00  3.75233e+00  3.87225e+00
 2.99938e+00  3.83699e+00  3.23403e+00
 2.97201e+00  3.84505e+00  3.22751e+00
 3.10352e+00  4.93103e+00  3.31459e+00
 2.61978e+00  4.70323e+00  4.52603e+00
 2.16415e+00  5.13142e+00  3.67087e+00
 1.79210e+00  4.87617e+00  3.97462e+00
 1.75395e+00  4.85543e+00  3.86263e+00
 1.73114e+00  4.81747e+00  3.86633e+00
 3.14962e+00  4.05209e+00  4.36708e+00
 2.98758e+00  4.41991e+00  4.57549e+00
 1.73179e+00  4.82593e+00  3.87492e+00
 1.75633e+00  4.85468e+00  3.92336e+00
-6.64089e-01 -2.35957e+00 -8.26379e-01
-3.40951e-01 -2.83049e+00 -1.02028e+00
-3.69286e-01 -2.81714e+00 -1.04134e+00
-4.10605e-01 -3.43940e+00 -9.73138e-01
-9.05129e-01 -2.67229e+00  2.13586e-01
-8.49938e-01 -2.64339e+00  2.20649e-01
-8.35034e-01 -3.45602e+00  7.84984e-02
-4.53044e-02 -3.52997e+00 -7.14293e-01
 8.80747e-02 -3.63517e+00 -5.02676e-01
-4.57687e-02 -2.69086e+00  2.41298e-01
-1.13155e+00 -3.29560e+00  9.59794e-02
 2.67442e-01 -2.86360e+00  1.01208e-01
-1.27327e+00 -2.78266e+00 -3.06282e-01
-6.26136e-01 -3.85208e+00 -3.69047e-01
-9.28024e-03 -2.51291e+00 -2.91517e-01
-5.90547e-01 -2.39715e+00 -8.84250e-01
-1.23806e+00 -3.33751e+00 -5.07949e-02
-9.25858e-01 -3.80781e+00 -5.32647e-01
-8.63815e-02 -2.39674e+00  2.13852e-01
-2.76181e-01 -2.32728e+00  2.03706e-01
 4.69488e-02 -2.84633e+00  2.17341e-01
 1.94391e-01 -2.52454e+00  8.37307e-02
-1.31406e+00 -3.09165e+00 -2.55888e-01
-1.14426e+00 -3.59009e+00 -3.66670e-01
 5.42794e-01  1.04100e+00  6.78527e+00
 5.43537e-01  1.04109e+00  6.78530e+00
 5.42967e-01  1.04047e+00  6.78549e+00
-5.57347e-01 -1.93592e-01 -3.63294e+00
-6.19890e-01 -1.79112e-01 -2.70034e+00
-3.48084e-01 -1.12997e+00 -3.22215e+00
-1.21230e-01 -9.79743e-01 -3.30235e+00
-1.67470e-01 -8.09622e-01 -3.43141e+00
-2.03583e-01 -3.47508e-01 -2.62890e+00
-1.72983e-01 -4.68945e-01 -3.49616e+00
-1.01548e+00  2.61428e-01 -3.24165e+00
-1.23503e+00 -5.46774e-03 -3.60005e+00
-1.25097e+00 -1.71571e-01 -3.79124e+00
-8.18100e-01  1.69055e-01 -2.95712e+00
-1.08872e+00 -8.99248e-01 -3.48269e+00
-1.26354e+00 -6.13653e-01 -3.71161e+00
-1.29388e+00 -2.01319e-01 -3.79524e+00
-1.33625e+00 -3.05104e-01 -3.78530e+00
-1.32610e+00 -1.90016e-01 -3.75708e+00
 1.15758e-01 -5.49530e-01 -2.84151e+00
-1.58539e-01 -2.93938e-01 -2.68085e+00
-8.74983e-01 -1.21328e+00 -3.22827e+00
-8.89360e-01 -1.20839e+00 -3.21978e+00
 9.74236e-02 -7.02152e-01 -2.78537e+00
 1.21291e-01 -6.98689e-01 -2.80622e+00
-2.11272e-01 -1.06929e+00 -3.24885e+00
-6.15016e-02 -9.56703e-01 -3.17305e+00
 4.95872e+00 -2.33438e+00  2.63856e+00
 5.24641e+00 -2.28071e+00  2.21240e+00
 5.22158e+00 -2.27041e+00  2.25628e+00
 4.50943e+00 -3.64761e+00  2.71975e+00
 4.59776e+00 -2.31215e+00  2.05355e+00
 4.51461e+00 -3.21048e+00  2.91940e+00
 4.07314e+00 -2.72483e+00  2.12924e+00
 4.76045e+00 -2.34041e+00  2.51788e+00
 5.25307e+00 -2.50013e+00  2.09765e+00
 4.54741e+00 -3.86381e+00  2.50646e+00
 5.21756e+00 -2.44738e+00  2.07300e+00
 4.17268e+00 -2.63171e+00  1.99461e+00
 5.17487e+00 -2.30926e+00  2.08591e+00
 4.61054e+00 -2.30825e+00  2.07093e+00
 3.91939e+00 -2.91065e+00  2.35396e+00
 4.59132e+00 -3.83525e+00  2.50199e+00
 4.12953e+00 -3.69346e+00  2.46081e+00
 3.87461e+00 -3.21092e+00  2.51769e+00
 4.18404e+00 -2.60089e+00  1.99864e+00
 4.16907e+00 -2.62437e+00  1.99522e+00
 4.57004e+00 -3.85391e+00  2.52654e+00
 4.21706e+00 -3.74510e+00  2.49252e+00
 4.19977e+00 -3.76862e+00  2.42205e+00
 4.26747e+00 -3.80861e+00  2.44648e+00
-3.10724e+00 -3.87820e+00 -3.84172e+00
-3.42568e+00 -4.21012e+00 -3.61345e+00
-2.35997e+00 -4.40587e+00 -4.69572e+00
-3.06609e+00 -4.88599e+00 -3.05490e+00
-3.17972e+00 -3.96573e+00 -3.35857e+00
-3.40650e+00 -4.68301e+00 -4.11864e+00
-2.61189e+00 -4.75233e+00 -2.90193e+00
-3.54121e+00 -4.50174e+00 -3.70135e+00
-3.18646e+00 -4.59099e+00 -4.41331e+00
-3.03451e+00 -4.63452e+00 -4.51042e+00
-2.86043e+00 -4.45050e+00 -2.88338e+00
-2.83118e+00 -5.19922e+00 -3.40183e+00
-2.98406e+00 -5.23418e+00 -3.39081e+00
-2.34133e+00 -4.42655e+00 -3.07489e+00
-2.74826e+00 -4.96825e+00 -2.99580e+00
-2.81569e+00 -4.99946e+00 -3.02161e+00
-3.06255e+00 -4.89563e+00 -3.05662e+00
-2.22851e+00 -4.61185e+00 -4.27138e+00
-4.19964e-01 -1.77511e+00  3.09646e+00
-7.63247e-01 -3.23240e+00  2.16026e+00
 3.55688e-01 -2.94014e+00  2.58433e+00
-4.74528e-01 -1.77306e+00  2.98291e+00
-3.51138e-02 -1.90958e+00  2.44717e+00
 5.27278e-01 -2.74111e+00  2.30233e+00
 4.12666e-01 -2.79923e+00  2.60102e+00
 5.29330e-01 -2.73673e+00  2.29311e+00
-2.81570e-02 -1.90986e+00  2.46139e+00
-4.02975e-01 -2.04056e+00  3.36948e+00
-1.06760e-01 -3.27069e+00  2.74397e+00
 4.24437e-01 -2.77678e+00  2.22746e+00
 8.89189e-02 -2.23130e+00  2.08121e+00
 4.34917e-01 -2.52591e+00  2.23966e+00
 3.09272e-01 -2.43620e+00  2.14831e+00
 4.60328e-01 -2.75812e+00  2.23546e+00
 4.38673e-01 -2.73202e+00  2.22085e+00
-8.69293e-01 -2.49564e+00  2.82327e+00
 6.60979e+00 -2.07054e+00  1.43212e+00
 6.55348e+00 -2.21125e+00  1.90254e+00
 5.83482e+00 -2.93932e+00  1.92755e+00
 5.81680e+00 -3.45269e+00  1.66085e+00
 5.83322e+00 -2.98691e+00  1.16333e+00
 5.83942e+00 -2.81043e+00  1.23171e+00
 5.86516e+00 -3.08510e+00  1.13476e+00
 5.96760e+00 -3.68761e+00  1.31195e+00
 6.61128e+00 -2.07046e+00  1.44004e+00
 6.83822e-01  1.39567e+00 -1.85931e+00
 1.26409e+00  8.55049e-01 -2.05791e+00
 2.22172e+00  1.72564e+00 -2.26040e+00
 1.52244e+00  1.35514e+00 -1.56422e+00
 1.44178e+00  1.06402e+00 -2.93141e+00
 1.31304e+00  8.33667e-01 -2.12722e+00
 2.03475e+00  1.48412e+00 -1.79497e+00
 2.03281e+00  1.59239e+00 -2.62679e+00
 5.72465e-01  1.66340e+00 -2.17705e+00
 1.54778e+00  2.10439e+00 -2.35211e+00
 1.93853e+00  1.98442e+00 -2.10729e+00
 1.88822e+00  1.51903e+00 -1.62829e+00
 1.12369e+00  1.61491e+00 -3.02227e+00
 1.49727e+00  1.88517e+00 -2.83530e+00
 1.13954e+00  1.43904e+00 -3.03073e+00
 9.58735e-01  1.57659e+00 -2.90178e+00
 2.04499e+00  1.65250e+00 -2.61620e+00
 2.20430e+00  1.71452e+00 -2.30299e+00
 4.27614e-01 -5.40610e+00  5.41783e+00
-5.71574e-01 -4.65787e+00  4.41161e+00
 1.28540e+00 -5.08052e+00  4.27004e+00
-5.70837e-01 -5.20055e+00  4.40215e+00
-1.24234e-01 -4.41267e+00  3.82813e+00
 1.31838e+00 -5.16782e+00  4.44023e+00
 1.00198e-01 -4.48394e+00  5.09422e+00
 2.75145e-03 -5.95076e+00  4.96847e+00
-5.65695e-01 -4.65380e+00  4.41746e+00
 8.53028e-01 -5.22576e+00  5.25543e+00
 1.09846e+00 -5.39452e+00  4.25358e+00
 1.31418e+00 -5.05237e+00  4.32382e+00
 1.29829e-01 -5.90844e+00  4.82188e+00
 1.32113e+00 -5.07175e+00  4.33326e+00
 3.71978e-01 -4.16805e+00  4.90561e+00
 4.10127e-01 -4.02275e+00  4.68881e+00
 6.25840e-01 -3.94830e+00  4.26014e+00
 3.74314e-01 -4.09710e+00  3.85703e+00
 5.71907e-01 -3.94257e+00  4.34135e+00
 3.31606e-01 -4.12850e+00  3.78435e+00
 1.49789e-02 -5.90440e+00  5.07569e+00
-5.85348e-01 -5.15928e+00  4.42184e+00
 3.57726e-01 -5.43929e+00  5.40564e+00
 3.68381e-01 -5.36646e+00  5.41306e+00
 3.81358e-02 -5.87950e+00  5.09830e+00
 5.47617e-01 -5.40263e+00  5.39206e+00
 5.58753e+00 -2.83599e+00  2.14870e+00
 6.52336e+00 -2.17929e+00  1.94111e+00
 6.47764e+00 -2.06612e+00  2.27668e+00
-2.25221e+00  5.53807e+00  2.77027e+00
-1.55738e+00  5.75305e+00  2.53686e+00
-2.10510e+00  5.36243e+00  2.87174e+00
-2.12290e+00  5.40908e+00  3.97664e+00
-2.87457e+00  5.64931e+00  3.38990e+00
-1.89242e+00  5.83867e+00  2.52027e+00
-2.34797e+00  5.33488e+00  3.99134e+00
-2.60788e+00  5.23756e+00  3.76397e+00
-1.07797e+00  5.73620e+00  2.81987e+00
-9.73746e-01  5.85277e+00  3.13100e+00
-1.19530e+00  5.65698e+00  2.69897e+00
-1.35426e+00  5.60013e+00  2.61584e+00
-2.87459e+00  5.64982e+00  3.38464e+00
-2.60449e+00  5.23664e+00  3.72088e+00
-2.61952e+00  5.25324e+00  3.77309e+00
-1.02037e+00  5.74250e+00  3.27274e+00
-1.11144e+00  5.68830e+00  2.77062e+00
 3.99867e+00  1.69508e+00 -4.70252e+00
 3.23818e+00  1.88692e+00 -5.03459e+00
 4.23080e+00  2.06166e+00 -4.27271e+00
 3.70477e+00  1.70933e+00 -3.73023e+00
 2.97077e+00  2.44850e+00 -4.70383e+00
 2.34799e+00  2.00945e+00 -4.51031e+00
 3.86505e+00  1.59126e+00 -4.61008e+00
 2.36986e+00  1.70927e+00 -4.44807e+00
 3.12858e+00  2.07305e+00 -3.78306e+00
 2.63349e+00  2.19922e+00 -3.88400e+00
 3.53574e+00  1.50719e+00 -3.83779e+00
 2.45116e+00  2.08438e+00 -4.67938e+00
 2.89745e+00  2.39813e+00 -4.76319e+00
 2.64544e+00  1.74281e+00 -4.84797e+00
 3.05053e+00  2.28454e+00 -4.85305e+00
 3.84493e+00  1.92770e+00 -3.73564e+00
 3.11497e+00  2.42426e+00 -4.70759e+00
 2.85395e+00  1.73519e+00 -4.92973e+00
 2.38306e+00  1.65829e+00 -4.11533e+00
 2.36240e+00  2.01159e+00 -4.01580e+00
 3.80822e+00  1.81211e+00 -3.73074e+00
 3.95832e+00  1.93607e+00 -3.81130e+00
 4.23030e+00  2.05731e+00 -4.28494e+00
 4.22972e+00  2.06455e+00 -4.27986e+00
-4.92030e+00  3.63787e+00  4.90947e-01
-4.38597e+00  3.21303e+00  1.89392e+00
-5.73466e+00  3.69635e+00  1.27693e+00
-5.40265e+00  3.50180e+00  5.15606e-01
-5.90913e+00  2.78120e+00  1.69944e+00
-5.79013e+00  3.49104e+00  1.40935e+00
-5.58787e+00  3.87782e+00  1.63114e+00
-5.59658e+00  3.85107e+00  1.64128e+00
-4.43569e+00  2.67506e+00  1.86456e+00
-4.16104e+00  3.38834e+00  1.26091e+00
-4.35830e+00  2.35499e+00  1.53575e+00
-4.44009e+00  2.27320e+00  1.43274e+00
-4.17982e+00  3.35545e+00  1.33999e+00
-5.54293e+00  2.25846e+00  8.66513e-01
-5.89360e+00  2.74263e+00  1.66447e+00
-4.52838e+00  2.25477e+00  1.18917e+00
-5.43318e+00  2.22369e+00  8.79670e-01
-5.90723e+00  2.77367e+00  1.69522e+00
-5.90331e+00  2.78733e+00  1.71060e+00
-5.50372e+00  2.22288e+00  8.77827e-01
-5.46481e+00  2.24747e+00  1.21358e+00
 1.96784e+00 -5.82924e+00 -2.46658e-01
 6.91057e-01 -4.74271e+00 -4.79223e-01
 1.06732e+00 -5.06248e+00 -1.26780e+00
 7.76124e-01 -4.85315e+00 -8.06746e-01
 7.13606e-01 -4.74095e+00 -4.44661e-01
 1.30496e+00 -6.38121e+00 -1.31318e-01
 2.01974e+00 -6.27190e+00 -3.32381e-01
 7.92016e-01 -5.41702e+00  1.77544e-01
 9.82235e-01 -5.23032e+00  1.48915e-01
 7.02569e-01 -4.84378e+00 -2.04671e-01
 6.94147e-01 -4.83692e+00 -2.12458e-01
 6.97322e-01 -4.83122e+00 -2.22716e-01
-2.41731e+00 -3.79287e+00  2.66983e+00
-2.01853e+00 -3.36425e+00  2.99838e+00
-3.07153e+00 -3.10258e+00  2.20041e+00
-2.32265e+00 -2.87286e+00  2.09083e+00
-2.65016e+00 -2.70462e+00  2.42680e+00
-3.14307e+00 -2.94410e+00  2.40428e+00
-1.99056e+00 -3.33838e+00  2.95117e+00
-1.75395e+00 -3.38193e+00  2.39081e+00
-2.44565e+00 -3.14053e+00  1.86234e+00
-2.79830e+00 -3.31159e+00  1.84653e+00
-2.74709e+00 -3.16951e+00  3.08452e+00
-2.41926e+00 -3.79817e+00  2.64582e+00
-2.77999e+00 -3.19793e+00  3.06229e+00
-3.12051e+00 -2.91540e+00  2.58193e+00
-2.79547e+00 -3.31203e+00  1.84472e+00
-2.79596e+00 -3.31362e+00  1.84503e+00
-2.97843e+00 -2.75128e+00  2.53275e+00
-2.90425e+00 -3.06564e+00  2.97675e+00
-2.87471e+00 -3.05733e+00  2.99682e+00
-2.90867e+00 -2.70515e+00  2.54905e+00
 5.50507e+00  1.33338e+00  4.15680e+00
 5.31468e+00  8.32492e-01  4.36678e+00
 5.36023e+00  1.09588e+00  4.22746e+00
-1.51617e+00  2.69521e+00  5.75965e+00
-1.17565e+00  3.25508e+00  5.15434e+00
-1.80753e+00  2.62299e+00  5.57651e+00
-1.32209e+00  3.21570e+00  5.06760e+00
-1.24055e+00  3.05009e+00  5.43908e+00
-1.35192e+00  2.88448e+00  6.04742e+00
-3.85734e-01 -1.44682e+00 -3.49272e+00
 4.26304e-01 -2.90747e+00 -2.97446e+00
 1.06637e+00 -2.60122e+00 -3.47101e+00
-5.23090e-01 -2.06139e+00 -4.00202e+00
-4.97333e-01 -1.61200e+00 -3.74338e+00
-2.30443e-01 -1.57178e+00 -3.31715e+00
 1.11506e+00 -2.45921e+00 -3.43244e+00
 1.01965e+00 -2.45198e+00 -2.95757e+00
 4.21205e-01 -2.90788e+00 -2.97670e+00
-3.95001e-01 -2.71377e+00 -4.12538e+00
 1.05697e+00 -2.47297e+00 -2.99118e+00
 9.66915e-01 -2.42100e+00 -2.92123e+00
 1.04174e+00 -2.51634e+00 -3.00000e+00
 9.66244e-01 -2.74740e+00 -3.09380e+00
 4.26448e-01 -2.76202e+00 -2.89750e+00
 4.23320e-01 -2.90614e+00 -2.97263e+00
-2.87468e-01 -1.47921e+00 -3.77278e+00
-3.61965e-01 -1.54530e+00 -3.81569e+00
-5.20467e-01 -2.07546e+00 -4.01300e+00
-5.21235e-01 -2.08139e+00 -4.00895e+00
-1.29848e+00 -3.46479e+00 -5.52202e+00
-1.31793e+00 -3.50041e+00 -5.49287e+00
-2.70241e+00 -3.56698e+00 -5.48754e+00
-2.34116e+00 -4.09215e+00 -5.03426e+00
-2.07683e+00 -3.10553e+00 -5.85145e+00
-2.27873e+00 -3.11665e+00 -5.84950e+00
-2.69287e+00 -3.58340e+00 -5.47343e+00
-1.32967e+00 -6.43769e+00 -6.69010e-01
-2.61536e+00 -6.93796e+00 -4.21014e-01
-1.53977e+00 -6.38027e+00 -6.09829e-01
-5.84223e-01 -6.78434e+00  5.60963e-02
-1.84855e+00 -6.46867e+00  6.07688e-01
-2.87433e+00 -7.02838e+00  3.35819e-01
-2.47148e+00 -6.79452e+00  6.70551e-01
-2.76378e+00 -7.01350e+00 -3.72082e-01
-2.77016e+00 -7.01571e+00 -3.53109e-01
-9.66105e-01 -6.73019e+00  4.92228e-01
-9.67275e-01 -6.72994e+00  4.93022e-01
-1.50459e+00 -6.58686e+00  6.69032e-01
-1.82515e+00 -6.48644e+00  6.75497e-01
-2.35207e+00 -5.58052e+00  1.45028e+00
-2.37738e+00 -5.37740e+00  1.44231e+00
-1.61011e+00 -5.58628e+00  6.17883e-01
-1.68055e+00 -5.54934e+00  1.46090e+00
-2.97168e+00 -5.42105e+00  9.40819e-01
-1.48963e+00 -5.19286e+00  1.45103e+00
-3.04905e+00 -5.45830e+00  9.75167e-01
-1.98052e+00 -5.11978e+00  5.61116e-01
-1.59207e+00 -5.42299e+00  5.56834e-01
-1.42363e+00 -5.11482e+00  1.22239e+00
-1.53000e+00 -5.43812e+00  6.06727e-01
-3.07730e+00 -5.46209e+00  1.02880e+00
-3.05035e+00 -5.44643e+00  9.78763e-01
-1.46007e+00 -5.15227e+00  1.37670e+00
-1.49380e+00 -5.17391e+00  1.45025e+00
 4.32768e+00 -3.10488e+00 -1.91386e+00
 4.08045e+00 -3.72867e+00 -1.30929e+00
 3.13304e+00 -2.44288e+00 -2.35895e+00
 4.08961e+00 -3.84757e+00 -1.74916e+00
 4.19770e+00 -3.75981e+00 -1.48111e+00
 4.27278e+00 -3.04434e+00 -2.19448e+00
 3.25195e+00 -2.58562e+00 -1.51755e+00
 3.44191e+00 -3.59534e+00 -2.65895e+00
 3.63609e+00 -3.83996e+00 -2.55641e+00
 3.93745e+00 -3.82357e+00 -2.32927e+00
 3.58116e+00 -3.90467e+00 -1.70760e+00
 3.51288e+00 -3.90928e+00 -1.74612e+00
 3.36654e+00 -3.15625e+00 -2.63832e+00
 2.86707e+00 -3.04475e+00 -1.56959e+00
 3.95487e+00 -3.55449e+00 -1.17475e+00
 4.05854e+00 -3.72767e+00 -1.29483e+00
 3.14082e+00 -2.43380e+00 -2.34440e+00
 3.92700e+00 -2.82944e+00 -2.49132e+00
 3.54840e+00 -2.62394e+00 -2.55293e+00
 3.51880e+00 -3.67875e+00 -2.67079e+00
 3.62757e+00 -3.14256e+00 -2.67100e+00
 3.56130e+00 -3.02628e+00 -2.65967e+00
 2.91818e+00 -3.27673e+00 -1.60548e+00
 3.09882e+00 -3.49600e+00 -1.54242e+00
 3.04449e+00 -2.52584e+00 -2.13526e+00
 3.11655e+00 -2.44749e+00 -2.11092e+00
 3.29024e+00 -2.50034e+00 -2.44878e+00
 3.15777e+00 -2.47144e+00 -2.40419e+00
-3.88690e+00  2.25892e+00  4.22182e+00
-3.97344e+00  4.17497e+00  4.51940e+00
-4.06878e+00  4.20177e+00  4.56545e+00
-3.21175e+00  3.26667e+00  3.88836e+00
-2.99279e+00  3.21635e+00  4.16405e+00
-2.98158e+00  2.97691e+00  4.22668e+00
-3.89862e+00  2.46669e+00  3.84373e+00
-3.42988e+00  2.67333e+00  3.74558e+00
-3.22990e+00  2.59326e+00  4.00435e+00
 2.33912e+00 -5.26425e+00 -3.58402e+00
 1.81344e+00 -4.89460e+00 -3.51565e+00
 1.81417e+00 -4.89347e+00 -3.51616e+00
 3.21522e+00 -5.16337e+00 -4.24053e+00
 2.54998e+00 -3.89156e+00 -4.29233e+00
 1.60883e+00 -4.93013e+00 -3.94559e+00
 1.79699e+00 -4.39887e+00 -4.58083e+00
 1.81432e+00 -4.89511e+00 -3.51549e+00
 3.14345e+00 -4.91747e+00 -4.09748e+00
 2.31352e+00 -3.99756e+00 -4.13957e+00
 1.85615e+00 -4.33184e+00 -4.57385e+00
 2.47265e+00 -3.99764e+00 -4.64554e+00
 2.60302e+00 -4.40356e+00 -4.84964e+00
 1.41647e+00  1.04238e+00  5.18199e-01
 8.55658e-01  3.46003e-01 -3.84295e-01
 7.33381e-01  9.20833e-01  1.16180e+00
 2.50034e-02  6.92671e-01 -1.46487e-01
 1.23780e+00  1.17746e+00 -2.52696e-02
 1.26618e+00  4.09290e-01  2.99237e-01
 1.21791e-01  5.84000e-01 -3.78926e-01
 7.86373e-01  6.65287e-01 -5.26399e-01
 3.83273e-01  1.49718e+00  2.89052e-01
 1.12156e+00  1.37253e+00  1.65974e-01
-1.53719e-02  1.05133e+00  1.03145e-01
 7.34188e-01  9.38673e-01  1.15972e+00
 4.51542e-01  1.48605e+00  4.46337e-01
 1.76443e-01  7.66214e-01  5.71091e-01
 1.38566e-01  9.26857e-01  6.00318e-01
 3.03262e-01  9.99708e-01  8.36793e-01
 7.21837e-02  1.23019e+00  2.79200e-02
 2.05155e-01  7.29702e-01 -4.62531e-01
 6.76266e-01  8.12603e-01  1.15729e+00
 7.02024e-01  2.60152e-01 -3.17984e-01
 1.01453e+00  2.56294e-01  4.71980e-01
 1.44372e+00  1.08568e+00  3.27680e-01
 1.09626e+00  1.18190e+00  9.36747e-01
 1.09941e+00  1.18319e+00  9.34212e-01
 1.09677e+00  1.18490e+00  9.36191e-01
 7.44987e-01  1.43716e+00  6.73483e-01
 8.37388e-01  1.07253e+00  1.09027e+00
 1.16144e+00  1.36605e+00  2.65107e-01
 5.92062e-01  6.24248e-01  1.01429e+00
 6.61104e-01  5.90062e-01  1.04084e+00
 5.72737e-01  8.85638e-01  1.11377e+00
 5.95637e-01  8.51454e-01  1.12576e+00
 1.28766e+00  4.46551e-01  1.59092e-01
 1.44293e+00  1.06155e+00  2.59556e-01
 1.05100e+00  1.21874e+00  9.58471e-01
 9.34142e-01  1.40544e+00  7.35265e-01
-2.17127e+00 -4.38040e+00 -3.44629e-02
-1.86871e+00 -2.54617e+00 -7.15199e-01
-2.72589e+00 -4.07915e+00 -1.26735e+00
-1.58975e+00 -2.70404e+00 -5.61596e-01
-1.80262e+00 -4.23378e+00 -7.93893e-02
-1.82704e+00 -2.56045e+00 -6.59551e-01
-1.80623e+00 -3.95703e+00  1.46014e-01
-2.60807e+00 -3.54971e+00 -1.28161e+00
-2.58364e+00 -4.10862e+00 -1.23297e+00
-2.72948e+00 -4.06886e+00 -1.26896e+00
-2.59708e+00 -4.25181e+00 -5.93407e-01
-2.75604e+00 -4.20005e+00 -1.14644e+00
-1.66890e+00 -2.63994e+00 -7.03696e-01
-1.37844e+00 -3.58635e+00 -1.00120e+00
-2.79594e+00 -3.67677e+00 -1.14272e+00
-2.65658e+00 -3.29776e+00 -1.19551e+00
-1.58002e+00 -3.56389e+00  1.84643e-01
-1.30090e+00 -3.74426e+00 -9.71508e-01
-2.67535e+00 -4.26553e+00 -8.76666e-01
-2.35556e+00 -4.37034e+00 -2.50850e-01
-1.12372e+00 -3.81968e+00 -5.75034e-01
-2.77228e+00 -4.15542e+00 -1.19197e+00
-2.78685e+00 -4.06789e+00 -1.21953e+00
-1.77604e+00 -2.58123e+00 -7.06594e-01
-1.84953e+00 -2.54297e+00 -6.95054e-01
-2.62783e+00  2.90563e+00  1.63191e-01
-2.80361e+00  3.90895e+00 -1.37822e+00
-2.13177e+00  2.87495e+00 -1.49307e+00
-2.07845e+00  3.18592e+00 -1.76670e+00
-2.40729e+00  2.66254e+00 -1.31840e+00
-3.06691e+00  3.95282e+00 -1.25855e+00
-3.10825e+00  3.20091e+00 -1.83271e+00
-2.72858e+00  3.68518e+00 -1.60083e+00
-3.17455e+00  3.34979e+00 -1.76371e+00
-2.63173e+00  2.90414e+00  1.62202e-01
-2.01678e+00  3.33765e+00 -1.73423e+00
-1.97084e+00  3.40838e+00 -1.63902e+00
-2.05476e+00  3.84732e+00 -1.17979e+00
-2.18541e+00  2.93875e+00 -3.66009e-01
-3.65169e+00  3.76075e+00 -1.25110e+00
-3.31301e+00  2.40307e+00 -1.13416e+00
-2.12506e+00  3.22891e+00 -1.80729e+00
-2.05328e+00  3.32504e+00 -1.76130e+00
-3.53531e+00  2.63449e+00 -1.35119e+00
-2.64128e+00  2.93493e+00  1.76933e-01
 2.97273e+00 -1.18262e+00  6.51166e+00
 3.03787e+00 -1.15128e+00  6.40727e+00
 3.17700e+00 -1.29627e+00  6.24824e+00
 3.01440e+00 -1.37447e+00  6.50880e+00
 5.36552e+00 -8.26795e-01 -8.15329e-01
 6.10245e+00  4.06457e-01 -1.48254e+00
 4.96868e+00 -4.95969e-01 -7.63320e-01
 6.18265e+00 -5.56183e-01 -1.05306e+00
 5.18813e+00 -3.28810e-01 -3.22854e-01
 5.12547e+00 -4.95535e-01 -4.57664e-01
 5.81343e+00 -7.19032e-01 -9.90362e-01
 4.93186e+00  2.31895e-01 -6.84272e-01
 5.76712e+00  5.69573e-01 -6.41367e-01
 6.27640e+00 -2.67223e-01 -7.96037e-01
 5.37397e+00 -2.12798e-01 -1.90356e+00
 6.25535e+00 -4.49558e-01 -1.10718e+00
 6.10700e+00  4.25490e-01 -1.43290e+00
 6.27046e+00 -4.65746e-01 -1.01096e+00
 4.99749e+00  2.65676e-01 -6.60072e-01
 6.08768e+00 -1.04879e-01 -4.93290e-01
 4.93541e+00  2.35268e-01 -6.78517e-01
 4.97462e+00 -9.57453e-03 -5.59159e-01
 4.92457e+00 -8.01648e-02 -6.35858e-01
 5.19631e+00 -7.31369e-01 -1.05300e+00
 4.92995e+00 -8.12041e-02 -6.25906e-01
 5.30488e+00 -7.13032e-01 -6.50153e-01
 5.16908e+00 -5.33219e-01 -4.66684e-01
 5.32678e+00 -2.49976e-02 -1.86115e+00
 6.01210e+00 -2.11082e-02 -4.03220e-01
 5.69597e+00  5.66898e-02 -2.27764e-01
 5.79728e+00  3.18907e-01 -3.16453e-01
 5.75679e+00  2.79386e-01 -2.88384e-01
 5.48916e+00 -3.66496e-01 -1.82445e+00
 5.42654e+00 -2.46463e-01 -1.91441e+00
 5.26204e+00 -1.78496e-01 -1.83236e+00
 5.25520e+00 -3.76738e-02 -1.81809e+00
 5.06562e+00 -5.88341e-01 -1.10241e+00
 5.58571e+00  7.56959e-02 -1.85930e+00
 5.99413e+00 -5.62824e-01 -1.31255e+00
 6.16992e+00 -5.32751e-01 -1.16158e+00
 4.99237e+00 -5.46953e-01 -8.44126e-01
 5.22343e+00 -7.72705e-01 -9.56795e-01
 5.15033e+00 -4.31531e-01 -3.84596e-01
 5.14216e+00 -4.38881e-01 -3.96094e-01
-1.80649e+00  6.03436e+00 -3.03769e+00
-1.85514e+00  6.27605e+00 -2.83383e+00
-1.17877e+00  6.22600e+00 -3.12020e+00
-1.32888e+00  5.94746e+00 -3.27958e+00
-1.28855e+00  6.34313e+00 -2.98982e+00
-1.72434e+00 -5.36055e+00 -2.11188e+00
-1.71044e+00 -5.36753e+00 -1.90789e+00
-9.36573e-01 -5.20306e+00 -2.46185e+00
-1.05785e+00 -4.28063e+00 -1.75922e+00
-1.52946e+00 -5.13973e+00 -1.21130e+00
-5.27547e-01 -5.88475e+00 -1.99517e+00
-1.14946e+00 -4.33186e+00 -1.77580e+00
-6.00718e-01 -5.79353e+00 -2.09044e+00
-1.19300e+00 -6.13367e+00 -1.61965e+00
-1.20063e+00 -6.12363e+00 -1.64219e+00
-1.33595e+00 -5.88746e+00 -1.19979e+00
-4.04272e-01 -5.95092e+00 -1.77072e+00
-1.02212e+00 -4.29074e+00 -1.83247e+00
-3.94372e-01 -5.93911e+00 -1.77896e+00
-1.64369e+00 -5.18183e+00 -2.27643e+00
-1.22389e+00 -6.09071e+00 -1.67695e+00
-4.42158e-01 -5.97613e+00 -1.78655e+00
-4.36678e-01 -5.94243e+00 -1.85554e+00
-1.14305e+00 -4.34693e+00 -1.60884e+00
-1.08017e+00 -4.31372e+00 -1.58015e+00
-8.10630e-01 -4.44491e+00 -1.94693e+00
-8.79650e-01 -4.44831e+00 -2.07109e+00
-1.01567e+00 -4.34388e+00 -1.98161e+00
-1.23100e+00 -4.45132e+00 -1.98623e+00
-6.22909e+00 -1.00124e+00  1.69650e-01
-5.98785e+00 -1.25880e+00 -4.97801e-02
-5.97516e+00 -1.24841e+00 -4.78562e-02
-6.41178e+00 -2.02291e-02 -5.86562e-01
-6.40553e+00 -8.38597e-02 -6.73602e-01
-6.41144e+00 -1.48016e+00 -5.93055e-01
-6.03278e+00 -1.08132e+00 -8.76621e-01
-5.95646e+00 -1.01114e+00 -8.94677e-01
-6.10561e+00 -7.78027e-01 -1.02207e+00
-5.82162e+00 -9.23279e-01 -7.88330e-01
-6.05127e+00 -8.35091e-01 -1.00261e+00
-6.31249e+00  3.52248e-02 -2.94795e-01
-5.73477e+00 -9.03626e-01 -5.78446e-01
-6.33885e+00 -2.50009e-01 -7.97096e-01
-5.93994e+00 -8.79095e-01 -9.56454e-01
-5.96827e+00 -8.44027e-01 -9.66143e-01
-5.93793e+00 -8.76983e-01 -9.55375e-01
-4.70911e+00  1.84671e-01  3.93376e+00
-5.01741e+00  2.21097e-01  4.87205e+00
-4.48123e+00  1.49069e+00  5.00168e+00
-5.00465e+00  1.30603e-01  4.12210e+00
-4.77036e+00  5.85776e-01  5.15977e+00
-5.03587e+00  1.33338e-01  4.14414e+00
-3.78762e+00  5.44809e-01  4.23992e+00
-3.67860e+00  1.75734e+00  4.52925e+00
-4.48116e+00  9.14051e-01  3.96324e+00
-4.55945e+00  4.40344e-01  3.89640e+00
-4.27948e+00 -1.13205e-02  3.98719e+00
-4.34896e+00 -5.94606e-02  3.98911e+00
-3.76493e+00  1.57033e+00  4.32065e+00
-4.49688e+00  1.51155e+00  4.89389e+00
-5.02993e+00  6.15575e-01  5.12408e+00
-5.06507e+00  8.12483e-01  4.33669e+00
-5.04407e+00  8.55853e-01  5.07181e+00
-5.06567e+00  9.93014e-01  4.61412e+00
-3.96912e+00  1.80377e+00  4.86377e+00
-3.97357e+00  1.76396e+00  5.00155e+00
-3.54747e+00  1.29651e+00  4.95713e+00
-3.64200e+00  1.36349e+00  5.12357e+00
-4.76790e+00 -5.50085e-02  4.36515e+00
-5.02199e+00  9.78336e-02  4.21965e+00
-4.96238e+00  1.46530e-01  4.78640e+00
-4.98080e+00  1.76289e-01  4.83950e+00
-3.67624e+00  1.59039e+00  5.07184e+00
-5.02524e+00  5.01192e-01  5.08476e+00
-4.94879e+00  5.72668e-01  5.14233e+00
-5.03246e+00  1.06496e-01  4.20778e+00
-4.44424e+00  3.29857e-02  3.91846e+00
-4.39646e+00 -2.03121e-02  3.93560e+00
-4.35325e+00 -4.32889e-02  3.95284e+00
 3.12314e+00 -4.40437e+00 -5.12763e+00
 2.82403e+00 -4.26840e+00 -5.11183e+00
 2.76061e+00 -4.45719e+00 -5.05187e+00
 7.00148e-01 -4.02730e+00  2.93834e+00
 8.51288e-01 -4.08013e+00  1.89249e+00
 7.77500e-01 -2.91449e+00  2.12503e+00
 5.34224e-01 -2.73757e+00  2.29371e+00
 1.20007e+00 -3.78993e+00  2.32869e+00
 3.09885e-01 -3.58431e+00  1.46588e+00
 6.32520e-01 -2.99265e+00  1.95495e+00
 3.18190e-01 -3.60688e+00  1.46846e+00
 9.71850e-01 -4.03524e+00  2.69176e+00
 8.43261e-01 -4.08827e+00  1.89957e+00
 4.12819e-01 -3.85463e+00  3.09743e+00
-1.03332e-01 -3.34142e+00  2.79393e+00
 3.05013e-01 -3.62465e+00  3.05488e+00
 7.71934e-01 -2.88570e+00  2.16536e+00
 8.79369e-01 -3.08001e+00  2.18617e+00
-1.19827e+00 -3.59079e+00 -4.94775e+00
-1.06072e-01 -4.81721e+00 -4.46786e+00
-1.12930e+00 -3.52687e+00 -4.90505e+00
-1.33342e-01 -4.06677e+00 -4.62747e+00
-1.44362e-01 -4.88511e+00 -4.50210e+00
 2.83313e-01 -4.30087e+00 -4.98790e+00
-2.91195e-01 -4.42329e+00 -4.42744e+00
-7.49517e-01 -3.49993e+00 -4.67793e+00
-3.32485e-01 -4.85393e+00 -4.46269e+00
-2.18972e-01 -4.40715e+00 -4.45658e+00
-1.15630e-01 -4.80681e+00 -4.46084e+00
-2.53379e-01 -4.75057e+00 -4.41297e+00
 1.15641e+00 -3.19250e-02 -9.62609e-01
 1.26704e+00 -1.19475e+00 -1.39961e+00
 2.76306e+00 -4.24310e-01 -8.42295e-01
 1.50254e+00  1.30557e-01 -4.45242e-01
 1.73365e+00 -1.30721e-01 -1.36900e-01
 1.72302e+00  3.43995e-02 -1.35719e-01
 2.27115e+00  3.89073e-02 -4.16327e-01
 1.43391e+00  1.62621e-01 -1.11356e+00
 1.09300e+00 -7.19026e-01 -1.12334e+00
 2.01508e+00  2.44388e-01 -1.18023e+00
 2.34434e+00  5.76409e-02 -5.31972e-01
 1.65051e+00  2.60306e-01 -1.07515e+00
 2.18444e+00 -4.37687e-01 -1.86406e+00
 2.63741e+00 -2.64634e-01 -5.95926e-01
 2.10812e+00 -5.62312e-01 -3.17398e-01
 2.75004e+00 -5.44219e-01 -1.12462e+00
 2.63593e+00 -3.91663e-01 -5.91892e-01
 1.57302e+00 -1.21543e+00 -1.23874e+00
 1.17345e+00  2.33231e-02 -9.32401e-01
 1.18182e+00  3.01781e-02 -9.62978e-01
 2.37065e+00  1.86093e-01 -1.32298e+00
 2.70072e+00 -2.23377e-01 -7.21115e-01
 2.55335e+00  5.58269e-02 -8.06644e-01
 2.51349e+00 -3.29430e-01 -1.70549e+00
 1.52484e+00 -1.05021e+00 -1.55085e+00
 1.12109e+00 -7.66170e-01 -1.08740e+00
 2.22679e+00 -4.16754e-01 -1.85482e+00
 2.45868e+00 -2.20290e-01 -1.72722e+00
 1.46243e+00 -1.23376e+00 -1.32082e+00
 1.26706e+00 -1.19478e+00 -1.39957e+00
 1.20074e+00  4.55104e+00 -5.05738e-01
 8.55275e-01  4.95293e+00 -4.62155e-01
 9.91504e-01  4.87113e+00 -6.96202e-01
 1.75524e+00  4.32597e+00 -3.61751e-01
 1.81676e+00  5.32138e+00  1.37382e-01
 1.44379e+00  5.88458e+00 -1.05729e+00
 1.36013e+00  5.04068e+00  2.86817e-01
 9.35647e-01  4.93365e+00 -1.50469e-01
 9.20860e-01  4.82654e+00 -3.28748e-01
 2.09242e+00  4.59811e+00 -5.10969e-01
 8.46464e-01  5.01781e+00 -4.27727e-01
 1.57702e+00  5.97081e+00 -1.11675e+00
 1.83245e+00  5.44874e+00  1.78651e-02
 1.40093e+00  5.08140e+00  2.75933e-01
 1.89222e+00  5.59483e+00 -2.71203e-01
 2.09404e+00  4.66479e+00 -5.49532e-01
 1.25100e+00  4.98968e+00  2.15223e-01
 1.35807e+00  4.96772e+00  2.76186e-01
 1.55075e+00  5.98794e+00 -1.07990e+00
 1.51869e+00  5.77549e+00 -1.20672e+00
 1.69845e+00  5.67180e+00 -1.14226e+00
 1.55288e+00  5.80012e+00 -1.22014e+00
 1.67380e+00  5.96448e+00 -8.58432e-01
 1.69182e+00  5.55003e+00 -1.11533e-01
 1.65869e+00  5.98176e+00 -9.10651e-01
 1.63362e+00  5.95951e+00 -1.06828e+00
 1.98474e+00  4.48812e+00 -6.52693e-02
 1.91982e+00  4.43626e+00 -4.59063e-02
-3.56300e+00 -2.19426e+00  5.19566e+00
-4.45569e+00 -2.13739e+00  5.72331e+00
-3.62550e+00 -9.83935e-01  4.54577e+00
-4.56080e+00 -2.14810e+00  5.00972e+00
-3.58639e+00 -9.03977e-01  5.54355e+00
-4.28490e+00 -8.88446e-01  5.72857e+00
-4.25555e+00 -2.33694e+00  5.72489e+00
-4.13220e+00 -2.52873e+00  5.30133e+00
-4.13628e+00 -2.46450e+00  5.67246e+00
-4.31126e+00 -5.72314e-01  4.66606e+00
-4.73656e+00 -1.17106e+00  5.12900e+00
-3.47593e+00 -2.10052e+00  5.13655e+00
-3.54031e+00 -1.72233e+00  4.64994e+00
-4.32557e+00 -1.75308e+00  4.54550e+00
-4.20819e+00 -2.38561e+00  5.03723e+00
-4.00164e+00 -2.45762e+00  5.24589e+00
-4.23450e+00 -8.90464e-01  5.75806e+00
-4.27901e+00 -1.04960e+00  5.76835e+00
-4.74019e+00 -1.92678e+00  5.27028e+00
-4.40583e+00 -2.06765e+00  5.78202e+00
-3.60426e+00 -7.34703e-01  5.55415e+00
-3.80877e+00 -1.72727e+00  4.49553e+00
-4.31628e+00 -5.67896e-01  4.69976e+00
-4.07533e+00 -1.91623e+00  4.56031e+00
-4.25098e+00 -2.44151e+00  5.10777e+00
-4.14695e+00 -2.45169e+00  5.68583e+00
-4.47448e+00 -8.85136e-01  4.63936e+00
-4.17031e+00 -6.40013e-01  4.54250e+00
-4.08312e+00 -8.81096e-01  4.37963e+00
-4.30933e+00 -1.15595e+00  4.41150e+00
-3.58659e+00 -1.37407e+00  4.47351e+00
-3.78267e+00 -1.64298e+00  4.47457e+00
-3.91854e+00 -1.07721e+00  4.36057e+00
-4.10231e+00 -9.72104e-01  4.35296e+00
-3.61601e+00 -1.12275e+00  4.42917e+00
-3.76635e+00 -1.07074e+00  4.39060e+00
-3.60878e+00 -7.17727e-01  5.49835e+00
-4.56958e+00 -7.93554e-01  5.29772e+00
-4.18900e+00 -5.66664e-01  4.75423e+00
-4.23038e+00 -5.83160e-01  4.60731e+00
 2.33022e+00 -2.36086e+00 -5.83179e+00
 2.31089e+00 -2.84437e+00 -6.07070e+00
 2.05643e+00 -3.22360e+00 -5.30325e+00
 1.64326e+00 -3.17076e+00 -5.07831e+00
 2.01845e+00 -2.95929e+00 -4.97893e+00
 2.36477e+00 -2.50266e+00 -6.06236e+00
 1.10702e+00 -3.07740e+00 -5.45368e+00
 1.64677e+00 -3.05570e+00 -4.99964e+00
 2.02076e+00 -3.22361e+00 -5.16092e+00
 2.17849e+00 -2.18091e+00 -5.10878e+00
 2.18800e+00 -2.16485e+00 -5.13619e+00
 2.87901e+00 -4.54425e+00 -5.83476e-01
 3.95440e+00 -4.41015e+00 -8.23192e-01
 2.57633e+00 -4.07091e+00 -1.52090e+00
 3.02478e+00 -4.67648e+00 -1.69536e+00
 3.10787e+00 -4.82813e+00 -1.08334e+00
 3.42504e+00 -4.69948e+00 -4.96861e-01
 2.99917e+00 -4.63733e+00 -1.75994e+00
 3.28527e+00 -4.25162e+00 -1.75649e+00
 3.69179e+00 -3.90924e+00 -5.44464e-01
 3.74095e+00 -4.22058e+00 -5.07457e-01
 3.54954e+00 -3.86859e+00 -5.37876e-01
 3.47609e+00 -4.76413e+00 -6.11609e-01
 3.36259e+00 -4.10796e+00 -4.90530e-01
 2.97409e+00 -4.53377e+00 -4.76492e-01
 3.86058e+00 -4.54029e+00 -5.96929e-01
 3.80592e+00 -4.50172e+00 -5.11980e-01
 4.47621e-01  5.65552e-01  5.17920e+00
 1.98361e+00  6.39653e-01  5.44098e+00
 1.06704e+00  3.62129e-01  6.05206e+00
 9.88430e-01  1.40107e+00  5.76333e+00
 2.00582e+00  9.69156e-01  5.46330e+00
 3.96547e-01  8.01116e-01  5.29692e+00
 4.15355e-01  9.24435e-01  5.70697e+00
 7.23050e-01  1.00591e+00  6.44098e+00
 5.27895e-01  1.07120e+00  5.50354e+00
 1.90047e+00  6.76122e-01  5.25511e+00
 8.35632e-01  8.96539e-01  6.48046e+00
 3.86865e-01  9.43739e-01  5.53069e+00
 4.32819e-01  6.04315e-01  5.14963e+00
 1.86533e+00  6.75634e-01  5.23880e+00
 1.71365e+00  4.90840e-01  6.26043e+00
 1.69532e+00  4.10587e-01  6.18814e+00
 5.92861e-01  5.41023e-01  5.10594e+00
 5.08098e-01  5.05997e-01  5.19909e+00
 2.01779e+00  9.60476e-01  5.46402e+00
 2.05325e+00  8.57662e-01  5.55715e+00
-9.06648e-01  1.55114e+00  6.08571e+00
-6.35656e-01  1.19035e+00  5.98351e+00
-7.28989e-01  8.22362e-01  6.32373e+00
-4.66248e-01  7.80307e-01  6.54309e+00
 1.32459e-01  1.19992e+00  6.48009e+00
-2.80904e-01  1.81976e+00  5.95677e+00
-8.90729e-01  1.57594e+00  6.08417e+00
-2.73246e-01  1.46703e+00  5.92060e+00
-1.16252e-01  1.85568e+00  6.07605e+00
-1.85609e-01  1.46423e+00  5.98151e+00
-9.52569e-01 -3.96565e+00 -1.66186e+00
-2.05498e+00 -3.94287e+00 -2.01632e+00
-2.47381e+00 -3.60378e+00 -1.87705e+00
-9.62320e-01 -3.66364e+00 -1.79010e+00
-1.94354e+00 -4.16701e+00 -1.97165e+00
-2.11879e+00 -3.42818e+00 -2.07493e+00
-1.06135e+00 -3.46023e+00 -1.83015e+00
-9.33892e-01 -3.81539e+00 -1.66365e+00
-1.04308e+00 -4.18698e+00 -1.45243e+00
-2.42742e+00 -3.45210e+00 -1.92510e+00
-1.09449e+00 -3.92966e+00 -1.18175e+00
-1.01447e+00 -4.15771e+00 -1.75979e+00
-2.68451e+00 -4.04764e+00 -1.43198e+00
-2.67685e+00 -4.07553e+00 -1.42130e+00
-2.99734e+00  2.20068e+00 -2.70916e+00
-2.36228e+00  2.40099e+00 -2.60717e+00
-2.10100e+00  1.48647e+00 -3.29141e+00
-2.96049e+00  1.62592e+00 -3.45127e+00
-2.12279e+00  1.57236e+00 -3.45704e+00
-3.25345e+00  1.89024e+00 -2.90244e+00
-1.87241e+00  1.54631e+00 -2.97916e+00
-3.20102e+00  2.33124e+00 -3.17334e+00
-2.28295e+00  1.86376e+00 -2.35743e+00
-1.74836e+00  2.12506e+00 -3.61999e+00
-2.05318e+00  2.55011e+00 -3.93647e+00
-3.18049e+00  2.37086e+00 -3.16996e+00
-3.23130e+00  2.23590e+00 -3.14795e+00
-3.14538e+00  2.41480e+00 -3.22650e+00
-3.25418e+00  1.93658e+00 -3.14482e+00
-2.64499e+00  1.73631e+00 -3.70961e+00
-3.28086e+00  1.94148e+00 -2.99260e+00
-3.06686e+00  1.94790e+00 -2.62301e+00
-2.96402e+00  1.63279e+00 -3.46427e+00
-2.31184e+00  2.76775e+00 -3.79813e+00
-2.97324e+00  1.64424e+00 -3.46370e+00
-2.63231e+00  1.93077e+00 -3.80533e+00
-2.93367e+00  2.61095e+00 -3.43735e+00
-2.46562e+00  2.80106e+00 -3.44257e+00
-2.33641e+00  2.63199e+00 -4.06984e+00
-2.37730e+00  2.68009e+00 -4.02303e+00
-3.28731e+00  2.02845e+00 -3.07543e+00
-3.27917e+00  1.95917e+00 -3.09824e+00
 1.07942e+00  6.62475e+00  2.10690e+00
 1.22337e+00  6.12288e+00  2.05954e+00
 2.52781e+00  5.63155e+00  2.52509e+00
 1.99451e+00  5.94821e+00  3.00782e+00
 1.00697e+00  6.29430e+00  2.50492e+00
 9.92216e-01  6.44843e+00  2.44387e+00
 2.08105e+00  5.91367e+00  3.02735e+00
 1.14937e+00  6.69909e+00  2.01653e+00
 1.67017e+00  6.56186e+00  1.48990e+00
 1.54578e+00  5.92951e+00  1.75647e+00
 2.67963e+00  5.71195e+00  2.43765e+00
 2.72218e+00  5.73201e+00  2.38052e+00
 2.51114e+00  5.60863e+00  2.34942e+00
 1.54972e+00  2.20166e+00 -1.06159e+00
 9.13404e-01  2.59857e+00 -9.44852e-01
 1.30469e+00  2.42486e+00 -2.16160e+00
 4.02073e-01  1.44949e+00 -1.80402e+00
 1.92550e+00  2.02645e+00 -2.09368e+00
 5.89751e-01  2.34206e+00 -1.95121e+00
 5.23287e-01  1.66700e+00 -2.15941e+00
 1.50743e+00  2.30283e+00 -2.27092e+00
 9.01694e-01  2.55751e+00 -1.98181e+00
 6.61253e-01  2.45546e+00 -1.93637e+00
 1.22292e+00  2.40228e+00 -9.49242e-01
 1.74827e+00  1.51957e+00 -1.17562e+00
 1.66365e+00  1.51912e+00 -1.15081e+00
 5.16046e-01  1.72420e+00 -2.13747e+00
 1.76072e+00  1.49761e+00 -1.20099e+00
 4.37246e-01  2.07794e+00 -1.90144e+00
 2.65601e-01  1.57372e+00 -1.40017e+00
 2.58783e-01  1.64204e+00 -1.37937e+00
 7.70985e-01  2.62087e+00 -1.88209e+00
 8.41159e-01  2.69216e+00 -1.72122e+00
 1.56434e+00  1.44579e+00 -1.19350e+00
 1.61905e+00  1.42977e+00 -1.22563e+00
 1.59020e+00  2.13086e+00 -1.07926e+00
 1.58688e+00  2.18056e+00 -1.10229e+00
-3.13966e+00  5.28648e-02 -5.50757e+00
-2.84270e+00 -1.06395e+00 -6.53604e+00
-2.76274e+00 -3.30085e-01 -5.45346e+00
-2.96227e+00 -6.41649e-01 -5.04182e+00
-3.29887e+00 -1.30959e+00 -6.34526e+00
-2.84771e+00 -6.02999e-01 -5.15810e+00
-2.68289e+00 -7.26139e-01 -5.85583e+00
-4.31858e+00  4.77261e+00 -3.93042e-01
-3.51241e+00  5.01651e+00 -1.11592e+00
-3.56984e+00  5.37682e+00 -4.25867e-01
-3.14462e+00  4.69458e+00 -8.76143e-02
-3.28840e+00  5.26999e+00 -4.41329e-01
-4.04100e+00  4.99572e+00 -1.12255e-02
-3.63444e+00  4.48204e+00  2.15940e-01
-3.17470e+00  5.04828e+00 -3.23608e-01
-3.23789e+00  5.20089e+00 -5.45419e-01
-4.50974e+00  4.61935e+00 -8.29069e-01
 3.22043e+00 -6.08791e+00  5.52485e-01
 3.38995e+00 -5.13460e+00  1.76718e+00
 3.16224e+00 -6.06097e+00  1.93031e+00
 3.10178e+00 -5.37277e+00  2.07176e+00
 3.04661e+00 -6.19342e+00  1.75432e+00
 2.62231e+00 -5.45267e+00  1.78195e+00
 3.29648e+00 -6.01354e+00  4.68762e-01
 3.63565e+00 -5.57075e+00  1.83508e+00
 3.43991e+00 -5.86463e+00  4.45897e-01
 2.95868e+00 -4.97968e+00  6.26679e-01
 2.35728e+00 -5.87418e+00  9.65183e-01
 2.93596e+00 -6.35935e+00  9.72144e-01
 2.66586e+00 -6.22441e+00  1.60970e+00
 3.12509e+00 -5.65585e+00  3.19957e-01
 3.49827e+00 -5.19700e+00  5.74359e-01
 2.46526e+00 -5.71850e+00  7.30087e-01
 3.01743e+00 -4.88749e+00  7.63528e-01
 3.28392e+00 -4.86617e+00  9.82751e-01
 3.70753e+00 -5.57078e+00  6.54127e-01
 3.59738e+00 -5.69291e+00  5.49985e-01
 3.39819e+00 -5.80251e+00  2.10425e+00
 3.35891e+00 -5.77331e+00  2.11417e+00
 3.15715e+00 -6.06658e+00  1.92602e+00
 2.81478e+00 -6.20552e+00  1.69820e+00
 3.36916e+00 -4.98079e+00  6.60955e-01
 3.21901e+00 -4.83965e+00  8.49491e-01
 2.50776e+00 -5.62795e+00  1.67289e+00
 2.58798e+00 -6.09658e+00  1.59851e+00
 3.21095e+00 -5.99156e+00  4.45974e-01
 2.48478e+00 -6.11422e+00  8.65278e-01
 2.98916e+00 -5.83736e+00  3.54910e-01
 2.61094e+00 -5.90714e+00  5.80051e-01
 2.37828e+00 -5.83445e+00  1.25327e+00
 2.65008e+00 -6.34080e+00  1.06080e+00
 3.19138e+00 -5.13076e+00  4.31163e-01
 3.41947e+00 -5.05745e+00  5.55824e-01
-3.86446e-03  3.54917e+00  3.99768e+00
-3.10728e-01  4.05280e+00  4.13076e+00
-6.27923e-01  2.87274e+00  3.13274e+00
-2.14303e-01  3.36150e+00  4.11562e+00
-7.56000e-01  3.38492e+00  4.39385e+00
-6.41262e-01  2.87454e+00  3.14247e+00
-1.29914e+00  3.16982e+00  4.02900e+00
-1.03279e+00  3.97830e+00  2.63402e+00
-1.60482e+00  3.32382e+00  3.60373e+00
-1.52156e+00  4.14696e+00  2.91274e+00
-8.33475e-01  4.39972e+00  3.76204e+00
-5.31187e-01  4.01197e+00  4.24652e+00
-5.49111e-01  4.10918e+00  4.17664e+00
-3.65988e-01  4.08474e+00  4.15767e+00
-1.25994e+00  3.15077e+00  4.04885e+00
-1.24447e+00  3.16649e+00  4.07958e+00
-5.59785e-01  2.89200e+00  3.15013e+00
 5.01520e-02  3.48617e+00  3.16904e+00
-1.58231e-01  3.99144e+00  2.93302e+00
-6.54598e-02  4.13523e+00  3.32541e+00
 8.52634e-02  3.60092e+00  3.74862e+00
-3.77701e-01  4.38009e+00  3.93660e+00
 7.52008e-02  3.60559e+00  3.85223e+00
-1.65759e-01  4.32106e+00  3.76567e+00
-1.96730e-01  4.33806e+00  3.79931e+00
-3.71903e-01  4.40377e+00  3.91254e+00
 7.37027e-02  3.73007e+00  3.34113e+00
 5.43130e-02  3.57335e+00  3.14223e+00
-1.51949e+00  3.27985e+00  3.77157e+00
-1.70329e+00  3.83260e+00  3.30122e+00
-1.72914e+00  4.05425e+00  3.15526e+00
-1.42403e+00  4.28734e+00  3.29796e+00
 5.97195e+00  2.92040e+00  7.58684e-01
 5.47352e+00  3.27251e+00  1.55718e+00
 5.71950e+00  3.23847e+00  1.20489e+00
 5.64354e+00  3.32465e+00  1.33631e+00
 5.75951e+00  2.12704e+00  8.16899e-01
 5.65321e+00  3.32684e+00  1.33214e+00
-6.00427e+00 -1.20846e+00  1.61666e+00
-6.01381e+00 -1.22422e+00  1.59831e+00
-6.36773e+00 -6.33069e-01  1.92933e+00
-6.16583e+00 -9.27312e-01  1.05674e+00
-6.05701e+00 -6.76406e-01  1.23342e+00
-6.00863e+00 -1.21920e+00  1.60988e+00
-6.56365e+00 -1.12946e-01  1.92358e+00
-6.51039e+00  1.23163e-01  1.56711e+00
-6.31319e+00 -7.09632e-01  1.88825e+00
-6.37670e+00 -5.92951e-01  1.93048e+00
 4.48615e+00  1.79538e+00 -4.28535e+00
 5.68794e+00  1.82300e+00 -3.47809e+00
 4.82375e+00  1.70462e+00 -4.27860e+00
 5.62044e+00  1.45344e+00 -4.10598e+00
 4.65732e+00  1.53184e+00 -3.36087e+00
 5.99148e+00  1.90215e+00 -4.08743e+00
 4.33301e+00  2.61392e+00 -3.46796e+00
 5.25550e+00  1.38065e+00 -3.38962e+00
 4.22792e+00  2.43905e+00 -3.60205e+00
 5.98395e+00  1.89117e+00 -4.09184e+00
 5.64459e+00  1.94150e+00 -3.48919e+00
 5.99135e+00  1.90239e+00 -4.08736e+00
 5.28446e+00  1.37711e+00 -3.40703e+00
 5.28723e+00  1.38692e+00 -3.39290e+00
 4.30338e+00  1.71667e+00 -3.74764e+00
 4.56765e+00  2.61872e+00 -4.00636e+00
 4.31459e+00  2.65391e+00 -3.59821e+00
 4.31106e+00  2.55277e+00 -3.45872e+00
 4.12733e+00  2.01381e+00 -3.87150e+00
 4.24437e+00  2.06787e+00 -4.22210e+00
 4.34453e+00  2.66160e+00 -3.69713e+00
 4.37743e+00  2.49678e+00 -4.06696e+00
-4.55151e+00 -1.84640e+00 -5.94619e-01
-4.89177e+00 -1.28724e+00 -6.58024e-01
-3.53662e+00 -1.51564e+00 -4.07213e-01
-4.25428e+00 -1.76800e+00  3.20872e-01
-3.42339e+00 -1.27683e+00 -5.17283e-01
-4.53699e+00 -1.61660e+00 -7.87323e-01
-5.11533e+00 -6.60890e-01 -3.06716e-01
-4.10960e+00 -2.66552e-01 -1.25907e-01
-4.71484e+00 -7.06854e-01  6.96780e-01
-5.06378e+00 -8.88164e-01 -5.13441e-01
-4.19835e+00 -2.58478e-01 -3.38589e-01
-4.81344e+00 -5.11190e-01 -3.96213e-01
-3.44477e+00 -1.35058e+00 -4.67352e-01
-4.02964e+00 -1.66922e+00 -8.29101e-01
-3.53603e+00 -1.22631e+00 -7.00719e-01
-4.25723e+00 -1.62847e+00  5.24687e-01
-4.22265e+00 -1.73261e+00 -8.41743e-01
-4.66376e+00 -1.69431e+00 -6.64680e-01
-4.11305e+00 -1.72312e+00  4.00280e-01
-3.55476e+00 -1.52426e+00 -2.84256e-01
 1.33100e+00 -1.43996e+00  1.17264e+00
 2.46198e+00 -1.62535e+00  1.50317e+00
 1.84458e+00 -1.40209e+00  1.52579e+00
 1.16468e+00 -1.53383e+00  1.98050e+00
 1.33251e+00 -2.41237e+00  1.44071e+00
 2.18226e+00 -2.29995e+00  1.17572e+00
 2.30433e+00 -1.70333e+00  1.28438e+00
 1.06307e+00 -1.53551e+00  1.84491e+00
 1.22656e+00 -1.64417e+00  7.73900e-01
 1.13920e+00 -1.61827e+00  7.67631e-01
 1.02446e+00 -1.50996e+00  8.82996e-01
 7.05136e-01 -1.66095e+00  8.89798e-01
 2.16261e+00 -2.08858e+00  2.16463e+00
 6.58117e-01 -1.60869e+00  9.42545e-01
 6.56629e-01 -1.62224e+00  1.29683e+00
 1.17331e+00 -2.24928e+00  1.94085e+00
 2.54966e+00 -2.10937e+00  2.01479e+00
 2.65909e+00 -1.98925e+00  1.82901e+00
 2.08517e+00 -2.40405e+00  1.28764e+00
 2.18412e+00 -2.30384e+00  1.17884e+00
 1.49552e+00 -2.02102e+00  2.38674e+00
 1.47882e+00 -2.07610e+00  2.36054e+00
 3.70418e+00 -1.29108e+00  5.53635e+00
 3.79692e+00 -2.00206e+00  4.69037e+00
 2.69473e+00 -2.06588e+00  4.79478e+00
 2.87856e+00 -2.29197e+00  4.93741e+00
 2.65249e+00 -1.85080e+00  5.65682e+00
 2.85315e+00 -2.25979e+00  4.90065e+00
 2.52070e+00 -1.90050e+00  5.54674e+00
 3.06918e+00 -1.89882e+00  4.52507e+00
 3.65004e+00 -1.14086e+00  5.60481e+00
 2.91188e+00 -7.84737e-01  5.24738e+00
 2.97251e+00 -8.47230e-01  4.86106e+00
 2.95642e+00 -8.35345e-01  4.90479e+00
 2.72478e+00 -1.91541e+00  4.65918e+00
 2.84077e+00 -9.00082e-01  4.89922e+00
 2.86199e+00 -8.16972e-01  5.05200e+00
 2.85362e+00 -7.95891e-01  5.19173e+00
 2.59575e+00 -1.39595e+00  4.85790e+00
 3.67863e+00 -2.27691e+00  5.11114e+00
 3.89214e+00 -1.92540e+00  4.81609e+00
 3.76443e+00 -2.22419e+00  4.97568e+00
 3.59138e+00 -1.71684e+00  4.36603e+00
 3.65472e+00 -1.42897e+00  4.42181e+00
 3.56542e+00 -1.18292e+00  4.52730e+00
 3.87997e+00 -2.00499e+00  4.80821e+00
 3.68843e+00 -2.22813e+00  5.14921e+00
 3.68742e+00 -2.32403e+00  5.03147e+00
 3.70203e+00 -2.30889e+00  5.01612e+00
 3.35262e+00 -9.66986e-01  5.84080e+00
 2.45000e+00 -1.80914e+00  5.41139e+00
 2.47225e+00 -1.53287e+00  5.25675e+00
-5.40862e-01 -1.10572e+00 -4.53566e-01
-5.39429e-01 -1.12740e+00 -9.35589e-01
 5.27242e-01 -1.76199e+00  5.63304e-01
 1.00276e-01 -1.18524e+00  6.24717e-01
 4.61439e-01 -1.19620e+00  2.40439e-01
-5.39922e-01 -1.12479e+00 -9.12782e-01
-4.68695e-01 -1.06752e+00 -2.63761e-01
 4.58482e-01 -1.75723e+00  6.34599e-01
 1.95391e-01 -1.11779e+00  4.74503e-01
 2.88123e-01 -1.63267e+00  7.32667e-01
 9.23021e-01 -1.46186e+00 -1.34444e+00
-2.22888e-01 -1.06929e+00  3.73293e-01
-2.41856e-01 -1.04760e+00  3.25678e-01
-2.44135e-01 -2.18463e+00  2.38364e-01
-2.41137e-01 -2.19169e+00  2.45628e-01
-9.70050e-02 -2.27678e+00  2.71503e-01
 4.88944e-01 -2.38360e+00  7.31771e-02
 1.98235e-01 -1.83340e+00  6.39317e-01
 4.27219e-01 -1.83950e+00  5.95346e-01
-1.01503e-01 -2.18336e+00  3.60138e-01
-2.06125e-01 -2.22706e+00  2.70576e-01
-3.80927e+00  4.76104e+00  3.45452e+00
-3.82749e+00  4.69915e+00  3.56814e+00
-3.78063e+00  4.79292e+00  3.49148e+00
 8.63366e-01 -1.74163e+00  6.31245e+00
 3.09025e-01 -3.23637e+00  5.56028e+00
 1.43794e+00 -1.83218e+00  6.04192e+00
 8.95030e-01 -1.74587e+00  6.11354e+00
 1.47764e+00 -3.23107e+00  6.16382e+00
 8.45583e-02 -2.65757e+00  5.26569e+00
 1.37174e-01 -2.96150e+00  5.47607e+00
 1.31186e+00 -2.34254e+00  6.80733e+00
 8.34755e-01 -2.92100e+00  4.95024e+00
 1.35699e+00 -2.40997e+00  6.79272e+00
 1.18591e+00 -2.34081e+00  6.82995e+00
 1.59868e+00 -3.02844e+00  5.65717e+00
 7.88294e-01 -1.78147e+00  6.49363e+00
 1.05171e+00 -2.84234e+00  6.80508e+00
 1.92931e+00 -2.90829e+00  5.94619e+00
 8.05834e-01 -1.76726e+00  6.47984e+00
 2.92436e-01 -2.76715e+00  6.29033e+00
 2.61590e-01 -2.32746e+00  6.21335e+00
 1.12601e+00 -3.31419e+00  6.43905e+00
 1.67437e-01 -2.59123e+00  5.19587e+00
 3.02206e-01 -3.23714e+00  5.57083e+00
 8.72848e-01 -3.21937e+00  6.73450e+00
 6.20122e-01 -3.25647e+00  6.57114e+00
 5.41260e-01 -3.38683e+00  6.10698e+00
 1.12235e+00 -3.35051e+00  6.31221e+00
 1.39121e+00 -3.26771e+00  6.22128e+00
 4.23495e-01 -3.10200e+00  5.24240e+00
 3.24046e-01 -3.25328e+00  5.61586e+00
 3.04374e-01 -3.23669e+00  5.56660e+00
 8.23956e-01 -2.86144e+00  4.93435e+00
 2.64549e-01 -2.97675e+00  5.28379e+00
 9.69429e-02 -2.78449e+00  5.30539e+00
-2.48712e+00 -1.28534e+00 -4.62984e+00
-2.52858e+00 -1.03748e+00 -4.63143e+00
-2.31906e+00 -1.33814e+00 -3.29866e+00
-1.56240e+00 -7.11630e-01 -4.69835e+00
-1.04064e+00 -1.53519e+00 -3.17311e+00
-1.75608e+00 -1.41191e+00 -3.05451e+00
-1.28905e+00 -6.06544e-01 -3.72519e+00
-1.64180e+00 -8.52046e-01 -3.23217e+00
-2.50459e+00 -1.48157e+00 -3.49054e+00
-2.05419e+00 -1.90807e+00 -3.88846e+00
-9.05519e-01 -1.59260e+00 -4.00521e+00
-2.31675e+00 -1.94883e+00 -3.89497e+00
-1.14384e+00 -1.69030e+00 -3.25373e+00
-2.08834e+00 -1.22402e+00 -3.12628e+00
-9.88018e-01 -1.39925e+00 -4.22558e+00
-1.10725e+00 -1.20771e+00 -3.09942e+00
-8.27566e-01 -1.57659e+00 -3.89143e+00
-1.55584e+00 -9.56801e-01 -4.80156e+00
-1.43819e+00 -6.53277e-01 -4.55426e+00
-1.39316e+00 -5.06200e-01 -3.97808e+00
-2.39736e+00 -1.18428e+00 -4.71988e+00
-2.09601e+00 -7.25782e-01 -4.59252e+00
-7.71922e-01 -1.57369e+00 -3.61774e+00
-2.15204e+00 -1.26030e+00 -3.15998e+00
-2.56118e+00 -1.07317e+00 -4.59888e+00
-2.52954e+00 -1.36901e+00 -3.66902e+00
-2.33669e+00 -1.93182e+00 -3.70221e+00
-1.26533e+00 -1.72268e+00 -3.26372e+00
-2.06795e+00 -1.25793e+00 -3.11462e+00
-1.21368e+00 -1.35023e+00 -3.05673e+00
-1.69271e+00 -1.78876e+00 -3.27185e+00
-8.02132e-01 -1.37978e+00 -3.28725e+00
-1.40838e+00 -4.90850e-01 -3.79871e+00
-1.41796e+00 -4.90982e-01 -3.79322e+00
-1.42270e+00 -5.25321e-01 -4.16647e+00
-1.63990e+00 -5.37509e-01 -4.14308e+00
 3.01134e+00  1.47245e-01  6.87318e+00
 1.94194e+00 -1.81658e-01  6.63314e+00
 2.28052e+00  5.43671e-01  6.95742e+00
 1.85315e+00  1.74780e-02  6.70372e+00
 2.00408e+00 -5.24137e-01  6.70854e+00
 1.67293e+00 -6.39366e-01  7.49879e+00
 2.95505e+00  3.49009e-01  6.94811e+00
-2.25910e+00 -1.50798e-01 -5.90247e+00
-1.48848e+00  7.43337e-01 -5.52615e+00
-2.26004e+00  9.50669e-01 -6.12589e+00
-1.48051e+00  5.69060e-01 -6.01656e+00
-1.93212e+00  5.33048e-02 -5.23975e+00
-2.09045e+00  1.94414e-02 -5.19566e+00
-1.93249e+00  8.98961e-01 -5.28907e+00
-2.61798e+00 -1.73853e-01 -5.50083e+00
-2.84544e+00  9.06846e-01 -5.30700e+00
-2.12720e+00  9.78883e-03 -6.20136e+00
-3.18364e+00  5.39357e-01 -5.61317e+00
-2.17745e+00 -3.32386e-03 -5.19479e+00
-1.42498e+00  5.89742e-01 -5.80286e+00
-1.53624e+00  4.15094e-01 -5.26717e+00
-1.54491e+00  7.77306e-01 -5.26849e+00
-1.54461e+00  5.01992e-01 -5.23832e+00
-2.83838e+00  1.13131e+00 -6.17096e+00
-3.03809e+00  1.21089e+00 -5.91063e+00
-3.17239e+00  7.33451e-01 -5.54823e+00
-3.11416e+00  1.19745e+00 -5.83176e+00
-2.82285e+00  1.01494e+00 -5.31842e+00
-3.13289e+00  1.14253e+00 -5.63250e+00
-1.43183e+00  5.93063e-01 -5.87174e+00
-1.46825e+00  7.01611e-01 -5.61512e+00
 2.60464e+00 -4.46834e+00  6.62842e-01
 3.61427e+00 -3.93917e+00  9.88911e-01
 2.61374e+00 -4.62421e+00  5.46751e-01
 2.84833e+00 -4.55933e+00  8.48504e-01
 2.87681e+00 -4.52408e+00 -4.35960e-01
 2.53117e+00 -4.10691e+00  4.43531e-01
 4.03969e+00 -4.13320e+00  5.57619e-01
 3.24474e+00 -4.44933e+00  1.02434e+00
 4.20838e+00 -4.25286e+00  1.25208e-01
 4.10468e+00 -4.21562e+00  4.65352e-01
 4.15265e+00 -4.20162e+00  3.39665e-01
 4.00559e+00 -4.62640e+00  3.37929e-01
 4.17780e+00 -4.44608e+00  1.85335e-02
 3.47067e+00 -5.03155e+00  5.55815e-01
 4.05857e+00 -4.49233e+00 -1.61051e-01
 3.19626e+00 -4.99758e+00  4.37246e-02
 3.49808e+00 -5.01347e+00  5.43311e-01
 2.62186e+00 -3.75939e+00  3.26119e-01
 2.55199e+00 -3.80588e+00 -8.23598e-02
 2.48083e+00 -4.23553e+00 -1.91700e-01
 2.54687e+00 -3.78367e+00  4.44093e-02
 2.45778e+00 -3.96966e+00 -6.39772e-02
 2.45558e+00 -3.98290e+00 -1.01578e-01
 3.50099e+00 -4.88367e+00 -6.63603e-01
 3.02469e+00 -5.16798e+00 -1.41028e+00
 3.06500e+00 -5.17202e+00 -1.36612e+00
 3.54163e+00 -5.33601e+00 -7.36896e-01
 2.84690e+00 -5.94307e+00  1.08559e-01
 2.69856e+00 -6.34560e+00 -6.52739e-01
 2.82398e+00 -5.98727e+00  4.39131e-02
 2.30616e+00 -5.05750e+00 -7.37270e-01
 2.79750e+00 -4.53010e+00 -5.05277e-01
 3.48136e+00 -5.56353e+00 -5.87779e-01
 2.80986e+00 -5.96146e+00  8.24660e-02
 3.12580e+00 -5.62951e+00  2.34534e-01
 2.99427e+00 -4.69774e+00 -1.82900e+00
 4.66889e+00 -4.24536e+00 -1.41030e+00
 4.38344e+00 -3.91529e+00 -1.40787e+00
 2.99824e+00 -4.72347e+00 -1.83542e+00
 4.02750e+00 -4.80323e+00 -1.96507e+00
 4.48604e+00 -4.44736e+00 -1.93165e+00
 4.47826e+00 -4.62901e+00 -1.41036e+00
 4.66890e+00 -4.24526e+00 -1.41036e+00
 4.47815e+00 -4.52760e+00 -1.11388e+00
 4.63046e+00 -4.41578e+00 -1.68186e+00
 4.66893e+00 -4.24534e+00 -1.41043e+00
-9.39241e-01  2.81719e+00 -3.23867e+00
-1.00807e+00  3.48707e+00 -2.97491e+00
-1.13274e-01  2.73076e+00 -2.26550e+00
-2.51251e-01  2.95393e+00 -3.39106e+00
-5.83849e-01  3.61498e+00 -1.52088e+00
-9.04953e-01  3.86354e+00 -2.22481e+00
-5.49025e-02  2.97470e+00 -3.21324e+00
-8.17104e-01  2.45251e+00 -2.08975e+00
-2.64065e-02  2.86252e+00 -3.11650e+00
-5.04553e-01  3.42086e+00 -1.53723e+00
-6.55411e-01  2.63846e+00 -1.92906e+00
-1.21964e+00  3.43965e+00 -1.91371e+00
-5.66296e-01  3.80489e+00 -2.08782e+00
-6.06333e-01  3.79006e+00 -1.80663e+00
-1.12731e+00  3.84224e+00 -2.42220e+00
-2.11231e-01  2.63184e+00 -2.25747e+00
-6.34054e-01  2.53741e+00 -2.00947e+00
-9.05101e-01  2.40526e+00 -2.15577e+00
-5.93929e-01  3.60276e+00 -1.51295e+00
-5.78383e-01  3.59558e+00 -1.50746e+00
-7.14321e-01 -4.62265e+00  9.69066e-01
-1.64767e+00 -3.61320e+00  2.66064e-01
-1.04016e+00 -3.88984e+00 -6.26425e-01
-2.24874e-01 -4.57038e+00  4.90362e-01
-1.42825e+00 -5.03796e+00 -2.70762e-01
-7.17630e-01 -4.63753e+00  9.67296e-01
-6.03480e-01 -3.87221e+00  5.06425e-01
-9.12411e-01 -3.88610e+00  7.99413e-01
-1.31519e+00 -3.45273e+00  4.96125e-01
-1.80290e+00 -3.93528e+00  1.68331e-01
-7.04204e-01 -4.69622e+00  9.35626e-01
-5.49349e-01 -4.62153e+00  8.15626e-01
-6.71893e-01 -5.28785e+00  4.85120e-01
 3.40831e+00  3.17400e+00 -2.56389e+00
 2.98600e+00  4.40004e+00 -2.15439e+00
 2.56851e+00  4.23918e+00 -3.39803e+00
 3.80168e+00  4.33870e+00 -2.05970e+00
 3.83208e+00  4.38062e+00 -2.13355e+00
 2.58820e+00  3.67267e+00 -3.62775e+00
 2.40160e+00  3.74808e+00 -3.15878e+00
 3.72897e+00  4.19083e+00 -1.99475e+00
 3.78891e+00  4.43648e+00 -2.10752e+00
 3.06740e+00  4.63264e+00 -2.25920e+00
 3.71823e+00  3.51103e+00 -3.52890e+00
 3.70411e+00  3.46830e+00 -3.54917e+00
 2.70244e+00  3.97007e+00 -2.44567e+00
 3.47601e+00  4.68456e+00 -2.25133e+00
 3.83421e+00  3.90968e+00 -3.25057e+00
 2.47597e+00  3.64790e+00 -2.71492e+00
 2.57973e+00  3.65640e+00 -3.61282e+00
 2.65916e+00  3.26178e+00 -2.78052e+00
 2.42035e+00  3.66917e+00 -3.22893e+00
 3.81551e+00  4.41936e+00 -2.13539e+00
 3.65432e+00  4.59057e+00 -2.64699e+00
 2.56617e+00  3.35096e+00 -2.77203e+00
 2.50674e+00  3.55698e+00 -2.69928e+00
 2.80807e+00  3.51675e+00 -3.62423e+00
 2.71842e+00  3.50384e+00 -3.57395e+00
 7.67273e-01 -3.04821e+00  9.19573e-03
 1.10481e+00 -3.21886e+00  5.46802e-01
 5.52755e-01 -3.63603e+00  8.33955e-01
-4.10612e-02 -2.21375e+00  1.01467e+00
 3.61987e-01 -3.50540e+00  1.22565e+00
 1.15933e+00 -3.20437e+00  6.98141e-01
 9.03521e-01 -3.56026e+00  5.27663e-01
 6.30409e-01 -3.01721e+00  1.55487e+00
 1.16783e+00 -2.78316e+00  1.24012e+00
 9.20102e-01 -3.46769e+00  4.08425e-01
 8.01044e-02 -3.15483e+00  1.00073e+00
 2.07039e-01 -3.40631e+00  1.08891e+00
 2.95651e-01 -3.46869e+00  7.96083e-01
 7.76247e-01 -3.00833e+00  3.26258e-03
-6.35153e-02 -2.10139e+00  9.23788e-01
 5.23747e-01 -2.50427e+00  9.03675e-03
 6.29181e+00 -9.03174e-01  1.29740e+00
 6.59099e+00 -1.14425e+00  1.81279e+00
 6.49347e+00 -1.15616e+00  2.45094e+00
 5.57580e+00 -1.42168e+00  2.80017e+00
 6.17568e+00 -8.04384e-01  2.34728e+00
 6.39264e+00 -1.05006e+00  2.44889e+00
 6.06008e+00 -9.19049e-01  2.50802e+00
 6.43523e+00 -9.39115e-01  1.57915e+00
 6.24243e+00 -7.67614e-01  1.75054e+00
 5.58283e+00 -1.41422e+00  2.79864e+00
 6.49241e+00 -1.16710e+00  2.45455e+00
 6.60470e+00 -2.06024e+00  1.44222e+00
 5.85418e+00 -1.23051e+00  9.58887e-01
 5.40113e+00 -1.65688e+00  1.98266e+00
 5.61097e+00 -1.48239e+00  1.11481e+00
 6.20243e+00 -8.35439e-01  1.32429e+00
 6.58663e+00 -2.04224e+00  1.41259e+00
 5.70053e+00 -1.48759e+00  9.96169e-01
 5.79514e+00 -1.29260e+00  9.80535e-01
 6.20985e+00 -1.44411e+00  8.91812e-01
 5.97061e+00 -1.44178e+00  8.49606e-01
 5.85574e+00 -1.53063e+00  8.98100e-01
 5.95392e+00 -1.38895e+00  8.69771e-01
 6.01213e+00 -1.43462e+00  8.51151e-01
 2.91033e+00  6.20253e+00  6.05654e-01
 3.04662e+00  6.28979e+00  4.99776e-01
 3.07701e+00  6.42452e+00  3.45130e-01
 2.76604e+00  6.26113e+00  5.46121e-01
 2.81018e+00  6.38791e+00  3.99838e-01
 4.82156e+00  3.50799e+00 -3.70178e+00
 5.22510e+00  3.41474e+00 -3.82659e+00
 3.87867e+00  3.38686e+00 -3.55863e+00
 4.33167e+00  2.48886e+00 -4.24969e+00
 5.14125e+00  3.52980e+00 -3.79456e+00
 4.14993e+00  3.32935e+00 -3.51532e+00
 3.81521e+00  3.38628e+00 -3.56807e+00
 4.32308e+00  2.71828e+00 -3.60524e+00
 4.09692e+00  3.12180e+00 -3.51293e+00
 4.30489e+00  2.74218e+00 -3.59836e+00
 3.35440e+00  1.79674e+00  2.17203e+00
 2.84347e+00  1.65197e+00  1.77011e+00
 3.35047e+00  2.07709e+00  2.69247e+00
 3.59761e+00  2.49830e+00  2.92814e+00
 3.42072e+00  1.79753e+00  2.03028e+00
 3.14224e+00  1.70451e+00  1.65933e+00
 3.61192e+00  2.30263e+00  1.85818e+00
 2.05492e+00  2.13061e+00  2.45567e+00
 2.41415e+00  2.19413e+00  2.66709e+00
 2.02543e+00  2.09280e+00  1.68698e+00
 2.05078e+00  1.81364e+00  1.86503e+00
 3.75362e+00  2.49592e+00  2.58698e+00
 3.79219e+00  2.30471e+00  2.15454e+00
 2.55139e+00  2.80444e+00  2.88210e+00
 2.65614e+00  2.43944e+00  2.85591e+00
 3.52862e+00  2.42408e+00  2.94152e+00
 2.97239e+00  2.80946e+00  2.95809e+00
 3.18098e+00  1.94603e+00  1.48985e+00
 3.08748e+00  2.09200e+00  1.41717e+00
 3.59941e+00  2.66954e+00  2.78730e+00
 3.63004e+00  2.51921e+00  2.89629e+00
 3.37510e+00  2.53814e+00  2.99678e+00
 3.37552e+00  2.53200e+00  2.99610e+00
 1.47608e+00  2.38441e+00 -2.29864e+00
 1.23577e+00  3.70719e+00 -2.02746e+00
 1.60335e+00  2.56487e+00 -2.30745e+00
 5.81731e-01  3.07368e+00 -2.43312e+00
 9.02670e-01  3.91821e+00 -1.73292e+00
 6.18265e-01  3.36436e+00 -1.65749e+00
 5.23049e-01  2.94358e+00 -2.08299e+00
 1.28762e+00  3.78049e+00 -1.80658e+00
 1.23278e+00  3.84357e+00 -1.80072e+00
 1.32614e+00  2.55777e+00 -2.70239e+00
 1.41804e+00  3.50254e+00 -1.76449e+00
 1.19903e+00  3.81015e+00 -1.92014e+00
 9.82599e-01  3.46052e+00 -1.48024e+00
 7.98886e-01  3.19168e+00 -1.47122e+00
 9.85863e-01  3.92090e+00 -1.68384e+00
 7.58130e-01  3.82498e+00 -1.77865e+00
-1.58751e+00 -1.25234e+00  6.57557e+00
-1.83112e+00 -1.43603e+00  5.88441e+00
-1.64877e+00 -1.48393e+00  5.98015e+00
-1.30107e+00  1.27609e-01  6.29191e+00
-1.14445e+00 -7.31763e-01  5.35063e+00
-1.25651e+00 -6.21103e-01  6.82162e+00
-1.48246e+00 -1.04342e+00  6.69474e+00
 2.38228e+00  6.29462e+00  4.33066e-01
-7.26105e-01 -2.25701e+00 -1.02987e+00
 4.97470e-01 -1.22550e+00 -1.60239e+00
-5.51985e-01 -2.24958e+00 -1.34662e+00
 6.65146e-01 -2.49058e+00 -1.09945e-01
 8.77577e-01 -2.20775e+00 -9.43998e-01
-5.40701e-01 -1.12546e+00 -9.39706e-01
-2.46003e-01 -2.24155e+00  2.53857e-01
-5.60686e-01 -1.11689e+00 -9.96461e-01
-4.86213e-01 -1.08291e+00 -1.10406e+00
-6.87603e-01 -1.62334e+00 -1.15481e+00
-4.39087e-01 -1.07080e+00 -1.17930e+00
-6.02903e-01 -2.28506e+00 -1.25110e+00
-6.08178e-01 -1.62549e+00 -1.29881e+00
-4.91863e-01 -1.97819e+00 -1.47934e+00
 3.85358e-01 -1.18700e+00 -1.60592e+00
 3.18615e-01 -1.29905e+00 -1.61485e+00
-2.42956e-01 -2.19612e+00  2.45669e-01
-3.99900e+00 -2.43267e+00  4.16894e+00
-3.34635e+00 -2.64155e+00  4.04927e+00
-3.86316e+00 -2.41855e+00  3.93146e+00
-3.45120e+00 -1.78249e+00  4.65350e+00
-3.40842e+00 -2.15430e+00  5.15111e+00
-3.30393e+00 -2.18194e+00  5.09324e+00
-3.97096e+00 -2.37724e+00  4.06177e+00
-3.80150e+00 -2.49055e+00  3.91048e+00
-3.23150e+00 -2.69684e+00  4.80128e+00
 5.91148e+00 -4.26058e-01  2.49420e+00
 6.13736e+00 -7.13514e-01  1.34186e+00
 6.09902e+00 -4.85715e-01  2.31800e+00
 4.64080e+00 -6.36985e-01  2.40509e+00
 5.57558e+00 -1.41710e+00  2.80379e+00
 4.90269e+00 -1.16592e+00  2.59580e+00
 5.53862e+00 -1.33987e+00  2.84441e+00
 5.19469e+00 -1.18488e-01  1.61611e+00
 6.11811e+00 -4.39252e-01  2.07616e+00
 5.48651e+00 -1.68529e-01  2.37207e+00
 6.01817e+00 -6.15580e-01  1.31904e+00
 5.71503e+00 -7.04078e-01  1.11298e+00
 5.89066e+00 -8.25196e-01  2.65345e+00
 5.49616e+00 -1.50757e+00  1.20879e+00
 4.79890e+00 -4.16411e-01  1.91681e+00
 5.09252e+00 -1.13133e+00  2.74100e+00
 4.77811e+00 -5.91473e-01  2.51045e+00
 5.46528e+00 -2.64428e-02  1.81521e+00
 5.82741e+00 -1.18153e+00  9.65592e-01
 5.37839e+00 -1.64805e+00  1.92640e+00
 4.80989e+00 -1.21809e+00  1.81910e+00
 5.95161e+00 -2.62794e-01  1.70625e+00
 6.03879e+00 -4.98063e-01  1.46260e+00
 4.65734e+00 -1.07480e+00  1.96348e+00
 4.66708e+00 -8.09504e-01  1.98454e+00
 4.58259e+00 -9.52819e-01  2.35549e+00
 4.58743e+00 -8.40183e-01  2.36105e+00
-1.74791e+00 -4.15118e+00 -3.00962e+00
-3.08825e+00 -3.75921e+00 -2.72551e+00
-2.40946e+00 -3.26763e+00 -2.04353e+00
-1.82693e+00 -3.76827e+00 -2.93912e+00
-1.82453e+00 -4.42919e+00 -2.57630e+00
-2.96986e+00 -3.52289e+00 -2.71498e+00
-2.11781e+00 -3.34481e+00 -2.12531e+00
-1.91386e+00 -4.31853e+00 -3.12197e+00
-1.99669e+00 -4.52068e+00 -2.89134e+00
-3.09109e+00 -3.75199e+00 -2.72511e+00
-3.09135e+00 -3.75027e+00 -2.72397e+00
-3.08597e+00 -3.75306e+00 -2.71337e+00
-2.80228e+00 -3.44070e+00 -2.51884e+00
-2.95216e+00 -3.52087e+00 -2.73007e+00
 3.72150e-01 -5.80695e+00  5.66681e-01
 1.23944e+00 -6.30513e+00  1.02799e+00
 1.94563e+00 -5.75693e+00  1.07680e+00
 4.37630e-01 -5.53607e+00  1.39033e+00
 1.54922e+00 -5.95128e+00  1.39841e+00
 1.93607e+00 -5.74586e+00  1.13306e+00
 1.25634e+00 -4.82153e+00  1.41835e+00
 1.43170e+00 -4.75146e+00  1.10543e+00
 9.25155e-01 -5.18941e+00  1.85181e+00
 1.68764e+00 -5.19195e+00  6.50887e-01
 1.27920e+00 -5.34844e+00  1.91898e+00
 3.64401e-01 -5.64426e+00  1.63764e+00
 1.16652e+00 -6.25027e+00  1.36607e+00
 1.66088e+00 -5.28659e+00  1.72663e+00
 1.62353e+00 -5.20996e+00  1.70270e+00
 1.41815e+00 -5.33177e+00  1.86937e+00
 1.55019e+00 -5.33705e+00  1.80812e+00
 1.40575e+00 -4.72578e+00  1.29026e+00
 1.71838e+00 -5.25262e+00  6.53157e-01
 7.50933e-01 -6.52443e+00  8.98394e-01
 1.14443e+00 -5.20458e+00  3.17687e-01
 1.20835e+00 -5.13433e+00  3.75469e-01
 7.51071e-01 -5.54586e+00  3.12028e-01
 7.21669e-01 -6.50460e+00  8.70873e-01
 1.17415e+00 -3.02453e+00  4.19238e+00
 2.39038e+00 -2.88502e+00  3.69089e+00
 2.38291e+00 -4.07272e+00  3.27247e+00
 2.65677e+00 -3.95695e+00  3.40097e+00
 2.15120e+00 -2.87738e+00  4.07094e+00
 2.67412e+00 -3.93768e+00  3.23946e+00
 1.28165e+00 -2.88696e+00  4.10002e+00
 1.37274e+00 -2.89110e+00  3.91064e+00
 2.54299e+00 -4.02913e+00  3.25746e+00
 2.30422e+00 -4.08382e+00  3.31847e+00
 1.67086e+00 -3.97223e+00  3.42773e+00
 1.48791e+00 -3.82172e+00  3.30571e+00
 2.86031e+00 -3.02796e+00  3.21537e+00
 2.89937e+00 -3.05601e+00  3.13433e+00
 1.51980e+00 -3.42501e+00  4.44394e+00
 2.01504e+00 -3.46164e+00  4.45478e+00
 2.93076e+00 -3.18807e+00  3.14579e+00
 2.66772e+00 -3.83193e+00  3.85665e+00
 2.72931e+00 -3.62454e+00  3.97003e+00
 2.69806e+00 -3.61645e+00  4.04490e+00
 1.59665e+00 -3.13677e+00  3.22840e+00
 1.32486e+00 -3.66058e+00  3.29995e+00
 2.66561e+00 -3.77583e+00  3.96300e+00
 2.67465e+00 -3.79783e+00  3.92264e+00
 1.19617e+00 -3.25837e+00  4.34399e+00
 1.39999e+00 -3.45609e+00  4.36535e+00
 1.11359e+00 -3.23394e+00  4.12303e+00
 1.17961e+00 -3.24416e+00  4.33518e+00
-3.75664e+00 -2.55449e+00  3.59640e+00
-3.25415e+00 -1.23592e+00  4.17716e+00
-3.84333e+00 -2.44624e+00  3.80743e+00
-3.07277e+00 -1.59393e+00  3.50400e+00
-3.07394e+00 -1.67001e+00  3.54472e+00
-3.08180e+00 -1.60951e+00  3.47407e+00
-3.25940e+00 -1.23320e+00  4.14984e+00
-3.05600e+00 -1.60397e+00  3.58303e+00
-3.33478e+00 -1.21307e+00  4.30128e+00
 3.87319e+00  2.10121e+00 -3.61640e+00
 2.65057e+00  2.40292e+00 -3.66221e+00
 3.73935e+00  2.82140e+00 -2.42287e+00
 2.63593e+00  3.05895e+00 -2.60014e+00
 3.45920e+00  3.07935e+00 -2.46845e+00
 2.66947e+00  2.69050e+00 -3.66078e+00
 3.66931e+00  2.17149e+00 -2.55291e+00
 4.29226e+00  2.60465e+00 -3.17664e+00
 2.84862e+00  3.48732e+00 -3.65198e+00
 4.17275e+00  2.76439e+00 -2.97614e+00
 2.61111e+00  2.42671e+00 -2.91006e+00
 3.55590e+00  2.20235e+00 -2.40283e+00
 2.65250e+00  3.00497e+00 -2.54798e+00
 2.70880e+00  2.41009e+00 -2.50444e+00
 4.33311e+00  2.59650e+00 -3.36572e+00
 4.32023e+00  2.71156e+00 -3.59786e+00
 4.33690e+00  2.62125e+00 -3.44938e+00
-4.07570e+00  1.02406e+00  1.65149e+00
-5.37883e+00  1.58918e+00  1.70056e+00
-4.28491e+00  7.85537e-01  1.65733e+00
-3.87169e+00  1.48191e+00  1.66951e+00
-5.39501e+00  1.74857e+00  1.70211e+00
-4.74523e+00  1.48272e+00  2.79279e+00
-5.64015e+00  1.46397e+00  2.88169e+00
-5.68748e+00  1.48966e+00  2.66889e+00
-4.54465e+00  4.69112e-01  2.16099e+00
-5.06984e+00  1.63111e+00  2.84161e+00
-4.19810e+00  2.08319e+00  1.70631e+00
-4.00023e+00  1.54042e+00  2.34920e+00
-3.83195e+00  1.28281e+00  2.11426e+00
-3.76262e+00  1.37368e+00  1.82282e+00
-4.12442e+00  2.05204e+00  1.98925e+00
-3.78160e+00  1.35469e+00  1.75851e+00
-4.02770e+00  1.95964e+00  2.01481e+00
-4.55171e+00  4.65719e-01  2.04733e+00
-3.89912e+00  1.49690e+00  1.64825e+00
-4.23396e+00  2.08096e+00  1.66357e+00
-3.96918e+00  1.87324e+00  1.82554e+00
-3.94181e+00  1.85273e+00  1.87064e+00
-4.26984e-01 -8.42698e-01  5.29203e+00
-4.61685e-01 -7.05037e-01  5.33601e+00
-1.40279e+00 -1.46432e+00  6.57471e+00
-8.73532e-01 -7.55555e-01  5.29680e+00
-1.42244e+00  3.29665e+00  4.78780e+00
-2.21723e+00  2.98521e+00  4.03612e+00
-2.65669e+00  2.63137e+00  4.24102e+00
-1.64297e+00  3.60510e+00  4.67072e+00
-2.84418e+00  3.33865e+00  4.09403e+00
-1.40464e+00  3.32255e+00  4.73999e+00
-2.72534e+00  2.61933e+00  4.26122e+00
-1.53824e+00  3.30726e+00  4.48703e+00
-3.10478e+00 -4.96748e+00  2.66509e+00
-2.94231e+00 -5.02689e+00  2.71528e+00
-3.15767e+00 -4.97473e+00  2.60382e+00
-3.04260e+00 -5.06571e+00  2.55671e+00
 3.68484e+00 -1.38672e+00 -5.60059e+00
 4.34134e+00 -1.18049e+00 -4.42393e+00
 4.96889e+00 -9.04187e-01 -5.03116e+00
 4.98976e+00 -1.55380e+00 -4.93930e+00
 4.84523e+00 -5.82545e-01 -4.97547e+00
 3.63905e+00 -1.51424e+00 -5.61953e+00
 4.45595e+00 -8.83807e-01 -4.57670e+00
 5.02796e+00 -1.36009e+00 -5.00635e+00
 4.82727e+00 -5.71870e-01 -4.96125e+00
 4.30486e+00 -7.68248e-01 -5.07149e+00
 4.35015e+00 -2.26750e+00 -4.56870e+00
 4.64693e+00 -1.89705e+00 -4.57485e+00
 3.60035e+00 -1.65006e+00 -5.42666e+00
 3.62561e+00 -1.47529e+00 -5.61064e+00
 3.11195e-01  3.68341e-01 -6.18630e+00
 1.03613e+00  1.42300e-01 -7.09150e+00
 6.31359e-01  4.04089e-01 -6.16938e+00
 1.08023e+00  1.92522e-02 -7.27880e+00
-1.08134e-01 -2.51162e-01 -6.57620e+00
 9.81651e-01  2.07534e-01 -6.13618e+00
-2.71633e-02  2.17291e-02 -6.37840e+00
 1.22394e+00 -5.45099e-01 -6.52700e+00
 1.19146e+00 -5.76764e-01 -6.54461e+00
 1.05859e+00  8.87312e-02 -7.26267e+00
-2.89898e+00  1.01497e+00 -3.22485e+00
-2.09870e+00  1.24869e+00 -3.68050e+00
-3.01274e+00  8.04450e-01 -3.64328e+00
-3.05430e+00  9.70854e-01 -3.79623e+00
-2.61295e+00  7.95088e-01 -3.67980e+00
-2.61113e+00  1.21214e+00 -4.07518e+00
-2.43617e+00  1.12621e+00 -4.01362e+00
-2.04116e+00  1.04663e+00 -3.19914e+00
-2.04066e+00  1.07736e+00 -3.13734e+00
 6.22750e+00 -9.46674e-01 -2.59725e+00
 6.09852e+00 -1.35375e+00 -2.43031e+00
 6.11161e+00 -1.17181e+00 -2.49639e+00
 6.19895e+00 -2.02270e+00 -3.39275e+00
 6.15619e+00 -1.03192e+00 -2.82712e+00
 6.22863e+00 -9.39832e-01 -2.62373e+00
 6.36631e+00 -1.14213e+00 -2.29776e+00
 6.09864e+00 -1.35916e+00 -2.43248e+00
 6.63860e+00 -1.87599e+00 -3.98403e+00
 6.19367e+00 -1.02664e+00 -2.48974e+00
 6.30466e+00 -1.07036e+00 -2.37922e+00
 6.59097e+00 -1.93116e+00 -3.98916e+00
 6.23686e+00 -1.83542e+00 -3.65898e+00
 6.19852e+00 -1.27787e+00 -3.22482e+00
 1.44213e+00  1.94433e+00  5.37707e+00
 1.19184e+00  2.15509e+00  5.74698e+00
 1.66159e+00  2.05062e+00  5.17929e+00
 1.16199e+00  2.42446e+00  5.62432e+00
 1.41061e+00  2.48922e+00  5.04881e+00
 2.65696e+00  2.05783e+00  5.29111e+00
 1.73678e+00  1.68222e+00  5.57374e+00
 2.02795e+00  3.30414e+00  5.25483e+00
 2.23538e+00  3.43288e+00  4.96141e+00
 1.08844e+00  2.25204e+00  5.45363e+00
 1.58198e+00  1.91205e+00  5.31472e+00
 1.63897e+00  1.77008e+00  5.47009e+00
 1.09887e+00  2.24434e+00  5.38954e+00
 2.72206e+00  1.60726e+00  5.86050e+00
 2.45827e+00  1.43480e+00  5.91912e+00
 1.29536e+00  2.25654e+00  6.00942e+00
 1.23510e+00  2.47632e+00  5.81278e+00
 2.45186e+00  1.43321e+00  5.92001e+00
 1.10889e+00  2.31143e+00  5.49928e+00
 1.11510e+00  2.26563e+00  5.36637e+00
 2.30976e+00  3.39572e+00  4.94079e+00
 2.22210e+00  3.40409e+00  4.92885e+00
 2.69891e+00  1.62298e+00  5.75109e+00
 2.67012e+00  1.56436e+00  5.90299e+00
 2.46720e+00  1.43811e+00  5.91673e+00
 2.45235e+00  1.43409e+00  5.92186e+00
 3.71125e+00  4.24274e+00  1.95280e+00
 3.72587e+00  3.85527e+00  8.44543e-01
 3.01418e+00  4.68891e+00  1.71127e+00
 3.48595e+00  4.13051e+00  1.95691e+00
 3.62598e+00  4.21406e+00  1.99308e+00
 3.54726e+00  4.16926e+00  1.97883e+00
 4.91977e+00 -1.45306e+00 -3.41786e+00
 3.78495e+00 -1.75156e+00 -3.82820e+00
 5.09251e+00 -1.95276e+00 -3.54536e+00
 4.52256e+00 -2.68414e+00 -3.79498e+00
 5.11888e+00 -2.26630e+00 -3.41250e+00
 4.67539e+00 -2.72367e+00 -3.64574e+00
 4.75626e+00 -2.14213e+00 -2.55109e+00
 4.40397e+00 -2.48044e+00 -2.68352e+00
 4.43801e+00 -2.53077e+00 -3.92345e+00
 4.32199e+00 -1.39209e+00 -3.55797e+00
 4.77838e+00 -1.45154e+00 -3.05188e+00
 4.65569e+00 -2.23545e+00 -2.58201e+00
 4.37683e+00 -2.47004e+00 -2.68601e+00
-1.71568e+00  8.86761e-01  2.20613e+00
-1.19702e+00  1.70617e+00  3.65237e+00
-1.95366e+00  1.87054e+00  3.41055e+00
-1.51383e+00  2.14219e+00  2.94106e+00
-2.02077e+00  1.80443e+00  3.31474e+00
-8.30961e-01  6.71003e-01  2.66249e+00
-9.40409e-01  1.86605e+00  3.37615e+00
-2.03236e+00  1.76326e+00  3.09602e+00
-1.73961e+00  1.90670e+00  2.52968e+00
-1.63662e+00  1.14735e+00  2.11282e+00
-7.71751e-01  7.66441e-01  2.83348e+00
-2.00942e+00  1.75063e+00  3.31931e+00
-1.38246e+00  9.92701e-01  3.67273e+00
-1.41078e+00  1.06977e+00  3.73160e+00
-2.01956e+00  1.67811e+00  3.04670e+00
-9.36208e-01  6.90079e-01  2.56059e+00
-1.63128e+00  1.64407e+00  3.77348e+00
-1.56148e+00  1.14032e+00  3.77065e+00
-1.54402e+00  1.10949e+00  3.76686e+00
-1.44955e+00  8.95444e-01  3.60270e+00
-8.39344e-01  6.51369e-01  2.74022e+00
-7.58911e-01  7.89915e-01  2.82429e+00
-1.35031e+00  5.45629e-01  3.05043e+00
-1.58648e+00  7.09202e-01  2.33168e+00
-2.72459e+00  5.48970e-01  3.37359e+00
-2.71012e+00  6.01359e-01  3.51080e+00
-2.27640e+00 -4.55215e-02  3.45438e+00
-2.32675e+00  1.05355e+00  2.53601e+00
-1.56132e+00  1.11396e+00  3.78196e+00
-2.47978e+00  3.76892e-01  3.70478e+00
-1.97657e+00 -1.73694e-01  3.27101e+00
-1.68099e+00  9.48094e-01  3.80170e+00
-1.81742e+00  4.90781e-01  3.70867e+00
-2.26456e+00 -2.74212e-02  3.52008e+00
-1.72076e+00 -9.32409e-03  3.41965e+00
-1.90077e+00 -1.58038e-01  3.37600e+00
-1.58051e+00  1.46522e-01  3.37992e+00
-1.68220e+00  6.67877e-01  2.23884e+00
-1.75654e+00  8.33350e-01  2.16654e+00
-2.93418e+00  4.50853e+00 -1.65063e+00
-2.93193e+00  4.70517e+00 -2.64067e+00
-3.52819e+00  3.72505e+00 -2.42073e+00
-3.22560e+00  4.29344e+00 -1.36681e+00
-2.90103e+00  4.67650e+00 -2.58665e+00
-3.47419e+00  4.35856e+00 -2.88910e+00
-2.92706e+00  4.78118e+00 -2.59435e+00
-2.92883e+00  4.78707e+00 -2.59091e+00
-3.64822e+00  3.93369e+00 -2.71064e+00
-3.53482e+00  4.56524e+00 -2.76846e+00
-3.79229e+00  3.97712e+00 -2.49777e+00
-3.90225e+00  4.06815e+00 -2.32574e+00
 5.07729e+00 -2.22545e+00  2.80235e+00
 4.66849e+00 -1.94977e+00  2.80414e+00
 4.34658e+00 -1.36184e+00  2.62845e+00
 4.39004e+00 -1.41313e+00  2.69458e+00
 4.47749e+00 -1.36551e+00  2.66035e+00
-2.91989e+00  4.80338e+00 -2.58575e+00
-2.80534e+00  4.93885e+00 -2.26203e+00
-3.68832e+00  5.76751e+00 -2.13904e+00
-3.12418e+00  5.24863e+00 -1.41460e+00
-3.70152e+00  5.76646e+00 -2.31240e+00
-3.08010e+00  5.18629e+00 -1.32851e+00
-3.05829e+00  5.16306e+00 -1.35877e+00
-2.89490e+00  4.59383e+00 -1.67598e+00
-3.69852e+00  5.77489e+00 -2.30416e+00
-2.89489e+00  5.02685e+00 -1.94768e+00
-2.88191e+00  4.86781e+00 -2.54695e+00
-2.80559e+00  4.93905e+00 -2.26450e+00
-3.74661e+00  4.99880e+00 -2.73078e+00
-2.88826e+00  4.87615e+00 -2.56454e+00
-3.17266e+00  5.11711e+00 -1.23857e+00
-3.92148e+00  5.05988e+00 -2.58485e+00
-2.89856e+00  5.02253e+00 -2.53826e+00
-2.94581e+00  5.06677e+00 -2.54010e+00
-3.60408e+00  5.31287e+00 -2.63793e+00
-1.29015e+00  2.16590e+00  6.29230e+00
-1.97802e+00  2.29811e+00  5.51962e+00
-1.88965e+00  2.18826e+00  5.59862e+00
-1.55633e+00  2.34433e+00  5.79507e+00
-1.51503e+00  2.39451e+00  5.81392e+00
-1.50132e+00  2.35176e+00  5.84808e+00
-1.16655e+00  2.71315e+00  6.43878e+00
-4.45565e+00 -1.48999e-01 -2.33822e+00
-3.94506e+00  5.83940e-01 -2.57192e+00
-4.76601e+00  6.09490e-01 -3.09055e+00
-4.53058e+00  1.20082e+00 -2.05874e+00
-4.11020e+00  2.20678e-01 -3.07271e+00
-4.89411e+00  1.12891e+00 -2.57225e+00
-4.51294e+00 -1.61490e-01 -2.30027e+00
-4.55397e+00  1.19364e+00 -2.04359e+00
-4.28712e+00  6.23648e-03 -2.81126e+00
-5.02888e+00  7.51663e-01 -2.86439e+00
-4.54211e+00 -1.44656e-01 -2.34036e+00
-4.36400e+00 -7.14797e-02 -2.62699e+00
-3.87418e+00  1.11106e+00 -2.53279e+00
-4.13826e+00  5.74459e-01 -3.35459e+00
-3.89549e+00  1.17852e+00 -2.65158e+00
-4.21419e+00  1.31670e+00 -2.61809e+00
-3.90773e+00  1.18916e+00 -2.66139e+00
-4.24252e+00  1.31059e+00 -2.64863e+00
-5.00006e+00  6.83325e-01 -2.93701e+00
-5.03272e+00  6.73106e-01 -2.88866e+00
-4.03450e+00  9.08561e-01 -3.09009e+00
-4.02770e+00  1.09402e+00 -2.92447e+00
-4.52882e+00 -1.50546e-01 -2.34685e+00
-4.52845e+00 -1.56659e-01 -2.32255e+00
-6.46548e+00 -7.84206e-01 -1.44206e+00
-6.42878e+00 -1.52036e+00 -6.05481e-01
-6.31043e+00 -1.59961e+00 -9.30312e-01
-6.50026e+00 -6.93956e-01 -1.41378e+00
-6.30345e+00 -6.47177e-01 -1.15120e+00
 2.57886e+00  1.31504e+00 -4.89228e+00
 2.58499e+00  1.14985e+00 -3.99598e+00
 3.80175e+00  1.46757e+00 -4.59415e+00
 3.67944e+00  1.26338e+00 -4.52045e+00
 2.76425e+00  7.83020e-01 -4.54291e+00
 2.54025e+00  1.00164e+00 -4.19411e+00
 2.69047e+00  1.64057e+00 -4.94948e+00
 2.80928e+00  1.06302e+00 -3.93355e+00
 2.55182e+00  9.76022e-01 -4.22854e+00
 2.69468e+00  8.85905e-01 -4.21388e+00
 2.58680e+00  9.56262e-01 -4.21184e+00
 3.51710e+00  1.46825e+00 -3.83620e+00
 2.61826e+00  8.62139e-01 -4.63183e+00
 2.51269e+00  1.17996e+00 -4.83892e+00
 2.34628e+00  1.52088e+00 -4.17375e+00
 2.33999e+00  1.58182e+00 -4.44630e+00
 2.49804e+00  1.10202e+00 -4.11159e+00
 2.37487e+00  1.62243e+00 -4.11188e+00
 4.09129e+00  6.58512e-02  1.22242e+00
 4.53539e+00  3.60754e-02  1.30561e+00
 3.19380e+00 -2.16085e-01  1.34742e+00
 4.16761e+00 -8.15275e-01  2.55715e+00
 3.99316e+00 -6.18448e-01  2.45009e+00
 4.25687e+00 -3.64277e-01  1.18934e+00
 4.36720e+00 -4.93910e-01  2.57529e+00
 4.17176e+00 -7.30346e-01  2.58368e+00
 4.13053e+00 -6.70903e-01  1.21197e+00
 3.08236e+00 -2.46466e-01  1.48335e+00
 3.47098e+00 -5.96610e-01  1.18308e+00
 2.94006e+00 -4.03643e-01  1.54334e+00
 3.91635e+00 -1.32792e-01  1.15747e+00
 3.93730e+00  1.51844e-02  1.18424e+00
 2.98155e+00 -5.59311e-01  1.33252e+00
 2.89406e+00 -5.63009e-01  1.45858e+00
 4.37893e+00 -4.84021e-01  2.57335e+00
 2.86887e+00  3.23223e+00  2.64466e+00
 3.80876e+00  3.77840e+00  2.48524e+00
 3.45076e+00  2.88571e+00  1.15767e+00
 3.89380e+00  2.40679e+00  1.88526e+00
 4.02601e+00  2.47883e+00  2.22665e+00
 2.64504e+00  3.46399e+00  2.29171e+00
 4.02024e+00  2.39200e+00  2.16337e+00
 3.91175e+00  2.44546e+00  2.37872e+00
 4.00191e+00  2.38039e+00  2.18253e+00
 3.73118e+00  3.64768e+00  2.59091e+00
 3.03167e+00  3.22923e+00  2.72249e+00
 2.64389e+00 -8.25229e-02 -7.23880e+00
 2.27439e+00  9.51776e-02 -6.50780e+00
 2.65937e+00 -2.29853e-01 -7.30921e+00
 2.01772e+00 -5.11239e-01 -6.20752e+00
 1.58736e+00 -5.24086e-01 -6.51119e+00
 1.12977e+00  3.72396e-02 -7.29634e+00
 1.68668e+00 -5.52692e-01 -6.41573e+00
 2.61823e+00 -5.01307e-01 -7.31061e+00
 2.04151e+00 -6.21216e-01 -6.28258e+00
 2.02320e+00 -6.40990e-01 -6.30803e+00
 1.62408e+00  6.14752e-01 -7.40000e+00
-2.70415e+00 -3.56625e+00 -5.48327e+00
 1.97592e+00 -7.55498e-01 -2.23886e+00
 2.85046e+00  6.55750e-01 -2.25777e+00
 2.51150e+00 -5.68225e-01 -3.56532e+00
 2.95082e+00 -4.52707e-01 -1.72542e+00
 2.86178e+00  6.56538e-01 -2.26267e+00
 3.08593e+00 -1.86429e-01 -1.81027e+00
 3.12841e+00  2.81180e-01 -1.93619e+00
 3.30418e+00  1.27343e-01 -2.04795e+00
 2.97869e+00 -1.15838e+00 -2.40065e+00
 2.57886e+00 -5.50980e-01 -3.59767e+00
 2.09170e+00 -2.75371e-01 -2.12264e+00
 2.40462e+00 -1.23588e+00 -2.96378e+00
 2.50541e+00  5.03403e-01 -2.83704e+00
 3.66786e+00  1.37899e-02 -2.99434e+00
 2.95734e+00 -4.88890e-01 -3.74956e+00
 3.60831e+00 -5.38743e-01 -3.33325e+00
 3.07397e+00  3.41348e-01 -1.94530e+00
 2.76196e+00  4.13915e-01 -1.92711e+00
 1.85624e+00 -1.85563e-01 -2.97588e+00
 2.43251e+00 -5.15992e-01 -3.49850e+00
 2.63423e+00  2.41543e-01 -1.86742e+00
 2.77176e+00 -1.22833e+00 -2.51512e+00
 3.39019e+00 -8.44183e-01 -3.08868e+00
 3.49400e+00 -7.17964e-01 -3.50786e+00
 3.57026e+00 -6.31201e-01 -3.40909e+00
 3.52499e+00 -7.18795e-01 -3.43157e+00
 3.16153e+00  5.62902e-01 -3.04255e+00
 3.08271e+00  5.39750e-01 -3.10873e+00
 1.77650e+00 -3.77675e-01 -2.73891e+00
 1.83254e+00 -7.99837e-01 -2.51973e+00
 2.18922e+00 -4.37791e-01 -1.88366e+00
 3.35617e+00 -7.57152e-01 -3.62287e+00
 2.48713e+00 -1.27046e+00 -2.95555e+00
-3.54517e+00 -3.37487e+00  1.17145e+00
-3.17331e+00 -2.88070e+00  6.72973e-01
-2.72823e+00 -2.70815e+00  1.10192e+00
-3.91259e+00 -2.68602e+00  1.74504e+00
-3.98413e+00 -2.81929e+00  1.34960e+00
-3.33322e+00 -3.03932e+00  2.18548e+00
-3.26300e+00 -3.08955e+00  2.14050e+00
-3.40338e+00 -2.50746e+00  1.79153e+00
-3.77830e+00 -2.61326e+00  1.09800e+00
-3.76429e+00 -2.43270e+00  1.46322e+00
-3.97367e+00 -2.78734e+00  1.32908e+00
-3.36742e+00 -2.38467e+00  1.63317e+00
-3.34967e+00 -3.04527e+00  2.18649e+00
-3.17878e+00 -3.38177e+00  1.88915e+00
-3.30703e+00 -3.11590e+00  2.13761e+00
-2.98428e+00 -3.24215e+00  1.91937e+00
-3.81000e+00 -2.72838e+00  1.86932e+00
-3.87062e+00 -2.54113e+00  1.55789e+00
 6.15095e+00  1.42162e+00  2.00246e+00
 6.51536e+00  1.31101e+00  1.89753e+00
 5.90387e+00  2.17595e+00  3.29044e+00
 6.13690e+00  8.68199e-01  2.86761e+00
 5.82475e+00  2.01472e+00  3.40435e+00
 5.79290e+00  1.22126e+00  2.91025e+00
 5.86207e+00  2.14276e+00  3.38915e+00
 6.11131e+00  2.00404e+00  2.55106e+00
 6.49898e+00  1.20917e+00  1.92004e+00
 6.04074e+00  1.08351e+00  2.09611e+00
 6.03534e+00  1.08902e+00  2.09702e+00
-3.92765e+00 -1.13199e+00  2.25638e+00
-4.02012e+00 -1.14060e+00  2.38778e+00
-3.93527e+00 -1.37151e+00  1.74690e+00
-3.94444e+00 -6.43813e-01  1.05185e+00
-4.86198e+00 -1.18984e+00  2.28525e+00
-4.12935e+00 -4.29743e-01  1.01614e+00
-4.43600e+00 -8.09916e-01  2.29843e+00
-4.62886e+00 -8.59059e-01  8.04751e-01
-3.75599e+00 -9.62981e-01  1.53352e+00
-3.80466e+00 -1.17986e+00  1.34410e+00
-3.80214e+00 -9.73917e-01  1.80843e+00
-4.15168e+00 -4.75392e-01  1.32707e+00
-4.51266e+00 -1.36286e+00  2.34888e+00
-5.12512e+00 -1.37175e+00  1.63819e+00
-4.39785e+00 -1.61288e+00  1.97218e+00
-4.85412e+00 -1.44249e+00  1.07247e+00
-3.92639e+00 -1.09864e+00  1.00585e+00
-5.04634e+00 -1.25736e+00  1.10620e+00
-4.44729e+00 -1.21172e+00  8.23571e-01
-4.40741e+00 -1.61041e+00  1.99309e+00
-5.07434e+00 -1.29728e+00  1.13018e+00
-5.08515e+00 -1.29551e+00  1.14791e+00
-5.13822e+00 -1.35955e+00  1.34848e+00
-4.98067e+00 -1.40341e+00  1.11828e+00
-4.39885e+00 -1.51970e+00  2.17685e+00
-4.12224e+00 -1.21882e+00  2.38322e+00
-2.27934e+00  6.23127e+00  1.32873e-01
-2.13166e+00  6.18891e+00  5.26675e-01
-2.12688e+00  6.17036e+00  5.54040e-01
-2.15101e-01 -6.09149e+00  5.84395e-01
-2.26179e-01 -6.12847e+00  5.62266e-01
 4.77330e+00 -1.94707e+00 -9.95379e-01
 5.91155e+00 -1.58210e+00  4.61708e-01
 4.75662e+00 -1.98305e+00 -1.01263e+00
 5.84653e+00 -1.63482e+00  4.78567e-01
 5.65879e+00 -2.95142e+00 -8.35167e-01
 5.32842e+00 -1.30641e+00 -3.20212e-01
 5.46329e+00 -1.12458e+00 -7.25521e-01
 5.48771e+00 -1.20417e+00 -7.74936e-01
 5.09787e+00 -1.75889e+00 -1.25093e+00
 4.95568e+00 -2.63201e+00 -6.10570e-01
 5.74965e+00 -2.50002e+00  1.74393e-02
 5.62974e+00 -2.22729e+00  2.77206e-01
 5.15380e+00 -1.48427e+00 -1.04748e+00
 5.07650e+00 -1.74841e+00 -1.24869e+00
 4.83903e+00 -2.42181e+00 -8.15214e-01
 6.15673e+00 -2.42747e+00 -2.52138e-01
 6.15633e+00 -2.40696e+00 -2.34317e-01
 5.48056e+00 -1.13296e+00 -7.27273e-01
 6.08220e+00 -1.60721e+00  3.16407e-01
 6.06290e+00 -1.60061e+00  3.35169e-01
 5.44144e+00 -1.16548e+00 -4.10956e-01
 5.60054e+00 -1.29087e+00 -1.35082e-01
 6.05488e+00 -2.68892e+00 -3.92246e-01
 5.84752e+00 -2.88313e+00 -3.89074e-01
 5.66029e+00 -2.95325e+00 -8.33870e-01
 5.62283e+00 -3.02205e+00 -6.89863e-01
-2.30192e-01 -3.43250e+00  1.48302e+00
-1.07689e+00 -3.42616e+00  1.53355e+00
-1.18613e+00 -2.45094e+00  9.22215e-01
-4.96846e-01 -2.31251e+00  3.10931e-01
-1.24168e+00 -2.55070e+00  1.01307e+00
-1.05045e-01 -2.12854e+00  1.09045e+00
-1.02901e+00 -2.86133e+00  1.69438e+00
-1.18448e+00 -2.79511e+00  1.43535e+00
-9.36433e-01 -3.29025e+00  1.79466e+00
-4.82690e-01 -2.18986e+00  1.26105e+00
-1.17595e-01 -2.09807e+00  1.08571e+00
-9.48140e-01 -2.46699e+00  3.93803e-01
-9.66447e-01 -2.44236e+00  4.41791e-01
-9.03658e-01 -2.65157e+00  2.38059e-01
-1.29010e+00 -3.06879e+00  9.56986e-01
-1.24987e+00 -3.25297e+00  1.25915e+00
 2.31064e+00  1.50940e+00 -3.25498e+00
 2.51058e+00  1.49316e+00 -2.06461e+00
 2.29219e+00  1.87237e+00 -2.99947e+00
 2.56733e+00  1.05053e+00 -3.52393e+00
 3.45607e+00  1.40365e+00 -2.48239e+00
 3.11119e+00  8.56577e-01 -3.50357e+00
 3.10448e+00  8.75963e-01 -3.52440e+00
 3.14040e+00  8.86740e-01 -3.50836e+00
 3.43784e+00  1.47819e+00 -2.47045e+00
 2.32895e+00  1.89359e+00 -2.97576e+00
 2.22834e+00  1.72489e+00 -2.26283e+00
 2.04698e+00  1.31585e+00 -2.82172e+00
 2.26314e+00  7.14834e-01 -2.99750e+00
 3.58995e+00  1.08625e+00 -3.22259e+00
 3.58800e+00  1.10402e+00 -3.24913e+00
 3.52521e+00  1.32468e+00 -3.10574e+00
 2.82122e+00  1.81082e+00 -2.18335e+00
 2.51679e+00  1.92565e+00 -2.31766e+00
-1.80388e+00 -3.57811e+00  6.55092e+00
-1.82995e+00 -3.46438e+00  6.52954e+00
-1.56657e+00 -3.37922e+00  6.50808e+00
-1.56942e+00 -3.34035e+00  6.50066e+00
-1.68555e+00 -3.84404e+00  6.59980e+00
 1.78383e+00  1.74050e+00  4.65603e+00
 2.51049e+00  2.11849e+00  4.28679e+00
 1.26246e+00  1.68640e+00  4.09461e+00
 1.27081e+00  2.15038e+00  3.67408e+00
 1.27251e+00  2.41035e+00  4.14700e+00
 1.83974e+00  2.13216e+00  4.73843e+00
 2.18532e+00  1.16208e+00  4.21144e+00
 2.46105e+00  2.21650e+00  4.34973e+00
 1.95943e+00  1.67887e+00  3.83346e+00
 1.79166e+00  2.62085e+00  3.78533e+00
 1.29100e+00  2.16357e+00  3.65445e+00
 1.23819e+00  1.72331e+00  4.07074e+00
 1.53900e+00  2.75344e+00  4.45210e+00
 1.84547e+00  2.68259e+00  3.83117e+00
 1.86394e+00  2.87104e+00  4.19615e+00
 1.32105e+00  2.21405e+00  3.66222e+00
 1.27257e+00  2.22569e+00  3.76134e+00
 5.38694e+00 -1.00931e+00 -4.30482e-01
 4.64343e+00 -6.40346e-01 -7.43423e-01
 4.82228e+00 -1.45712e+00 -4.94830e-02
 4.39372e+00 -1.77452e+00 -2.08371e-01
 4.48512e+00 -7.96325e-01 -3.43116e-01
 4.09524e+00 -1.46608e+00 -6.93770e-01
 4.92018e+00 -6.11395e-01 -3.32398e-01
 4.53006e+00 -9.37821e-01 -6.43633e-02
 4.32758e+00 -9.90501e-01 -1.27075e-01
 4.86105e+00 -5.34556e-01 -7.98626e-01
 4.05485e+00 -1.43478e+00 -2.58968e-01
 4.63967e+00 -2.00466e+00 -9.60303e-01
 3.64034e+00  5.09516e+00 -1.92196e+00
 4.53018e+00  5.29287e+00 -7.36975e-01
 3.83302e+00  4.74263e+00 -1.92715e+00
 5.09611e+00  4.86626e+00 -1.02514e+00
 4.10215e+00  4.47371e+00 -1.14794e+00
 3.80748e+00  4.87605e+00 -8.98642e-01
 3.88233e+00  5.42774e+00 -6.46359e-01
 3.98111e+00  4.54187e+00 -1.09903e+00
 3.99760e+00  4.49589e+00 -1.28706e+00
 3.89197e+00  5.35182e+00 -6.44524e-01
 3.65514e+00  5.13542e+00 -1.12379e+00
 6.49432e-02  5.12887e+00  2.90573e+00
 1.12052e-01  4.49566e+00  2.82538e+00
-1.26168e+00  4.48983e+00  2.22218e+00
-1.52901e+00  4.15841e+00  2.84227e+00
 2.00097e-01  4.62433e+00  3.31208e+00
-1.09922e-01  4.09855e+00  2.66471e+00
 2.33361e-01  4.96376e+00  3.63712e+00
 8.37169e-02  5.18476e+00  3.02332e+00
-1.40794e-01  4.09916e+00  2.65128e+00
-9.95279e-01  5.52666e+00  3.83864e+00
 1.11626e-01  5.03376e+00  3.80804e+00
-2.13136e-01  5.25838e+00  4.03266e+00
-1.10699e+00  4.02815e+00  2.47221e+00
-1.23850e+00  4.68538e+00  2.26354e+00
 2.19417e-01  4.96894e+00  3.67405e+00
-3.58051e-01  4.49931e+00  3.92941e+00
-1.92657e-01  5.24250e+00  4.02898e+00
-1.32409e-01  4.39481e+00  3.77847e+00
 9.88245e-02  4.81371e+00  3.75866e+00
-3.21786e-01  5.24933e+00  4.03834e+00
-7.09648e-01  5.78231e+00  3.27409e+00
-1.13285e+00  5.64161e+00  2.71545e+00
-9.64690e-01  5.49725e+00  2.51308e+00
-1.06246e+00  5.33780e+00  2.44478e+00
-1.51289e+00  4.26319e+00  2.75480e+00
-9.98561e-01  5.50776e+00  3.85193e+00
-8.12346e-01  5.80436e+00  3.64415e+00
-1.06305e+00  5.65072e+00  2.68420e+00
-9.26863e-01  5.86955e+00  3.20807e+00
-8.45533e-01  5.86942e+00  3.41003e+00
-1.27572e+00  4.62809e+00  3.64794e+00
-1.29968e+00  4.38163e+00  2.26446e+00
-1.29274e+00  4.11447e+00  2.39100e+00
-1.21754e+00  5.40975e+00  2.58466e+00
-1.21640e+00  5.40029e+00  2.57681e+00
-6.43798e+00 -2.89081e-02 -1.95773e+00
-6.56665e+00 -4.39882e-01 -1.76258e+00
-6.39474e+00 -7.73769e-01 -2.45528e+00
-6.38630e+00 -3.54280e-02 -2.12006e+00
-6.40902e+00  1.55300e-02 -2.02517e+00
 4.05554e+00  1.52505e+00  2.01465e+00
 4.45370e+00  1.85215e+00  2.10450e+00
 3.19791e+00  1.27494e+00  1.48117e+00
 3.19346e+00  1.70116e+00  1.31031e+00
 3.94302e+00  1.11614e+00  1.54578e+00
 3.81377e+00  1.08632e+00  1.18191e+00
 4.28054e+00  9.50985e-01  1.00195e+00
 3.22853e+00  1.27355e+00  1.51540e+00
 4.79235e+00  1.80884e+00  5.48383e-01
 4.56037e+00  1.02976e+00  8.53341e-01
 4.75642e+00  1.86913e+00  5.49532e-01
 3.20583e+00  1.82319e+00  1.27355e+00
 3.14983e+00  1.36189e+00  1.47512e+00
 3.46246e+00  1.67298e+00  2.00791e+00
 4.78321e+00  1.19691e+00  8.81323e-01
 4.75732e+00  1.86981e+00  5.50195e-01
 4.70322e+00  2.01162e+00  8.13008e-01
 4.26821e+00  2.42679e+00  1.72520e+00
 4.35745e+00  2.41764e+00  1.90172e+00
 4.86355e+00  1.76297e+00  6.23984e-01
 4.80354e+00  1.81571e+00  5.56140e-01
 4.81385e+00  1.43463e+00  6.76768e-01
 4.78163e+00  1.43556e+00  6.48360e-01
-1.47760e+00 -3.16123e+00  6.38137e+00
-4.85870e-01 -3.01610e+00  5.80259e+00
-9.39827e-01 -2.58559e+00  5.39749e+00
-4.52863e-01 -2.78306e+00  6.92573e+00
-8.71199e-01 -2.66417e+00  5.40290e+00
-1.45920e+00 -3.16415e+00  6.36719e+00
-1.43437e+00 -2.32307e+00  5.95820e+00
-1.40617e+00 -2.28960e+00  5.94868e+00
-1.02185e+00 -2.56742e+00  5.45627e+00
-1.50532e+00 -2.57332e+00  5.90009e+00
 4.25204e+00  1.99456e+00 -4.38702e+00
 4.54926e+00  1.68560e+00 -4.39925e+00
 4.34425e+00  1.75663e+00 -4.74883e+00
 4.23442e+00  2.09118e+00 -4.28501e+00
-3.15680e+00  6.50505e-01 -2.00646e+00
-3.73678e+00 -2.38799e-01 -3.34226e+00
-4.19700e+00 -4.51199e-01 -2.21181e+00
-2.94310e+00  1.47701e-01 -2.42323e+00
-3.56283e+00 -6.44723e-01 -2.89101e+00
-3.94988e+00 -7.37396e-02 -3.29477e+00
-4.28645e+00 -3.93653e-02 -2.81084e+00
-4.12695e+00 -2.31167e-01 -2.00682e+00
-4.42408e+00 -2.30292e-01 -2.24255e+00
-3.21672e+00  1.40298e-01 -1.61009e+00
-3.89786e+00 -6.36786e-01 -2.36180e+00
-2.95402e+00 -9.14107e-02 -2.69177e+00
-3.11596e+00 -4.42484e-01 -2.13472e+00
-2.98691e+00  5.04552e-02 -2.25181e+00
-3.20800e+00  1.20637e-01 -1.62745e+00
-3.05884e+00 -4.86289e-01 -2.51660e+00
-3.09685e+00 -4.46243e-01 -2.18763e+00
-1.57893e+00  2.04164e-01  6.09680e+00
 1.61400e+00 -6.72992e-01 -4.75963e+00
 2.51073e+00 -2.88347e-01 -5.69816e+00
 1.48489e+00 -2.55162e-01 -5.65727e+00
 2.60687e+00  5.88711e-01 -5.07529e+00
 1.47920e+00  2.57619e-01 -4.32617e+00
 2.94403e+00  1.61457e-02 -4.96030e+00
 1.17650e+00 -4.72677e-01 -5.12903e+00
 2.93268e+00 -3.08668e-02 -4.92935e+00
 1.27803e+00 -5.42990e-01 -4.87884e+00
 1.54816e+00 -1.29578e-01 -4.17681e+00
 1.17012e+00  4.45115e-01 -5.08942e+00
 1.60891e+00 -5.59477e-01 -4.49521e+00
 1.37169e+00 -6.14211e-01 -4.92909e+00
 2.36461e+00  2.15978e-01 -5.87923e+00
 2.66137e+00 -2.96547e-01 -5.19817e+00
 1.94983e+00 -6.99437e-01 -5.23486e+00
 1.60325e+00  6.08382e-01 -5.41512e+00
 2.94293e+00 -1.01148e-01 -5.10185e+00
 2.95004e+00 -7.77145e-02 -5.05735e+00
 1.24912e+00 -5.29898e-01 -5.25679e+00
 1.61680e+00  2.92629e-01 -4.37443e+00
 1.42925e+00 -4.63172e-01 -4.49501e+00
 1.83999e+00 -2.98337e-01 -4.18700e+00
 1.78944e+00 -2.61022e-01 -4.17875e+00
 1.76823e+00  4.96556e-01 -5.63804e+00
 2.50628e+00  6.77752e-01 -5.20650e+00
 2.27595e+00  3.91319e-01 -5.82317e+00
 2.73661e+00 -1.31092e-01 -5.62285e+00
 1.90834e+00 -6.69765e-01 -5.51689e+00
 1.31440e+00 -5.78582e-01 -5.24957e+00
 2.51764e+00  6.72987e-01 -5.18541e+00
 2.55005e+00  6.43343e-01 -5.07268e+00
 2.42547e+00  4.75405e-01 -5.63640e+00
 2.51740e+00  1.60684e-01 -5.79298e+00
 2.08703e+00 -3.98929e-01 -5.87969e+00
 2.13896e+00 -4.75991e-01 -5.83766e+00
 1.43430e+00  3.35162e-01 -5.55115e+00
 1.27425e+00  5.14951e-01 -5.26789e+00
 5.70046e+00  3.84678e+00  3.01745e+00
 3.89466e+00  4.24209e+00  2.96045e+00
 5.66299e+00  3.82484e+00  3.00690e+00
 4.97476e+00  4.54616e+00  3.01529e+00
 5.52836e+00  4.17410e+00  2.87530e+00
 4.13379e+00  3.64556e+00  3.32334e+00
 5.28090e+00  4.25062e+00  2.75718e+00
 5.14292e+00  4.18036e+00  2.71604e+00
 4.01907e+00  4.35222e+00  2.95686e+00
 3.91262e+00  4.28159e+00  2.91241e+00
 4.07196e+00  4.13765e+00  3.48184e+00
 3.91059e+00  4.17953e+00  2.83361e+00
 3.89312e+00  4.13653e+00  2.87640e+00
 5.31398e+00 -4.22158e+00 -2.01312e+00
 4.39550e+00 -4.50213e+00 -2.83549e+00
 5.36023e+00 -4.05505e+00 -1.98922e+00
 4.63160e+00 -2.90072e+00 -2.32361e+00
 5.18322e+00 -3.67747e+00 -1.66746e+00
 4.27614e+00 -4.41676e+00 -2.73980e+00
 5.16057e+00 -4.35126e+00 -1.92027e+00
 4.42742e+00 -4.57100e+00 -2.57412e+00
 4.50378e+00 -4.61169e+00 -2.72216e+00
 4.83561e+00 -3.25412e+00 -2.56935e+00
 5.12727e+00 -3.27909e+00 -1.91231e+00
 4.66632e+00 -2.89762e+00 -2.29679e+00
 4.58402e+00 -2.99972e+00 -2.01540e+00
 5.15884e+00 -3.13958e+00 -2.22660e+00
 5.17781e+00 -3.18151e+00 -2.25929e+00
 4.75726e+00 -4.01026e+00 -1.39858e+00
 5.02830e+00 -4.58354e+00 -2.23735e+00
 5.12547e+00 -4.50021e+00 -2.15651e+00
 6.11146e+00  5.06435e-01 -1.60148e+00
 6.11304e+00  4.33177e-01 -1.50138e+00
 6.15673e+00  5.55261e-01 -1.48791e+00
 6.12673e+00  5.45657e-01 -1.59235e+00
-3.02723e+00  4.68764e-01 -4.47048e+00
-2.29294e+00  1.59185e-01 -3.91259e+00
-2.34912e+00 -3.63679e-01 -4.72013e+00
-2.30809e+00  6.63769e-01 -4.41137e+00
-2.96730e+00  5.91497e-01 -4.31614e+00
-2.77840e+00 -5.59978e-01 -4.49811e+00
-2.26963e+00  1.40016e-01 -4.80257e+00
-2.56295e+00  1.02744e-01 -3.84702e+00
-2.69091e+00  8.33274e-01 -4.56534e+00
-2.72363e+00  7.68921e-01 -4.64177e+00
-2.41268e+00 -5.58745e-01 -4.67257e+00
-2.16835e+00  5.10877e-01 -4.42822e+00
-2.28969e+00 -2.28135e-01 -4.35522e+00
-2.20616e+00  3.36167e-01 -4.09085e+00
-2.17125e+00  3.59237e-01 -4.18942e+00
-2.24504e+00 -6.45237e-02 -4.19038e+00
-2.39780e+00 -5.40067e-01 -4.68132e+00
-2.40083e+00 -5.52542e-01 -4.67120e+00
 3.65066e+00  9.05740e-01 -3.73923e+00
 3.55305e+00  1.13967e+00 -3.51333e+00
 4.62358e+00  5.27030e-01 -5.05300e+00
 4.30654e+00  1.15201e+00 -3.46946e+00
 4.48034e+00  4.59047e-01 -5.08928e+00
 4.30985e+00  1.16903e+00 -3.47829e+00
 4.69287e+00  6.62955e-01 -4.70835e+00
 4.73624e+00  8.78040e-01 -4.96269e+00
 4.41520e+00  1.52066e+00 -4.87892e+00
 3.92865e+00  5.07642e-01 -4.83173e+00
 3.90739e+00  4.09694e-01 -4.53311e+00
 3.89447e+00  5.88458e-01 -3.94409e+00
 4.09666e+00  8.27789e-01 -3.43775e+00
 4.08824e+00  9.17031e-01 -3.32531e+00
 4.26373e+00  1.73606e+00 -4.77011e+00
 3.86647e+00  7.63983e-01 -4.86754e+00
 4.67519e+00  1.33005e+00 -4.55502e+00
 4.08658e+00  1.00333e+00 -5.03718e+00
 4.09388e+00  1.11479e+00 -5.01291e+00
 4.14258e+00  1.44814e+00 -4.93615e+00
 4.34355e+00  1.75127e+00 -4.75667e+00
 4.76307e+00  9.33608e-01 -4.83990e+00
 4.70748e+00  7.06129e-01 -4.68816e+00
 4.47446e+00  4.57740e-01 -5.08606e+00
 3.90850e+00  4.08915e-01 -4.53166e+00
 3.72432e+00  1.61468e+00 -3.62249e+00
 3.64343e+00  1.16865e+00 -3.39197e+00
 4.10961e+00  1.64388e+00 -4.83061e+00
-4.14921e+00 -7.04715e-01 -1.42383e+00
-4.31148e+00 -1.51927e+00 -1.40911e+00
-3.65402e+00  4.61270e-02 -1.13278e+00
-2.90484e+00 -9.57119e-01 -1.01663e+00
-4.33607e+00 -1.15859e+00 -2.18428e+00
-3.14560e+00  1.55544e-01 -1.32221e+00
-3.61566e+00  1.99121e-01 -1.19621e+00
-3.50075e+00 -1.19526e+00 -7.57304e-01
-4.27641e+00 -1.56469e+00 -1.85625e+00
-3.88510e+00 -1.51191e+00 -1.70978e+00
-2.99415e+00 -1.04362e+00 -1.09340e+00
-3.21147e+00  2.45992e-01 -1.33318e+00
-3.08403e+00 -9.82892e-01 -1.72069e+00
-4.07514e+00 -1.26304e-01 -1.76222e+00
-2.99936e+00 -9.52461e-01 -1.58848e+00
-2.75670e+00 -7.67327e-01 -1.12543e+00
-3.62247e+00  1.96640e-01 -1.19838e+00
-3.62077e+00  1.93666e-01 -1.19283e+00
-3.07494e+00 -5.05832e-01 -2.06853e+00
-2.79685e+00 -7.67354e-01 -1.35805e+00
-4.37465e+00 -1.49195e+00 -1.95649e+00
-3.72979e+00 -1.51261e+00 -1.17148e+00
-3.88619e+00 -1.54272e+00 -1.02973e+00
-4.22766e+00 -1.58131e+00 -1.32322e+00
-2.75255e+00 -7.55518e-01 -1.16155e+00
-2.80501e+00 -6.19812e-01 -1.16103e+00
 5.17789e+00  3.24963e+00  1.66402e+00
 5.15057e+00  3.38525e+00  2.79867e+00
 5.53612e+00  4.32825e+00  2.14965e+00
 5.85953e+00  4.23620e+00  2.26697e+00
 4.85197e+00  2.94221e+00  1.94461e+00
 4.70337e+00  3.83869e+00  1.59581e+00
 4.60570e+00  3.20482e+00  1.92904e+00
 4.63487e+00  3.82292e+00  1.63232e+00
 4.72327e+00  3.89263e+00  1.62368e+00
 5.23465e+00  3.22462e+00  2.72614e+00
 5.93287e+00  4.03892e+00  2.23246e+00
 4.44955e+00  3.81977e+00  2.41104e+00
 5.19266e+00  3.29953e+00  1.63476e+00
 5.22457e+00  3.28867e+00  1.64572e+00
 5.20482e+00  3.26580e+00  1.65744e+00
 4.92875e+00  2.93163e+00  2.02767e+00
 5.78001e+00  3.81442e+00  3.00365e+00
 5.79673e+00  3.83456e+00  2.98274e+00
 5.94576e+00  4.04305e+00  2.37973e+00
 5.87236e+00  4.21962e+00  2.33181e+00
 5.70077e+00  4.15172e+00  2.81347e+00
 4.31912e+00  3.73708e+00  2.15955e+00
 4.61006e+00  3.84064e+00  1.66381e+00
 1.63650e+00 -1.12566e+00  3.92413e+00
 2.21718e+00 -1.08926e+00  4.12810e+00
 1.71527e+00 -9.92029e-01  3.99209e+00
 1.84374e+00 -7.40744e-01  3.82615e+00
 2.32873e+00 -1.44923e+00  4.05239e+00
 2.70382e+00 -1.70641e+00  2.29040e+00
 1.44737e+00 -1.34155e+00  2.88924e+00
 3.29033e+00 -1.72455e+00  3.30868e+00
 1.42729e+00 -1.37842e+00  2.89524e+00
 2.64038e+00 -1.88717e+00  2.30398e+00
 3.19308e+00 -1.95095e+00  3.04271e+00
 2.89075e+00 -2.07853e+00  2.72361e+00
 2.99060e+00 -5.19900e-01  3.50445e+00
 1.97890e+00 -6.96515e-01  3.96033e+00
 1.83489e+00 -7.71842e-01  3.95205e+00
 2.26849e+00 -8.96794e-01  4.08174e+00
 3.13927e+00 -6.86541e-01  3.39346e+00
 3.47292e+00 -1.48898e+00  3.15819e+00
 3.45578e+00 -1.56087e+00  3.17392e+00
 3.03008e+00 -2.12339e+00  2.92490e+00
 2.74440e+00 -1.78219e+00  3.73780e+00
 2.87873e+00 -2.04850e+00  3.18783e+00
 2.09702e+00 -1.76962e+00  2.55959e+00
 1.79359e+00 -1.64007e+00  2.70767e+00
 6.23185e+00 -9.23411e-01 -2.62057e+00
 6.90611e+00 -1.32301e+00 -4.24181e+00
 6.14545e+00 -1.10337e+00 -3.11053e+00
 6.90828e+00 -1.36542e+00 -4.25432e+00
 6.14797e+00 -1.02243e+00 -2.85973e+00
 6.77187e+00 -7.90196e-01 -3.93234e+00
 6.81842e+00 -9.17126e-01 -4.02680e+00
 6.22969e+00 -8.81560e-01 -2.64800e+00
 3.52301e+00  9.04575e-01 -1.60822e-01
 3.00885e+00  1.83270e+00  6.74766e-01
 4.16537e+00  7.87133e-01  8.40574e-01
 3.52057e+00  8.08390e-01 -5.21469e-02
 3.08452e+00  1.89141e+00  8.39498e-01
 3.09271e+00  1.88622e+00  8.67145e-01
 3.09460e+00  1.89308e+00  8.19169e-01
 3.12406e+00  1.88722e+00  6.85956e-01
 3.98972e+00  1.13961e+00 -9.46277e-02
 4.09179e+00  9.89399e-01  1.51329e-01
 3.74211e+00  5.50014e-01  7.19720e-01
 3.06612e+00  1.16139e+00  1.40818e+00
 3.60437e+00  6.52605e-01  1.87045e-01
 3.58461e+00  6.10068e-01  2.67769e-01
 3.94569e+00  1.12225e+00 -1.06392e-01
 3.98259e+00  1.14739e+00 -9.70018e-02
-2.62104e+00 -2.62269e+00  4.94892e+00
-3.02336e+00 -3.04598e+00  4.63035e+00
-3.07086e+00 -3.21373e+00  4.62521e+00
-2.42228e+00 -3.37159e+00  5.37044e+00
-2.49665e+00 -3.45623e+00  5.59672e+00
-2.49515e+00 -3.48086e+00  5.53922e+00
-2.33655e+00 -2.88649e+00  5.88883e+00
-2.67049e+00 -2.29223e+00  5.77747e+00
-2.77311e+00 -2.18748e+00  5.47193e+00
-2.78979e+00 -2.25155e+00  5.13954e+00
-2.31401e+00 -3.06790e+00  5.40386e+00
-3.06682e+00 -3.51180e+00  4.72698e+00
-2.36487e+00 -2.94208e+00  5.92805e+00
-2.44287e+00 -3.20777e+00  5.80962e+00
-3.06025e+00 -3.46838e+00  4.70690e+00
-3.05066e+00 -3.50186e+00  4.72651e+00
 3.63391e+00  5.30430e+00 -7.04768e-02
 4.92603e+00  5.03271e+00 -4.26872e-01
 4.57504e+00  4.81087e+00  4.18342e-02
 4.69955e+00  5.09949e+00  7.19864e-01
 4.23288e+00  5.68269e+00  5.51859e-01
 3.79842e+00  5.62116e+00 -5.22270e-01
 4.21099e+00  4.77613e+00  2.06932e-01
 4.46199e+00  4.79525e+00  4.17396e-01
 4.98194e+00  5.11301e+00 -5.75418e-01
 3.74239e+00  5.65516e+00 -4.10903e-01
 4.82291e+00  5.41247e+00  9.32871e-01
 4.75041e+00  5.18350e+00  7.91437e-01
 4.86789e+00  5.35518e+00  9.19815e-01
 4.83087e+00  5.38044e+00  9.27770e-01
 3.68676e+00  5.06585e+00 -1.13677e-01
 4.53264e+00  9.09111e-01 -2.64515e+00
 4.02043e+00  1.74135e+00 -1.74773e+00
 4.44448e+00  9.65511e-01 -1.35567e+00
 3.77977e+00  1.34023e+00 -2.27999e+00
 3.98956e+00  7.06658e-01 -1.43385e+00
 4.67069e+00  3.80150e-01 -1.88150e+00
 4.68740e+00  9.62374e-01 -2.63681e+00
 5.18202e+00  9.95375e-01 -2.17116e+00
 4.65037e+00  3.83825e-01 -1.85694e+00
 4.34888e+00  4.93556e-01 -1.59457e+00
 3.86338e+00  8.62506e-01 -1.52698e+00
 4.24039e+00  1.70169e+00 -1.65821e+00
 5.14329e+00  1.06837e+00 -2.09375e+00
 4.97709e+00  8.66698e-01 -2.36490e+00
 4.95388e+00  8.85019e-01 -2.40066e+00
 3.97151e+00  1.73973e+00 -1.76437e+00
 5.06653e+00  1.29280e+00 -2.17207e+00
 5.05455e+00  7.32509e-01 -2.14972e+00
 4.98343e+00  8.91394e-01 -2.37500e+00
 4.86608e+00  1.25655e+00 -2.49041e+00
 3.92107e+00  1.65993e+00 -2.11303e+00
 3.87974e+00  1.66387e+00 -2.10458e+00
 4.27312e+00  6.40470e-01 -1.31372e+00
 4.24940e+00  6.34130e-01 -1.32004e+00
 5.09915e+00  1.24805e+00 -2.28591e+00
 5.17289e+00  1.03358e+00 -2.21391e+00
 4.91241e+00 -4.63193e-01 -4.87897e+00
 5.92138e+00 -1.58819e+00 -4.68710e+00
 6.27781e+00 -6.81348e-01 -4.78828e+00
 5.48864e+00 -3.79567e-01 -4.73489e+00
 5.36585e+00 -4.18504e-01 -4.72023e+00
 4.84588e+00 -5.52183e-01 -4.96195e+00
 6.28990e+00 -1.82728e+00 -4.70478e+00
 5.23780e+00 -5.50196e-01 -4.69822e+00
 6.63266e+00 -1.36132e+00 -4.77208e+00
 4.92870e+00 -3.71033e-01 -4.92410e+00
 4.91341e+00 -2.96418e-01 -5.03160e+00
-5.03599e+00 -1.88292e+00  3.69552e+00
-5.07142e+00 -1.35606e+00  3.20835e+00
-4.25716e+00 -6.42907e-01  3.63342e+00
-4.18857e+00 -1.08922e+00  4.09464e+00
-4.74900e+00 -1.58068e+00  2.76302e+00
-3.98430e+00 -1.26833e+00  2.72965e+00
-5.00237e+00 -1.94791e+00  3.69346e+00
-4.89386e+00 -1.78724e+00  3.79390e+00
-4.99451e+00 -1.95588e+00  3.68526e+00
-4.99707e+00 -1.94501e+00  3.69693e+00
-2.20550e-01 -1.38293e+00  4.80202e+00
-2.62132e-01 -1.25583e+00  4.91104e+00
 7.38851e-01 -1.31038e+00  5.79295e+00
 1.13049e-01 -1.31852e+00  4.85963e+00
-3.87859e-01 -2.42113e+00  5.11318e+00
-2.35328e-01 -2.07099e+00  4.78043e+00
 5.72060e-01 -1.20686e+00  6.58581e+00
-3.80461e-01 -9.66134e-01  5.21536e+00
 5.14609e-01 -1.55870e+00  6.75084e+00
-1.09352e-01 -1.94656e+00  4.65319e+00
-1.46951e-01 -1.43860e+00  4.72072e+00
-7.63374e-02 -1.61486e+00  4.63605e+00
-1.27821e-01 -1.45947e+00  4.69924e+00
-1.50412e-02 -1.46530e+00  4.69767e+00
 2.21566e+00 -4.81535e+00  3.69049e+00
 1.89142e+00 -4.74545e+00  4.37820e+00
 2.81934e+00 -5.05731e+00  3.69492e+00
 2.53071e+00 -4.59240e+00  3.57391e+00
 2.73739e+00 -4.17838e+00  4.00521e+00
 2.41094e+00 -5.40406e+00  3.86570e+00
 1.86550e+00 -4.84935e+00  4.43780e+00
 2.15261e+00 -5.23852e+00  3.84270e+00
 3.05456e+00 -4.65541e+00  3.90393e+00
 2.81530e+00 -4.20986e+00  3.81213e+00
 1.87722e+00 -5.10414e+00  4.42362e+00
 1.65955e+00  3.42380e+00 -5.90447e+00
 1.37200e+00  3.33046e+00 -5.05346e+00
 6.79089e-01  3.59532e+00 -4.89723e+00
 6.56663e-01  4.22039e+00 -4.84966e+00
 7.23732e-01  3.47470e+00 -5.05721e+00
 7.45688e-01  3.49864e+00 -4.91716e+00
 1.12923e+00  3.32932e+00 -6.04531e+00
 9.36466e-01  3.27046e+00 -5.84107e+00
 1.42532e+00  3.30208e+00 -5.13335e+00
 9.33386e-01  3.26872e+00 -5.82945e+00
-1.40053e+00 -5.52825e+00  2.76013e+00
-1.24775e+00 -6.00744e+00  2.27573e+00
-5.12577e-01 -5.44698e+00  2.77595e+00
 5.97131e+00 -4.19574e-01  4.93953e+00
 6.08732e+00 -8.19096e-01  4.89879e+00
 6.20901e+00 -3.49560e-01  3.99011e+00
 6.06122e+00 -7.80269e-02  4.27339e+00
-2.93990e+00 -2.75496e+00 -1.44764e+00
-3.00233e+00 -3.02840e+00 -3.97171e-01
-3.67862e+00 -3.56251e+00 -8.96028e-01
-2.92643e+00 -3.01377e+00 -4.22571e-01
-4.18960e+00 -2.03767e+00 -8.96023e-01
-2.87823e+00 -3.36272e+00 -1.08211e+00
-3.36331e+00 -3.57352e+00 -1.13047e+00
-3.93312e+00 -1.96525e+00 -8.56782e-01
-3.64967e+00 -3.47197e+00 -7.53124e-01
-3.56066e+00 -2.94644e+00 -1.55385e+00
-4.15688e+00 -2.54444e+00 -6.15935e-01
-4.25364e+00 -2.46213e+00 -6.89181e-01
-4.29675e+00 -2.89974e+00 -1.22006e+00
-4.29962e+00 -2.22870e+00 -8.27580e-01
-4.22848e+00 -2.63088e+00 -1.30610e+00
-4.31367e+00 -2.76271e+00 -1.23980e+00
-2.59690e+00 -2.89415e+00 -1.09728e+00
-2.77723e+00 -2.63078e+00 -2.24765e-01
-2.74012e+00 -2.60409e+00 -2.80513e-01
-2.81344e+00 -2.62547e+00 -2.04057e-01
-3.66663e+00 -3.18239e+00 -1.45686e+00
-4.21467e+00 -3.03849e+00 -1.23035e+00
-2.92673e+00 -2.48140e+00 -2.76157e-01
-2.87597e+00 -2.57833e+00 -2.09075e-01
-2.68332e+00 -3.08862e+00 -1.16995e+00
-2.66980e+00 -2.89009e+00 -1.27771e+00
 3.25122e+00  3.94867e-01 -1.89567e+00
 4.17508e+00 -6.91746e-03 -2.15450e+00
 4.66800e+00  3.72188e-01 -1.87665e+00
 4.50605e+00  8.95246e-01 -2.66726e+00
 3.77695e+00  1.33866e+00 -2.28245e+00
 3.80978e+00  7.30408e-01 -1.44100e+00
 4.45079e+00  1.49866e-01 -1.93941e+00
 3.67806e+00  1.11163e-01 -2.11887e+00
 4.09362e+00  7.54229e-02 -2.35697e+00
-7.14958e+00  1.91913e+00  2.70972e+00
-7.13839e+00  1.53496e+00  2.66492e+00
-6.91215e+00  2.15697e+00  1.86456e+00
-6.92960e+00  2.22554e+00  1.92773e+00
-6.92735e+00  2.22445e+00  1.91970e+00
-6.93932e+00  1.23202e+00  1.95003e+00
-7.10207e+00  1.88482e+00  1.50430e+00
-7.12050e+00  1.06256e+00  1.47888e+00
-6.91616e+00  1.25846e+00  1.86765e+00
 8.45838e-01 -4.15987e+00 -5.06980e+00
 1.16513e+00 -4.16275e+00 -5.06897e+00
 1.15680e+00 -4.17841e+00 -5.06341e+00
-8.11764e-01  1.15945e+00  1.34440e-01
-1.87755e-02  1.83337e+00 -1.90864e-01
 3.26096e-02  2.12798e+00  3.01991e-01
-1.14787e+00  1.12314e+00  7.82942e-01
-1.13970e+00  1.09051e+00  6.98559e-01
-3.31640e-03  1.85508e+00 -1.79652e-01
-4.57036e-01  1.20108e+00  1.17113e+00
-8.53196e-01  1.61410e+00  1.15469e+00
 1.36437e+00 -3.74125e+00  2.32657e+00
 1.37783e+00 -3.72975e+00  2.33688e+00
 4.43930e-01 -3.73338e+00  3.48817e+00
 1.28926e+00 -3.75633e+00  3.15895e+00
 1.02655e+00 -2.48352e+00  3.82463e+00
 1.13916e+00 -2.42653e+00  3.46279e+00
 4.77878e-01 -3.79979e+00  3.51369e+00
 9.72139e-01 -4.03687e+00  2.69491e+00
 1.65631e+00 -3.12716e+00  2.62862e+00
 1.34302e+00 -3.75846e+00  2.32883e+00
 9.76787e-01 -4.03572e+00  2.69469e+00
 9.38474e-01 -4.05889e+00  2.83887e+00
 8.91851e-01 -4.07062e+00  2.84385e+00
 4.87793e-01 -3.94836e+00  3.26059e+00
 1.21741e+00 -2.38799e+00  2.53183e+00
 8.49128e-01 -2.57662e+00  2.28608e+00
 8.83640e-01 -2.55896e+00  2.30066e+00
 8.60777e-01 -2.57474e+00  2.28395e+00
 7.23585e-01 -4.05090e+00  2.96535e+00
 1.07949e+00 -2.68900e+00  4.13215e+00
 1.10367e+00 -2.72383e+00  4.15123e+00
 4.71686e+00 -1.95684e+00 -4.52348e+00
 5.20788e+00 -8.82872e-01 -3.85821e+00
 5.30379e+00 -1.14862e+00 -3.58966e+00
 5.84494e+00 -1.84428e+00 -3.86980e+00
 5.05563e+00 -1.37420e+00 -3.55552e+00
 6.16641e+00 -2.02126e+00 -4.59644e+00
 5.84699e+00 -1.84324e+00 -3.87023e+00
 6.15160e+00 -2.02684e+00 -4.58964e+00
 4.34161e+00 -9.99657e-01 -4.27446e+00
 5.20510e+00 -1.77228e+00 -3.66856e+00
 6.17535e+00 -2.01416e+00 -4.59332e+00
 5.13028e+00 -1.53717e+00 -4.96852e+00
 4.37601e+00 -9.13679e-01 -4.32287e+00
 4.63692e+00 -6.48330e-01 -4.38125e+00
-1.66186e+00 -2.62502e+00 -7.27376e-01
-1.80197e+00 -3.09595e+00 -2.20904e+00
-2.60097e+00 -2.71015e+00 -1.56739e+00
-2.54411e+00 -2.72000e+00 -1.75727e+00
-2.01484e+00 -2.51154e+00 -1.82816e+00
-2.41443e+00 -3.22018e+00 -2.04147e+00
-2.14700e+00 -2.44878e+00 -1.16146e+00
-2.02319e+00 -2.48854e+00 -7.72807e-01
-3.00448e+00 -3.95391e+00  3.28312e+00
-2.93676e+00 -3.56416e+00  3.21968e+00
-2.79133e+00 -4.08218e+00  3.05682e+00
-2.48741e+00 -3.09126e+00  3.42663e+00
-2.24141e+00 -3.07238e+00  3.61124e+00
-2.36717e+00 -4.47160e+00  3.92974e+00
-1.96223e+00 -3.92961e+00  4.08182e+00
-1.87494e+00 -3.21042e+00  3.46672e+00
-2.20749e+00 -3.07949e+00  3.61216e+00
-2.16430e+00 -1.95635e-02 -5.15417e+00
-2.93578e+00 -8.10267e-01 -4.61843e+00
-2.30724e+00 -3.55636e-01 -4.83896e+00
-3.26798e+00  3.30195e-01 -4.61717e+00
-2.71859e+00 -8.04717e-01 -4.69676e+00
-2.91469e+00 -8.11790e-01 -4.60767e+00
-3.30073e+00  5.93034e-01 -5.43736e+00
-3.24360e+00  4.23413e-01 -5.58203e+00
-2.89657e+00 -8.20694e-01 -4.62254e+00
-2.93394e+00 -8.14413e-01 -4.63023e+00
 4.36049e+00  8.68842e-01  9.09613e-01
 4.51532e+00  9.71870e-01  8.55720e-01
 5.18634e+00  9.12198e-01  1.86155e+00
 4.12599e+00  9.78958e-01  2.32596e+00
 4.45873e+00  1.01131e+00  2.51893e+00
 4.78706e+00  1.43906e+00  2.43824e+00
 4.82262e+00  1.35665e+00  2.45355e+00
 5.15050e+00  1.24371e+00  1.97471e+00
 4.92226e+00  1.45850e-01  1.38891e+00
 4.89209e+00  1.70633e-01  1.31164e+00
 4.91379e+00  3.46432e-01  1.21404e+00
 5.00144e+00  6.40598e-01  1.14886e+00
 5.16227e+00  5.31323e-01  1.54275e+00
 4.79172e+00  1.25927e+00  2.47810e+00
 4.69599e+00  1.48542e+00  2.43592e+00
 4.55817e+00  1.11326e+00  2.53147e+00
-1.16135e+00  3.09166e+00 -5.91488e+00
-1.34856e+00  3.27523e+00 -5.68046e+00
-1.44397e+00  3.31113e+00 -5.53890e+00
-1.36370e+00  3.34354e+00 -4.67756e+00
-7.58566e-01  2.21634e+00 -5.75595e+00
-1.11925e+00  2.51665e+00 -5.76316e+00
-1.61297e+00  2.74773e+00 -5.04801e+00
-1.61915e+00  2.59028e+00 -4.39320e+00
-1.33281e+00  3.45422e+00 -4.80313e+00
-1.26794e+00  3.46050e+00 -4.74989e+00
-1.26822e+00  3.39791e+00 -4.66244e+00
-4.97991e-01  2.43109e+00 -5.87137e+00
-4.12903e-01  3.03598e+00 -5.92241e+00
-7.33232e-01  2.15407e+00 -5.58957e+00
-6.61024e-01  2.23712e+00 -5.78250e+00
-1.47909e+00  2.43807e+00 -4.24705e+00
-4.53001e-01  3.23177e+00 -5.57941e+00
-4.57066e-01  3.17102e+00 -5.87672e+00
-4.44547e-01  3.17550e+00 -5.85053e+00
-5.62228e-01  3.03794e+00 -6.02728e+00
-4.69253e-01  3.09060e+00 -5.97183e+00
-3.18835e-01  2.64766e+00 -5.78558e+00
-2.09031e+00 -5.02414e+00  5.03585e-01
-1.42848e+00 -4.97966e+00  1.31858e+00
-7.12391e-01 -5.33009e+00  5.70185e-01
-2.35992e+00 -4.51473e+00  5.69315e-01
-7.95690e-01 -5.18499e+00  8.87096e-01
-1.77009e+00 -5.09984e+00 -2.17773e-01
-1.79138e+00 -5.15692e+00 -9.43186e-02
-1.40566e+00 -5.09343e+00  1.25974e+00
-2.28382e+00 -4.44627e+00  7.10785e-01
-1.84759e+00 -3.95271e+00  1.85975e-01
-7.63517e-01 -4.72186e+00  1.05784e+00
-2.23790e+00 -4.34907e+00  5.80657e-02
-2.18311e+00 -4.38823e+00 -3.34968e-02
-7.55610e-01 -4.75712e+00  1.03914e+00
 4.73372e+00  3.03632e+00 -1.08779e+00
 4.52761e+00  3.96599e+00 -1.02304e+00
 5.39301e+00  3.17938e+00 -9.34409e-01
 5.85066e+00  3.77154e+00 -9.43785e-01
 4.78214e+00  4.25356e+00 -1.05088e+00
 4.53087e+00  3.65238e+00 -1.11946e+00
 5.14619e+00  4.60778e+00 -1.01152e+00
 5.33025e+00  4.76918e+00 -1.01168e+00
 5.61890e+00  4.55594e+00 -9.90012e-01
 5.15524e+00  2.88924e+00 -1.10017e+00
 4.58586e+00  3.32474e+00 -9.73806e-01
 5.14437e+00  3.14953e+00 -1.54868e+00
 5.10823e+00  2.84959e+00 -1.30548e+00
 5.44540e+00  4.78646e+00 -1.00785e+00
 5.18808e+00  3.10637e+00 -1.53711e+00
 5.05069e+00  2.85557e+00 -1.35583e+00
 4.87917e+00  2.91806e+00 -1.34106e+00
 4.85509e+00  3.09602e+00 -1.43428e+00
 4.51845e+00  3.53171e+00 -9.86256e-01
 4.52602e+00  3.95181e+00 -1.00570e+00
 6.18236e-01 -4.84935e+00 -1.77643e+00
 5.43670e-01 -4.71607e+00 -2.28144e+00
 7.10802e-01 -3.65344e+00 -2.55833e+00
 9.53283e-01 -4.53476e+00 -1.53554e+00
-2.61901e-03 -4.00106e+00 -1.81186e+00
 1.07123e+00 -4.32560e+00 -1.66926e+00
 2.86806e-01 -3.38724e+00 -2.37198e+00
 2.62903e-01 -3.42778e+00 -1.92287e+00
-2.38286e-01 -4.51879e+00 -2.06642e+00
 7.29846e-01 -3.80930e+00 -2.61830e+00
 9.24884e-01 -4.19835e+00 -1.45170e+00
 8.96064e-01 -4.25122e+00 -2.32552e+00
-2.31472e-01 -4.51914e+00 -2.66670e+00
-1.07700e-01 -4.52827e+00 -2.69651e+00
-2.50498e-01 -4.55632e+00 -2.50421e+00
 2.32121e-01 -4.76189e+00 -1.92483e+00
 1.02576e+00 -3.99480e+00 -1.56278e+00
 9.87431e-01 -3.97557e+00 -1.50768e+00
-1.27500e+00 -2.51379e+00 -3.12826e+00
-1.20708e+00 -1.70808e+00 -2.10016e+00
-1.77006e+00 -1.74048e+00 -1.98981e+00
-1.59428e+00 -1.44138e+00 -2.30476e+00
-1.81316e+00 -1.42955e+00 -2.87953e+00
-1.35910e+00 -1.41069e+00 -2.36751e+00
-1.82750e+00 -1.80546e+00 -1.96929e+00
-2.03716e+00 -1.91445e+00 -2.21706e+00
-1.44634e+00 -2.51121e+00 -3.13652e+00
-1.16257e+00 -1.76322e+00 -3.25207e+00
-6.22531e-01 -2.40267e+00 -2.30208e+00
-5.94413e-01 -2.50556e+00 -2.12145e+00
-6.07038e-01 -2.49905e+00 -2.09382e+00
 9.94211e-01 -1.12951e+00  2.12657e+00
 1.48591e+00 -3.01301e-01  1.80052e+00
 1.75474e+00 -5.83782e-01  1.55990e+00
 1.55155e+00 -2.69677e-01  1.85302e+00
 1.10140e+00 -1.39095e+00  2.01801e+00
 1.32434e+00 -1.46306e+00  2.88574e+00
 2.59712e+00 -2.09882e+00  2.06029e+00
 1.27862e+00 -1.39148e+00  2.83943e+00
 2.57062e+00 -2.11038e+00  2.05210e+00
 1.37009e+00 -1.28396e+00  2.83541e+00
 1.76438e+00 -4.18203e-01  1.56618e+00
 2.56007e+00 -6.53901e-01  1.53906e+00
 2.80981e+00 -1.57514e+00  1.77935e+00
 1.43748e+00 -1.77032e+00  2.69855e+00
 2.72695e+00 -1.16192e+00  1.51539e+00
 2.80952e+00 -1.57917e+00  1.77026e+00
 2.71651e+00 -1.08534e+00  1.51863e+00
 2.20722e+00 -4.04570e-01  1.55677e+00
 1.38167e+00 -1.60816e+00  2.81542e+00
 2.66232e+00 -1.98824e+00  1.83124e+00
 2.78461e+00 -2.87788e+00 -6.21634e+00
 2.08587e+00 -3.30717e+00 -5.17122e+00
 2.69665e+00 -3.55599e+00 -5.00193e+00
 3.03779e+00 -3.21845e+00 -5.73435e+00
 3.04215e+00 -3.33142e+00 -5.54021e+00
 2.08675e+00 -3.30742e+00 -5.17085e+00
 2.08584e+00 -3.30699e+00 -5.17122e+00
-2.87263e+00 -6.85497e+00 -5.36992e-01
-2.86316e+00 -6.85865e+00 -5.47839e-01
-2.81196e+00 -6.93102e+00 -4.75744e-01
 5.58410e+00 -1.41432e+00  3.18297e+00
 5.55782e+00 -1.36221e+00  3.15901e+00
 5.77189e+00 -1.11874e+00  3.49087e+00
 5.61723e+00 -1.49056e+00  3.01442e+00
 6.11532e+00 -6.70152e-01  3.64948e+00
 5.80441e+00 -1.44676e+00  3.46658e+00
 3.90968e+00  2.47538e+00  4.44574e+00
 3.86622e+00  2.47977e+00  4.44880e+00
 3.85929e+00  2.51487e+00  4.42745e+00
-1.26723e+00  1.76067e+00 -6.29645e+00
-9.54283e-01  9.85790e-01 -7.09473e+00
-1.91409e+00  2.02025e+00 -6.84346e+00
-5.76368e-01  1.76650e+00 -6.56630e+00
-5.68922e-01  2.03943e+00 -6.29358e+00
-1.09157e+00  9.46510e-01 -7.03785e+00
-1.19533e+00  1.12204e+00 -6.78584e+00
-5.63505e-01  2.03468e+00 -6.30224e+00
-4.88078e-01  2.01381e+00 -6.52563e+00
-1.52114e+00  1.80076e+00 -6.44620e+00
-6.84683e-01  1.97625e+00 -6.27622e+00
-1.26426e+00  1.46599e+00 -6.44412e+00
-1.23112e+00  1.39116e+00 -6.48648e+00
-9.92198e-02  2.31909e+00 -4.44111e-01
-4.63591e-01  3.33634e+00 -1.27525e+00
 1.07058e+00  3.00430e+00 -8.93063e-01
 1.57717e-01  3.35594e+00  4.60524e-01
-4.06852e-01  2.91652e+00 -9.94505e-01
 4.81452e-02  2.73697e+00  1.64158e-01
 1.11591e-01  3.48361e+00  3.45929e-01
 8.20348e-02  2.31759e+00 -6.30205e-01
-3.14527e-02  2.53188e+00 -4.47323e-02
 5.17150e-01  2.45660e+00 -7.63470e-01
 8.60344e-01  2.92243e+00 -1.11105e+00
 6.50726e-01  3.19050e+00  1.52088e-01
 1.77394e-01  3.87922e+00 -2.29328e-01
-1.27306e-01  3.98631e+00 -2.51737e-01
 1.13869e+00  3.28832e+00 -4.87641e-01
 1.04548e+00  2.81656e+00 -8.38648e-01
 1.13418e+00  3.22215e+00 -3.98276e-01
 9.09141e-01  2.64471e+00 -9.26330e-01
 1.07571e+00  3.19930e+00 -3.07393e-01
 1.03402e+00  2.79732e+00 -8.43849e-01
-4.56834e-01  3.10357e+00 -1.11740e+00
-5.07513e-01  3.38160e+00 -1.23970e+00
-7.53493e-02  2.45982e+00 -1.58856e-01
-1.81745e-01  2.37049e+00 -4.33234e-01
 4.71423e+00  5.13423e+00  2.82736e+00
 4.83095e+00  5.19724e+00  2.51622e+00
 5.48250e+00  4.62668e+00  1.89617e+00
 4.90598e-01 -3.45607e+00  6.06965e+00
 1.29718e+00 -4.27570e+00  6.09863e+00
 5.66676e-01 -3.38963e+00  7.12818e+00
 1.12915e+00 -4.40292e+00  6.00496e+00
 8.60514e-01 -3.25569e+00  6.88945e+00
 4.88116e-01 -3.40287e+00  7.08543e+00
-3.65771e+00  1.70160e+00 -4.60116e+00
-3.11261e+00  2.66501e+00 -3.56500e+00
-3.44800e+00  1.50968e+00 -3.75020e+00
-3.32393e+00  2.48513e+00 -3.57314e+00
-2.48683e+00  2.37799e+00 -4.62512e+00
-3.63608e+00  1.86462e+00 -4.56818e+00
-3.32483e+00  1.98703e+00 -4.95104e+00
-3.23231e+00  2.30286e+00 -3.17186e+00
-3.03157e+00  2.18106e+00 -5.09376e+00
-3.04793e+00  2.61856e+00 -3.40738e+00
-2.65649e+00  2.28060e+00 -4.84793e+00
-2.62622e+00  2.79037e+00 -4.34596e+00
-2.53106e+00  2.28949e+00 -4.69541e+00
-2.42628e+00  2.72445e+00 -4.18040e+00
-2.76736e+00  2.37194e+00 -4.96356e+00
-2.82072e+00  2.38808e+00 -5.00932e+00
-2.34342e+00  2.63282e+00 -4.18102e+00
-2.11342e+00  1.37609e+00 -2.43359e-01
-2.39729e+00  1.39111e+00 -3.27490e-01
-2.40998e+00  4.46151e-01 -6.35685e-01
-3.17851e+00  1.24582e+00  8.70733e-01
-2.49755e+00  1.08442e+00  1.22323e+00
-3.36328e+00  8.76131e-01  4.95778e-01
-2.74155e+00  1.82600e+00  2.24711e-01
-1.70071e+00  1.17805e+00  7.35167e-01
-2.03954e+00  1.45658e+00 -9.28045e-02
-1.79193e+00  1.28157e+00  8.31579e-01
-2.35393e+00 -1.57181e-01 -1.94901e-01
-1.75526e+00  5.15535e-01  7.51984e-01
-2.17466e+00  2.41667e-03  5.98497e-01
-2.32897e+00  5.86856e-01 -5.64997e-01
-2.97462e+00  4.28914e-01 -8.18193e-01
-3.20109e+00  1.30989e+00  7.84144e-01
-2.45022e+00 -2.82784e-01  3.31768e-01
-2.44727e+00 -2.83815e-01  3.29688e-01
-2.35789e+00  4.48406e-01 -6.01239e-01
-2.34319e+00 -2.60141e-01  2.48060e-01
-2.06980e+00  4.02877e-01  1.05276e+00
-1.94146e+00  3.37153e-01  9.37060e-01
-2.39985e+00 -2.87966e-01  2.60347e-01
-2.77951e+00  3.05319e-01 -7.96836e-01
-2.05956e+00  1.11335e+00  1.14238e+00
-2.72525e+00  1.83187e+00  2.20730e-01
-2.16463e+00  1.58256e+00  6.59464e-01
-2.46320e+00  1.81674e+00  2.96457e-01
-1.71442e+00  1.21371e+00  6.96482e-01
-1.90399e+00  3.81584e-01  9.43578e-01
-1.72889e+00  1.22768e+00  7.63903e-01
-2.25176e+00  1.18353e+00  1.14973e+00
-1.97711e+00  5.36381e-01  1.08382e+00
-1.71406e+00  8.82067e-01  7.67682e-01
-2.19815e+00 -1.06873e-01 -1.20928e-01
-2.16430e+00 -1.10913e-01 -4.32527e-02
-2.15145e+00  7.97989e-01  1.26432e+00
-2.07693e+00  6.15225e-01  1.19137e+00
 3.35467e-01 -4.11501e+00  3.78383e+00
-3.55407e-01 -3.19921e+00  3.54135e+00
-1.35216e-01 -2.12418e+00 -6.41656e+00
 8.01175e-01 -1.89239e+00 -6.48155e+00
-5.25157e-02 -1.89578e+00 -6.49460e+00
 2.46848e-02 -1.87051e+00 -6.46235e+00
-1.87044e+00 -5.28174e+00 -2.05111e-01
-1.84326e+00 -5.20912e+00 -3.61141e-01
-2.25831e-01 -6.08661e+00  5.93637e-01
-1.45971e+00 -6.03352e+00 -9.29935e-01
-1.53414e+00 -6.04209e+00 -8.85632e-01
-1.78157e+00 -5.29471e+00 -5.26584e-01
-5.40739e-01 -6.74449e+00  7.48972e-02
-1.07287e+00 -6.59021e+00  6.53063e-01
-3.37141e-01 -6.37649e+00  4.32839e-01
-1.59333e+00 -5.78041e+00  1.78373e+00
-2.32202e+00 -5.67980e+00  1.58840e+00
 3.73079e+00  2.45372e+00  2.61981e-01
 3.56769e+00  1.89139e+00 -1.14107e+00
 2.95951e+00  2.69436e+00 -2.54270e-01
 4.22580e+00  1.91504e+00 -7.82490e-01
 3.16131e+00  2.75633e+00 -1.42019e-01
 2.96317e+00  1.68684e+00 -8.18873e-01
 4.43336e+00  2.20491e+00  2.77412e-01
 4.33580e+00  2.35438e+00 -1.70502e-01
 3.50899e+00  2.65173e+00 -2.06283e-01
 4.18109e+00  1.31589e+00 -6.64160e-02
 3.24437e+00  1.42405e+00 -7.52528e-01
 4.32441e+00  1.36051e+00 -3.72255e-02
 3.02909e+00  2.72222e+00 -3.56512e-01
 3.01019e+00  2.69306e+00 -3.78993e-01
 4.18989e+00  1.92520e+00  3.10007e-01
 4.44994e+00  1.91577e+00  3.07148e-01
 3.50577e+00  1.87003e+00 -1.15110e+00
 3.09912e+00  2.02097e+00 -9.67224e-01
 2.94690e+00  2.65349e+00 -2.45959e-01
 3.43290e+00  2.59679e+00  1.09670e-01
 3.19799e+00  1.88904e+00 -1.09359e+00
 2.98033e+00  1.62474e+00 -8.42743e-01
 3.02361e+00  2.76651e+00 -2.40342e-01
 3.03590e+00  2.74089e+00 -3.29441e-01
 4.38141e+00  1.44535e+00 -1.08760e-01
 4.41268e+00  1.50661e+00  5.40143e-02
 3.97838e+00 -1.72474e+00  3.13496e+00
 4.94801e+00 -2.70974e+00  3.58228e+00
 4.64266e+00 -1.62457e+00  3.70968e+00
 5.01931e+00 -2.65616e+00  3.44331e+00
 5.23185e+00 -1.21461e+00  3.19444e+00
 3.96287e+00 -1.74400e+00  3.17554e+00
 5.16893e+00 -1.98039e+00  3.73085e+00
 4.70232e+00 -1.73355e+00  3.75785e+00
 4.18587e+00 -1.75744e+00  3.51874e+00
 4.51558e+00 -2.18807e+00  3.66315e+00
 4.44430e+00 -2.02874e+00  3.69047e+00
 4.30534e+00 -2.12742e+00  3.38199e+00
 4.74619e+00 -2.58419e+00  3.59754e+00
-4.42247e+00  4.89373e+00 -2.35725e-01
-4.08041e+00  4.91904e+00  3.82752e-01
-3.60502e+00  4.32487e+00  6.27036e-01
-4.80655e+00  4.51523e+00  5.30638e-01
-3.61460e+00  4.33010e+00  6.44286e-01
-4.46917e+00  4.53248e+00  6.03179e-01
-4.33823e+00  4.78470e+00  4.67972e-01
-4.79394e+00  4.57301e+00  4.95331e-01
-4.05716e+00  5.00862e+00  4.51834e-03
-3.66585e+00  4.23936e+00  6.93222e-01
-3.67061e+00  4.16658e+00  6.74253e-01
-5.72420e+00  8.29281e-01 -2.69892e+00
-5.29912e+00  1.25507e+00 -2.67649e+00
-5.29891e+00  4.84947e-01 -2.80984e+00
-4.99879e+00  7.99323e-01 -3.91707e+00
-4.96492e+00  6.22045e-01 -3.20639e+00
-5.86019e+00  1.09165e+00 -2.68883e+00
-5.31639e+00  4.61284e-01 -2.83867e+00
-5.25984e+00  3.27502e-01 -3.37793e+00
-5.27859e+00  1.49326e+00 -3.46207e+00
-5.39261e+00  6.53654e-01 -2.70342e+00
-5.16122e+00  1.08395e+00 -2.68261e+00
-5.19923e+00  1.18526e+00 -2.67858e+00
-5.24077e+00  1.31297e+00 -2.81366e+00
-4.93919e+00  6.24822e-01 -3.79489e+00
-5.30861e+00  2.65160e-01 -3.76518e+00
 1.46045e-01 -1.61276e+00 -5.73480e+00
 5.36847e-01 -1.91790e+00 -5.11028e+00
-7.83911e-03 -1.57997e+00 -5.87689e+00
-7.06251e-01 -2.39087e+00 -5.38141e+00
-5.90007e-01 -1.63875e+00 -6.19724e+00
-8.29369e-01 -1.93266e+00 -5.66129e+00
-7.22521e-01 -1.97251e+00 -5.88945e+00
-8.22276e-01 -1.97448e+00 -5.64850e+00
-5.63179e-01 -2.63611e+00 -4.99411e+00
-7.03433e-01 -1.49710e+00 -6.07150e+00
 5.27780e-01 -1.86993e+00 -5.10900e+00
 4.14835e-01 -1.48534e+00 -5.17523e+00
-1.09417e+00  3.69736e+00 -4.44974e+00
-1.09586e+00  3.83272e+00 -4.64723e+00
-9.65434e-01  3.89919e+00 -4.71189e+00
-4.29060e-01  3.29286e+00 -5.55897e+00
 2.36144e-01  3.77243e+00 -4.38884e+00
-4.00235e-01  3.81554e+00 -5.23766e+00
 9.54046e-03  3.97891e+00 -4.58803e+00
-1.01653e+00  3.63096e+00 -4.33397e+00
 2.17905e-01  3.86149e+00 -4.36581e+00
 2.15037e-01  3.58189e+00 -3.95946e+00
-3.31304e+00  3.42902e+00  3.53231e+00
-2.97149e+00  4.00218e+00  2.96504e+00
-3.27558e+00  4.32184e+00  2.44243e+00
-3.68658e+00  2.79439e+00  3.21899e+00
-3.08491e+00  4.15204e+00  2.66318e+00
-3.30354e+00  4.17571e+00  3.00708e+00
-3.43635e+00  2.98092e+00  3.22655e+00
-3.54644e+00  2.86012e+00  3.33586e+00
-4.05234e+00  2.90503e+00  2.89934e+00
-3.65529e+00  2.79337e+00  3.29071e+00
-4.12819e+00  2.99985e+00  3.21067e+00
-3.06241e+00  3.51854e+00  3.02946e+00
-3.19957e+00  4.14563e+00  2.43816e+00
-3.28896e+00  4.18353e+00  2.35130e+00
-4.36339e+00  3.48019e+00  2.24023e+00
-3.28351e+00  4.31905e+00  2.42341e+00
-3.29287e+00  4.31825e+00  2.41200e+00
-2.94413e+00  3.80131e+00  3.12144e+00
-3.32231e+00  3.44079e+00  3.53254e+00
-3.51525e+00  4.37542e+00  2.47926e+00
-3.18703e+00  4.15592e+00  2.45790e+00
-3.10397e+00  3.66337e+00  3.33145e+00
-3.20821e+00  3.67513e+00  3.38125e+00
-4.43131e+00  4.22824e+00  2.79970e+00
-3.74153e+00  4.47397e+00  2.72681e+00
-3.68747e+00  4.46676e+00  2.74012e+00
-3.93169e+00 -3.72238e+00  3.77011e+00
-4.30563e+00 -4.37566e+00  3.06504e+00
-4.19990e+00 -4.24929e+00  3.08244e+00
-3.43603e+00 -4.04859e+00  3.48745e+00
-4.79653e+00 -4.07430e+00  3.57424e+00
-3.37708e+00 -4.00820e+00  4.56510e+00
-2.92127e+00 -4.53129e+00  4.10285e+00
-4.00062e+00 -3.76114e+00  3.28132e+00
-3.48987e+00 -3.99329e+00  3.47376e+00
-3.56061e+00 -3.85470e+00  4.14988e+00
-4.09141e+00 -3.69987e+00  3.37917e+00
-4.81659e+00 -4.10322e+00  3.56765e+00
-4.77853e+00 -4.14461e+00  3.51620e+00
 5.82585e+00  1.64567e+00  2.02021e-01
 5.90650e+00  1.70807e+00 -7.72153e-01
 5.70350e+00  1.78684e+00  2.37398e-01
 5.85607e+00  2.30761e+00 -1.80219e-01
 5.83081e+00  2.00993e+00 -8.02100e-01
 5.70210e+00  2.20465e+00 -3.20341e-01
 5.80181e+00  1.83151e+00 -7.58019e-01
 6.11015e+00  1.75857e+00 -8.98642e-01
 5.81011e+00  1.86792e+00 -7.74874e-01
 6.09727e+00  1.87255e+00 -9.30551e-01
 5.58371e+00  1.96913e+00  2.57178e-03
 5.63293e+00  2.12039e+00 -1.16210e-01
-4.69951e-01 -1.81532e+00  7.56182e+00
-7.37359e-01 -1.82962e+00  7.29710e+00
 2.27025e-01 -2.00265e+00  7.84748e+00
 2.43903e-01 -2.36845e+00  7.62694e+00
-5.69595e-01 -1.89910e+00  7.45191e+00
 2.42658e-01 -2.36726e+00  7.62871e+00
 3.10603e-01 -1.87065e+00  7.84738e+00
 4.53069e-01 -1.32406e+00  7.51999e+00
 2.42273e-01 -1.26206e+00  7.68812e+00
-5.91673e-01 -1.60510e+00  7.47246e+00
-3.64606e-01 -1.24370e+00  7.47158e+00
 2.76676e-01 -1.24467e+00  7.65069e+00
 5.65730e-01 -1.87501e+00  7.61822e+00
 5.72133e-01 -1.90410e+00  7.59619e+00
 5.82380e+00 -1.76639e-01 -4.16547e+00
 5.32338e+00  6.10205e-01 -3.75924e+00
 5.67682e+00  1.30896e+00 -4.16720e+00
 6.09922e+00 -1.44674e-01 -4.54751e+00
 4.93415e+00  2.03177e-01 -4.24898e+00
 5.59581e+00  1.04976e+00 -3.91283e+00
 4.87011e+00  1.47734e-01 -4.35186e+00
 5.15848e+00  5.30623e-01 -3.90293e+00
 4.81271e+00 -1.77892e-01 -4.76693e+00
 5.84463e+00  2.39689e-01 -3.73236e+00
 5.81146e+00  1.05958e-01 -3.84213e+00
 5.19878e+00  1.13982e+00 -4.45615e+00
 5.46673e+00  9.01559e-01 -3.85596e+00
 6.05933e+00 -1.30972e-01 -4.37658e+00
 4.89768e+00 -2.54049e-01 -5.05251e+00
 4.62742e+00  3.68026e-01 -5.13521e+00
 4.65803e+00  3.19308e-01 -5.18254e+00
 1.18342e-01  2.21392e+00 -6.79289e-01
 9.76489e-01  2.04406e+00  6.78844e-01
 1.05718e+00  2.21765e+00 -5.06856e-01
 1.12245e+00  2.16155e+00 -3.16657e-01
 9.51152e-01  1.98568e+00  7.28225e-01
-2.62513e-02  1.91824e+00 -2.83841e-01
 1.07347e+00  1.48643e+00 -1.87300e-02
 1.19024e+00  2.04215e+00  2.38407e-01
 1.24700e+00  1.94013e+00  1.16539e-01
-7.79586e-02  2.09201e+00 -4.91858e-01
-1.89860e-02  2.47775e+00  2.45475e-01
 1.25645e-02  2.35268e+00  3.56092e-01
 3.24507e-02  2.08004e+00 -6.06478e-01
 2.26789e-01  2.21340e+00  4.89338e-01
 5.20037e-01  2.45581e+00 -7.64920e-01
-3.01442e-02  2.06222e+00 -5.44308e-01
-5.63298e-02  2.52796e+00  3.07556e-02
-4.14371e+00  5.48440e+00  1.12550e-01
-4.14527e+00  5.27196e+00  4.69435e-01
 2.58673e+00 -6.28168e+00  3.67679e+00
 1.90089e+00 -5.35876e+00  3.08845e+00
 1.86636e+00 -5.43936e+00  3.03006e+00
 2.79559e+00 -6.22976e+00  3.93134e+00
 2.03907e+00 -5.33987e+00  3.25336e+00
 2.49360e+00 -5.49504e+00  3.74661e+00
 1.36733e+00 -5.16840e+00  4.46691e+00
 1.46748e+00 -5.07035e+00  4.40950e+00
-5.13832e+00 -5.10440e-02  4.18859e+00
-4.96209e+00  1.44737e-01  4.82958e+00
-4.97423e+00 -1.06732e+00  4.43162e+00
-3.79798e+00  8.37480e-01 -5.11584e+00
-3.89175e+00  2.48700e-01 -4.10777e+00
-4.11988e+00  9.03597e-01 -5.16167e+00
-4.61477e+00  5.11203e-01 -4.40222e+00
-3.85464e+00  2.05025e-01 -4.18963e+00
-3.74145e+00  6.27673e-01 -4.77485e+00
-3.80226e+00  3.21863e-01 -4.24881e+00
-4.84394e+00  7.58688e-01 -4.77152e+00
-4.71398e+00  9.83811e-01 -5.17603e+00
 5.83857e+00  4.04055e-01 -1.89676e+00
 6.11068e+00  9.88945e-01 -2.57485e+00
 6.06521e+00 -3.96368e-03 -2.40899e+00
 5.96283e+00  7.41976e-01 -1.82662e+00
 6.15364e+00  1.12607e+00 -2.30414e+00
 6.01602e+00  1.03551e+00 -2.35364e+00
 5.85252e+00  7.07869e-01 -1.94759e+00
-2.26287e+00 -1.08430e+00 -1.25086e+00
-2.46555e+00 -8.48616e-01 -1.27254e+00
-2.84904e+00 -2.27816e+00 -2.19252e+00
-2.64335e+00 -1.79462e+00 -2.35685e+00
-2.42028e+00 -8.79543e-01 -1.24744e+00
-2.63114e+00 -1.77069e+00 -2.33012e+00
-2.89597e+00 -1.82586e+00 -2.44362e+00
-2.84692e+00 -2.34699e+00 -1.62876e+00
-2.40427e+00 -1.43136e+00 -1.02540e+00
-2.56173e+00 -8.34415e-01 -1.37391e+00
-2.83008e+00 -9.53989e-01 -9.84088e-01
-2.74301e+00 -7.81290e-01 -1.10575e+00
 5.60675e+00 -3.21130e+00 -6.60269e-01
 5.67462e+00 -3.18350e+00 -9.40743e-01
 5.14128e+00 -4.20068e+00 -5.67224e-01
 5.09753e+00 -4.29080e+00 -5.89934e-01
 5.39331e+00 -3.38860e+00 -6.24905e-01
 4.79478e+00 -4.42023e+00 -1.06539e+00
 5.91456e+00 -2.40367e+00 -1.80674e+00
 5.77395e+00 -2.05594e+00 -1.81317e+00
 6.27018e+00 -1.41037e+00 -2.11013e+00
 5.92572e+00 -2.44503e+00 -1.52563e+00
 5.77530e+00 -2.06550e+00 -1.68653e+00
 6.01469e+00 -1.73082e+00 -2.09157e+00
 5.92366e+00 -1.89303e+00 -1.54379e+00
 1.00681e+00  6.44922e+00  1.26222e-01
-3.77988e+00 -1.73840e+00 -4.93814e+00
-3.42529e+00 -1.89484e+00 -5.04383e+00
-4.08361e+00 -1.78213e+00 -4.96310e+00
-3.90985e+00 -1.91568e+00 -4.82090e+00
-3.55643e+00 -1.77756e+00 -5.02462e+00
-3.28737e+00 -3.02860e+00 -4.72600e+00
-3.26407e+00 -3.04504e+00 -4.79227e+00
-3.30303e+00 -2.71425e+00 -4.82418e+00
-3.43818e+00 -1.91174e+00 -5.12344e+00
-3.53590e+00 -1.81498e+00 -5.08228e+00
 8.70657e-04 -5.90288e+00 -2.90606e+00
 2.22707e-01 -5.84625e+00 -3.28196e+00
 1.28358e+00 -5.96095e+00 -2.71135e+00
 1.26018e+00 -5.92585e+00 -2.71500e+00
 7.00332e-01 -5.53880e+00 -3.34458e+00
 1.43297e-02 -5.89204e+00 -2.92065e+00
 8.13675e-01 -5.78084e+00 -2.61655e+00
 6.99271e-01 -5.84243e+00 -2.55972e+00
 7.39273e-01 -5.99881e+00 -2.52263e+00
 7.11558e-01 -5.51916e+00 -3.29912e+00
 6.93699e-01 -5.52260e+00 -3.26634e+00
 7.11065e-01 -5.51920e+00 -3.29804e+00
 7.13285e-01 -5.52036e+00 -3.29719e+00
-1.91880e+00  1.63909e+00  4.64314e+00
-1.71321e+00  1.60222e+00  4.06136e+00
-2.67125e+00  7.97041e-01  4.74848e+00
-2.44546e+00  8.21055e-01  4.98559e+00
-2.31659e+00  1.25730e+00  5.07975e+00
-1.83371e+00  1.17186e+00  4.13596e+00
-2.77575e+00  9.13543e-01  4.79192e+00
-2.46948e+00  8.16454e-01  4.97107e+00
-2.70703e+00  8.60162e-01  4.36142e+00
-1.69427e+00  1.42995e+00  4.07657e+00
-1.71499e+00  1.60498e+00  4.06144e+00
-1.71194e+00  1.60215e+00  4.06867e+00
-1.69039e+00  1.57367e+00  4.17785e+00
 8.88057e-01  2.04545e+00 -6.47604e+00
 2.97490e-01  2.20354e+00 -7.33834e+00
 9.04773e-01  2.06146e+00 -6.46752e+00
 9.87280e-01  2.29587e+00 -6.54598e+00
 3.83352e-01  1.97772e+00 -7.05566e+00
 8.88951e-01  1.46535e+00 -6.86830e+00
 7.88082e-01  2.51855e+00 -6.96819e+00
 9.04008e-01  1.48692e+00 -6.83776e+00
 1.46012e+00  1.41277e+00 -6.94508e+00
 6.13707e-01 -3.47466e+00 -3.33063e+00
 9.30759e-02 -3.09083e+00 -3.23881e+00
 3.60926e-01 -3.40321e+00 -3.37259e+00
-3.95729e-01 -4.54185e+00 -2.73345e+00
 8.53595e-01 -3.68368e+00 -3.07297e+00
 6.67675e-01 -3.83768e+00 -3.22489e+00
-2.59437e-02 -2.95322e+00 -2.46122e+00
 8.61090e-01 -3.32051e+00 -3.12082e+00
 8.48395e-01 -3.25792e+00 -3.07848e+00
-8.07271e-01 -3.95587e+00 -3.32083e+00
-8.06784e-01 -3.94447e+00 -3.32395e+00
-8.12192e-01 -3.94769e+00 -3.31407e+00
-8.07494e-01 -3.94221e+00 -3.32320e+00
-2.13621e-01 -4.60329e+00 -3.08880e+00
-2.38552e-01 -4.62847e+00 -3.00037e+00
-3.61789e-01 -4.61260e+00 -2.94999e+00
-4.24400e-01 -4.53090e+00 -3.12736e+00
-3.18338e+00  3.89640e+00  1.54312e+00
-2.79080e+00  3.78970e+00  1.49344e+00
-1.75568e+00  4.22644e+00  1.29122e+00
-1.86633e+00  4.11724e+00  1.31904e+00
-3.13709e+00  4.85917e+00  1.44052e+00
-2.35079e+00  3.57877e+00  1.15979e+00
-3.27510e+00  4.44837e+00  4.72236e-01
-3.16570e+00  3.81983e+00  1.45043e+00
-2.98024e+00  3.82648e+00  1.51887e+00
-3.40022e+00  4.80119e+00  1.15610e+00
-1.75109e+00  4.39156e+00  1.27414e+00
-3.34440e+00  4.54650e+00  1.50336e+00
-3.31477e+00  3.98799e+00  1.55420e+00
-3.69567e+00  3.82096e+00  9.72379e-01
-3.41350e+00  4.76510e+00  1.07034e+00
-3.53543e+00  3.52408e+00  6.96027e-01
-3.70438e+00  3.66959e+00  7.49640e-01
-3.52118e+00  4.58203e+00  1.23224e+00
-3.66506e+00  4.28195e+00  1.01476e+00
 2.91900e+00  4.36908e+00 -2.09012e+00
 1.80395e+00  3.98042e+00 -2.12389e+00
 2.43991e+00  3.04253e+00 -2.30440e+00
 2.61713e+00  3.17269e+00 -1.76022e+00
 1.87585e+00  3.42523e+00 -1.89406e+00
 2.33983e+00  3.08963e+00 -1.66692e+00
 2.35254e+00  3.01229e+00 -2.21342e+00
 1.60690e+00  3.95698e+00 -1.88239e+00
 1.60433e+00  4.21973e+00 -1.77276e+00
 2.43927e+00  3.07562e+00 -2.34962e+00
 1.61585e+00  4.23944e+00 -1.77946e+00
 2.51930e+00  3.94471e+00 -1.16042e+00
 2.94883e+00  3.93114e+00 -1.40557e+00
 2.39000e+00  3.04283e+00 -1.72754e+00
 2.36437e+00  3.00366e+00 -2.20821e+00
 2.65988e+00  4.05766e+00 -1.15761e+00
 2.25178e+00  4.33139e+00 -1.20928e+00
 2.26247e+00  4.32497e+00 -1.20349e+00
 2.13487e+00  4.59317e+00 -1.57731e+00
 2.46326e+00  4.26102e+00 -1.18491e+00
 2.44102e+00  4.58532e+00 -1.69160e+00
-3.84146e-01 -4.09035e-01 -6.61266e+00
 3.15562e-02  1.01181e+00 -7.26067e+00
-6.77174e-01 -2.99381e-01 -6.42243e+00
-6.64797e-01 -4.11243e-01 -6.51901e+00
-2.62612e-01  1.02681e+00 -7.06351e+00
 8.77472e-02  8.79266e-01 -6.80073e+00
 1.31600e-01  9.48973e-01 -7.10617e+00
-6.00578e+00  2.90094e+00 -2.56710e+00
-5.04390e+00  1.79391e+00 -3.26479e+00
-5.07929e+00  1.86049e+00 -3.49902e+00
-4.96730e+00  3.09445e+00 -2.27672e+00
-5.02960e+00  1.85269e+00 -3.43106e+00
-5.05178e+00  2.21756e+00 -2.30433e+00
-5.07072e+00  1.78436e+00 -3.25957e+00
-5.44729e+00  1.97321e+00 -2.46020e+00
-5.41289e+00  2.00606e+00 -2.42055e+00
-5.52478e+00  2.05576e+00 -2.45246e+00
-6.06678e+00  2.68751e+00 -2.59307e+00
-5.99737e+00  2.91882e+00 -2.56394e+00
-4.99172e+00  3.08975e+00 -2.25516e+00
-4.97072e+00  3.07390e+00 -2.24941e+00
 2.85012e+00 -2.01770e+00 -9.61175e-01
 2.29067e+00 -1.78008e+00 -7.63736e-01
 1.52179e+00 -1.47330e+00 -1.14851e+00
 1.50613e+00 -1.47520e+00 -1.14541e+00
 2.75294e+00 -2.64515e+00 -2.12416e+00
 3.15530e+00 -2.17451e+00 -1.96988e+00
 2.81340e+00 -2.46581e+00 -8.03451e-01
 3.24409e+00 -2.19972e+00 -1.58679e+00
 1.82360e+00 -2.22689e+00 -3.97471e-01
 1.59133e+00 -2.19697e+00 -4.52312e-01
 1.84675e+00 -1.97373e+00 -4.87749e-01
 1.68556e+00 -1.93656e+00 -5.31935e-01
 1.51560e+00 -1.64959e+00 -9.11450e-01
 2.42487e+00 -2.90815e+00 -6.30800e-01
 2.34847e+00 -2.67754e+00 -5.11615e-01
-5.72066e+00 -6.53203e-01 -3.35606e+00
-5.54251e+00 -1.40541e+00 -3.70981e+00
-5.66785e+00 -1.62463e+00 -3.77734e+00
-5.81162e+00 -1.65581e+00 -3.43704e+00
-5.72640e+00 -1.70662e+00 -3.77019e+00
-5.69482e+00 -1.66693e+00 -3.78265e+00
-5.61838e+00 -9.95305e-01 -3.06342e+00
-5.52003e+00 -1.08096e+00 -3.15687e+00
-5.42738e+00 -1.06786e+00 -3.38944e+00
 2.42162e+00  3.78316e+00 -3.94794e+00
 1.52098e+00  5.32892e+00 -4.42785e+00
 1.84430e+00  4.72696e+00 -4.04494e+00
 2.07283e+00  3.86608e+00 -4.20400e+00
 1.79281e+00  4.80619e+00 -4.09840e+00
 2.14721e+00  3.76128e+00 -4.18469e+00
 2.06654e+00  3.84970e+00 -4.85564e+00
 1.63858e+00  4.46259e+00 -4.71069e+00
 1.40592e+00  4.98285e+00 -4.82597e+00
 1.48109e+00  5.24648e+00 -4.45271e+00
 1.42288e+00  5.14941e+00 -4.65841e+00
 2.16454e+00  3.71984e+00 -4.61886e+00
 2.45778e+00  3.74890e+00 -4.30628e+00
-3.01189e-01  3.36228e+00  9.23228e-01
-9.77093e-01  3.89400e+00 -1.57141e-01
-1.44416e+00  5.09191e+00  4.73076e-01
-1.07437e+00  3.73400e+00  1.47178e+00
-1.43510e+00  5.08303e+00  6.12764e-01
-1.48939e+00  5.02225e+00  4.05750e-01
-1.23519e-01  3.39871e+00  7.98830e-01
-7.14825e-01  4.10124e+00 -5.52574e-02
-8.11372e-01  3.97697e+00 -1.16608e-01
-6.32473e-01  4.09729e+00 -3.25294e-02
-5.93505e-01  4.04989e+00 -3.40340e-02
-7.98210e-02  3.43798e+00  7.95434e-01
-1.09010e+00  4.67413e+00  1.30478e+00
-1.43863e+00  4.34294e+00  1.59281e+00
-1.44241e+00  4.20876e+00  1.62054e+00
-1.72725e+00  4.43010e+00  1.29956e+00
-1.35369e-01  3.50722e+00  9.06687e-01
-4.18801e-01  3.44539e+00  1.10181e+00
-1.58480e+00  4.40416e+00  1.44818e+00
-1.69117e+00  4.49980e+00  1.27519e+00
-1.68228e+00  4.40367e+00  1.36131e+00
-1.64457e+00  4.24105e+00  1.43266e+00
-1.91524e+00  1.56291e+00 -1.10728e+00
-1.15326e+00  2.31902e+00 -6.87956e-01
-1.93050e+00  1.45517e+00 -4.32088e-01
-1.43035e+00  1.90898e+00 -1.59011e+00
-1.92796e+00  1.45582e+00 -4.22808e-01
-2.12015e+00  1.64244e+00 -9.73386e-01
-2.38772e+00  2.44587e+00 -1.38971e+00
-1.11965e+00  1.75054e+00 -6.20174e-01
-1.89425e+00  1.47435e+00 -6.50330e-01
-1.93460e+00  2.38346e+00 -1.78167e+00
-1.40422e+00  1.67446e+00 -1.52344e+00
-1.79612e+00  2.21460e+00 -1.77487e+00
-1.52513e+00  1.63192e+00 -1.54843e+00
-1.54398e+00  1.62447e+00 -1.52364e+00
-1.72707e+00  1.52550e+00 -3.46525e-01
-1.89589e+00  1.50843e+00 -2.76961e-01
-1.73156e+00  3.14269e+00 -5.75584e-01
 3.41256e+00 -3.75107e+00 -4.91272e+00
 2.95975e+00 -3.72750e+00 -3.88245e+00
 3.79814e+00 -4.94589e+00 -4.08990e+00
 3.72789e+00 -4.78934e+00 -3.99975e+00
 3.82549e+00 -4.82457e+00 -4.17372e+00
 3.61857e+00 -4.19744e+00 -5.02705e+00
 3.33008e+00 -4.35382e+00 -3.75650e+00
 3.77283e+00 -4.52796e+00 -4.52279e+00
 3.35984e+00 -4.42931e+00 -5.11588e+00
 3.12114e+00 -3.37480e+00 -4.82583e+00
 2.88029e+00 -3.50396e+00 -4.05173e+00
 2.79096e+00 -3.56255e+00 -3.97790e+00
 2.71255e+00 -4.50771e+00 -4.99700e+00
 2.84849e+00 -3.33275e+00 -4.24991e+00
 3.11134e+00 -3.37242e+00 -4.82593e+00
 2.75391e+00 -3.53924e+00 -4.00292e+00
 3.40302e+00 -5.24283e+00 -4.28061e+00
 3.28449e+00 -5.23580e+00 -4.28086e+00
 2.72106e+00 -3.55366e+00 -4.91051e+00
 2.70050e+00 -3.54055e+00 -4.88351e+00
 2.89029e+00 -3.22288e+00 -4.52380e+00
 3.11286e+00 -3.36690e+00 -4.81891e+00
 3.12977e+00 -5.34495e-01 -1.60836e+00
 3.93819e+00  5.02189e-01 -8.63625e-01
 4.27057e+00 -1.43952e-01 -2.09190e+00
 3.33013e+00 -6.79681e-01 -1.26312e+00
 3.16919e+00  3.50915e-01 -1.90559e+00
 4.42908e+00 -1.08662e-01 -1.97166e+00
 3.76859e+00 -1.82887e-01 -8.33044e-01
 4.03470e+00 -5.58985e-01 -1.20435e+00
 4.04458e+00  4.99410e-01 -8.89942e-01
 3.83691e+00 -2.52888e-02 -7.98073e-01
 3.94445e+00 -2.31050e-01 -8.91429e-01
 3.94362e+00 -2.71164e-02 -8.24543e-01
 3.69634e+00  6.85630e-01 -1.28361e+00
 3.58188e+00 -7.97722e-01 -1.39251e+00
 4.07308e+00 -5.74489e-01 -1.29791e+00
 3.46467e+00 -8.10977e-01 -1.51278e+00
 3.49758e+00 -8.32162e-01 -1.41821e+00
 1.77425e+00  5.44733e+00  3.13648e+00
 1.75271e+00  5.96310e+00  2.97798e+00
 2.14615e+00  5.13996e+00  3.59381e+00
 1.93624e+00  5.35021e+00  3.18288e+00
 2.06986e+00  5.38506e+00  3.18632e+00
 1.77589e+00  4.86972e+00  3.97317e+00
-4.20484e+00 -4.41099e+00  1.67946e+00
-4.30657e+00 -4.30897e+00  2.05986e+00
-4.29064e+00 -4.55302e+00  2.75459e+00
-4.56717e+00 -4.61083e+00  2.49598e+00
-4.18176e+00 -4.40594e+00  2.51476e+00
-3.72407e+00 -4.33384e+00  1.68576e+00
-3.53725e+00 -4.40732e+00  1.62727e+00
-4.18040e+00 -4.26643e+00  2.13343e+00
-3.53508e+00 -4.60403e+00  2.15929e+00
-4.40561e+00 -4.62508e+00  2.77904e+00
-4.35742e+00 -4.60307e+00  2.79131e+00
-4.06456e+00  7.81340e-02 -2.42311e-01
-3.25069e+00  3.92297e-01 -1.25136e+00
-4.19418e+00 -1.81354e-01 -3.78440e-01
-3.59422e+00 -2.80578e-01  4.12762e-01
-3.28328e+00 -5.09829e-01  4.90914e-01
-4.02064e+00 -2.02786e-01  4.10701e-02
-3.75750e+00  8.86803e-02 -1.02715e+00
-3.39806e+00 -1.28067e+00 -4.94328e-01
-2.89692e+00 -1.11262e+00 -6.34013e-01
-2.98570e+00  1.68546e-01 -1.21273e+00
-3.20302e+00  3.36179e-01 -1.29552e+00
-2.98492e+00  2.43163e-01 -1.18564e+00
-1.34745e+00  5.11076e+00 -1.81628e+00
-1.02424e-01  3.97776e+00 -1.64870e+00
-1.98695e-01  5.13568e+00 -1.27997e+00
-1.25577e+00  4.90281e+00 -2.30152e+00
 4.65991e-02  4.11069e+00 -1.65044e+00
-1.04614e+00  4.78659e+00 -1.24263e+00
-7.65496e-02  4.56601e+00 -1.92905e+00
-1.35410e+00  5.14839e+00 -1.74052e+00
-5.24651e-01  5.33197e+00 -1.68265e+00
-1.16738e+00  5.24121e+00 -1.80037e+00
-8.76431e-01  4.83808e+00 -2.40808e+00
-5.17589e-01  3.75616e+00 -1.57601e+00
-1.09413e+00  4.86882e+00 -1.24523e+00
-9.84580e-01  4.87419e+00 -1.21086e+00
-5.80562e-01  3.79967e+00 -1.76622e+00
-2.58700e-01  5.02051e+00 -1.13994e+00
-2.60874e-01  5.01883e+00 -1.13839e+00
-9.17583e-03  4.37128e+00 -1.35049e+00
-4.01827e-01  3.80269e+00 -1.55646e+00
-2.56951e-01  5.01508e+00 -1.13954e+00
-1.03680e-01  4.76464e+00 -1.21977e+00
-1.22019e+00  4.75882e+00 -2.51674e+00
-1.23459e+00  4.68440e+00 -2.48606e+00
-6.22294e+00  1.04300e+00 -3.06305e-01
-5.98766e+00  1.24951e+00 -1.40396e+00
-6.34423e+00  2.39294e-02 -8.09120e-01
-5.28677e+00  1.12643e+00 -1.34528e+00
-6.27574e+00  1.10689e+00 -6.44174e-01
-6.58164e+00  4.23131e-01 -1.77390e-01
-5.20050e+00  7.22313e-01 -1.35167e+00
-5.33704e+00  1.21970e+00 -1.25491e+00
-5.32823e+00  6.45914e-01 -1.39542e+00
-5.62748e+00  1.03925e+00 -2.94622e-01
-5.55472e+00  4.90584e-01 -1.73393e-01
-5.93594e+00  2.59903e-01 -1.29939e-01
-6.02662e+00  2.37663e-01 -1.26733e-01
-5.99615e+00  2.23733e-01 -1.40534e-01
-6.60838e+00  3.30458e-01 -1.57626e-01
-6.02167e+00  8.04478e-01 -1.58777e+00
-5.96789e+00  1.11661e+00 -1.54726e+00
-7.12040e-01  9.61880e-02  4.10823e+00
 1.15217e-02 -3.94508e-01  4.18057e+00
-6.03795e-01  5.51459e-01  4.28431e+00
 5.03237e-01  7.46393e-01  4.06516e+00
-7.04701e-01  1.15955e-01  4.09440e+00
-7.71728e-01  5.20215e-02  4.49139e+00
-1.09051e-01 -1.17239e-01  3.83683e+00
-1.89993e-01 -6.13634e-01  4.29401e+00
-4.94572e-01 -3.59856e-01  5.11752e+00
-8.18653e-02 -1.04170e-01  3.83815e+00
-3.29775e-01  1.92719e-02  3.90870e+00
-7.92715e-01  1.03223e-01  4.78102e+00
 2.05322e-01  7.53382e-01  4.09696e+00
 4.71025e-01  3.78557e-01  3.93879e+00
 4.97787e-01  7.02463e-01  4.04596e+00
-2.67009e-01 -4.55197e-01  4.09326e+00
-4.22696e-01 -4.92680e-01  4.84188e+00
-2.99893e-01  1.26374e-01  5.31395e+00
 2.60037e-01  7.30505e-01  4.83623e+00
 6.05996e-01  7.31984e-01  4.32705e+00
 4.87137e-01  7.47274e-01  4.06243e+00
 2.27436e-01  7.58688e-01  4.09622e+00
 1.75951e-01  7.00538e-01  5.04060e+00
 2.02558e-01  6.84813e-01  5.04457e+00
-4.34570e-01  5.49457e-01  5.15562e+00
-6.91093e-01  5.01750e-01  4.87928e+00
 6.15383e-01  7.18687e-01  4.34955e+00
 5.19304e-01  2.99910e-01  4.05329e+00
 6.22306e-01  1.08259e+00  6.73892e+00
 4.77281e-01  1.09887e+00  6.67778e+00
 1.48306e+00 -4.23054e+00  6.03386e+00
 1.47061e+00 -3.26732e+00  6.19063e+00
 6.11558e+00  1.69669e+00 -2.05954e+00
 6.16008e+00  1.29927e+00 -2.26330e+00
 5.45263e+00  8.03711e-01 -1.99336e+00
 5.29040e+00  1.56161e+00 -2.38577e+00
 5.35727e+00  1.15296e+00 -1.42020e+00
 6.17308e+00  1.18359e+00 -2.28695e+00
 5.77145e+00  1.62870e+00 -2.26963e+00
 5.26194e+00  1.47339e+00 -2.41186e+00
 5.08877e+00  1.61771e+00 -1.89942e+00
 5.45978e+00  1.36280e+00 -9.88996e-01
 6.06959e+00  1.30076e+00 -8.62509e-01
 6.07314e+00  1.31159e+00 -8.58216e-01
 6.14122e+00  1.48269e+00 -9.06643e-01
 5.34276e+00  1.77508e+00 -1.06340e+00
 6.02356e+00  1.24650e+00 -8.90789e-01
 6.04388e+00  1.20599e+00 -9.52236e-01
 5.42689e+00  1.63293e+00 -9.11025e-01
 5.86474e+00  1.07619e+00 -2.37608e+00
 5.11431e+00  6.24300e-01 -3.47400e+00
 4.76552e+00  1.10914e-01 -4.02546e+00
 4.45899e+00 -3.88321e-02 -3.28088e+00
 5.06240e+00  6.09413e-01 -3.36270e+00
 4.79737e+00 -2.13200e-01 -3.13890e+00
 5.01433e+00 -2.33156e-01 -3.04939e+00
 4.48868e+00  8.28220e-02 -3.27070e+00
 4.50159e+00 -1.13610e-01 -3.45776e+00
 4.75657e+00  3.75854e-01 -3.16548e+00
 5.72090e+00 -4.64127e-02 -3.44248e+00
 5.81546e+00  1.94889e-01 -3.58965e+00
 5.00720e+00  5.78331e-01 -3.29230e+00
 5.09200e+00  5.65413e-01 -3.31064e+00
 5.43537e+00 -1.59193e-01 -3.18215e+00
 5.43798e+00  3.37606e-01 -3.33269e+00
-5.12870e-02  6.27008e+00  9.45004e-01
 4.70157e-01  5.65744e+00  5.54058e-01
 8.26235e-02  6.56403e+00 -6.05152e-01
 5.86568e-01  6.13559e+00 -5.60715e-01
-5.80136e-01  6.83929e+00 -2.45131e-01
 4.30924e-01  5.90146e+00 -5.10338e-01
 4.67669e-01  5.69265e+00  6.40160e-01
-4.32721e-01  6.82462e+00 -5.74340e-01
-2.24485e-01  7.13690e+00 -1.54004e-01
 2.17566e-01  5.62392e+00  8.24525e-01
 1.58479e-02  5.99613e+00  9.70997e-01
 1.42930e-01  5.58661e+00  8.40116e-01
 2.05904e-02  5.59897e+00  8.81888e-01
 8.29026e-01  6.30860e+00  4.22096e-02
 1.43813e-01  6.20963e+00  9.77246e-01
 1.24354e-01  6.20866e+00  9.83242e-01
-4.76827e-01  6.71066e+00  4.68294e-01
-5.85596e-01  6.64472e+00  3.03465e-01
-4.37513e-01  6.76370e+00 -6.08593e-01
-2.74148e-01  6.98853e+00 -4.50723e-01
-3.56971e-01  7.07937e+00 -4.61341e-02
-5.71754e-01  6.86890e+00 -1.82901e-01
 2.98855e-01  5.49261e+00  4.03936e-01
 3.27860e-01  5.50300e+00  3.88234e-01
 2.80070e+00 -2.16818e-02  4.02618e-01
 2.18897e+00  1.72611e-01 -1.88992e-01
 2.96415e+00  1.17219e+00 -5.53844e-01
 2.27836e+00  4.25503e-01 -1.85301e-01
 2.79527e+00 -4.81684e-02  3.16928e-01
 2.63924e+00  1.25074e+00 -7.32656e-02
 3.52120e+00  9.12220e-01 -2.24498e-01
 3.03820e+00  7.72686e-02 -5.18105e-01
 3.51044e+00  7.54421e-01 -2.32093e-01
-8.05900e-01  4.99708e+00 -4.45371e+00
-1.08522e+00  4.34680e+00 -4.77256e+00
-5.19364e-01  5.11184e+00 -4.44920e+00
-4.82457e-01  4.96078e+00 -4.54547e+00
-2.45610e+00  4.05897e+00  3.15939e+00
-2.87416e+00  4.92778e+00  2.28039e+00
-1.35936e+00  3.92911e+00  2.12662e+00
-3.02285e+00  4.87030e+00  1.93590e+00
-1.44066e+00  4.52990e+00  2.04380e+00
-2.63111e+00  4.88581e+00  2.33553e+00
-2.55408e+00  3.88409e+00  2.21676e+00
-1.67423e+00  4.18803e+00  1.48245e+00
-1.94121e+00  3.72509e+00  2.61967e+00
-1.39708e+00  4.01646e+00  1.91049e+00
-1.93649e+00  3.97993e+00  3.11707e+00
-1.92133e+00  4.37567e+00  2.87805e+00
-2.95937e+00  4.73841e+00  2.46195e+00
-2.54925e+00  4.02824e+00  3.10798e+00
-2.53200e+00  4.02355e+00  3.11800e+00
-2.45085e+00  4.05610e+00  3.16251e+00
-1.32711e+00  4.46013e+00  2.10211e+00
-2.02597e+00  3.80280e+00  2.90423e+00
-1.87920e+00  4.02638e+00  3.12072e+00
-2.04195e+00  4.07589e+00  3.16628e+00
-2.16592e+00  4.05258e+00  3.18218e+00
-1.32444e+00  5.79698e+00 -3.30119e+00
-2.75327e-01  5.24601e+00 -4.05020e+00
-1.00119e+00  5.41916e+00 -3.50743e+00
-9.88812e-01  5.40342e+00 -3.42358e+00
-4.04834e-01  5.48654e+00 -3.13546e+00
 2.51110e-01  5.88249e+00 -3.63260e+00
-1.63268e-01  5.27037e+00 -3.96314e+00
-1.05171e+00  6.22188e+00 -3.02510e+00
-1.29325e+00  5.76176e+00 -3.41034e+00
-4.20251e-01  5.31071e+00 -4.16122e+00
-1.01889e+00  5.43708e+00 -3.29507e+00
-1.24028e+00  5.69723e+00 -3.25430e+00
-4.04766e+00 -1.68552e+00 -8.48140e-01
-2.01927e+00 -2.06672e+00 -7.63041e-01
-2.38741e+00 -1.76482e+00 -5.64301e-01
-2.52817e+00 -2.53232e+00 -3.39771e-01
-2.74364e+00 -2.64435e+00 -1.64849e+00
-2.07292e+00 -1.88788e+00 -9.32431e-01
-2.85007e+00 -2.38075e+00 -1.64162e+00
-2.00291e+00 -2.45155e+00 -7.09387e-01
 3.20342e+00  5.28354e-02 -7.33107e+00
 3.94483e+00 -3.88931e-01 -7.14583e+00
 3.13635e+00  7.34519e-01 -6.81189e+00
 3.45680e+00  1.13039e+00 -6.65045e+00
 3.46860e+00  1.12801e+00 -6.64224e+00
 3.20433e+00  2.97923e-01 -6.70807e+00
 3.20083e+00  2.99355e-01 -6.71060e+00
 3.25447e+00 -9.85460e-03 -7.40014e+00
 3.97314e+00 -4.01462e-01 -7.12776e+00
 3.95218e+00 -3.59399e-01 -7.05801e+00
 1.89856e+00  4.94089e+00  1.83838e+00
 1.71727e+00  4.92613e+00  1.40172e+00
 1.74280e+00  5.25189e+00  1.40667e+00
 2.63380e+00  5.28413e+00  1.81813e+00
 1.84354e+00  4.59243e+00  1.25528e+00
 2.20752e+00  4.43413e+00  1.88581e+00
 2.22161e+00  4.55145e+00  1.94424e+00
 2.08377e+00  4.92405e+00  1.98179e+00
 2.24065e+00  5.17963e+00  1.93397e+00
 1.83009e+00  4.99690e+00  1.75412e+00
 1.79911e+00  5.20220e+00  1.60310e+00
 1.03426e+00  1.87835e+00  4.83020e+00
 1.10501e+00  1.92794e+00  5.09866e+00
 1.17911e+00  2.62568e+00  4.53615e+00
 9.73405e-01  2.25835e+00  5.15234e+00
 1.08687e+00  2.48103e+00  4.81819e+00
 1.22874e+00  1.69087e+00  4.09457e+00
 1.52243e+00  2.75984e+00  4.47413e+00
 1.05082e+00  2.23183e+00  5.34035e+00
 1.68784e+00 -1.09628e+00  3.08992e-01
 1.65032e+00 -3.13273e-01  5.11355e-01
 1.51085e+00 -1.44755e+00 -1.16289e+00
 1.28488e+00 -7.00054e-01  4.66921e-02
 2.00001e+00 -8.02480e-01  5.30911e-01
 1.75288e+00 -1.56260e+00 -2.65767e-01
 2.16923e+00 -9.33466e-01  3.09539e-01
 1.06981e+00 -8.75938e-01 -6.87383e-01
 1.83025e+00 -5.98900e-01  5.95435e-01
 1.82879e+00 -8.78884e-01  5.08945e-01
 1.64895e+00 -3.10264e-01  5.08907e-01
 1.64810e+00 -3.11411e-01  5.09805e-01
-1.69354e+00  9.27832e-01 -5.20057e+00
-2.61235e+00  1.38294e+00 -4.78013e+00
-2.53731e+00  1.40777e+00 -4.73116e+00
-2.43524e+00  2.16188e+00 -6.10537e+00
-2.40456e+00  1.39018e+00 -4.72719e+00
-2.10840e+00  2.08981e+00 -5.93121e+00
-2.91687e+00  1.80172e+00 -6.14001e+00
-2.52567e+00  2.17990e+00 -4.75640e+00
-3.22780e+00  1.90319e+00 -5.21272e+00
-1.95232e+00  1.79748e+00 -4.72912e+00
-1.44348e+00  1.15401e+00 -5.20123e+00
-3.14392e+00  1.26244e+00 -5.80936e+00
-3.03608e+00  2.38483e+00 -5.48026e+00
-3.01846e+00  1.34462e+00 -5.96589e+00
-3.11193e+00  2.33320e+00 -5.29617e+00
-3.01613e+00  2.39568e+00 -5.48287e+00
-1.43046e+00  1.55705e+00 -5.38752e+00
-1.36224e+00  1.46666e+00 -5.09943e+00
-2.77085e+00  2.38089e+00 -5.00577e+00
-2.84215e+00  2.39704e+00 -5.04000e+00
-2.91878e+00  1.80258e+00 -6.13788e+00
-3.20618e+00  1.31638e+00 -5.60400e+00
-3.12260e+00  1.21765e+00 -5.82883e+00
-3.21458e+00  1.97904e+00 -5.20714e+00
-3.15600e+00  2.09911e+00 -5.17322e+00
-3.10284e+00  2.36069e+00 -5.30621e+00
-3.00451e+00  2.42003e+00 -5.23942e+00
-1.94921e+00  1.32305e+00 -5.02389e-01
-2.73420e+00  1.61088e+00 -9.80069e-01
-1.93205e+00  1.45263e+00 -4.25368e-01
-3.14088e+00  1.00831e+00 -1.86365e+00
-3.24207e+00  1.17539e+00 -1.60436e+00
-3.29161e+00  1.02864e+00 -1.61638e+00
-3.12406e+00  9.95561e-01 -1.88405e+00
-2.50866e+00  4.42603e-01 -1.31063e+00
-2.92470e+00 -1.61484e+00  3.79920e+00
-3.31337e+00 -2.70312e+00  3.98376e+00
-3.62970e+00 -2.69541e+00  3.74214e+00
-3.24547e+00 -1.68564e+00  4.53189e+00
-2.85357e+00 -2.29013e+00  3.82928e+00
-2.81142e+00 -2.06182e+00  3.92881e+00
-3.25357e+00 -1.23574e+00  4.17873e+00
-3.64541e+00 -2.67977e+00  3.67758e+00
-3.10606e+00 -2.62352e+00  3.85047e+00
-3.31782e+00 -1.21483e+00  4.29662e+00
 3.34039e+00  5.41265e-01  2.37652e+00
 3.36990e+00  2.86635e-01  1.05721e+00
 3.43727e+00  5.13464e-01  2.37044e+00
 3.24037e+00  4.48131e-01  2.30455e+00
 3.21765e+00  8.42958e-01  1.77169e+00
 2.86547e+00 -6.93868e-02  1.70875e+00
 2.92897e+00  7.86209e-01  1.49227e+00
 3.23783e+00  4.86487e-01  2.32887e+00
 3.93861e+00  8.40477e-02  1.14551e+00
-2.18868e+00  3.33682e-01 -3.92962e+00
-1.73409e+00  5.34807e-01 -3.72349e+00
-1.66864e+00  7.22859e-01 -3.70702e+00
-1.97734e+00  1.15634e+00 -3.89429e+00
-2.05050e+00  1.92014e-01 -3.55762e+00
-1.81746e+00  2.48428e-01 -3.38073e+00
-2.36319e+00  1.09672e+00 -4.07847e+00
-2.32037e+00  2.02004e-01 -3.73142e+00
-2.25445e+00  2.00826e-01 -3.80118e+00
 3.02180e+00 -8.13687e-01  4.78865e+00
 2.99741e+00 -5.17991e-01  3.50596e+00
 3.41878e+00 -1.79475e+00  3.78629e+00
 2.50641e+00 -1.83725e+00  4.13171e+00
 3.83952e+00 -8.38384e-01  4.00977e+00
 3.63119e+00 -1.71312e+00  3.99255e+00
 3.77624e+00 -6.66524e-01  3.94651e+00
 3.75913e+00 -1.06700e+00  4.25427e+00
 3.72601e+00 -1.50203e+00  3.56915e+00
 3.53068e+00 -1.51340e+00  3.19148e+00
 3.55326e+00 -5.74942e-01  4.09723e+00
 3.51241e+00 -1.47260e+00  3.17025e+00
 3.38133e+00 -5.26359e-01  4.08038e+00
 3.21848e+00 -6.55806e-01  3.41689e+00
 3.52111e+00 -7.70972e-01  3.42305e+00
 3.21465e+00 -6.00561e-01  3.45495e+00
 3.53826e+00 -6.96221e-01  3.48102e+00
 3.09665e+00 -5.15246e-01  3.63372e+00
 3.66672e+00 -6.68620e-01  3.73618e+00
-1.20369e+00 -9.15799e-01 -3.11367e-01
-1.47545e+00 -2.14871e+00  1.75246e-01
-1.00250e+00 -8.35991e-01 -5.67957e-01
-1.64402e+00 -1.49051e+00  4.69083e-01
-8.32541e-01 -1.14648e+00  5.54038e-01
-9.87011e-01 -8.69907e-01 -6.17309e-01
-5.14260e-01 -9.59769e-01  4.77072e-01
-1.46456e+00 -2.04167e+00  6.44566e-01
-1.70919e+00 -1.36974e+00  1.46156e-01
-1.52250e+00 -1.83324e+00  6.87379e-01
-3.81913e-01 -8.93845e-01  2.37761e-01
-3.55873e-01 -9.26746e-01  4.31656e-01
-1.65327e+00 -1.64807e+00 -1.47139e-01
-3.25418e-01 -9.53938e-01  1.93819e-01
-1.42015e+00  2.23163e+00  2.84068e+00
-1.17095e+00  2.32508e+00  2.00610e+00
-1.85618e+00  2.80291e+00  3.29616e+00
-6.26963e-01  2.85481e+00  3.12687e+00
-2.10243e+00  3.32476e+00  2.71943e+00
-1.34389e+00  3.86747e+00  2.07417e+00
-1.13998e+00  2.97297e+00  1.90366e+00
-1.18269e+00  2.40948e+00  1.97439e+00
-1.17056e+00  2.84310e+00  1.89582e+00
-7.55197e-01  2.35097e+00  2.57526e+00
-8.70801e-01  2.44374e+00  2.33011e+00
-6.66626e-01  2.35216e+00  2.79640e+00
-1.83188e+00  3.04888e+00  2.10780e+00
-2.00753e+00  3.25041e+00  2.41102e+00
-1.71458e+00  2.87894e+00  2.05332e+00
-1.48697e+00  2.77426e+00  1.97608e+00
-1.34378e+00  2.28497e+00  2.11879e+00
-1.17245e+00  2.31803e+00  2.01011e+00
-1.23048e+00  3.72305e+00  2.02401e+00
-1.73887e+00  3.25100e+00  3.57715e+00
-1.77369e+00  4.04276e+00  3.16224e+00
-4.26659e+00 -2.74944e+00  4.66365e+00
-3.68180e+00 -2.98729e+00  3.92264e+00
-3.03111e+00 -3.06115e+00  4.46324e+00
-3.07261e+00 -3.21421e+00  4.54732e+00
 2.53917e+00 -2.60116e+00 -2.73590e+00
 3.23211e+00 -3.88905e+00 -2.84993e+00
 2.03850e+00 -3.06282e+00 -2.65959e+00
 2.14629e+00 -4.10142e+00 -1.93579e+00
 3.22132e+00 -3.89266e+00 -2.84302e+00
 3.22631e+00 -3.88753e+00 -2.85363e+00
 3.16327e+00 -3.84194e+00 -2.88908e+00
 2.83536e+00 -3.51830e+00 -3.05929e+00
 2.14359e+00 -4.09606e+00 -1.92496e+00
 2.10403e+00 -3.44124e+00 -2.92489e+00
 2.14126e+00 -3.43873e+00 -2.94907e+00
 2.29020e+00 -3.76830e+00 -1.61326e+00
 2.15486e+00 -4.03718e+00 -1.85199e+00
 1.99900e+00 -3.14529e+00 -2.68036e+00
 2.49241e+00 -3.32478e+00 -3.12467e+00
 2.55503e+00 -2.59343e+00 -2.74233e+00
 2.00094e+00 -3.62882e+00 -1.72405e+00
 2.12623e+00 -4.05037e+00 -1.87805e+00
 3.09117e+00 -2.44613e+00 -2.42281e+00
 2.44256e+00  7.20712e-01  3.95844e+00
 3.51665e+00  5.43561e-01  4.60954e+00
 4.04062e+00 -1.18202e-01  4.42175e+00
 4.36844e+00 -2.79230e-01  4.17390e+00
 2.95725e+00  3.75136e-01  4.40271e+00
 4.18039e+00  4.21774e-01  4.00247e+00
 3.64592e+00  9.50230e-01  3.96088e+00
 3.72154e+00  1.02281e+00  4.15584e+00
 4.47040e+00 -1.19946e-01  3.98894e+00
 2.54254e+00  2.77789e-01  3.62531e+00
 2.62506e+00  9.17468e-01  3.73387e+00
 2.49352e+00  6.30644e-01  3.66460e+00
 2.45885e+00  7.84264e-01  3.78006e+00
 2.20284e+00  2.29250e+00  8.42750e-01
 1.65213e+00  2.63705e+00  6.67957e-01
 1.88053e+00  3.40026e+00  2.05245e+00
 1.63455e+00  3.50627e+00  1.54477e+00
 2.20661e+00  2.44633e+00  6.33511e-01
 2.32590e+00  3.26893e+00  3.13256e-01
 2.39112e+00  3.34345e+00  3.83675e-01
 2.38378e+00  3.34198e+00  3.71224e-01
 2.16138e+00  2.59990e+00  4.50377e-01
 1.47737e+00  2.86850e+00  1.80747e+00
 1.52932e+00  3.39244e+00  1.73426e+00
 1.98602e+00  2.19897e+00  1.08272e+00
 1.56098e+00  2.54569e+00  8.38962e-01
 1.38418e+00  2.93292e+00  1.70774e+00
 1.96006e+00  3.14391e+00  2.78813e-01
 2.18485e+00  2.92042e+00  2.83544e-01
 2.02013e+00  3.33851e+00  2.93993e-01
 2.11289e+00  3.33775e+00  3.00951e-01
 1.92844e+00  3.31568e+00  2.11556e+00
-3.53467e+00 -3.52701e+00  1.10096e+00
-3.03737e+00 -3.53184e+00  6.96514e-01
-3.02826e+00 -3.49526e+00  6.78137e-01
-2.62821e+00 -3.45100e+00  1.19514e+00
-3.34702e+00 -3.54831e+00  7.57466e-01
-3.21153e+00 -3.27374e+00  6.07948e-01
-2.80433e+00 -3.40195e+00  1.80247e+00
-2.61594e+00 -3.08736e+00  1.44213e+00
-2.51371e+00 -3.12797e+00  1.08003e+00
-3.10304e+00 -2.90957e+00  5.37240e-01
-2.54907e+00 -2.90955e+00  8.45850e-01
-2.68395e+00 -2.71164e+00  1.06972e+00
-2.72563e+00 -2.87295e+00  5.70089e-01
-3.17694e+00 -3.42253e+00  1.86835e+00
-2.73568e+00 -2.85704e+00  5.65388e-01
-2.61205e+00 -2.76236e+00  8.54050e-01
 4.08673e+00 -6.01685e+00  2.13067e+00
 4.18379e+00 -5.91806e+00  2.09132e+00
 4.13137e+00 -5.96111e+00  2.06899e+00
 3.11562e+00 -4.48171e+00  3.72817e+00
 3.69183e+00 -3.49094e+00  2.50685e+00
 3.05190e+00 -3.07286e+00  2.90938e+00
 3.73102e+00 -3.75530e+00  3.92245e+00
 2.77048e+00 -3.96804e+00  2.95316e+00
 3.77422e+00 -4.38860e+00  3.74650e+00
 2.81509e+00 -4.20426e+00  3.80844e+00
 3.76511e+00 -3.68325e+00  3.78616e+00
 3.98202e+00 -3.74508e+00  2.91658e+00
 2.67655e+00 -3.83473e+00  3.91239e+00
 3.09628e+00 -3.52619e+00  2.42367e+00
 3.16237e+00 -3.11610e+00  2.57435e+00
 3.23082e+00 -3.48771e+00  2.40092e+00
 3.16484e+00 -3.11773e+00  2.57296e+00
 6.63241e-01 -7.02047e-01  1.20307e-03
 9.67312e-01 -1.20776e-01  6.77217e-01
 6.25842e-01  1.48414e-01 -3.41920e-01
 5.08916e-01 -2.99059e-01 -5.38720e-01
 8.57604e-01 -4.76589e-01 -1.06175e+00
 6.75257e-01 -7.11580e-01 -8.70087e-03
 1.65098e+00 -1.28149e-01  4.17779e-01
 1.51696e+00  2.73951e-01 -9.24645e-02
 1.72288e+00  3.49022e-02 -1.34949e-01
 9.53640e-01  8.01681e-02  5.82789e-01
 5.13754e-01 -2.22650e-01 -5.46903e-01
 5.24383e-01 -2.87028e-01 -6.09253e-01
-2.26890e+00  4.95265e+00 -3.04511e+00
-2.28608e+00  4.76955e+00 -3.15200e+00
-1.89255e+00  5.63067e+00 -3.04835e+00
-1.24568e+00  4.80904e+00 -2.65068e+00
-1.35494e+00  4.10914e+00 -2.97660e+00
-1.27561e+00  4.60970e+00 -2.66610e+00
-1.23327e+00  4.81226e+00 -3.94126e+00
-1.28393e+00  4.55435e+00 -3.87770e+00
-1.48616e+00  4.25039e+00 -3.82929e+00
-1.89247e+00  4.93695e+00 -4.09911e+00
-2.08372e+00  5.04373e+00 -4.10387e+00
-1.96763e+00  5.46630e+00 -2.91837e+00
-1.20236e+00  4.17477e+00 -2.97722e+00
-2.24332e+00  5.28197e+00 -3.42072e+00
-2.25583e+00  5.09970e+00 -3.03723e+00
-1.05259e+00  4.69615e+00 -2.86090e+00
-1.14073e+00  4.97244e+00 -2.78736e+00
-1.08091e+00  4.91741e+00 -2.81057e+00
-1.08084e+00  4.83246e+00 -2.77926e+00
-1.23310e+00  4.77286e+00 -2.64648e+00
-1.33017e+00  4.21430e+00 -3.68764e+00
-1.41277e+00  4.18448e+00 -3.73028e+00
-1.48898e+00  4.21985e+00 -3.81122e+00
-1.17459e+00  4.23790e+00 -2.91333e+00
-1.43131e+00  4.17167e+00 -3.69390e+00
-1.49679e+00  4.21933e+00 -3.80865e+00
-1.23889e+00  4.20443e+00 -2.86047e+00
-1.27633e+00  4.13517e+00 -2.91838e+00
-2.27484e+00  4.98855e+00 -4.01718e+00
-2.29191e+00  4.78252e+00 -3.89583e+00
-2.34081e+00 -6.24885e+00 -1.04723e+00
-2.41852e+00 -5.98749e+00 -1.37352e+00
-1.97259e+00 -5.23603e+00 -4.90209e-01
-2.34210e+00 -6.22903e+00 -9.33953e-01
-2.14170e+00 -5.33385e+00 -2.06301e+00
-2.59171e+00 -5.35612e+00 -1.72577e+00
-2.67156e+00 -4.84063e+00 -1.07429e+00
-2.24781e+00 -5.29360e+00 -2.01776e+00
-2.56529e+00 -4.83078e+00 -9.88686e-01
-2.69545e+00 -4.86565e+00 -1.07677e+00
-2.49676e+00 -5.50058e+00 -5.88124e-01
-2.50092e+00 -5.56670e+00 -6.18649e-01
-2.35539e+00 -5.03028e+00 -6.58791e-01
-1.44446e+00 -6.04960e+00 -1.03945e+00
-2.57513e+00 -5.28256e+00 -6.65439e-01
-2.53952e+00 -5.41618e+00 -6.21900e-01
-4.97391e-01  5.02468e+00 -1.03524e+00
-5.44045e-01  4.13080e+00 -5.01687e-02
-1.43599e+00  5.13715e+00  4.82568e-01
-8.46312e-01  4.96492e+00 -1.04635e+00
-1.51406e+00  5.09137e+00  3.60281e-01
-1.43414e+00  5.13859e+00  4.82392e-01
 1.36574e+00  4.81119e-02 -3.61234e+00
 1.66650e+00 -4.35770e-02 -3.09608e+00
 1.91452e+00 -3.21075e-01 -4.12164e+00
 2.78031e+00 -4.29728e-01 -3.80253e+00
 2.39551e+00  1.01671e+00 -4.08814e+00
 1.62643e+00  2.44690e-01 -3.18134e+00
 1.48716e+00  2.07295e-01 -3.20106e+00
 2.48620e+00 -5.65222e-01 -3.64261e+00
 1.46592e+00  5.58409e-02 -3.16528e+00
 1.37377e+00  7.82099e-02 -3.36460e+00
 1.30470e+00  5.41743e-01 -3.91556e+00
 1.30515e+00  2.61790e-01 -3.60014e+00
 1.28894e+00  4.27045e-01 -3.71939e+00
 2.66372e+00 -5.25524e-01 -3.67363e+00
 1.00344e+00  6.29120e+00  2.50892e+00
 1.76639e+00  4.94884e+00  1.85809e+00
 8.30841e-01  5.85317e+00  2.54544e+00
 1.54977e+00  4.94349e+00  2.44247e+00
 2.08325e+00  4.92113e+00  2.07069e+00
 1.32866e+00  4.96368e+00  2.26831e+00
 2.33729e+00  5.31471e+00  2.85874e+00
 1.20831e+00  5.08255e+00  2.27992e+00
 8.34805e-01  5.86618e+00  2.54624e+00
 1.54186e+00  5.53103e+00  1.56200e+00
 9.94694e-01  5.67831e+00  2.68008e+00
 8.32800e-01  5.85244e+00  2.54917e+00
 9.20141e-01  5.48995e+00  2.19946e+00
 1.19195e+00  5.61332e+00  1.82785e+00
 3.89769e+00  6.21782e+00  1.90499e+00
 4.10063e+00  5.10785e+00  2.76351e+00
 4.14775e+00  5.16530e+00  2.45940e+00
 3.77197e+00  6.13167e+00  2.25489e+00
 3.86692e+00  6.24618e+00  1.94011e+00
 4.18338e+00  5.78540e+00  1.75165e+00
 3.95228e+00  5.25681e+00  2.77310e+00
 4.04563e+00  5.11088e+00  2.72773e+00
-1.48334e+00  4.20926e+00 -3.83353e+00
-1.17552e+00  3.84829e+00 -4.28035e+00
-1.94414e+00  3.25471e+00 -3.37095e+00
-1.13100e+00  2.47189e+00 -3.88309e+00
-2.48437e+00  3.28838e+00 -4.31625e+00
-1.52193e+00  4.20578e+00 -3.82255e+00
-1.17621e+00  3.89959e+00 -4.10024e+00
-1.45219e+00  3.09963e+00 -3.43127e+00
-1.58311e+00  3.57877e+00 -3.29390e+00
-2.24179e+00  3.09317e+00 -3.53450e+00
-2.43520e+00  3.50716e+00 -4.13217e+00
-1.86381e+00  2.49047e+00 -4.29038e+00
-1.60144e+00  2.41663e+00 -3.98487e+00
-1.62202e+00  2.42002e+00 -4.22640e+00
 3.03779e+00  2.06625e+00  1.08882e+00
 3.48474e+00  3.00762e+00  9.24026e-01
 2.27538e+00  2.25584e+00  7.28045e-01
 3.32702e+00  3.46545e+00  6.99730e-01
 9.47198e-01 -5.22908e+00  5.34415e+00
-2.68115e+00 -2.22318e+00  2.55829e+00
-3.25769e+00 -2.17172e+00  1.60720e+00
-2.86379e+00 -1.91999e+00  2.23716e+00
-2.36379e+00 -2.35690e+00  2.37559e+00
-2.15466e+00 -1.99476e+00  1.40679e+00
-1.99695e+00 -2.39000e+00  1.93553e+00
-2.40243e+00 -3.09314e+00  1.78560e+00
-2.42896e+00 -2.09255e+00  1.03955e+00
-3.17197e+00 -2.11858e+00  1.90699e+00
-2.80507e+00 -1.87995e+00  2.08129e+00
-2.59882e+00 -1.79372e+00  1.63631e+00
-2.63893e+00 -1.76604e+00  1.57723e+00
-2.26424e+00 -1.91053e+00  1.17334e+00
-2.05409e+00 -2.43459e+00  2.09781e+00
-2.75198e+00 -2.15480e+00  2.52646e+00
-1.76859e+00 -2.27534e+00  2.55621e+00
-2.81321e+00 -1.84977e+00  2.62854e+00
-1.54611e+00 -1.13469e+00  2.81818e+00
-1.88242e+00 -1.38335e+00  3.02274e+00
-1.70515e+00 -2.31298e+00  1.85409e+00
-1.55564e+00 -2.35436e+00  2.21330e+00
-1.66441e+00 -1.85211e+00  1.70753e+00
-1.81579e+00 -2.00724e+00  1.44584e+00
-1.53943e+00 -2.34008e+00  2.32823e+00
-1.83457e+00 -1.28180e+00  3.02242e+00
-2.02332e+00 -2.06375e+00  2.86700e+00
-1.54464e+00 -1.13321e+00  2.82868e+00
-1.93520e+00 -1.33801e+00  3.01645e+00
-2.74355e+00 -1.80541e+00  2.71864e+00
-2.86512e+00 -1.90220e+00  2.25588e+00
-1.54807e+00 -2.36230e+00  2.26049e+00
-2.57473e+00 -2.13477e+00  2.70682e+00
 6.38575e-01 -2.70296e+00  7.50452e+00
 8.82844e-01 -3.20847e+00  6.89593e+00
 4.92894e-01 -2.92986e+00  7.51618e+00
 5.55647e-01 -3.36790e+00  7.15493e+00
 2.51819e+00 -9.92999e-01  4.18494e-01
 2.43235e+00 -1.50255e+00  5.82978e-02
 3.13772e+00 -8.12689e-01 -8.83238e-01
 2.78433e+00 -9.43977e-01  3.42475e-01
 3.06006e+00 -1.13156e+00  7.79732e-02
 3.21262e+00 -1.13434e+00 -3.09324e-01
 3.19204e+00 -1.23628e+00 -6.88743e-01
 3.03838e+00 -6.65565e-01 -9.77698e-01
-2.51628e+00 -2.99088e+00 -4.18798e+00
-1.18580e+00 -2.78796e+00 -5.09750e+00
-2.01730e+00 -2.35750e+00 -4.47690e+00
-2.16673e+00 -2.45502e+00 -5.36073e+00
-1.76643e+00 -2.43561e+00 -5.29964e+00
-1.66579e+00 -3.65159e+00 -4.53006e+00
-1.99311e+00 -2.36965e+00 -4.48416e+00
-1.52807e+00 -2.83730e+00 -4.58689e+00
-2.00010e+00 -2.33481e+00 -4.51335e+00
-2.02012e+00 -2.28132e+00 -5.31508e+00
-2.11096e+00 -2.71883e+00 -5.67411e+00
-2.17209e+00 -2.91251e+00 -5.81471e+00
-1.98835e+00 -3.55460e+00 -4.29942e+00
-1.97770e+00 -3.55441e+00 -4.30349e+00
-1.81510e+00 -2.31532e+00 -4.78141e+00
-2.00127e+00 -2.33466e+00 -4.51256e+00
-2.81296e+00 -3.27826e+00 -4.95550e+00
-2.01232e+00 -2.27280e+00 -5.30509e+00
-1.95212e+00 -2.24034e+00 -4.87727e+00
-2.19898e+00 -2.94054e+00 -5.81925e+00
-2.28753e+00 -4.13390e+00 -4.78526e+00
-2.15375e+00 -4.07473e+00 -4.77698e+00
 2.96110e+00 -4.45594e-01 -3.81132e+00
 2.87665e+00  5.31568e-01 -4.14006e+00
 2.94946e+00 -4.13096e-01 -3.84734e+00
 3.07236e+00  9.07352e-01 -3.61849e+00
 3.07320e+00  2.04385e-01 -4.66925e+00
 3.84438e+00  1.35707e-02 -4.08745e+00
 2.99369e+00 -3.40043e-01 -4.05350e+00
 3.03051e+00 -4.90447e-01 -3.85647e+00
 3.28594e+00  9.84030e-01 -3.54760e+00
-5.50064e+00 -1.56374e-01 -2.78168e+00
-6.29452e+00 -1.47965e-03 -2.09064e+00
-5.36616e+00 -1.43665e-01 -2.03902e+00
-5.41083e+00 -1.18845e+00 -2.49201e+00
-6.29639e+00 -1.02523e+00 -2.55393e+00
-5.80594e+00 -7.56679e-02 -2.04930e+00
-5.29441e+00 -1.63131e-01 -2.22215e+00
-5.33471e+00 -1.79441e-01 -2.02401e+00
-5.23309e+00 -2.73448e-01 -2.05095e+00
-1.25553e-01  5.22204e+00 -3.97942e+00
 6.83515e-01  5.56720e+00 -3.71282e+00
-1.23175e-01  5.22206e+00 -3.97908e+00
-2.65253e-01  5.23510e+00 -4.05295e+00
-4.10969e-01  5.27063e+00 -4.21265e+00
 1.26337e+00 -1.34190e+00 -2.66840e+00
 2.50623e+00 -1.89941e+00 -3.12673e+00
 1.23824e+00 -1.09921e+00 -2.51364e+00
 1.06660e+00 -1.76211e+00 -1.97353e+00
 1.24951e+00 -1.93932e+00 -2.74589e+00
 1.06130e+00 -1.28061e+00 -1.57750e+00
 1.59969e+00 -1.81561e+00 -3.05502e+00
 1.40413e+00 -2.03597e+00 -2.90529e+00
 2.64593e+00 -2.15818e+00 -2.99934e+00
 3.19644e+00 -2.03876e+00 -2.13545e+00
 2.10027e+00 -1.73173e+00 -3.16791e+00
 1.59835e+00 -1.80066e+00 -3.05150e+00
 1.63295e+00 -1.80529e+00 -3.06520e+00
 1.02813e+00 -1.28392e+00 -1.71288e+00
 2.76028e-01 -3.01536e+00  7.55767e+00
-6.00799e+00  2.76140e+00  1.68260e+00
-6.00635e+00  2.76394e+00  1.66649e+00
-5.96997e+00  2.76523e+00  1.68130e+00
 4.42684e+00  3.79894e+00 -3.18353e+00
 4.36735e+00  3.76699e+00 -3.18366e+00
 4.93311e+00  4.08574e+00 -3.01007e+00
 4.84094e+00  4.08489e+00 -2.44629e+00
 4.62181e+00  4.05194e+00 -2.31309e+00
 4.68408e+00  4.00705e+00 -2.37232e+00
 3.05536e+00 -5.26408e+00  2.24695e+00
 2.07647e+00 -3.95775e+00  1.78805e+00
 2.77599e+00 -4.10591e+00  2.55573e+00
 2.13731e+00 -4.05622e+00  2.03237e+00
 3.70924e+00 -3.91687e+00  2.19781e+00
 3.61379e+00 -4.68759e+00  1.75533e+00
 2.12090e+00 -3.91015e+00  1.95753e+00
 2.49510e+00 -4.60864e+00  2.54547e+00
 2.74469e+00 -4.12989e+00  2.55397e+00
 2.65306e+00 -5.08871e+00  2.42694e+00
 2.10375e+00 -4.24000e+00  1.91549e+00
 2.35285e+00 -5.22322e+00  2.09800e+00
 2.53469e+00 -4.83966e+00  2.55267e+00
 3.26254e+00 -3.64445e+00  2.29314e+00
 2.12243e+00 -3.91688e+00  1.96397e+00
 3.21014e+00 -4.79607e+00  2.37506e+00
 3.71676e+00 -3.95371e+00  2.20296e+00
 2.84043e+00 -4.55778e+00  2.56889e+00
 2.88599e+00 -4.34388e+00  2.56803e+00
 3.65637e+00 -4.03433e+00  2.24044e+00
 2.53275e+00 -4.89461e+00  2.53297e+00
 2.49549e+00 -5.06906e+00  2.41182e+00
 3.56959e+00 -3.89301e+00  1.90102e+00
 3.26348e+00 -3.64622e+00  2.28653e+00
 3.04622e+00 -3.64565e+00  2.36718e+00
 2.21583e+00 -3.84387e+00  1.96806e+00
 2.21395e+00 -3.84440e+00  1.96722e+00
 2.09285e+00 -3.91907e+00  1.84896e+00
 9.89301e-02  1.45300e+00 -1.32104e+00
-9.05619e-01  2.35982e+00 -2.11526e+00
-7.65315e-01  1.21408e+00 -2.04909e+00
 9.68031e-02  1.45045e+00 -1.32157e+00
 5.08490e-01  1.66270e+00 -2.20787e+00
 2.83768e-01  1.52655e+00 -2.65119e+00
-7.83176e-01  1.21523e+00 -1.93881e+00
-7.00296e-01  1.18749e+00 -2.03808e+00
-6.29046e-01  1.45215e+00 -3.09298e+00
-1.33324e-01  1.15990e+00 -2.68370e+00
 1.68297e-01  1.62125e+00 -1.32568e+00
-8.14704e-01  1.26349e+00 -1.78207e+00
-8.47548e-02  1.08105e+00 -2.46122e+00
 2.65157e-01  1.30282e+00 -1.81122e+00
-3.25539e-01  1.27709e+00 -2.85647e+00
-8.18767e-02  1.11473e+00 -2.58731e+00
-7.21908e-02  1.20219e+00 -2.69098e+00
 1.97895e-03  1.22373e+00 -2.66204e+00
-6.49565e-01  1.82459e+00 -3.27073e+00
-5.02562e+00 -2.44582e+00 -3.63988e+00
-5.61165e+00 -2.33028e+00 -3.62269e+00
-6.33132e+00 -1.30850e+00  3.50067e+00
-6.36262e+00 -1.32393e+00  3.45480e+00
-6.38332e+00 -1.27013e+00  3.51971e+00
 1.94840e+00  3.39799e+00  2.56684e-01
 3.16205e+00  4.21675e+00 -6.22772e-01
 2.25326e+00  4.33011e+00 -1.20071e+00
 2.24334e+00  4.58153e+00 -7.92924e-01
 1.48929e+00  3.67910e+00 -4.21303e-01
 1.52664e+00  3.93893e+00 -5.75508e-01
 2.50386e+00  4.58636e+00 -5.48850e-01
 1.63650e+00  3.52641e+00  1.03012e-01
 2.48108e+00  3.81074e+00 -1.06979e+00
 2.15159e+00  3.53732e+00 -7.37384e-01
 2.13446e+00  4.60973e+00 -5.64259e-01
 3.25895e+00  3.62958e+00 -3.11537e-01
 3.21902e+00  3.64978e+00 -3.87767e-01
 2.98326e+00  4.03363e+00 -8.99898e-01
 2.62051e+00  3.22345e+00  8.62929e-02
 3.04189e+00  3.37308e+00  3.01952e-02
 2.44806e+00  4.39586e+00  1.96682e-01
 3.19435e+00  4.21292e+00 -5.64060e-01
 2.79497e+00  4.49643e+00 -2.61080e-01
 2.47213e+00  4.57865e+00 -6.56538e-01
 3.05245e+00  3.39911e+00  5.66638e-02
 3.25503e+00  3.62141e+00 -3.16638e-01
 2.83307e+00  4.34996e+00 -8.10386e-01
 1.90549e+00  4.11402e+00  2.27348e-01
 1.69669e+00  3.60040e+00  1.86145e-01
 2.40836e+00  4.19377e+00  3.55977e-01
 6.23803e-01  3.46038e-01 -1.56344e+00
 4.65625e-01  5.25305e-01 -1.56520e+00
 1.29854e+00  3.17499e-01 -1.16400e+00
 1.19768e+00  6.54986e-01 -2.08682e+00
 7.86148e-01  5.60343e-01 -2.04021e+00
 4.44853e-01  8.51219e-01 -1.92874e+00
 1.13934e+00  2.56127e-01 -1.08184e+00
 8.13758e-01  8.85763e-01 -8.34550e-01
 8.23157e-01  9.04112e-01 -8.37855e-01
 1.64856e-01  1.29571e+00 -1.19436e+00
 1.69693e-01  1.26294e+00 -1.18126e+00
 9.99762e-02  1.42469e+00 -1.29914e+00
 1.35570e-01  1.26126e+00 -1.22049e+00
 9.63941e-02  1.44946e+00 -1.31852e+00
 3.25412e+00 -1.31394e+00 -7.32415e-01
 3.63717e+00 -1.62990e+00 -1.47653e+00
 3.53827e+00 -1.38110e+00 -1.12095e+00
 3.15933e+00 -6.97599e-01 -9.91427e-01
 3.65895e+00 -1.48068e+00 -1.74420e+00
 3.50537e+00 -8.51898e-01 -1.41715e+00
 3.53386e+00 -1.22609e+00 -1.85130e+00
 3.61894e+00 -1.47905e+00 -1.89417e+00
 3.30492e+00 -1.30191e+00 -2.18167e+00
 3.56252e+00 -1.52560e+00 -1.99201e+00
 6.47887e+00 -1.46943e+00  5.26895e-01
 5.40287e+00 -2.95366e-01  5.12940e-01
 5.18876e+00 -3.55798e-01 -1.54059e-01
 6.50858e+00 -3.52518e-01 -8.45852e-02
 5.69000e+00 -1.68479e-01  4.19172e-01
 6.21233e+00 -1.06078e-01 -4.12973e-01
 5.60435e+00 -1.12709e-01  3.68188e-01
 5.54018e+00 -5.39101e-01  7.24824e-01
 5.38484e+00 -3.18759e-01  5.31836e-01
 5.32409e+00 -3.26819e-01  3.24143e-01
-1.66867e+00 -4.50769e+00  6.35470e+00
-2.11657e+00 -4.32642e+00  5.94406e+00
-1.78736e+00 -4.53546e+00  6.12302e+00
-1.68511e+00 -4.46666e+00  6.39533e+00
-2.37862e+00  1.87717e+00  3.03981e+00
-2.53862e+00  3.00022e+00  2.68516e+00
-2.48182e+00  2.07782e+00  3.45222e+00
-1.60948e+00  2.02335e+00  2.14250e+00
-2.15868e+00  2.13207e+00  3.62479e+00
-2.32045e+00  2.86220e+00  2.04780e+00
-2.40124e+00  2.80716e+00  2.05249e+00
-2.51358e+00  2.27790e+00  2.10553e+00
-2.41620e+00  1.95275e+00  3.33841e+00
-2.70943e+00  2.49671e+00  2.96932e+00
-2.57095e+00  2.22515e+00  2.27960e+00
-1.94594e+00  2.96243e+00  2.04198e+00
-3.49372e+00 -7.87296e-01 -4.24005e+00
-2.59662e+00  1.31711e-01 -3.70944e+00
-3.78552e+00 -1.85184e-01 -3.50708e+00
-3.97231e+00  3.67783e-01 -3.68853e+00
-3.48691e+00 -7.88819e-01 -4.19706e+00
-3.68002e+00  4.71766e-01 -4.36252e+00
-2.66124e+00  8.52228e-02 -3.62972e+00
-3.65270e+00  7.73816e-01 -3.96354e+00
-3.22638e+00  8.58297e-01 -3.91862e+00
-3.87501e+00 -5.85495e-02 -3.56052e+00
-4.02519e+00  1.95254e-01 -3.80952e+00
-3.90302e+00  4.89117e-01 -3.69552e+00
-3.08328e+00  6.78005e-01 -3.64227e+00
-3.17008e+00  5.24935e-01 -3.48128e+00
-3.89487e+00 -1.39147e-01 -4.09359e+00
-3.81472e+00 -1.43460e-01 -3.52260e+00
-4.02235e+00  1.15357e-01 -3.81436e+00
-3.78544e+00 -1.82667e-01 -3.50466e+00
-3.06492e+00  2.04300e-01 -3.37529e+00
-3.00256e+00 -8.12398e-01 -4.38622e+00
 3.56635e-01 -6.50783e+00 -1.63488e+00
 9.73353e-01 -6.73694e+00 -1.88107e+00
 3.02663e-01 -5.77206e+00 -2.01014e+00
 7.07523e-01 -5.15540e+00 -1.71609e+00
 7.63429e-01 -6.55027e+00 -2.21700e+00
 6.54698e-01 -6.76423e+00 -1.92178e+00
 1.81911e+00 -6.27348e+00 -2.36366e+00
 1.82334e+00 -6.04660e+00 -2.52696e+00
 1.84560e+00 -5.88144e+00 -2.49598e+00
 1.00388e+00 -4.98486e+00 -1.38548e+00
 1.40891e+00 -6.08000e+00 -2.68228e+00
 1.42695e+00 -6.15309e+00 -2.64633e+00
 1.81323e+00 -6.20462e+00 -2.46919e+00
 1.88291e+00 -2.04315e+00 -3.76597e+00
 1.40157e+00 -2.11103e+00 -3.45723e+00
 1.95905e+00 -1.35378e+00 -4.09194e+00
 1.06581e+00 -1.28329e+00 -3.64988e+00
 2.01577e+00 -1.78545e+00 -4.40789e+00
 1.98582e+00 -1.55581e+00 -4.37302e+00
 1.45383e+00 -1.72903e+00 -4.69680e+00
 7.55308e-01 -1.36081e+00 -4.27992e+00
 7.37741e-01 -1.39459e+00 -4.17681e+00
 1.20280e+00 -1.94437e+00 -4.62466e+00
 1.45365e+00 -1.83936e+00 -4.72136e+00
 1.15999e+00 -1.15870e+00 -3.93587e+00
 7.56293e-01 -1.36007e+00 -4.28023e+00
 2.01290e+00 -1.77699e+00 -3.35892e+00
 2.04091e+00 -1.98648e+00 -3.79924e+00
 2.65829e+00 -6.47794e+00  3.43419e+00
 2.92700e+00 -6.31000e+00  3.91753e+00
-8.05239e-02  1.87410e+00  6.12643e+00
-1.16335e+00  2.10124e+00  6.29513e+00
-4.40684e-01  2.31633e+00  6.28463e+00
-2.82937e-01  1.93809e+00  5.95087e+00
-6.90309e-01  1.90928e+00  6.02885e+00
-1.12467e-01  1.86833e+00  6.07835e+00
-2.75591e-01  1.94690e+00  5.95592e+00
-3.32325e-01  2.19048e+00  6.15981e+00
 4.51423e+00  3.43745e+00 -9.12945e-01
 5.20879e+00  4.42669e+00 -5.69485e-01
 5.88284e+00  3.62622e+00 -5.65498e-01
 4.47682e+00  3.74195e+00 -7.22776e-01
 5.92391e+00  3.73073e+00 -6.70449e-01
 5.22595e+00  4.46856e+00 -6.12108e-01
 5.30478e+00  4.76516e+00 -9.94455e-01
 4.86864e+00  3.95360e+00 -5.21682e-01
 5.32946e+00  4.03116e+00 -3.95664e-01
 5.18672e+00  4.40306e+00 -5.68778e-01
 4.55813e+00  3.79935e+00 -6.72351e-01
 5.32195e+00  4.76741e+00 -9.66149e-01
 5.40389e+00  4.77978e+00 -9.69676e-01
 4.50293e+00  3.46501e+00 -8.97038e-01
 4.50471e+00  3.45726e+00 -9.08179e-01
-1.65633e+00 -3.61393e+00  2.71094e-01
-9.94447e-01 -3.76685e+00  1.26399e+00
-7.48615e-01 -4.56756e+00  1.14818e+00
-1.68183e+00 -3.47833e+00  7.25375e-01
-1.38659e+00 -3.34987e+00  8.84866e-01
-7.63845e-01 -4.60486e+00  1.16945e+00
 3.09767e+00 -2.29635e+00 -6.51346e+00
 2.97249e+00 -2.11505e+00 -6.55534e+00
 2.49363e+00 -2.46400e+00 -6.09853e+00
 2.83626e+00 -2.57769e+00 -6.21031e+00
 9.12901e-01  2.61075e+00 -9.31999e-01
 3.48999e-02  1.83867e+00 -8.29429e-01
 1.22766e+00  1.20730e+00 -1.10421e-01
 1.15691e+00  2.49625e+00 -8.91880e-01
 1.03930e+00  2.57153e+00 -8.89462e-01
 1.07957e+00  2.33091e+00 -6.29279e-01
 9.07678e-02  1.44509e+00 -1.30980e+00
 3.76380e+00  4.34139e+00  2.27685e+00
 2.47558e+00  4.10772e+00  2.88766e+00
 2.46585e+00  4.67022e+00  2.82194e+00
 3.87131e+00  3.88741e+00  2.45600e+00
 2.68211e+00  3.80503e+00  3.04954e+00
 3.15088e+00  4.90150e+00  3.22798e+00
 3.74498e+00  4.21720e+00  2.10669e+00
 2.44001e+00  4.62083e+00  2.73694e+00
 2.43221e+00  4.58864e+00  2.80945e+00
 3.67937e+00  4.21296e+00  2.05559e+00
 3.82649e+00  4.61658e+00  2.74931e+00
 3.89199e+00  3.93221e+00  2.58051e+00
 3.86197e+00  3.88649e+00  2.69573e+00
-2.19653e+00  2.84740e+00 -6.36576e+00
-2.16304e+00  2.61008e+00 -6.74605e+00
-1.77034e+00  3.34398e+00 -6.34902e+00
-1.81885e+00  3.33075e+00 -6.29116e+00
 3.97302e+00 -4.85073e+00 -2.01159e+00
-4.18789e+00 -2.31423e+00  1.70213e+00
-5.02015e+00 -2.19547e+00  1.12330e+00
-5.28853e+00 -1.36833e+00  1.56478e+00
-4.76682e+00 -2.47018e+00  1.95764e+00
-4.77205e+00 -1.76893e+00  9.09497e-01
-4.91644e+00 -2.09671e+00  9.80131e-01
-5.39726e+00 -2.34244e+00  1.65779e+00
-4.34441e+00 -2.36770e+00  2.07182e+00
-5.25772e+00 -2.49500e+00  1.74221e+00
-5.16268e+00 -2.54637e+00  1.72807e+00
-4.40030e+00 -2.17540e+00  1.34863e+00
-4.84634e+00 -1.83724e+00  8.96006e-01
-4.37761e+00 -2.15987e+00  2.08621e+00
-4.40388e+00 -2.35878e+00  2.10339e+00
-4.89095e+00 -2.54295e+00  1.83706e+00
-4.26251e+00 -2.43925e+00  1.90746e+00
 7.81587e-01  3.12567e+00  3.64705e+00
 1.65883e+00  2.87831e+00  3.21711e+00
 1.75727e+00  2.90715e+00  3.32348e+00
 1.75455e+00  3.30465e+00  4.40848e+00
 3.89174e-01  3.37725e+00  4.22433e+00
 1.85868e+00  3.14523e+00  4.40011e+00
 4.91152e-01  3.31593e+00  4.44863e+00
 1.87884e+00  3.12630e+00  3.95614e+00
 1.32141e+00  2.62323e+00  3.07641e+00
 4.13632e-01  3.18822e+00  4.43617e+00
 1.90358e+00  3.08748e+00  3.98904e+00
 1.86698e+00  2.78847e+00  3.65813e+00
 1.87530e+00  2.83254e+00  3.60746e+00
 1.89448e+00  3.09240e+00  4.32430e+00
 6.49405e-01  2.76353e+00  4.48035e+00
 3.81084e-01  3.33243e+00  4.30772e+00
 1.06192e+00  2.66998e+00  4.55262e+00
 9.60635e-01  3.43025e+00  4.52916e+00
 7.96706e-01  3.43663e+00  4.50068e+00
 6.55905e+00 -2.49967e-01 -5.61118e-01
 6.71195e+00 -4.93716e-01 -7.02216e-01
 6.76004e+00 -4.70985e-01 -6.41269e-01
 6.15742e+00  5.57898e-01 -1.48224e+00
-6.71079e-01  4.73216e-02  3.19964e+00
-5.05117e-01  7.77343e-01  3.13343e+00
-1.23531e+00  8.25726e-02  3.24343e+00
-8.28755e-01  9.62710e-01  3.97588e+00
-7.06163e-01  1.16316e-01  4.09283e+00
-6.65481e-01  4.70552e-01  2.84682e+00
-1.56235e+00  1.12060e-01  3.38952e+00
-5.43519e-01  7.16918e-02  3.62083e+00
-4.59534e-01  7.94341e-01  3.27664e+00
-7.00951e-01  9.42677e-01  3.96619e+00
-9.05933e-01  8.89838e-01  4.04797e+00
-6.00209e-01  6.15059e-01  2.94620e+00
-8.14706e-01  6.09295e-01  2.75073e+00
-1.18224e+00  9.90812e-01  3.83675e+00
-7.52716e-01  7.22657e-01  4.14797e+00
-6.04852e-01  7.67226e-01  2.98454e+00
 4.04794e+00  4.70687e+00  1.94205e+00
 5.00624e+00  4.99028e+00  1.07962e+00
 4.86564e+00  4.38224e+00  1.60301e+00
 5.30253e+00  4.52871e+00  1.78074e+00
 4.09408e+00  5.25331e+00  1.52726e+00
 4.13584e+00  5.57993e+00  1.48010e+00
 3.63648e+00  5.09259e+00  2.83162e+00
 3.28672e+00  5.05340e+00  3.10410e+00
 3.59283e+00  6.35827e+00  2.10599e+00
 3.15883e+00  6.28067e+00  2.10209e+00
 2.74173e+00  5.73240e+00  2.36811e+00
-3.84931e-01 -2.67499e+00 -1.50683e+00
 5.60437e-01 -3.71141e+00 -7.97552e-01
 9.98346e-01 -3.59920e+00 -9.95830e-01
 4.05884e-01 -2.97338e+00 -1.16879e+00
-4.30074e-01 -3.45388e+00 -1.30351e+00
 8.20790e-02 -2.80975e+00 -1.44678e+00
 1.04607e-01 -3.28793e+00 -1.90749e+00
-1.82181e-01 -3.02782e+00 -2.03525e+00
-4.45263e-01 -3.27868e+00 -1.80381e+00
 9.31850e-01 -3.70008e+00 -9.18152e-01
 9.75874e-01 -3.64835e+00 -1.07735e+00
-5.43281e-01  5.00751e+00 -2.71634e+00
-6.17751e-01  4.95004e+00 -2.71282e+00
-6.58182e-01  6.20268e+00 -1.94573e+00
-6.13735e-01  6.24680e+00 -2.08060e+00
-3.09181e+00 -4.29179e+00  1.72002e+00
-3.05324e+00 -4.36517e+00  2.30354e+00
-3.09412e+00 -4.12093e+00  2.57132e+00
-2.88220e+00 -4.34610e+00  2.50477e+00
-2.87847e+00 -4.21919e+00  2.66976e+00
-3.23770e+00 -3.57413e+00  1.85648e+00
-3.31918e+00 -3.13415e+00  2.14087e+00
 7.31370e-02 -1.64606e+00 -5.98789e+00
 7.47131e-01 -1.30381e+00 -6.41449e+00
 6.09576e-01 -1.42409e+00 -6.51975e+00
 9.58384e-01 -1.20968e+00 -5.49056e+00
 8.49562e-01 -1.48009e+00 -6.50957e+00
 6.82887e-01 -1.33565e+00 -6.43705e+00
 7.83442e-01 -1.39697e+00 -6.52325e+00
 2.11879e-02 -1.86440e+00 -6.46282e+00
 8.33769e-01 -1.56602e+00 -6.51271e+00
 7.69248e-01 -1.40211e+00 -6.52615e+00
 1.64041e+00 -4.72441e+00  4.39664e+00
 1.89240e+00 -3.51495e+00  4.53240e+00
 1.73899e+00 -3.44416e+00  5.00068e+00
 1.37096e+00 -4.53994e+00  5.59906e+00
 1.55765e+00 -4.39212e+00  5.69122e+00
 1.36936e+00 -4.52313e+00  5.60657e+00
 1.83986e+00 -4.81653e+00  4.43868e+00
 1.63258e+00 -4.84591e+00  4.42887e+00
 1.82208e+00 -4.74103e+00  4.41672e+00
 2.25628e+00 -3.52092e+00  5.01089e+00
 1.62230e+00 -3.47725e+00  4.50369e+00
 1.55718e+00 -3.43786e+00  4.79416e+00
-2.03407e+00  6.03078e+00 -1.73592e+00
-1.88744e+00  6.02062e+00 -1.91815e+00
-1.94827e+00  6.08696e+00 -1.16179e+00
-1.45492e+00  6.44804e+00 -1.54131e+00
-1.62676e+00  6.25761e+00 -1.37453e+00
-1.85234e+00  6.02878e+00 -1.26669e+00
-1.97113e+00  6.26705e+00 -1.07367e+00
-1.79291e+00  6.02498e+00 -1.31944e+00
-2.11043e+00  6.23093e+00 -1.02038e+00
-1.90469e+00  6.04509e+00 -1.21531e+00
-1.89353e+00  6.03119e+00 -1.24466e+00
-2.03284e+00  6.27384e+00 -2.56647e+00
-2.35848e+00  6.12105e+00 -2.42263e+00
-2.06094e+00  6.24311e+00 -2.57175e+00
-2.12643e+00  6.08938e+00 -2.46034e+00
-1.71611e+00  6.01687e+00 -1.59805e+00
-1.47415e+00  6.35941e+00 -1.67001e+00
 7.60217e-01  5.87841e+00  2.53271e+00
 1.66501e-01  6.22744e+00  2.16092e+00
 4.85172e-01  6.71770e+00  2.17937e+00
 3.57260e-01  6.60284e+00  2.15007e+00
 9.77619e-01  6.30749e+00  2.52001e+00
 7.33991e-01  6.69090e+00  2.30325e+00
 8.45643e-01  5.96823e+00  2.54878e+00
 9.53383e-01  6.45338e+00  2.46965e+00
-4.56732e+00 -2.39808e+00 -3.80505e+00
-4.90219e+00 -2.72562e+00 -3.32440e+00
-4.77494e+00 -1.18661e+00 -3.53233e+00
-5.02733e+00 -1.29529e+00 -2.39943e+00
-4.83865e+00 -2.72529e+00 -2.94177e+00
-4.70168e+00 -2.64769e+00 -2.70625e+00
-5.21913e+00 -1.14979e+00 -3.38257e+00
-4.82993e+00 -2.36059e+00 -2.46155e+00
-5.00715e+00 -2.45298e+00 -3.63603e+00
-3.70057e+00 -1.79896e+00 -3.14299e+00
-4.33463e+00 -1.20542e+00 -3.42480e+00
-4.50207e+00 -1.43645e+00 -2.19459e+00
-4.78019e+00 -2.57959e+00 -3.70421e+00
-4.55368e+00 -1.36594e+00 -3.73384e+00
-3.82366e+00 -1.39210e+00 -3.20777e+00
-4.15378e+00 -1.25128e+00 -3.43800e+00
-5.19647e+00 -1.52022e+00 -3.68077e+00
-4.70515e+00 -1.57261e+00 -3.85561e+00
-5.19556e+00 -1.14065e+00 -3.23005e+00
-4.06680e+00 -2.16851e+00 -2.53045e+00
-4.93646e+00 -1.27999e+00 -2.36909e+00
-4.95037e+00 -1.13824e+00 -2.98366e+00
-4.31998e+00 -2.10329e+00 -2.31893e+00
-4.72727e+00 -2.44496e+00 -2.46936e+00
-4.92657e+00 -1.73355e+00 -2.30737e+00
-4.48582e+00 -1.49888e+00 -2.18080e+00
-3.96981e+00 -2.08536e+00 -2.57983e+00
-4.31225e+00 -1.81881e+00 -2.24153e+00
 3.63077e+00  2.99677e+00 -4.69227e+00
 2.84448e+00 -3.00295e-01  1.65081e+00
 3.26717e+00 -2.80849e-01  2.25390e+00
 3.46000e+00  5.11484e-01  2.37728e+00
 4.06483e+00  3.12487e-01  2.54737e+00
 4.37573e+00 -4.79781e-01  2.57906e+00
 5.39171e+00 -2.70830e+00  2.08129e+00
 4.59612e+00 -3.83236e+00  2.50002e+00
 4.96977e+00 -2.80401e+00  3.57040e+00
 5.07190e+00 -2.97390e+00  3.60042e+00
 5.07382e+00 -3.42813e+00  3.40049e+00
-5.85341e+00  1.80582e+00  2.17473e+00
-5.56572e+00  1.95119e+00  1.46988e+00
-5.89278e+00  1.92358e+00  1.96124e+00
-5.69388e+00  1.76143e+00  2.93909e+00
-5.33386e+00  2.38769e+00  2.99281e+00
-5.36403e+00  1.84889e+00  3.07220e+00
-5.41106e+00  1.98453e+00  3.09904e+00
-4.29369e+00  2.46956e+00  2.09290e+00
-5.91041e+00  2.75611e+00  1.68429e+00
-5.66223e+00  1.67601e+00  3.00533e+00
-5.65255e+00  1.62118e+00  2.99363e+00
-2.87255e+00  5.17780e+00  3.86537e+00
-3.12574e+00  5.33761e+00  3.72038e+00
 4.66501e+00  2.56360e+00  3.63700e+00
 5.69014e+00  2.42770e+00  3.37222e+00
 4.56783e+00  2.64985e+00  3.51427e+00
 5.27412e+00  2.85708e+00  2.72571e+00
 5.33555e+00  2.82792e+00  2.75219e+00
 4.52368e+00  3.26677e+00  3.49105e+00
 5.67613e+00  2.39267e+00  3.45015e+00
 5.31511e+00 -2.59997e+00  1.74619e+00
 4.91966e+00 -2.83449e+00  1.39229e+00
 5.49072e+00 -2.55895e+00  9.84276e-01
 5.40961e+00 -2.51543e+00  1.00590e+00
 4.65369e+00 -3.24271e+00  1.58851e+00
 4.46559e+00 -3.81900e+00  2.22584e+00
 5.42116e+00 -2.52035e+00  9.96068e-01
 5.44932e+00 -2.74855e+00  9.59656e-01
 5.44948e+00 -2.74833e+00  9.59537e-01
 4.54630e+00 -3.87028e+00  2.46995e+00
 4.75896e+00 -3.84274e+00  2.21301e+00
 5.52897e+00 -2.73172e+00  9.55139e-01
 5.76270e+00 -2.92828e+00  1.11013e+00
 5.62801e+00 -2.82443e+00  1.01716e+00
 4.53077e+00 -3.87720e+00  2.49176e+00
 4.44749e+00 -3.40916e+00  1.69634e+00
 4.31355e+00 -3.88069e+00  2.41430e+00
 4.40870e+00 -2.83167e+00  1.53690e+00
 4.25220e+00 -3.87008e+00  2.34495e+00
 4.32615e+00 -3.81506e+00  2.15084e+00
 4.24929e+00 -3.87348e+00  2.35765e+00
 4.24740e+00 -3.87234e+00  2.35699e+00
 1.44896e+00 -3.80457e+00 -5.00071e+00
 4.99358e-01  6.91034e+00  1.61880e+00
 6.50178e-01  6.99813e+00  1.56142e+00
 4.99037e-01  6.91030e+00  1.61887e+00
-3.08527e+00  5.26715e+00  1.43075e+00
-3.02882e+00  5.35087e+00  1.39837e+00
-3.39666e+00  4.88861e+00  1.14558e+00
-3.34868e+00  5.03749e+00  1.17450e+00
-3.15917e+00  5.23756e+00  1.35308e+00
-3.07081e+00  4.94773e+00  1.49990e+00
-1.55603e+00  5.08121e+00  3.12183e-01
-1.70488e+00  5.15416e+00  2.74624e-01
-2.20808e+00  4.97693e+00  1.02950e-01
-2.67785e+00  4.64801e+00 -7.45596e-02
-2.96318e+00  4.69390e+00  5.56888e-04
-2.92901e+00  4.75417e+00 -2.06491e-02
-1.43575e+00  5.13805e+00  4.83880e-01
-1.60166e+00  5.35658e+00  6.09503e-01
-1.43014e+00  5.12979e+00  5.76352e-01
 3.45385e+00 -2.12031e+00 -8.29392e-02
 3.98054e+00 -1.82726e+00 -1.26294e+00
 3.66441e+00 -1.43657e+00 -1.00547e+00
 4.17732e+00 -2.55632e+00 -1.03662e+00
 3.37614e+00 -1.37514e+00 -5.36118e-01
 1.37945e-01 -5.92486e-01 -1.38292e+00
 3.97011e-01 -6.10304e-01 -1.41448e+00
 4.49638e-01 -1.00060e+00 -1.68981e+00
-4.39820e-01 -1.04658e+00 -1.18516e+00
-4.60816e-02 -7.37434e-01 -1.48335e+00
 3.96358e-01 -9.44412e-01 -1.67484e+00
 8.35670e-01 -1.21136e+00 -1.64542e+00
-2.08334e+00 -9.84326e-01 -6.44044e+00
-8.87243e-01 -6.89328e-01 -6.47604e+00
-1.87708e+00 -1.24073e+00 -6.16239e+00
-4.52410e-01 -1.75240e+00 -6.38868e+00
-4.13057e-01 -1.65233e+00 -6.53210e+00
-8.06512e-01 -7.56346e-01 -6.36656e+00
-1.94605e+00 -8.38386e-01 -6.50640e+00
-8.69098e-01 -9.50360e-01 -6.11515e+00
-1.55327e+00 -1.03249e+00 -6.15416e+00
-1.98827e+00 -8.65785e-01 -6.47827e+00
 3.68927e+00  2.67822e+00  3.54391e+00
 3.01555e+00  3.47898e+00  4.58919e+00
 4.22489e+00  3.43210e+00  3.36654e+00
 3.54066e+00  2.76635e+00  4.26320e+00
 2.98535e+00  3.52550e+00  4.57014e+00
 3.45196e+00  2.79573e+00  4.24185e+00
 2.98614e+00  3.52092e+00  4.37683e+00
 3.46524e+00  2.76698e+00  3.77263e+00
 4.04989e+00  3.12916e+00  3.29687e+00
 4.14137e+00  3.50035e+00  3.28659e+00
-4.43038e+00  3.21801e-01 -3.90338e+00
-4.43963e+00  6.59590e-02 -3.92352e+00
-4.69514e+00 -4.89853e-01 -4.59972e+00
-4.40839e-01  1.45329e+00  3.99819e+00
-8.68404e-01  1.84063e+00  4.62079e+00
-1.66225e+00  1.57988e+00  4.24160e+00
-5.21810e-01  1.92044e+00  3.85113e+00
-1.06887e+00  8.98385e-01  4.70274e+00
-7.09026e-01  1.37860e+00  4.80122e+00
-1.34876e+00  9.97955e-01  4.53022e+00
-4.70852e-01  1.48620e+00  4.21579e+00
-4.31766e-01  1.66308e+00  3.94913e+00
-1.63543e+00  1.61515e+00  4.24905e+00
-7.53893e-01  1.93491e+00  3.76078e+00
-5.99116e-01  1.97302e+00  3.94740e+00
-8.24134e-01  1.91339e+00  3.73991e+00
-1.57957e+00  1.09855e+00  4.10546e+00
-1.63309e+00  1.64710e+00  3.77807e+00
-1.64331e+00  1.17875e+00  4.02211e+00
-1.60921e+00  1.11892e+00  3.93702e+00
 1.26970e+00  5.29188e+00 -1.72741e+00
 2.05425e+00  4.86109e+00 -1.66369e+00
 9.48063e-01  4.03934e+00 -1.67832e+00
 8.37231e-01  4.54095e+00 -1.43075e+00
 9.27784e-01  4.07790e+00 -1.68886e+00
 2.02482e+00  5.20434e+00 -1.22507e+00
 9.97488e-01  3.98027e+00 -1.66326e+00
 1.01599e+00  3.96943e+00 -1.58079e+00
 1.49385e+00  5.44108e+00 -1.84037e+00
 1.41969e+00  3.91150e+00 -6.26073e-01
 1.40135e+00  5.33961e+00 -1.87488e+00
 1.80320e+00  5.06348e+00 -1.82508e+00
 1.34377e+00  4.86465e+00 -1.95387e+00
 1.48858e+00  4.77350e+00 -1.93475e+00
-2.70743e+00  2.99564e+00  2.67530e-01
-6.72618e-02 -1.86595e+00 -6.49604e+00
-2.93353e-01  1.03730e+00 -5.64180e+00
-1.24859e-01  1.37091e+00 -5.65537e+00
-7.25739e-01  1.43962e+00 -4.84911e+00
-2.58518e-01  1.44167e+00 -4.21973e+00
 8.20354e-01  1.00160e+00 -4.40396e+00
-7.28405e-01  1.43357e+00 -4.84936e+00
-2.68706e-01 -2.67665e-02 -4.85111e+00
-1.16946e-01 -4.44778e-02 -4.77480e+00
-3.80764e-01  1.01632e+00 -4.14918e+00
 6.35423e-01  1.30571e+00 -4.39629e+00
 4.59907e-02  1.35796e+00 -5.73541e+00
-2.61018e-01  1.07821e+00 -5.65832e+00
-6.91174e-01  8.48997e-01 -4.47543e+00
-5.96241e-01  5.41292e-01 -4.47087e+00
-6.62043e-02  3.15950e-01 -4.37250e+00
 1.14346e-01  5.86587e-01 -4.20991e+00
 8.21098e-01  9.84959e-01 -4.40238e+00
 9.67867e-01  7.17714e-01 -4.88122e+00
 5.68026e-01  1.33942e+00 -5.50401e+00
 9.24691e-01  1.33761e+00 -5.09996e+00
 5.95407e-01  1.38603e+00 -4.41441e+00
-8.51847e-02  1.43054e+00 -4.25556e+00
-9.75272e-02  5.54997e-01 -4.16140e+00
-1.08654e-01  5.32195e-01 -4.17654e+00
-4.29733e-01  6.03510e-01 -4.30317e+00
-3.30337e-01  8.63431e-01 -4.14396e+00
 9.82441e-01  1.21631e+00 -5.06646e+00
 1.00290e+00  1.02676e+00 -5.09327e+00
-2.64247e+00 -1.34204e+00 -6.53204e+00
-3.27863e+00 -1.49095e+00 -6.31001e+00
-2.65674e+00 -1.09137e+00 -6.58481e+00
-2.62017e+00 -1.18431e+00 -6.57449e+00
-3.29328e+00 -2.81677e+00  3.27863e-01
-3.80757e+00 -2.58693e+00  5.90612e-01
-2.60184e+00 -2.36097e+00  5.34353e-01
-2.43413e+00 -2.23086e+00  9.24508e-01
-3.84059e+00 -1.71008e+00  5.54906e-01
-3.54739e+00 -1.96238e+00  1.39384e+00
-2.79881e+00 -2.63028e+00  1.77813e-01
-3.60697e+00 -1.65390e+00  4.25759e-01
-3.84003e+00 -1.70313e+00  5.69280e-01
-2.91592e+00 -2.61220e+00  1.12309e-01
-3.76770e+00 -2.37326e+00  1.43990e+00
-3.51451e+00 -1.62245e+00  1.08043e+00
-3.64624e+00 -1.52963e+00  7.35528e-01
 5.38936e+00 -2.01692e+00  8.34359e-01
 4.45635e+00 -2.79920e+00  4.70955e-01
 4.73337e+00 -3.20567e+00  5.14710e-01
 4.99473e+00 -3.63897e+00  7.41049e-02
 5.57638e+00 -2.81997e+00  8.40180e-01
 4.38889e+00 -3.29778e+00  9.12188e-02
 4.24988e+00 -2.85877e+00  2.14425e-01
 5.37295e+00 -2.04481e+00  8.49867e-01
 5.28187e+00 -2.18107e+00  9.07306e-01
 5.83317e+00 -3.18068e+00 -2.92978e-01
 5.32583e+00 -2.17968e+00  9.13242e-01
 4.86295e+00 -3.24009e+00  5.69429e-01
 5.73381e+00 -3.35790e+00  1.78148e-01
 5.40662e+00 -2.49867e+00  9.93848e-01
 5.16782e+00 -2.31340e+00  9.19809e-01
 5.44366e+00 -2.02076e+00  8.16111e-01
 4.58403e+00 -2.62094e+00 -5.23095e-01
 4.43901e+00 -2.45534e+00 -9.16840e-02
 4.39404e+00 -3.30805e+00  7.99244e-02
 5.07362e+00 -3.65180e+00  3.61830e-02
 5.38932e+00 -3.32956e+00 -5.68858e-01
 5.60439e+00 -3.19994e+00 -6.48049e-01
-3.52658e+00  1.27789e-01  5.51899e+00
-3.58095e+00  2.12047e-01  5.45110e+00
-4.03399e+00  6.39016e-01  5.50095e+00
-3.43613e+00 -6.48019e-01  5.68775e+00
-3.46427e+00 -6.64244e-01  5.65824e+00
-3.45956e+00 -6.68842e-02  5.49711e+00
-3.54124e+00  3.73745e-02  5.36919e+00
-5.65717e+00  2.21643e+00  7.04349e-01
-5.50784e+00  3.56451e+00  3.19481e-01
-6.36164e+00  2.64115e+00  1.31301e+00
-5.64776e+00  2.20287e+00  7.25556e-01
-5.70944e+00  2.20614e+00  7.10765e-01
-6.28002e+00  2.31335e+00  7.19778e-01
-6.46943e+00  2.44933e+00  9.12962e-01
-2.27617e-01  9.09910e-01  1.33219e+00
-2.02853e-01  1.65003e+00  2.67551e+00
-3.67530e-01  4.17794e-01  2.17380e+00
 6.25442e-01  1.70885e+00  1.92553e+00
-3.68788e-01  1.12623e+00  1.25521e+00
 3.59040e-01  1.67885e+00  2.70826e+00
-3.96081e-01  4.39298e-01  2.18713e+00
-3.48425e-01  4.11733e-01  2.15406e+00
-6.84065e-01  1.63766e+00  2.04601e+00
-6.02779e-01  9.75984e-01  2.46777e+00
 1.21717e-01  1.68888e+00  1.60941e+00
 7.77093e-01  1.53557e+00  1.80751e+00
-3.75335e-01  1.16878e+00  1.23392e+00
-5.73628e-01  1.65384e+00  1.53835e+00
 7.43792e-01  1.09242e+00  1.26122e+00
-2.77715e-01  1.45878e+00  2.66755e+00
-6.27602e-03  1.65911e+00  2.73637e+00
 5.25551e-01  1.68999e+00  2.59131e+00
 7.81125e-01  1.44471e+00  2.18575e+00
-1.02248e+00  5.51366e+00  3.86842e+00
-1.83423e+00  5.31599e+00  4.26216e+00
-1.84878e+00  5.30844e+00  4.26755e+00
-2.08136e+00  5.31133e+00  4.15411e+00
-1.80444e+00  4.70037e+00  3.98817e+00
-1.87513e+00  5.27110e+00  4.26744e+00
-2.55920e+00  5.06818e+00  3.69939e+00
-1.93234e+00  4.48112e+00  3.77840e+00
-2.26262e+00  4.29834e+00  3.45570e+00
 4.84904e+00 -3.18843e+00  4.09809e+00
 4.22140e+00 -3.36777e+00  4.44041e+00
 4.21573e+00 -3.49690e+00  4.41573e+00
 4.82715e+00 -3.39970e+00  4.06537e+00
-2.93125e-01 -4.75955e+00  2.03025e+00
 7.34785e-01 -4.34108e+00  3.01636e+00
 7.77927e-01  1.08674e+00  3.07430e+00
 1.12805e+00  2.96321e-01  2.43313e+00
 1.22473e+00  9.08696e-01  2.74231e+00
-3.64904e-01  3.71116e-01  2.17798e+00
 1.04281e+00  1.37256e+00  2.67888e+00
-3.35939e-01  2.56492e-01  2.20332e+00
 1.23625e+00  7.89916e-01  2.79170e+00
-3.39230e-01  2.60587e-01  2.20367e+00
-3.20730e-01  2.42962e-01  2.21947e+00
 6.17521e-01  1.69473e+00  2.91739e+00
 4.94579e-01  1.75410e+00  2.81498e+00
 1.22944e+00  8.89749e-01  2.74748e+00
 1.22752e+00  8.94950e-01  2.73879e+00
-3.28676e+00  3.28827e+00 -4.60250e+00
-4.32077e+00  2.78047e+00 -4.09931e+00
-3.62037e+00  3.15769e+00 -3.97897e+00
-3.27319e+00  3.87715e+00 -4.55406e+00
-3.69739e+00  4.28230e+00 -3.68894e+00
-4.26854e+00  3.46513e+00 -3.33058e+00
-4.12473e+00  3.55634e+00 -3.28995e+00
-3.94753e+00  3.62338e+00 -3.29237e+00
-3.74959e+00  4.30848e+00 -3.65703e+00
-3.72577e+00  4.27956e+00 -3.63485e+00
 2.08886e+00  3.81342e+00  5.06694e+00
 2.16418e+00  3.73046e+00  5.08883e+00
 2.09600e+00  3.94132e+00  5.00501e+00
 2.62964e+00  3.64780e+00  5.02135e+00
-1.39313e+00  3.57640e+00 -7.92258e-01
-7.71742e-01  2.60288e+00  5.98166e-03
-6.20891e-02  2.58831e+00  1.91540e-01
-9.05720e-01  2.58793e+00 -5.50124e-01
-4.56143e-01  2.96799e+00 -1.04270e+00
-2.87240e-01  4.07202e+00 -9.56370e-02
-1.52106e-01  4.01699e+00 -2.66094e-01
-5.78134e-01  3.49795e+00 -1.25989e+00
-7.19982e-01  2.43932e+00 -4.18290e-01
-1.24974e+00  2.93419e+00 -5.26274e-01
-3.28125e-01  4.07281e+00 -7.91417e-02
-5.39622e-02  3.45174e+00  7.74935e-01
-2.94842e-01  4.07264e+00 -8.05408e-02
 1.20824e-01  3.39216e+00  5.28730e-01
-1.29006e-01  3.34447e+00  7.89408e-01
-2.88140e-01  2.75623e+00  5.72356e-01
-7.93253e-02  3.43805e+00  7.95319e-01
 2.60127e+00 -5.91988e+00  5.40186e-01
-4.35251e+00 -2.80134e+00  4.69854e+00
-4.73237e+00 -2.40406e+00  3.34467e+00
-4.91407e+00 -2.77665e+00  4.02085e+00
-4.71372e+00 -2.41677e+00  3.34506e+00
-4.73579e+00 -2.42426e+00  3.33949e+00
 3.36545e-01  1.46653e-01  3.56165e+00
 1.12417e+00 -6.11370e-01  4.49163e+00
 4.89446e-01  3.59578e-01  3.83414e+00
 5.37599e-01  2.99086e-01  3.70688e+00
 1.14047e+00 -6.32687e-01  4.45991e+00
 8.42255e-01 -1.53850e+00  4.16284e+00
 9.82666e-01 -9.62487e-01  4.58058e+00
 4.59989e-01 -3.98595e-01  3.06490e+00
 7.35030e-01  3.02125e-02  3.46562e+00
 4.45924e-01 -4.70910e-01  3.06011e+00
 4.11245e-01 -4.16657e-01  3.04702e+00
 1.08536e-01 -1.20486e-01  3.31048e+00
 4.90553e-01 -1.24205e+00  4.57042e+00
 8.21591e-01 -1.53300e+00  4.21217e+00
 1.03570e+00 -1.10056e+00  4.45348e+00
 1.05191e+00 -1.09393e+00  4.43161e+00
 3.13327e+00  4.92835e+00  3.23789e+00
 2.48853e+00  5.08790e+00  3.08982e+00
 5.16805e+00  4.45577e+00 -3.79318e-01
 5.01030e+00  4.43838e+00  1.29112e-01
 5.12190e+00  4.51416e+00 -4.55548e-01
 4.50696e+00  4.73215e+00  5.13627e-01
-5.88404e+00 -1.26141e+00  1.67946e+00
-5.08000e+00 -6.57298e-01  3.00816e-01
-5.96684e+00 -1.27747e+00  1.57669e+00
-5.71812e+00 -1.38686e+00  6.15149e-01
-5.92141e+00 -1.24001e+00  1.66980e+00
-6.04355e+00 -3.15498e-01  9.20228e-01
-6.01941e+00 -2.78671e-01  9.78551e-01
-5.80084e+00 -1.22688e+00  3.28222e-01
-6.21402e+00 -8.03637e-01  7.39995e-01
-5.58297e+00 -1.24627e+00  1.70472e+00
-5.04662e+00 -6.45326e-01  3.18095e-01
-5.11011e+00 -9.08967e-02  1.22421e+00
-4.90754e+00 -2.24802e-01  9.93047e-01
-4.70488e+00 -7.18818e-01  7.47301e-01
-5.49046e+00 -8.96674e-01  1.61568e+00
-5.92448e+00 -1.23661e+00  1.66854e+00
-4.71339e+00 -7.05887e-01  7.22323e-01
-4.70284e+00 -6.98341e-01  7.45859e-01
 1.27365e+00  2.40492e+00 -3.31184e+00
 1.97506e+00  3.53619e+00 -4.03184e+00
 1.75756e+00  3.01754e+00 -2.87698e+00
 1.61559e+00  3.74364e+00 -3.06543e+00
 1.74303e+00  3.01160e+00 -2.87112e+00
 1.47279e+00  3.18088e+00 -2.84975e+00
 2.36007e+00  3.64733e+00 -3.24025e+00
 1.60805e+00  2.67439e+00 -4.05810e+00
 1.14775e+00  3.76835e+00 -3.15186e+00
 1.41260e+00  3.68744e+00 -2.99192e+00
 2.34648e+00  3.56321e+00 -3.70770e+00
 1.47529e+00  2.78651e+00 -4.21684e+00
 1.69861e+00  3.57411e+00 -3.95510e+00
 1.42296e+00  2.49562e+00 -3.84658e+00
 1.35121e+00  2.76238e+00 -4.19868e+00
 2.30065e+00  2.00730e+00 -3.20167e+00
 2.14130e+00  2.20974e+00 -3.89834e+00
 2.33106e+00  2.15095e+00 -3.83251e+00
 2.59603e+00  2.32171e+00 -3.71927e+00
 2.60688e+00  2.33725e+00 -3.71391e+00
 2.51925e+00  3.16395e+00 -2.58402e+00
 1.31338e+00  2.27038e+00 -3.36462e+00
 1.41024e+00  2.33148e+00 -3.71281e+00
 2.34831e+00  2.03656e+00 -3.17372e+00
-2.85787e+00  5.14419e+00  2.29025e+00
-3.49110e+00  4.51146e+00  2.21815e+00
-3.06465e+00  5.48048e+00  1.75595e+00
-3.09158e+00  5.40314e+00  1.70243e+00
-3.06900e+00  4.90413e+00  1.82212e+00
-3.31576e+00  4.50278e+00  2.10018e+00
-3.07917e+00  5.47528e+00  2.87501e+00
-3.02853e+00  5.39780e+00  2.81038e+00
-3.81616e+00  4.65679e+00  2.90115e+00
-3.78303e+00  1.25404e+00 -4.02245e+00
-3.98545e+00  1.28556e+00 -3.88838e+00
-3.77877e+00  1.53407e+00 -4.55420e+00
-4.40029e+00  1.58866e+00 -4.06304e+00
-3.46917e+00  2.19281e+00 -3.13896e+00
-4.10039e+00  2.31222e+00 -3.81115e+00
-4.41770e+00  1.82614e+00 -3.97728e+00
-3.89711e+00  2.19416e+00 -3.44809e+00
-4.26410e+00  2.20239e+00 -3.98109e+00
-3.77794e+00  1.53727e+00 -4.55852e+00
-3.77935e+00  1.53624e+00 -4.55774e+00
-5.83803e+00  7.80313e-01  3.59442e+00
-5.66026e+00  9.27691e-01  3.81051e+00
-5.18237e+00  1.01152e+00  4.29016e+00
-5.18279e+00  8.22975e-02  4.08862e+00
-5.05370e+00  1.31911e-01  4.12680e+00
-5.17698e+00  7.80140e-02  4.10484e+00
-5.63817e+00  4.44613e-02  3.85962e+00
-5.55443e+00  3.23315e-01  3.71477e+00
-9.78777e-01  4.94661e-01 -6.43985e+00
-1.13262e+00  5.16030e-01 -6.11857e+00
 6.41626e-02  1.14669e+00 -5.87309e+00
 3.74616e-01  9.36529e-01 -6.10377e+00
-2.94195e-01  1.02997e+00 -5.65244e+00
-2.79602e-01  1.04736e+00 -5.66178e+00
 2.97787e-01  1.02436e+00 -6.01129e+00
 3.89003e-01  9.41757e-01 -6.08475e+00
-3.14834e-01  4.64901e-02 -5.61198e+00
 4.04441e-01  5.83687e-01 -6.06345e+00
-2.29690e-02  1.48278e-01 -5.79187e+00
-1.12539e+00  4.40694e-01 -6.06971e+00
-1.14015e+00  4.90864e-01 -6.08030e+00
-7.13748e-01 -2.99716e-01 -6.34139e+00
-6.60881e-01 -1.56837e-01 -5.78790e+00
 3.82315e-01  9.58948e-01 -6.06070e+00
 4.00034e-01  9.10998e-01 -6.07008e+00
-5.76402e-01 -5.44715e+00 -2.73402e+00
-1.70034e+00 -5.84724e+00 -3.23829e+00
-7.45960e-01 -5.26330e+00 -2.72466e+00
-1.50810e+00 -5.72050e+00 -3.31666e+00
-5.70402e-01 -5.73966e+00 -2.90165e+00
-6.09085e-01 -5.40715e+00 -2.74007e+00
-1.44072e+00 -5.38692e+00 -3.10640e+00
-1.92153e+00 -5.24239e+00 -2.47254e+00
-1.95584e+00 -5.33707e+00 -2.37690e+00
-1.70973e+00 -5.84793e+00 -3.22994e+00
-1.88668e+00 -5.27044e+00 -2.58710e+00
-4.45797e-01 -5.70208e+00 -2.54598e+00
-4.41966e-01 -5.68994e+00 -2.75544e+00
-5.35733e+00 -4.01338e+00 -1.70611e+00
-5.11517e+00 -4.25927e+00 -1.52494e+00
-5.07677e+00 -4.43545e+00 -1.92056e+00
-5.35635e+00  2.87589e+00  3.53817e+00
-4.37951e+00  3.21543e+00  1.90334e+00
-4.12637e+00  2.63851e+00  2.32787e+00
-5.26120e+00  2.65780e+00  3.57447e+00
-4.43730e+00  2.94899e+00  3.41342e+00
-3.69454e+00  5.78638e+00 -2.15038e+00
-3.71038e+00  5.81595e+00 -2.29433e+00
-3.70931e+00  5.81217e+00 -2.29569e+00
-2.19804e+00 -4.23026e-01  2.40850e-01
-1.65611e+00 -1.48097e+00  4.73985e-01
-1.35290e+00 -5.71791e-01  8.34101e-01
-1.98838e+00 -1.15410e+00  2.81812e-01
 1.14925e+00  2.12740e+00  5.75717e+00
 6.69697e-01  1.06438e+00  6.69179e+00
 9.60829e-01  2.07986e+00  6.43189e+00
 1.80385e+00  6.55077e-01  6.62122e+00
 1.95523e+00  8.67562e-01  6.70909e+00
 1.90927e+00  1.28872e+00  5.50624e+00
 2.05502e+00  1.03978e+00  5.48704e+00
 2.43572e+00  1.40911e+00  5.89874e+00
 1.06882e+00  2.15890e+00  6.48047e+00
 5.52732e-01  2.07030e+00 -3.12307e+00
 1.24885e+00  2.36239e+00 -3.26656e+00
 5.48950e-01  2.03847e+00 -3.12891e+00
 5.98253e-01  2.41490e+00 -1.97365e+00
 5.00600e-01  1.61354e+00 -2.70264e+00
 1.27858e+00  2.23454e+00 -3.30342e+00
 1.07236e+00  1.94275e+00 -3.30586e+00
 6.11167e+00  3.09592e+00  5.12908e-01
 6.32350e+00  3.60259e+00  1.76306e-01
 5.68972e+00  3.67517e+00  1.02979e+00
 5.96549e+00  3.66551e+00  2.91004e-01
 5.99072e+00  3.02980e+00  5.94828e-01
 5.94752e+00  3.70590e+00  3.15893e-01
 5.95926e+00  2.93416e+00  7.35725e-01
 6.32857e+00  3.59510e+00  1.77938e-01
-5.84460e+00 -1.76287e+00  2.52809e-01
-5.90356e+00 -1.27743e+00  2.59348e-03
-5.43418e+00 -2.22738e+00  2.01051e-01
-4.91866e+00 -2.14551e+00  5.35540e-01
-5.15886e+00 -2.32525e+00  3.48043e-02
-4.64143e+00 -2.22213e+00  1.09577e-01
-5.04522e+00 -2.30958e+00  1.02742e-01
-4.74517e+00 -2.24036e+00  2.01599e-01
-4.94879e+00 -2.10323e+00  6.30611e-01
-4.26423e+00 -1.60949e+00  5.59948e-01
-4.59100e+00 -1.90946e+00 -5.69535e-01
-5.06729e+00 -6.43360e-01  2.58459e-01
-5.51448e+00 -9.21253e-01 -5.36629e-01
-5.39706e+00 -9.71910e-01 -6.02036e-01
-5.14164e+00 -1.02102e+00 -6.38089e-01
-4.72549e+00 -1.91897e+00 -5.71676e-01
-4.76224e+00 -1.74979e+00 -6.45551e-01
-5.14576e+00 -6.53133e-01 -3.00672e-01
-5.37124e+00 -8.15888e-01 -4.57963e-01
-5.47238e+00 -9.29762e-01 -5.66018e-01
-5.11230e+00 -2.32674e+00  4.33627e-02
-4.69474e+00 -2.24052e+00 -4.25598e-02
-3.12253e+00  1.00587e+00 -1.90833e+00
-3.06749e+00  1.06447e+00 -2.05607e+00
-2.00687e+00  6.49904e-02 -2.15411e+00
-1.74189e+00  1.11673e-01 -1.75149e+00
-1.51975e+00  4.86646e-01 -1.70618e+00
-2.78670e+00  7.12579e-01 -2.54206e+00
-3.06167e+00  1.07116e+00 -2.05039e+00
-2.76320e+00  2.90893e-01 -2.66103e+00
-3.12093e+00  1.00582e+00 -1.98865e+00
 4.67913e+00  3.52053e-02  3.44519e+00
 4.78073e+00  5.88873e-01  3.40353e+00
 4.65142e+00  1.99051e-01  3.91050e+00
 4.91288e+00 -1.97296e-01  4.01846e+00
 6.03579e+00 -7.03557e-02  4.25835e+00
 5.19965e+00  1.24093e+00  3.28624e+00
 5.20314e+00  1.21758e+00  3.23837e+00
 5.22096e+00  1.75221e-01  3.09443e+00
 5.91010e+00  5.36227e-01  3.13221e+00
 5.77274e+00  1.77175e-01  3.08512e+00
 5.90944e+00 -1.73844e-01  3.95237e+00
 4.81407e+00 -1.62458e-01  4.14125e+00
 5.03299e+00  5.69415e-01  4.36180e+00
 4.78322e+00  5.16282e-01  3.27826e+00
 4.91206e+00  6.71375e-01  3.16816e+00
 5.01331e+00  5.41428e-01  4.36072e+00
 4.95054e+00 -1.00876e-01  4.31475e+00
 4.61906e+00 -7.72108e-03  3.87994e+00
 4.67765e+00  3.20878e-02  3.45292e+00
 4.99125e+00 -1.65235e+00  8.33645e-01
 3.90311e+00 -2.58984e+00  1.99177e-01
 3.52265e+00 -2.16464e+00  4.63059e-01
 4.19047e+00 -2.27172e+00  1.39817e+00
 3.59005e+00 -1.77183e+00  1.20433e+00
 4.12848e+00 -2.67755e+00  9.27917e-01
 3.63426e+00 -1.72557e+00  3.35003e-01
 4.35434e+00 -1.97484e+00  6.80238e-03
 5.38722e+00 -2.00136e+00  8.38036e-01
 4.17247e+00 -2.84288e+00  2.71042e-01
 5.32184e+00 -1.82942e+00  8.44730e-01
 5.03452e+00 -1.75307e+00  6.37530e-01
 4.10410e+00 -2.19289e+00  1.42600e+00
 4.31638e+00 -2.46139e+00  1.27834e+00
 4.11657e+00 -1.66761e+00  1.35326e+00
 5.16845e+00 -1.72410e+00  8.98600e-01
 4.16921e+00 -2.66983e+00  9.62388e-01
 3.77782e+00 -1.47201e+00  9.41971e-01
 3.57407e+00 -2.04274e+00  3.17566e-01
 4.08077e+00 -1.45241e+00  1.01153e+00
 3.76329e+00 -1.47708e+00  8.79352e-01
 4.20930e+00 -1.58467e+00  1.30192e+00
 4.03342e+00 -1.45196e+00  1.05096e+00
 3.66557e+00 -1.50505e+00  9.23223e-01
 3.67027e+00 -1.50535e+00  7.97339e-01
 3.52704e+00 -2.02821e+00  1.22209e+00
 3.53504e+00 -2.03545e+00  1.22564e+00
 3.55468e+00 -2.05064e+00  3.49110e-01
 3.58508e+00 -1.92891e+00  3.28165e-01
-2.20100e+00 -1.32578e+00  5.33109e+00
-2.62975e+00 -1.94798e+00  5.64031e+00
-3.28331e+00 -7.24448e-01  5.77252e+00
-3.28475e+00 -7.18605e-01  5.77233e+00
-1.95890e+00 -1.67634e+00  5.75868e+00
-2.43260e+00 -2.10616e+00  5.87929e+00
-2.61205e+00 -2.11455e+00  5.79248e+00
-1.54819e+00 -2.53770e-01  3.76936e+00
-1.36960e+00 -3.16195e-02  4.76562e+00
-1.78527e+00 -2.75176e-01  3.43208e+00
-1.57627e+00  5.76465e-01  4.76778e+00
-1.47026e+00  3.36555e-01  4.86280e+00
-1.53423e+00 -2.50446e-01  3.82848e+00
-1.71281e+00 -5.11443e-01  3.68632e+00
-1.70834e+00 -4.93800e-01  3.65864e+00
-1.70580e+00 -4.56874e-02  3.42971e+00
-1.86797e+00 -7.54058e-01  4.14923e+00
-3.96694e+00  4.19357e+00  4.23510e+00
-3.83604e+00  4.28445e+00  4.07458e+00
-3.50848e+00  4.93136e+00  3.54925e+00
-3.10365e+00  4.74475e+00  4.12135e+00
-2.90016e+00  5.09667e+00  3.85687e+00
-4.15916e+00  4.25435e+00  4.23517e+00
-2.73574e+00  2.16491e+00  1.93022e+00
-3.36183e+00  1.11756e+00  2.19239e+00
-2.83838e+00  2.10195e+00  1.94926e+00
-3.36185e+00  1.11757e+00  2.19239e+00
-3.45542e+00  1.28385e+00  1.82614e+00
-3.24000e+00  1.14957e+00  1.64223e+00
-1.52271e+00  1.66248e+00  1.82745e+00
-2.15687e+00  6.93713e-01  1.36409e+00
-2.92555e+00  8.76755e-01  1.69117e+00
-2.08691e+00  6.83347e-01  1.54190e+00
-2.20538e+00  6.64215e-01  1.42263e+00
 1.21702e-01 -6.96941e-01 -4.48713e+00
 1.16463e+00  6.91150e-01 -3.92365e+00
-6.17668e-02 -3.61878e-01 -4.69634e+00
 5.16007e-01 -6.55736e-01 -5.05950e+00
-1.19384e-01 -1.40745e-01 -4.83409e+00
 8.02484e-01  4.96487e-01 -3.83614e+00
 1.26126e+00 -1.26021e-01 -3.71027e+00
-8.87672e-03 -4.35729e-01 -4.50453e+00
 1.10446e+00  5.21606e-01 -5.07850e+00
 1.40841e+00 -4.75052e-01 -4.47965e+00
 1.10011e+00 -6.44741e-01 -4.72116e+00
 1.16352e+00  6.97786e-01 -3.93187e+00
-2.32569e+00 -2.94438e+00  5.97534e+00
-2.36206e+00 -3.71632e+00  5.86187e+00
-2.93003e+00  4.04573e+00 -4.58615e+00
-2.83859e+00  5.16390e+00 -4.51705e+00
-3.64737e+00  4.88857e+00 -3.86532e+00
-3.83180e+00  4.48081e+00 -3.63704e+00
-2.69868e+00  5.09929e+00 -4.60388e+00
-2.88989e+00  4.29091e+00 -4.28658e+00
-2.88780e+00  4.30141e+00 -4.28209e+00
-2.89397e+00  4.29619e+00 -4.27640e+00
-2.45728e-01  4.19679e+00 -3.90793e-02
 4.71001e-01  4.74075e+00  3.82801e-01
-3.72240e-01  5.32393e+00  1.13932e+00
 3.39757e-01  4.31648e+00  1.10757e+00
 1.71965e-01  3.98760e+00  9.84344e-01
-1.44080e-01  4.33992e+00 -7.67522e-02
-6.22696e-01  5.34325e+00  3.77193e-01
 3.52857e-01  5.34238e+00  3.36471e-01
-1.00567e-01  4.89273e+00 -1.18294e-02
-4.25700e-02  4.59378e+00  1.15650e+00
 2.87198e-01  4.29492e+00  1.12151e+00
-1.28936e-01  5.47565e+00  1.06851e+00
 1.25779e-01  5.40896e+00  1.02164e+00
 1.99069e-01  4.00951e+00  9.98328e-01
 3.89012e-01  4.21332e+00  1.02197e+00
-4.24207e+00  1.53542e+00  3.34960e+00
-3.50510e+00  6.84048e-01  2.71772e+00
-4.13171e+00  1.54361e+00  3.26157e+00
-3.47780e+00  8.42266e-01  2.94542e+00
-4.06116e+00 -7.98512e-02  2.92456e+00
-4.32582e+00 -2.72970e-02  3.84293e+00
-3.94735e+00  4.98941e-02  2.82980e+00
-3.89469e+00  1.55607e+00  2.75280e+00
-3.47395e+00  7.73559e-01  2.79820e+00
-3.56108e+00  1.18684e+00  2.72679e+00
-3.51517e+00  1.02295e+00  2.92496e+00
-3.51067e+00  8.85989e-01  2.58416e+00
-3.56216e+00  1.08906e+00  2.41917e+00
-8.48771e-01  1.24312e+00 -1.75119e+00
-1.04787e+00  1.71763e+00 -5.71219e-01
-6.08490e-01  1.20842e+00 -1.32818e+00
-1.04413e+00  1.72067e+00 -5.69053e-01
-4.63577e+00 -2.76808e-01 -2.93167e+00
-3.78373e+00 -2.27172e-01 -3.49795e+00
-4.55942e+00 -2.31213e-01 -2.96967e+00
-5.32239e+00 -1.09295e+00 -3.37257e+00
-5.34857e+00 -3.35243e-01 -3.63215e+00
-4.82501e+00 -2.70696e-01 -3.12430e+00
-5.21764e+00 -2.98457e-01 -3.82065e+00
-5.42003e+00 -4.35718e-01 -3.67326e+00
-5.36119e+00 -3.29890e-01 -3.74999e+00
-3.87512e+00 -6.52401e-02 -3.55303e+00
-3.92673e+00 -8.76966e-02 -3.35714e+00
-3.78405e+00 -1.91420e-01 -3.48667e+00
 8.87080e-01  4.34058e+00  1.23167e+00
 1.41870e+00  4.72076e+00  1.14552e+00
 5.22799e-01  5.32056e+00  1.24063e+00
 6.02028e-01  5.34908e+00  2.15184e+00
 8.41212e-01  4.43105e+00  2.25909e+00
 1.21994e+00  4.88010e+00  2.29615e+00
 6.96725e-01  4.47576e+00  2.22987e+00
 6.14185e-01  4.43147e+00  1.26435e+00
 9.70813e-01  4.37699e+00  2.09548e+00
 6.84011e-01  5.39230e+00  1.21626e+00
 1.42760e+00  5.34691e+00  1.11906e+00
 1.37610e+00  5.37776e+00  1.12467e+00
 1.59234e+00  5.42989e+00  1.26208e+00
 1.47705e+00  5.39255e+00  1.16085e+00
-1.65388e+00 -1.67563e+00 -9.02043e-01
-2.01558e+00 -8.20007e-01 -1.61069e+00
-2.00792e+00 -1.70720e+00 -1.04642e+00
-2.12343e+00 -8.39115e-01 -1.42492e+00
-2.19858e+00 -9.11353e-01 -1.29279e+00
-9.87481e-01 -8.76380e-01 -7.83744e-01
-1.83129e+00 -1.73913e+00 -1.88490e+00
-5.67162e-01 -6.28530e-01 -1.44305e+00
-1.41115e+00 -5.18526e-01 -1.58051e+00
-2.21354e+00 -1.10906e+00 -1.25816e+00
-1.86779e+00 -6.97346e-01 -1.56121e+00
-9.28940e-01 -4.49637e-01 -1.23955e+00
-1.10772e+00 -6.34802e-01 -8.85117e-01
 2.01775e+00 -1.79934e+00  5.54470e+00
 1.02894e+00 -2.54077e+00  4.20415e+00
 2.16529e+00 -2.40592e+00  4.19969e+00
 2.47521e+00 -3.20771e+00  5.59232e+00
 9.51578e-01 -2.48163e+00  4.35162e+00
 2.30045e+00 -3.51371e+00  5.03473e+00
 1.00556e+00 -3.15246e+00  4.69638e+00
 2.24534e+00 -2.93615e+00  5.98419e+00
 1.17827e+00 -3.24908e+00  4.34196e+00
-1.02395e+00  4.85728e+00 -4.08694e+00
-4.85203e-01  5.10711e+00 -4.31871e+00
 4.28930e+00 -4.33349e-01  1.08074e+00
 4.74274e+00 -2.83840e-01  7.39726e-01
 3.72006e+00 -4.44826e-01  8.16154e-02
 4.66837e+00 -3.41036e-01  4.47170e-01
 4.05331e+00 -6.03447e-01  2.74033e-01
 3.82249e+00 -9.42759e-02  3.06219e-02
 3.92882e+00  2.76139e-01  9.55717e-01
 3.89194e+00 -1.54921e-01  5.01362e-02
 4.64322e+00 -3.52918e-01  4.27797e-01
 3.77155e+00  8.37743e-02  1.31216e-01
 3.70940e+00 -4.28744e-01  1.01598e-01
 3.78607e+00 -2.30824e-01  3.34232e-02
 3.89763e+00  1.41352e-03  1.10386e-01
 3.81140e+00 -9.36526e-02  2.82075e-02
 3.77194e+00  8.32879e-02  1.30497e-01
 6.38715e+00 -1.13921e+00 -2.27086e+00
 5.05101e+00 -1.72965e+00 -1.33527e+00
 5.51149e+00 -4.15490e-01 -1.94579e+00
 5.71663e+00 -1.36059e+00 -9.74624e-01
 5.66138e+00 -1.10634e+00 -7.91210e-01
 6.09638e+00 -1.35779e+00 -2.42851e+00
 5.33902e+00 -1.53629e+00 -2.22865e+00
 5.25512e+00 -1.77635e+00 -2.11789e+00
 5.26706e+00 -1.75064e+00 -2.14055e+00
 6.39103e+00 -1.09699e+00 -2.26685e+00
-4.53017e+00  3.12077e+00 -2.98865e+00
-4.40848e+00  2.62503e+00 -4.01581e+00
-4.49907e+00  3.13031e+00 -3.00928e+00
-4.32269e+00  2.77642e+00 -4.09836e+00
-4.46815e+00  3.19082e+00 -3.03079e+00
-4.55443e+00  3.14206e+00 -2.97312e+00
 2.10432e+00 -8.05973e-02  6.96860e-01
 2.20446e+00  3.86519e-01  1.50196e+00
 1.41564e+00  4.89511e-01  1.63939e+00
 1.79496e+00  1.13597e+00  7.62234e-01
 2.12662e+00 -4.41439e-01  8.95025e-01
 1.23299e+00 -4.61241e-01  1.06273e+00
 1.77905e+00 -4.63979e-01  6.73987e-01
 7.65050e-01  3.90397e+00 -2.99188e+00
 8.21754e-01  3.88030e+00 -3.09032e+00
 8.07472e-01  3.94772e+00 -1.78151e+00
 7.57833e-01  3.89048e+00 -1.79209e+00
 8.72354e-01  1.57532e+00  1.71441e+00
 1.86125e+00  1.77241e+00  1.66494e+00
 9.95243e-01  2.01186e+00  8.06154e-01
 6.66468e-01  2.63289e+00  1.51712e+00
 1.10009e+00  1.33494e+00  1.03957e+00
 8.08099e-01  2.88959e+00  1.53637e+00
 8.07550e-01  2.88913e+00  1.53663e+00
 1.82946e+00  1.75993e+00  1.66588e+00
 1.35206e+00  2.52877e+00  7.74041e-01
 6.50944e-01  2.42566e+00  1.77799e+00
 7.48523e-01  2.57761e+00  1.82862e+00
 6.65739e-01  2.33245e+00  1.80871e+00
 6.67815e-01  2.43009e+00  1.81883e+00
 1.26961e+00  1.38886e+00  1.08047e+00
 1.68629e+00  1.57667e+00  1.16481e+00
-2.61359e+00  2.10203e+00  3.52814e+00
-4.18650e+00  1.64707e+00  3.50556e+00
-3.56272e+00  2.69427e+00  3.40566e+00
-3.57772e+00  2.67594e+00  3.38353e+00
-3.54490e+00  2.68155e+00  3.39966e+00
-2.68440e+00  1.83113e+00  3.37801e+00
-3.13913e+00  9.19186e-01  3.51987e+00
-3.23673e+00  1.14652e+00  4.11555e+00
-3.57626e+00  2.69062e+00  3.39775e+00
-4.07390e-01 -5.89117e+00 -2.16986e+00
 7.56918e-01  4.30714e+00  4.88163e+00
 3.90916e-01  3.95839e+00  5.04137e+00
 9.50209e-01  3.50839e+00  4.54478e+00
 1.96691e-01  4.54088e+00  3.90201e+00
 1.32496e+00  3.77056e+00  4.54679e+00
 1.96130e-01  3.51644e+00  3.93246e+00
 1.19608e+00  3.92637e+00  4.77380e+00
 5.27316e-01  3.76382e+00  5.01588e+00
 5.61056e-01  3.60482e+00  4.88215e+00
 1.11336e+00  3.87333e+00  4.24101e+00
 3.61000e-01  3.57605e+00  3.95877e+00
 1.75589e-01  3.42050e+00  4.11047e+00
 2.70222e-01  3.50170e+00  3.97145e+00
 1.30066e+00  3.80964e+00  4.63263e+00
 9.41352e-01  3.57414e+00  4.65502e+00
 1.40729e-01  3.56841e+00  3.87651e+00
 4.23136e+00 -4.18009e+00  1.63440e-01
 5.01307e+00 -4.08761e+00  9.70792e-01
 4.96600e+00 -3.95339e+00  1.16791e+00
 3.84643e+00 -3.86723e+00  8.78138e-01
 4.34562e+00 -3.79976e+00  1.71790e+00
 4.86065e+00 -3.40672e+00  1.00451e+00
 4.63906e+00 -3.48412e+00  1.26620e+00
 4.41975e+00 -3.86535e+00  1.67548e+00
 4.56504e+00 -4.17327e+00  1.19586e+00
 5.02256e+00 -3.76966e+00  8.36651e-02
 5.06607e+00 -4.04569e+00  2.74580e-01
 4.92862e+00 -4.06106e+00  1.13814e-01
 4.16903e+00 -3.69237e+00  1.25413e-01
 4.06088e+00 -3.56806e+00  3.13406e-01
-3.92392e+00  3.43975e+00  1.85296e+00
-4.05042e+00  4.61679e+00  1.46375e+00
-3.29151e+00  3.90698e+00  1.98856e+00
-4.20689e+00  4.54713e+00  1.45978e+00
-9.16399e-01  1.69070e-01 -1.26989e+00
-8.60703e-01  3.28968e-02 -1.22135e+00
-9.38872e-01  1.24799e-01 -1.00196e+00
-1.60886e+00 -3.18455e-01 -1.73481e+00
-8.69009e-01  1.26632e-01 -1.16675e+00
-1.73873e+00  4.76098e-01 -9.47117e-01
-1.44533e+00  4.89881e-01 -1.66907e+00
-1.61476e+00 -3.18555e-01 -1.73585e+00
-1.48992e+00  4.87954e-01 -1.70088e+00
-1.16763e+00 -1.81540e-01 -5.74317e-01
-1.97807e+00 -1.53020e-01 -1.87174e-01
-1.17163e+00 -4.94919e-01 -6.81636e-01
 9.90250e-01 -2.03228e+00  3.98827e+00
 1.35382e+00 -1.61479e+00  2.84340e+00
 2.19634e+00 -2.33786e+00  4.17246e+00
 9.50426e-01 -1.68414e+00  3.93076e+00
 1.30643e+00 -1.47627e+00  2.90301e+00
-2.99026e+00 -6.86280e+00  5.25629e-01
-3.04091e+00 -6.82385e+00  5.35514e-01
-2.96661e+00 -6.93726e+00  4.36924e-01
-3.06307e+00 -6.82364e+00  5.14704e-01
-3.06160e+00 -6.83502e+00  4.99091e-01
-5.37250e+00 -9.04243e-03 -2.78641e+00
-5.31098e+00 -1.97326e-01 -3.40734e+00
-5.24668e+00  2.24505e-02 -2.52787e+00
-1.26902e+00  2.62313e-01 -2.69361e+00
-1.08126e+00  4.99601e-01 -3.13474e+00
-1.10625e+00  5.21758e-01 -3.14016e+00
-1.27880e+00  2.95830e-01 -2.70780e+00
-1.87187e+00 -3.87010e-01 -3.05221e+00
-1.92280e+00  6.80678e-02 -3.17943e+00
-1.81399e+00  2.11054e-01 -3.35688e+00
-1.84600e+00  1.55790e-01 -3.35479e+00
-1.41423e-01 -1.79402e+00  1.57104e+00
-1.36213e-01 -1.81244e+00  1.56254e+00
-1.63429e+00 -2.04768e+00  1.01444e+00
-9.73814e-02 -1.82078e+00  1.51471e+00
-1.63460e+00 -2.01758e+00  9.51586e-01
-1.58033e+00 -1.87727e+00  8.07908e-01
-2.67050e+00 -4.22999e+00  9.38543e-02
-2.61055e+00 -5.30892e+00 -6.53178e-01
-2.78032e+00 -4.27865e+00 -1.11149e+00
-3.18605e+00 -5.11820e+00 -1.00766e+00
-3.30445e+00 -4.59133e+00 -1.18789e+00
-2.55879e+00 -4.22773e+00  2.23104e-02
-3.22964e+00 -4.69933e+00  5.59252e-01
-3.16443e+00 -4.95510e+00 -1.14662e+00
-3.24957e+00 -5.14933e+00 -9.03764e-01
-3.22037e+00 -5.43308e+00 -1.34582e-01
-3.18756e+00 -5.11285e+00 -1.01292e+00
-2.90294e+00 -4.28503e+00 -1.14009e+00
-2.79489e+00 -4.27971e+00 -1.12320e+00
-3.09341e+00 -4.51643e+00  5.88084e-01
-2.78386e+00 -4.23385e+00  1.23236e-01
-2.39196e+00 -4.32668e+00  3.53330e-02
-2.75155e+00 -4.25070e+00  1.68112e-01
-2.91098e+00 -4.43114e+00  4.77851e-01
-2.29345e+00 -4.39864e+00 -1.34232e-01
-4.47372e+00 -4.13805e+00 -3.35321e+00
-3.96261e+00 -4.26120e+00 -3.58653e+00
-1.60053e+00 -9.94366e-01  2.71070e+00
-1.53169e+00 -1.09360e+00  2.82584e+00
-2.15240e+00 -7.69669e-01  1.93946e+00
-1.48393e+00 -1.03781e+00  2.63006e+00
-1.39880e+00 -1.05798e+00  1.87111e+00
-1.79097e+00 -9.02527e-01  1.57872e+00
-1.97069e+00 -1.90028e+00  1.14919e+00
-1.80958e+00 -1.94501e+00  1.27460e+00
-1.57213e+00 -1.66201e+00  1.55590e+00
-1.92619e+00 -1.15665e+00  1.39283e+00
-2.05049e+00 -1.76256e+00  1.11902e+00
-1.39398e+00 -1.06046e+00  1.90944e+00
-1.39325e+00 -1.07211e+00  1.87196e+00
-1.84445e+00 -3.37585e-01 -2.07644e+00
-1.94320e+00 -3.86153e-01 -3.02378e+00
-2.20319e+00 -6.71286e-01 -2.97522e+00
-2.23514e+00 -7.63070e-01 -2.05169e+00
-2.23600e+00 -7.63738e-01 -2.05612e+00
-2.20428e+00 -1.00246e+00 -3.03803e+00
-2.30744e+00 -7.90362e-01 -2.87899e+00
-2.05744e+00 -1.27054e+00 -3.08247e+00
 4.65893e+00 -1.08560e+00  6.18621e-01
 5.02848e+00 -4.79075e-01 -2.90347e-01
 5.43756e+00 -1.82742e+00  8.55174e-01
 4.51327e+00 -8.83567e-01  1.37983e-01
 4.85995e+00 -4.13673e-01  4.02038e-01
 4.96332e+00 -3.40799e-01  5.42989e-01
 4.93514e+00 -3.49293e-01  4.94039e-01
 4.99641e+00 -3.24678e-01  5.48752e-01
 4.97706e+00 -3.27111e-01  4.86565e-01
 5.16372e+00 -3.41577e-01 -3.18840e-02
 5.30362e+00 -3.16691e-01  6.32816e-01
 5.54438e+00 -5.57335e-01  7.51944e-01
 5.47853e+00 -1.65058e+00  9.69332e-01
 5.56212e+00 -1.80419e+00  8.19456e-01
 5.62081e+00 -5.66718e-01  5.00048e+00
 4.89464e+00 -1.05580e+00  4.74822e+00
 5.48252e+00 -1.08385e+00  5.00347e+00
 4.77151e+00 -1.13830e+00  4.97728e+00
 4.75612e+00 -4.76623e-01  4.61916e+00
 4.75504e+00 -4.83676e-01  4.61955e+00
 4.37767e+00 -7.10621e-01  5.30646e+00
 4.27295e+00 -3.40922e-01  5.60379e+00
 4.18304e+00 -5.50631e-01  5.72907e+00
 6.40070e+00 -9.52203e-01 -8.23680e-01
 6.26682e+00 -1.13993e+00 -7.31299e-01
-4.14968e+00 -3.65817e-01  9.97525e-01
-3.82537e+00 -4.68379e-01  9.60953e-01
-4.00519e+00 -3.64358e-01  9.64090e-01
-4.22833e+00 -3.55963e-01  9.54718e-01
 3.09647e+00  1.74785e+00 -6.05197e+00
 3.27950e+00  1.58554e+00 -6.24488e+00
 2.08414e+00  1.14757e+00 -6.43728e+00
 2.28434e+00  9.83433e-01 -6.28578e+00
 2.65210e+00  1.74043e+00 -6.08300e+00
 2.75016e+00  1.62039e+00 -6.00596e+00
-8.27472e-01 -3.93468e+00 -1.66187e+00
 8.47607e-01 -3.84574e+00 -6.66736e-01
-8.97557e-01 -3.78936e+00 -1.66386e+00
 1.98493e-01 -3.34188e+00 -1.91967e+00
 9.90404e-01 -3.67095e+00 -1.17512e+00
 7.72372e-01 -4.32220e+00 -8.37099e-01
-4.89894e-02 -2.94333e+00 -2.33109e+00
-4.13378e-01 -4.55474e+00 -2.68911e+00
-6.49545e-02 -2.91206e+00 -2.39205e+00
 2.93290e+00  1.25439e+00 -6.80770e-01
 2.67116e+00  5.18414e-01 -1.80281e+00
 3.19344e+00  1.21736e+00 -6.62336e-01
 3.69888e+00 -3.60457e-02 -6.07465e-01
 2.54441e+00  8.61900e-01 -1.34726e+00
 3.64982e+00 -2.12073e-01 -6.85949e-01
 3.56970e+00 -2.82655e-01 -7.14028e-01
 3.54568e+00  9.29522e-01 -2.56097e-01
-1.77109e+00 -3.60927e+00 -2.97790e+00
-1.71734e+00 -3.63346e+00 -2.91348e+00
-2.33993e+00 -2.97169e+00 -3.04396e+00
-2.03651e+00 -2.98509e+00 -3.51827e+00
-1.80773e+00 -2.68718e+00 -3.42057e+00
-2.03506e+00 -2.98078e+00 -3.51872e+00
 2.91183e+00 -5.26725e+00  3.51261e+00
 3.13033e+00 -5.72395e+00  2.74724e+00
 3.50004e+00 -6.09936e+00  3.63682e+00
 3.70314e+00 -5.27755e+00  3.15241e+00
 3.32530e+00 -5.65057e+00  2.46213e+00
 3.24094e+00 -5.00985e+00  3.58586e+00
 3.39995e+00 -5.13090e+00  3.61998e+00
 3.71643e+00 -5.82228e+00  2.77657e+00
 3.76667e+00 -5.27136e+00  2.82089e+00
 3.52233e+00 -6.10444e+00  3.64167e+00
 3.53906e+00 -5.93924e+00  3.64618e+00
 2.52104e+00 -4.87018e+00  2.57368e+00
 3.23558e+00 -2.47659e+00 -5.76620e+00
 3.28160e+00 -2.24848e+00 -6.31250e+00
 3.13046e+00 -2.54919e+00 -5.75618e+00
-1.07544e+00  2.91819e+00  1.67972e+00
-8.19319e-01  2.27307e+00  1.19977e+00
-4.56228e-01  3.43902e+00  1.15256e+00
-1.15929e+00  2.30634e+00  7.32165e-01
-9.28560e-01  2.55926e+00  4.22848e-01
-3.24649e-01  2.74632e+00  6.93532e-01
-9.06087e-01  3.44690e+00  1.65310e+00
-9.55202e-01  3.46873e+00  1.68055e+00
-9.67283e-01  3.35955e+00  1.69428e+00
-3.30553e-01  2.71042e+00  7.68389e-01
-2.64240e-01  2.98759e+00  8.02580e-01
-2.63503e-01  2.99079e+00  8.02149e-01
-3.28942e-01  2.71402e+00  7.90966e-01
-6.09308e-01  2.45711e+00  1.02323e+00
 4.75780e+00 -1.81295e+00 -2.36907e+00
 4.85763e+00 -1.86413e+00 -2.28714e+00
 4.70325e+00 -1.81433e+00 -1.55814e+00
 4.55403e+00 -2.05077e+00 -1.09073e+00
 4.48784e+00 -2.33337e+00 -1.03156e+00
 4.41051e+00 -2.70310e+00 -2.58520e+00
 4.19996e+00 -1.56197e+00 -1.80702e+00
 4.27657e+00 -1.58492e+00 -2.21981e+00
 4.75603e+00 -2.14190e+00 -2.53983e+00
 3.79121e+00 -2.46142e+00 -2.64405e+00
 3.55241e+00 -2.54396e+00 -2.58874e+00
 3.95676e+00 -1.59285e+00 -2.20345e+00
 4.24018e+00 -1.57943e+00 -2.21463e+00
 4.84012e+00 -2.16664e+00 -2.46139e+00
-2.14302e+00 -5.01185e+00 -2.54794e+00
-2.08254e+00 -5.32991e+00 -2.33029e+00
-2.04816e+00 -4.95578e+00 -2.56246e+00
-2.14316e+00 -5.30447e+00 -2.32690e+00
-1.77727e+00 -4.51774e+00 -2.37190e+00
-2.79567e+00 -4.21225e+00 -1.17169e+00
-2.68317e+00 -4.20060e+00 -1.52161e+00
-1.99012e+00 -5.15258e+00 -2.52113e+00
-2.13354e+00 -5.06502e+00 -2.53663e+00
 4.31226e+00  3.02484e+00 -2.24093e+00
 3.83512e+00  4.21397e+00 -1.93138e+00
 3.75181e+00  4.16053e+00 -1.95216e+00
 3.74999e+00  2.83224e+00 -2.39634e+00
 4.33325e+00  2.92222e+00 -2.59487e+00
 3.76296e+00  3.89922e+00 -1.92645e+00
 4.06677e+00  4.00246e+00 -1.84285e+00
 3.55525e+00  3.12412e+00 -2.29279e+00
 4.55407e+00  3.47311e+00 -2.01373e+00
 4.63712e+00  3.54842e+00 -2.14334e+00
 4.31104e+00  3.87575e+00 -1.86766e+00
 1.58654e+00  3.89109e+00  3.56837e+00
 1.48492e+00  3.97986e+00  4.17795e+00
 1.67693e+00  3.69329e+00  3.52554e+00
 1.72413e+00  2.93405e+00  3.20871e+00
 1.51884e+00  3.81767e+00  4.53159e+00
 1.68448e+00  3.43591e+00  3.38430e+00
 1.62155e+00  3.81930e+00  3.53151e+00
-6.36684e+00 -5.01197e-02 -7.92789e-01
-5.22484e+00  5.52832e-01 -1.44217e+00
-5.08637e+00  5.49389e-01 -1.14327e+00
-5.16265e+00  6.98886e-01 -1.36313e+00
-5.30617e+00 -2.35113e-01 -1.87412e-01
-5.18551e+00 -5.60325e-01 -3.03553e-01
-5.66922e+00 -7.75481e-01 -1.13246e+00
-5.05092e+00  4.52344e-01 -9.75634e-01
-4.98103e+00  3.19969e-02 -4.28160e-01
-5.46896e+00  3.86193e-01 -7.74846e-02
-5.04142e+00  1.90382e-01 -3.70309e-01
-5.39225e+00  3.31436e-01 -8.34178e-02
-5.67008e+00 -7.75774e-01 -1.13198e+00
-5.51048e+00 -9.36084e-01 -6.41374e-01
-5.22796e+00  5.48371e-01 -1.44461e+00
 3.08220e+00  1.34806e+00  2.74358e+00
 2.59839e+00  1.40949e+00  2.73039e+00
 2.29965e+00  1.47318e+00  3.50152e+00
 3.17666e+00  1.30249e+00  2.81504e+00
 2.27637e+00  1.97465e+00  2.68148e+00
 3.24753e+00  1.35171e+00  2.98858e+00
 3.18333e+00  1.41596e+00  2.74015e+00
 3.50890e+00  2.26031e+00  3.01903e+00
 2.39975e+00  1.14602e+00  3.78522e+00
 2.93873e+00  9.95036e-01  3.50150e+00
 3.16431e+00  1.18013e+00  3.06903e+00
 3.17870e+00  1.29700e+00  2.82584e+00
 2.75508e+00 -3.58172e+00 -3.67203e+00
 3.31208e+00 -4.13234e+00 -3.38638e+00
 2.75090e+00 -3.58723e+00 -3.84388e+00
 1.79683e+00 -4.89149e+00 -3.49038e+00
 2.44155e+00 -3.71297e+00 -3.85555e+00
 1.75318e+00 -4.26156e+00 -3.12938e+00
 2.66371e+00 -3.53949e+00 -3.87979e+00
 2.41890e+00 -4.53526e+00 -3.03111e+00
 3.30537e+00 -4.13313e+00 -3.52042e+00
 3.14584e+00 -4.29005e+00 -3.26793e+00
 2.02567e+00 -4.86095e+00 -3.01120e+00
 1.77304e+00 -4.34962e+00 -3.07592e+00
 1.73327e+00 -4.31763e+00 -3.12742e+00
 1.75932e+00 -4.33028e+00 -3.08661e+00
 2.53906e+00 -3.46172e+00 -3.72364e+00
 2.37242e+00 -3.52267e+00 -3.66635e+00
 2.54224e+00 -3.46504e+00 -3.75672e+00
 2.39950e+00 -3.51649e+00 -3.70222e+00
 5.71122e+00 -2.90635e+00  1.05596e+00
-1.65080e+00 -4.50055e+00  6.34776e+00
-1.67691e+00 -4.42821e+00  6.41745e+00
 6.14834e+00 -1.75187e-01 -4.55656e+00
 6.37218e+00 -3.34558e-01 -4.29812e+00
 6.90359e+00 -1.35620e+00 -4.27693e+00
 6.77688e+00 -7.68438e-01 -3.96506e+00
 5.21090e+00  4.43393e+00 -5.64102e-01
 4.45229e+00  3.72032e+00 -6.73621e-01
 3.96442e+00  4.55539e+00  1.77796e-01
 3.85308e+00  3.90927e+00 -2.67020e-01
 3.68319e+00  5.05545e+00 -1.11641e-01
 5.20497e+00  4.43591e+00 -5.54817e-01
 3.58458e+00  4.40249e+00 -5.37186e-01
 3.63454e+00  4.47244e+00 -6.65978e-01
 4.49133e+00  4.05525e+00 -1.08458e+00
 4.03831e+00  3.83529e+00 -3.75466e-01
 3.87113e+00  3.90765e+00 -2.36525e-01
 4.58112e-01  2.92389e+00 -6.97721e+00
 2.76194e-01  3.18092e+00 -6.59648e+00
-4.42466e-01  3.34878e+00 -6.34957e+00
-4.05058e-01  2.52802e+00 -7.56690e+00
 4.63199e+00 -5.31125e-01  4.35262e+00
 5.01647e+00 -1.38286e+00  4.64108e+00
 5.61915e+00 -1.95852e+00  4.15828e+00
 4.61000e+00 -5.94256e-01  4.34432e+00
 4.68856e+00 -6.94525e-01  4.43718e+00
 5.02750e+00 -4.98617e-01  3.86707e+00
 5.74902e+00 -1.05679e+00  3.54718e+00
 5.50885e+00 -1.73771e+00  4.44798e+00
 5.08503e+00 -1.41639e+00  4.64189e+00
 5.00336e+00 -1.32585e+00  4.65302e+00
 4.61889e+00 -5.61856e-01  4.35164e+00
 4.63509e+00 -5.52447e-01  4.36859e+00
-4.82627e+00 -4.00703e+00 -7.63380e-02
-4.18962e+00 -3.61343e+00  2.19591e-01
-3.21920e+00 -4.70658e+00  6.21004e-01
-5.12838e+00 -4.15474e+00  2.61108e-01
-4.98396e+00 -4.10072e+00  7.00462e-01
-4.95818e+00 -4.02463e+00  6.44684e-01
-4.04381e+00 -3.60925e+00  1.88156e-01
-3.13602e+00 -4.60811e+00  6.75593e-01
-3.89940e+00 -3.88993e+00 -1.71695e-01
-3.08878e+00 -4.51584e+00  6.04805e-01
-2.39582e+00  2.91497e+00  1.79924e+00
-3.32160e+00  2.85188e+00  1.05592e+00
-2.74673e+00  2.61192e+00  1.68990e+00
-3.07275e+00  2.89240e+00  1.54931e+00
-3.27936e+00  2.82494e+00  1.13660e+00
-2.90047e+00  2.64605e+00  1.63041e+00
-2.84464e+00  3.77158e+00  1.57306e+00
-2.30436e+00  2.98993e+00  1.62496e+00
-2.40672e+00  2.89154e+00  1.08921e+00
-2.50834e+00  2.80060e+00  8.97158e-01
 2.20750e+00  3.54313e+00 -5.13280e+00
 2.13488e+00  3.63200e+00 -4.91307e+00
 2.87300e+00  3.43885e+00 -4.94990e+00
 2.71859e+00  3.43132e+00 -5.09047e+00
-3.75422e+00 -3.61502e+00 -2.07915e+00
-4.20871e+00 -3.66956e+00 -2.14261e+00
-4.52858e+00 -3.63812e+00 -2.33174e+00
-3.48469e+00 -3.67957e+00 -2.96218e+00
-3.93215e+00 -4.66381e+00 -2.11905e+00
-4.31876e+00 -4.48230e+00 -2.96998e+00
-4.48513e+00 -4.18371e+00 -3.21993e+00
-3.10317e+00 -3.74629e+00 -2.72364e+00
-3.48226e+00 -4.40662e+00 -2.56718e+00
-3.57497e+00 -4.48654e+00 -2.57309e+00
-4.56337e+00 -4.67998e+00 -2.39858e+00
-4.53680e+00 -4.58590e+00 -2.71664e+00
-3.69549e+00 -3.39485e+00 -2.90554e+00
-3.10244e+00 -3.74876e+00 -2.72192e+00
-3.53836e+00 -3.27626e+00 -2.69625e+00
-4.47697e+00 -4.07388e+00 -3.27508e+00
-3.93455e+00 -4.66675e+00 -2.12233e+00
-4.56541e+00 -4.56216e+00 -2.30833e+00
-3.96649e+00 -4.44306e+00 -1.96287e+00
-3.56257e+00 -3.27309e+00 -2.71219e+00
-3.90710e+00 -4.24304e+00 -1.93778e+00
-3.66041e+00 -3.77856e+00 -2.01940e+00
-4.46961e+00 -3.53660e+00 -3.09423e+00
-4.48213e+00 -3.38348e+00 -2.84053e+00
-2.35377e+00 -4.40814e+00 -4.70977e+00
 4.64734e+00 -4.26478e+00  2.60068e+00
 5.82690e+00 -4.51297e+00  1.42418e+00
 6.03665e+00 -4.25600e+00  1.02823e+00
 5.63296e+00 -3.99102e+00  1.31920e+00
 4.78410e+00 -4.46871e+00  2.57290e+00
 3.70477e+00 -3.80991e+00  1.01665e+00
 4.43870e+00 -3.43172e+00  1.67871e+00
 4.31967e+00 -3.78276e+00  1.77529e+00
 3.67316e+00 -3.72005e+00  9.76657e-01
 3.88050e+00 -3.45131e+00  4.49513e-01
 3.71390e+00 -3.77659e+00  1.19007e+00
 3.67233e+00 -3.67590e+00  1.08968e+00
 1.37659e+00  6.27787e+00 -7.79984e-01
 1.33596e+00  6.29860e+00 -7.27203e-01
 1.34299e+00  6.22757e+00 -9.39550e-01
 1.25972e+00  6.24727e+00 -9.00013e-01
 1.06687e+00  6.42386e+00 -1.03768e+00
 1.37747e+00  6.39514e+00 -1.26346e+00
 1.16224e+00  6.49049e+00 -1.23906e+00
-1.74856e+00  5.78475e-01  2.09307e+00
-2.55734e+00 -9.01087e-02  1.98879e+00
-2.08114e+00 -2.43110e-01  2.77165e+00
-1.29177e+00 -3.59084e-01  1.22198e+00
-1.27027e+00 -9.70291e-01  2.41249e+00
-2.29079e+00 -6.45777e-01  2.02877e+00
-1.80878e+00 -8.16939e-01  2.80737e+00
-9.65765e-01 -1.41393e-01  1.75481e+00
-1.30929e+00  2.73470e-01  1.85631e+00
-1.86663e+00  1.45954e-01  9.71814e-01
-1.25492e+00 -2.57906e-01  1.16592e+00
-1.76739e+00 -7.82638e-01  1.46922e+00
-1.16589e+00 -2.50008e-01  1.18900e+00
-1.11773e+00 -2.80237e-01  1.22460e+00
-2.45323e+00  3.03792e-01  1.59594e+00
 5.68110e+00  2.10479e+00  3.50510e+00
 5.24865e+00  1.64564e+00  3.34477e+00
 5.22472e+00  1.62627e+00  3.32024e+00
 3.81101e+00  2.41940e+00  3.03982e+00
 4.15597e+00  2.32060e+00  3.49198e+00
 3.97311e+00  2.46958e+00  3.27059e+00
 4.18459e+00  2.22807e+00  3.44710e+00
 5.16120e+00  2.73138e+00  2.28870e+00
 5.03584e+00  2.78223e+00  2.21589e+00
 4.73576e+00  2.69044e+00  1.96289e+00
 4.07455e+00  2.09869e+00  3.05053e+00
 5.35953e+00  1.89416e+00  3.61611e+00
 5.74808e+00  2.22604e+00  3.39986e+00
 4.56398e+00  2.40009e+00  3.69082e+00
 5.73689e+00  2.18251e+00  3.47783e+00
 4.89420e+00  1.88523e+00  3.50439e+00
 5.13552e+00  1.97690e+00  3.64877e+00
 4.44931e+00  2.60442e+00  1.97148e+00
 3.81894e+00  2.42190e+00  3.05825e+00
 4.14416e+00  2.29545e+00  3.47253e+00
 3.21623e-01 -4.82867e+00  1.15467e+00
 3.28233e-01 -4.64170e+00  1.50050e+00
 2.90047e-01 -4.81267e+00  1.21658e+00
 1.27863e+00 -4.29302e+00  1.27326e+00
 7.89510e-01 -4.43186e+00  1.82036e+00
 1.11705e-01 -5.22000e+00  1.92158e+00
 1.19502e+00 -4.26599e+00  1.33706e+00
 7.43025e-01 -5.06466e+00  2.01493e+00
 3.10216e-01 -4.64280e+00  1.77964e+00
 1.30729e-01 -5.34445e+00  1.96625e+00
 1.24840e+00 -4.27817e+00  1.26041e+00
 1.27441e+00 -4.28817e+00  1.27067e+00
 1.19205e+00 -4.26677e+00  1.35841e+00
 1.27740e+00 -4.28948e+00  1.27374e+00
-1.98628e-01 -4.24328e+00  1.48954e+00
-4.03034e-02 -4.34120e+00  1.07887e+00
-1.28244e-01 -4.52406e+00  6.75679e-01
-2.66384e-01 -4.76381e+00  1.96899e+00
-2.34427e-02 -5.25121e+00  1.96637e+00
-7.85815e-01 -2.48799e+00 -3.83052e+00
-4.03864e-02 -2.88033e+00 -2.40406e+00
-7.90543e-01 -2.75242e+00 -3.83707e+00
-4.00734e-01 -2.72775e+00 -4.12171e+00
-3.84376e-01 -1.36493e+00 -3.35632e+00
-9.82162e-01 -2.82501e+00 -3.56514e+00
-6.63780e-01 -1.63704e+00 -3.74777e+00
-5.87327e-01 -2.86291e+00 -3.99013e+00
-7.40058e-01 -3.12274e+00 -3.62761e+00
-4.93994e-01 -1.33745e+00 -3.28583e+00
 1.98607e+00  1.73594e+00  1.88175e+00
 1.84815e+00  9.43379e-01  2.02346e+00
 2.43193e+00  1.27860e+00  1.76396e+00
 2.48164e+00  7.41297e-01  1.80563e+00
 2.02488e+00  1.75737e+00  1.86460e+00
 1.82304e+00  1.14556e+00  7.65261e-01
 2.54698e+00  6.20830e-01  1.69348e+00
 2.60261e+00  9.04947e-01  1.48778e+00
 3.02916e+00 -2.92035e+00  3.01353e+00
 3.32027e+00 -2.71224e+00  3.75218e+00
 3.31451e+00 -2.74466e+00  3.75596e+00
 3.07988e+00 -2.46603e+00  2.87066e+00
 3.02395e+00 -2.26078e+00  2.89058e+00
 3.11637e+00 -2.36127e+00  2.91213e+00
 3.48383e+00  7.70164e-01  3.26550e+00
 4.55698e+00 -2.39873e-02  3.88449e+00
 3.85836e+00  2.86945e-01  3.06814e+00
 3.20194e+00  4.81695e-01  3.01496e+00
 4.25808e+00 -6.10902e-02  3.19391e+00
 3.12848e+00  5.28628e-01  3.02439e+00
 3.14054e+00  8.50659e-01  3.22463e+00
-1.78897e-01  5.51847e-02  2.82170e+00
 7.58375e-01  1.07549e+00  3.11843e+00
 7.70942e-01  7.26893e-01  3.56732e+00
 5.71613e-01  8.48460e-01  4.00885e+00
 1.52202e-01  9.69510e-01  3.87494e+00
-1.54672e-01 -4.17931e-02  2.98086e+00
-4.88094e-01  3.15060e-01  2.87483e+00
 4.82720e-01  1.59439e+00  3.23852e+00
 4.55352e-01  1.34038e+00  3.67766e+00
-5.27961e+00  4.52669e+00  1.87759e+00
-4.77332e+00  4.77293e+00  1.53963e+00
-4.69750e+00  4.74937e+00  1.57889e+00
-5.18148e+00  4.76985e+00  1.52146e+00
-5.30960e+00  4.54017e+00  1.85587e+00
 6.59886e-01 -3.42367e+00 -4.26948e+00
 9.96744e-01 -3.41096e+00 -4.08164e+00
 1.49107e+00 -3.06062e+00 -4.54864e+00
 8.46661e-01 -4.16724e+00 -5.04352e+00
 1.24750e+00 -3.80179e+00 -4.41014e+00
 1.24324e+00 -3.27677e+00 -3.99185e+00
 1.27347e+00 -3.18533e+00 -4.00945e+00
 1.28915e+00 -4.16215e+00 -4.81035e+00
 1.19431e+00 -4.21893e+00 -4.92547e+00
-4.87312e+00 -3.73143e+00  9.60336e-01
-4.31034e+00 -3.53155e+00  8.03578e-01
-4.26039e+00 -2.96050e+00  8.17220e-01
-4.35209e+00 -3.27129e+00  9.45721e-01
-4.24310e+00 -2.79105e+00  1.89293e-02
-5.19896e+00 -3.31860e+00  5.85572e-01
-5.29537e+00 -3.25414e+00  4.43345e-01
-5.30812e+00 -3.72757e+00 -9.79315e-02
-5.33125e+00 -2.69040e+00  4.59088e-02
-4.45862e+00 -2.60666e+00 -1.46526e-01
-4.06244e+00 -3.51015e+00  2.73644e-01
-4.05556e+00 -3.49455e+00  2.74508e-01
-4.06631e+00 -2.77399e+00  4.47154e-01
-4.02550e+00 -2.89035e+00  3.36949e-01
-4.03589e+00 -3.36624e+00  2.59780e-01
-4.86817e+00 -3.89569e+00  8.80196e-01
-5.29359e+00 -3.90908e+00  9.08400e-02
-4.96032e+00 -3.82794e+00 -1.92483e-01
-4.06011e+00 -3.50628e+00  2.81656e-01
 6.23811e+00  2.54933e-01  6.21112e-01
 6.61568e+00 -3.58174e-01 -1.24698e-01
 6.14861e+00  9.15767e-01 -1.04146e-01
 6.26977e+00  1.25962e-01  6.57220e-01
 5.72753e+00  3.73216e-01  3.51313e-01
 5.80732e+00  6.14793e-01  1.18031e-01
 6.01222e+00  8.10244e-01 -3.09855e-02
 6.47847e+00 -1.73086e-01 -4.11852e-01
 6.92925e+00  1.19508e-01  4.49957e-01
 6.93480e+00  1.19282e-01  4.47975e-01
 6.14877e+00  9.15565e-01 -1.04889e-01
 6.05809e+00  7.99972e-01 -1.47715e-01
-6.74002e+00  1.12947e+00  2.84872e+00
-6.69460e+00  1.06148e+00  2.69459e+00
-6.23928e+00  1.08248e+00  2.86570e+00
-6.75336e-01 -4.24896e+00  5.75647e+00
-9.64667e-01 -4.29438e+00  5.64916e+00
-1.19224e+00 -4.27362e+00  5.54941e+00
-2.85247e-01 -3.02135e+00  5.58434e+00
-7.97534e-01 -2.64406e+00  5.27000e+00
-1.95736e-01 -3.98269e+00  5.88248e+00
-6.72352e-02 -3.72767e+00  5.86635e+00
 3.10815e+00  2.37996e-03 -7.38412e+00
 3.15275e+00 -2.33030e-02 -7.41285e+00
-4.59169e+00  1.96213e+00 -1.87226e+00
-3.41641e+00  1.74995e+00 -2.72806e+00
-4.45878e+00  2.47253e+00 -1.98596e+00
-4.47050e+00  2.46179e+00 -2.04095e+00
-3.00396e+00  1.52337e+00 -2.15243e+00
-4.64492e+00  1.24663e+00 -1.84783e+00
-4.56616e+00  1.20560e+00 -1.99405e+00
-4.60571e+00  1.21074e+00 -1.83569e+00
-3.25290e+00  1.88279e+00 -1.51887e+00
-4.17114e+00  2.05924e+00 -2.62145e+00
-3.30703e+00  1.74108e+00 -2.68060e+00
-3.28025e+00  1.23380e+00 -2.43362e+00
-3.15540e+00  1.80226e+00 -2.48618e+00
-3.57655e+00  2.42861e+00 -1.63250e+00
-3.27288e+00  1.49192e+00 -1.50316e+00
-3.44800e+00  1.05007e+00 -1.52517e+00
-4.41550e+00  2.49871e+00 -1.85504e+00
-4.48392e+00  2.42285e+00 -2.02063e+00
-4.36795e+00  2.50285e+00 -1.84287e+00
-4.01986e+00  2.50607e+00 -1.75226e+00
-4.20627e+00  2.50601e+00 -1.85973e+00
-4.44476e+00  2.45396e+00 -2.08818e+00
 5.37714e+00  2.94567e+00 -2.99663e+00
 5.53826e+00  3.43746e+00 -2.61058e+00
 5.57432e+00  2.66600e+00 -2.21055e+00
 4.87377e+00  2.42603e+00 -2.61665e+00
 4.59466e+00  2.58711e+00 -3.00844e+00
 5.26007e+00  2.33650e+00 -2.26303e+00
 5.02574e+00  2.55258e+00 -1.49572e+00
 5.09281e+00  2.63152e+00 -1.45444e+00
 4.80277e+00  2.77483e+00 -1.41234e+00
 5.63142e+00  3.19280e+00 -2.22546e+00
 5.04797e+00  3.59849e+00 -2.26398e+00
 5.16439e+00  3.45063e+00 -2.03661e+00
 5.60008e+00  3.32147e+00 -2.38399e+00
 5.16173e+00  2.82865e+00 -3.01668e+00
 5.37908e+00  2.88219e+00 -2.96464e+00
 5.51038e+00  2.51570e+00 -2.36929e+00
 5.54941e+00  3.42708e+00 -2.59947e+00
 5.53981e+00  3.41830e+00 -2.62879e+00
 5.03214e+00  2.55002e+00 -1.49637e+00
-4.86991e+00  4.51558e+00  5.31083e-01
 3.16321e+00  1.90982e+00  6.85365e-01
 3.59699e+00  2.53249e+00  2.78330e-01
 2.43438e+00  1.45060e+00  1.58857e-01
 2.47151e+00  1.39115e+00 -5.67866e-02
 2.52541e+00  1.51647e+00 -4.57408e-01
 2.73366e+00  1.44522e+00 -7.16937e-01
 2.78200e+00  1.41872e+00 -7.54089e-01
 2.42463e+00  1.55871e+00  1.77220e-01
 2.46764e+00  1.88813e+00  2.87039e-01
 2.41166e+00  2.08188e+00  4.46287e-02
 2.41526e+00  2.12034e+00  5.42361e-03
 2.59169e+00 -4.43523e+00 -4.80403e-01
 2.46374e+00 -4.23682e+00 -2.06626e-01
 2.41964e+00 -4.26158e+00 -2.11680e-01
 1.91067e+00 -5.33813e+00  6.34949e-01
 2.40147e+00 -4.58668e+00 -5.49838e-01
 2.01134e+00 -5.03237e+00  5.86789e-01
 1.79781e+00 -1.31394e+00  7.93636e+00
 1.60534e+00 -1.83855e+00  7.93683e+00
 9.65223e-01 -1.97992e+00  7.75431e+00
 9.84267e-01 -9.97698e-01  7.64746e+00
 1.44840e+00 -7.89240e-01  7.76763e+00
 1.85710e+00 -1.45246e+00  7.97067e+00
-2.04826e+00  6.19773e+00  5.93961e-01
-2.16001e+00 -1.29725e+00  5.03416e+00
-1.96381e+00 -2.16353e+00  4.40747e+00
-2.12127e+00 -1.32575e+00  4.98661e+00
-8.66589e-01 -2.62580e+00  5.03101e+00
-2.12302e+00 -2.35093e+00  4.44009e+00
-1.05406e+00 -2.38970e+00  4.84847e+00
-1.48234e+00 -2.93430e+00  4.95583e+00
-2.27509e+00 -2.85317e+00  5.91564e+00
-2.12060e+00 -2.48331e+00  5.99574e+00
-2.43699e+00 -2.11428e+00  5.88164e+00
-2.61372e+00 -2.14269e+00  5.80751e+00
-2.72842e+00 -2.16859e+00  5.04251e+00
-2.42284e+00 -2.43420e+00  4.64566e+00
-1.93191e+00 -2.04365e+00  4.44494e+00
-1.88754e+00 -2.11562e+00  4.41209e+00
-8.78717e-01 -2.63879e+00  5.13801e+00
-9.68900e-01 -2.71236e+00  5.03560e+00
 5.80733e+00  2.40262e+00 -2.74099e+00
 5.77166e+00  2.40275e+00 -2.66406e+00
 5.80800e+00  2.39109e+00 -2.74080e+00
-3.37876e+00 -4.22067e-01  2.54233e+00
-2.79593e+00 -9.06567e-03  1.60029e+00
-4.22687e+00  1.49385e-01  1.29108e+00
-2.94661e+00 -2.38164e-01  1.40585e+00
-4.08550e+00  1.59857e-01  1.26320e+00
-2.73602e+00 -1.56728e-01  1.92864e+00
-2.94725e+00 -6.40248e-01  1.82677e+00
-3.08294e+00 -7.93729e-01  1.88168e+00
-3.48439e+00 -8.93241e-01  2.31570e+00
-4.27663e+00 -7.24817e-02  1.18432e+00
 3.76955e+00 -5.66801e+00 -7.49412e-01
 3.75335e+00 -5.53550e+00 -7.98887e-01
 4.07657e+00 -5.94482e+00 -3.92619e-01
 4.70085e+00 -4.68347e+00 -4.92767e-01
 4.44677e+00 -4.66184e+00 -9.33669e-01
 4.03100e+00 -4.80053e+00 -7.32409e-01
 4.61994e+00 -4.67429e+00 -8.00616e-01
 4.71077e+00 -4.68381e+00 -5.12557e-01
 4.24799e+00 -4.65463e+00 -5.69039e-01
 4.12185e+00 -4.64525e+00 -6.88497e-01
-1.60860e+00  1.77532e+00  5.08850e+00
-1.22467e+00  2.04915e+00  4.88436e+00
-1.37982e+00  2.03031e+00  4.84644e+00
-1.03872e+00  8.43906e-01  4.81948e+00
-6.42722e-01  1.34877e+00  4.95488e+00
-1.39245e+00  1.27172e+00  5.32027e+00
-8.50633e-01  9.17520e-01  5.07414e+00
-1.47250e+00  1.29133e+00  5.30002e+00
-7.98842e-01  2.02896e+00  4.88830e+00
-1.48133e+00  1.93118e+00  5.04721e+00
-7.49077e-01  1.95699e+00  4.97963e+00
-1.46891e+00  1.93345e+00  5.04827e+00
-1.07995e+00  1.84418e+00  5.14434e+00
-1.28872e+00  8.97917e-01  4.74373e+00
-1.67748e+00  1.65415e+00  4.86566e+00
-1.61015e+00  1.54720e+00  5.17789e+00
 2.82180e+00 -8.55261e-01  5.55374e-01
 2.81688e+00 -1.18397e-01  4.51918e-01
 3.37821e+00 -1.17754e+00  8.00127e-02
 3.54341e+00 -5.98433e-01  1.53346e-01
 3.65925e+00 -6.87275e-01 -1.43488e-03
 2.82516e+00 -2.29053e-01  5.12145e-01
 2.85482e+00 -1.65157e-01  4.92095e-01
 3.33163e+00 -1.17326e+00  1.29154e-01
 3.13799e+00 -1.00408e+00  3.96507e-01
 3.67426e+00 -6.25898e-01 -5.21122e-02
 3.66556e+00 -6.43124e-01  1.05404e-02
 1.90001e+00 -1.22727e+00 -6.49214e+00
 1.26334e+00 -1.24719e+00 -6.76458e+00
 1.88214e+00 -1.21947e+00 -6.51620e+00
-4.01406e-01 -9.28895e-01  5.24111e+00
 3.44326e-01  6.45140e-02  5.43312e+00
 9.94329e-01 -8.85492e-01  4.73229e+00
 9.60532e-01  5.16328e-01  4.72742e+00
 1.17760e+00 -4.24461e-01  4.63789e+00
 1.05888e+00 -6.92585e-01  4.80003e+00
-3.13497e-01 -1.15877e+00  4.98568e+00
 8.49398e-01  6.19599e-01  4.62108e+00
 1.38547e-01  1.32875e-02  5.48671e+00
 4.09343e-01  6.24587e-01  5.13072e+00
-1.34583e-01 -1.45041e+00  4.69513e+00
 3.69569e+00 -2.34264e+00  5.02995e+00
 1.53583e+00 -7.46933e-01  7.69909e+00
 1.44909e+00 -6.29333e-01  7.63428e+00
 1.50412e+00 -7.40492e-01  7.71310e+00
 1.81328e+00  7.33540e-02  6.67205e+00
 1.48333e+00 -2.57742e-02  6.98929e+00
 1.63860e+00 -6.79446e-01  7.56250e+00
-2.73494e+00  1.84112e+00  2.17240e-01
-3.34213e+00  2.83329e+00  1.08125e+00
-4.28990e+00  1.75093e+00  1.05207e+00
 3.93148e-01  3.37128e+00 -5.61367e+00
 6.18863e-01  3.65680e+00 -4.85828e+00
 6.76210e-02  4.04515e+00 -4.56909e+00
 5.80235e-01  4.17682e+00 -4.80691e+00
 2.28375e-01  3.90991e+00 -4.37825e+00
-4.37066e-01  3.19634e+00 -5.83792e+00
 4.72661e-01 -3.91899e+00  7.68874e-01
-1.00375e-01 -4.53291e+00  5.27544e-01
 5.91081e-01 -3.72591e+00  8.29275e-01
 6.04994e+00 -1.06990e-01  2.96191e+00
 6.17540e+00 -4.36513e-01  3.79022e+00
-5.15535e+00 -2.20207e+00 -2.34138e+00
-4.97040e+00 -3.21282e+00 -1.56228e+00
-6.20554e+00 -2.60140e+00 -2.24259e+00
-5.30459e+00 -1.94555e+00 -2.24871e+00
-6.46996e+00 -2.27419e+00 -2.21101e+00
-5.36071e+00 -3.10989e+00 -1.28041e+00
-6.41870e+00 -2.41644e+00 -1.53141e+00
-5.93312e+00 -1.95451e+00 -1.47610e+00
-6.39633e+00 -2.21434e+00 -2.23715e+00
-5.83489e+00 -1.79805e+00 -2.11835e+00
-5.64180e+00 -2.17667e+00 -2.43894e+00
-5.52716e+00 -2.12351e+00 -1.38724e+00
-5.23346e+00 -2.85580e+00 -1.27613e+00
-5.29743e+00 -3.48335e+00 -1.49195e+00
-5.26001e+00 -3.44813e+00 -1.45734e+00
-4.95226e+00 -3.20375e+00 -1.62549e+00
-6.38345e+00 -2.29308e+00 -1.53429e+00
-6.46645e+00 -2.35135e+00 -1.57784e+00
-5.98313e+00 -2.97571e+00 -1.40706e+00
-5.59407e+00 -3.44403e+00 -1.56768e+00
-5.72376e+00 -2.11088e+00 -2.42505e+00
-5.58011e+00 -1.84498e+00 -2.26149e+00
-2.87321e+00 -4.17826e+00  2.91698e+00
-2.87901e+00 -4.59226e+00  2.68299e+00
-2.59541e+00 -4.93186e+00  2.79732e+00
 3.10031e+00 -6.97914e-01 -4.19515e+00
 2.01238e+00 -1.10563e+00 -4.27614e+00
 2.02658e+00 -1.17980e+00 -4.40614e+00
 3.42415e+00 -8.44699e-01 -3.70629e+00
 2.24638e+00 -1.24208e+00 -4.62829e+00
 2.76063e+00 -1.82409e+00 -4.87213e+00
 2.98108e+00 -9.08148e-01 -4.47699e+00
 2.86427e+00 -9.76536e-01 -4.52627e+00
 2.98197e+00 -1.82234e+00 -4.82785e+00
 2.42571e+00 -2.08193e+00 -4.82597e+00
 2.49955e+00 -1.88971e+00 -4.89617e+00
 2.48917e+00 -2.16022e+00 -4.77834e+00
 3.36578e+00 -7.60061e-01 -3.63236e+00
 2.95756e+00 -4.84458e-01 -3.76562e+00
 3.03488e+00 -5.07008e-01 -3.84482e+00
 2.69485e+00 -2.08274e+00 -3.34362e+00
-1.30364e+00 -4.48084e+00  4.54655e+00
-1.36619e+00 -4.43267e+00  4.52544e+00
-1.44625e+00 -4.40870e+00  4.99981e+00
-1.37262e+00 -4.45726e+00  4.91621e+00
-1.27953e+00 -4.50264e+00  4.59766e+00
-1.26310e+00 -4.51932e+00  4.55763e+00
-4.89699e-01 -1.23406e+00  4.83286e+00
-1.64356e+00 -8.41083e-01  3.77112e+00
 2.68503e+00  3.18122e+00 -1.74303e+00
 3.51032e+00  3.56067e+00 -1.69951e+00
 3.44649e+00  3.18792e+00 -1.96187e+00
 3.11587e+00  3.75307e+00 -1.43842e+00
 3.02856e+00  3.91339e+00 -1.39586e+00
 2.07191e-01 -1.40130e+00 -6.69013e+00
 1.45733e-01 -1.38618e+00 -6.70967e+00
 1.09257e+00 -1.11944e+00 -6.76058e+00
-3.50701e-01 -6.32207e-01 -6.51488e+00
 2.17295e+00  4.67364e+00  2.14939e+00
 1.42326e+00  3.65291e+00  2.71790e+00
 1.19740e+00  3.81601e+00  2.16654e+00
 1.67574e+00  4.10068e+00  2.83991e+00
 1.49938e+00  4.06128e+00  2.98993e+00
 1.71739e+00  3.52180e+00  2.29830e+00
 1.04390e+00  3.88660e+00  2.35530e+00
 1.78178e+00  3.49831e+00  2.13350e+00
 1.31216e+00  4.41960e+00  2.91735e+00
 1.09846e+00  4.49061e+00  2.68656e+00
 8.30165e-01  4.38523e+00  2.31165e+00
-2.01542e+00 -2.05889e+00 -5.37728e+00
-2.08399e+00 -1.64902e+00 -5.94740e+00
-1.54709e+00 -9.81903e-01 -4.83084e+00
-1.23951e+00 -8.07276e-01 -5.48086e+00
-2.18876e+00 -1.40073e+00 -5.02256e+00
-2.18673e+00 -1.76210e+00 -5.09987e+00
-2.11197e+00 -1.38689e+00 -6.02940e+00
-2.18295e+00 -1.80536e+00 -5.15562e+00
-2.11888e+00 -1.56719e+00 -5.96389e+00
-2.11836e+00 -1.92365e+00 -5.19672e+00
-2.13137e+00 -1.84575e+00 -5.10906e+00
 3.85314e+00 -1.24748e+00 -3.84481e+00
 5.37607e+00 -8.53734e-01 -3.48939e+00
 3.94532e+00 -1.05850e+00 -3.16824e+00
 3.92979e+00 -2.88655e-01 -3.21380e+00
 3.85612e+00 -1.24925e+00 -3.84143e+00
 4.55109e+00 -1.24543e+00 -2.80305e+00
 4.77767e+00 -1.43487e+00 -3.00562e+00
 5.35945e+00 -1.05578e+00 -3.48476e+00
 3.54797e+00 -8.65672e-01 -3.71852e+00
 4.60129e+00 -4.80575e-01 -2.80971e+00
 4.92252e+00 -2.87842e-01 -3.07505e+00
 3.48329e+00 -7.54508e-01 -3.62074e+00
 4.51694e+00 -4.72319e-01 -4.21410e+00
 4.20136e+00 -6.55042e-02 -3.21092e+00
 4.12684e+00 -1.50447e-01 -3.10443e+00
 4.10617e+00 -1.23804e-01 -3.13096e+00
 3.96900e+00 -3.99499e-01 -3.79485e+00
 3.69486e+00 -5.66394e-01 -1.04298e-01
-4.50153e+00 -4.11878e+00 -3.32531e+00
 4.20516e+00 -4.35256e+00  2.94350e+00
 4.37500e+00 -4.32325e+00  2.73552e+00
 4.32261e+00 -4.11594e+00  2.56429e+00
 4.40294e+00 -4.29558e+00  2.67646e+00
 3.41923e+00 -4.91178e+00  3.70083e+00
 3.29421e+00 -4.90022e+00  3.64657e+00
 2.52918e+00 -1.44991e+00 -5.63951e+00
 3.50818e+00 -1.32238e+00 -5.67346e+00
 2.94134e+00 -1.19199e+00 -6.04547e+00
 2.93328e+00 -1.19363e+00 -6.04406e+00
 2.98982e+00 -1.39527e+00 -6.21912e+00
 2.25049e+00 -2.15864e+00 -5.03903e+00
 2.32545e+00 -1.61874e+00 -5.45531e+00
 3.62984e+00 -1.52981e+00 -5.65341e+00
 3.08199e+00 -1.18197e+00 -6.03443e+00
 3.03424e+00 -1.21935e+00 -6.09768e+00
 3.56333e+00 -1.38396e+00 -5.65369e+00
 3.52877e+00 -1.34230e+00 -5.66899e+00
 3.49959e+00 -1.31672e+00 -5.68616e+00
 4.54016e+00  1.04709e+00  4.37470e+00
 4.18661e+00  9.59698e-01  4.09106e+00
 4.27134e+00  1.26596e+00  3.72027e+00
 5.23300e+00  1.58595e+00  3.31162e+00
 5.01284e+00  5.52950e-01  4.36770e+00
 6.07526e+00  1.30576e+00 -8.56520e-01
 5.94999e+00  1.32911e+00  2.15605e-01
-5.19665e+00  3.23168e+00 -2.05065e+00
-5.00596e+00  3.98239e+00 -2.12638e+00
-5.01302e+00  3.98721e+00 -2.08232e+00
-6.08889e+00  3.05898e+00 -1.51694e+00
-5.06165e+00  3.92928e+00 -1.89393e+00
-5.23432e+00  3.42721e+00 -1.60039e+00
-5.99539e+00  2.96684e+00 -2.49118e+00
-6.03375e+00  3.07532e+00 -1.50273e+00
-5.25698e+00  3.25876e+00 -1.69167e+00
-5.61208e+00  3.63484e+00 -1.33235e+00
-6.03374e+00  3.07755e+00 -1.50141e+00
-6.05171e+00  3.07008e+00 -1.50664e+00
-1.29918e+00  5.84385e-01 -4.49139e+00
-1.54115e+00  7.89487e-01 -5.25854e+00
-1.22900e+00  5.85881e-01 -4.49826e+00
-1.05085e+00  1.28926e+00 -4.92048e+00
-1.82914e+00  1.21657e+00 -4.05277e+00
-9.81758e-01  7.64482e-01 -4.56722e+00
-1.66113e+00  6.11596e-01 -4.35816e+00
-1.09429e+00  5.88981e-01 -4.61359e+00
-1.94524e+00  6.42211e-01 -4.53521e+00
-2.39120e+00  1.15678e+00 -4.48713e+00
-1.47789e+00  8.41022e-01 -4.06985e+00
-1.49077e+00  6.80957e-01 -4.19069e+00
-1.69402e+00  1.10082e+00 -4.03928e+00
-1.78947e+00  1.27180e+00 -4.07201e+00
-1.18335e+00  1.53263e+00 -4.97085e+00
-1.50309e+00  6.23068e-01 -5.12693e+00
-1.45631e+00  9.54494e-01 -5.24037e+00
-1.22141e+00  5.86642e-01 -4.76658e+00
-1.74381e+00  1.85696e+00 -4.60448e+00
-1.97514e+00 -3.55262e+00 -4.29267e+00
-1.38259e+00 -2.70592e+00 -4.13101e+00
-2.09505e+00 -2.31141e+00 -4.34529e+00
-1.40267e+00 -2.83223e+00 -3.60531e+00
-2.03618e+00 -2.98417e+00 -3.52025e+00
-1.80992e+00 -2.44860e+00 -4.33962e+00
-1.68140e+00 -3.21966e+00 -3.74044e+00
-2.35862e+00 -2.28170e+00 -3.97483e+00
 2.85479e-01 -5.66717e+00 -4.08530e+00
 6.52759e-01 -5.49078e+00 -3.78927e+00
-2.98470e+00  8.66034e-01 -2.92509e+00
-4.06244e+00  5.71845e-01 -3.60821e+00
-4.06223e+00  5.71811e-01 -3.60527e+00
-4.06029e+00  5.69138e-01 -3.60889e+00
-3.22155e+00  8.69841e-01 -3.92054e+00
-4.08999e+00  1.15087e+00 -3.77146e+00
-3.68550e+00  1.09949e+00 -4.04304e+00
 6.72652e-01  6.32574e+00 -8.63469e-01
 3.39457e-01  6.42928e+00 -1.40832e+00
 7.19307e-01  6.14552e+00 -6.93698e-01
 6.69415e-01  6.02553e+00 -6.98865e-01
-1.96825e-01  5.28275e+00 -1.05867e+00
-8.25924e-01  6.54377e+00 -1.20461e+00
-7.95152e-01  6.44341e+00 -1.02268e+00
 4.43314e-01  5.88805e+00 -5.29554e-01
 2.33487e+00 -4.41572e+00  3.14711e+00
 2.89717e+00 -5.26718e+00  3.51764e+00
 2.47819e+00 -4.88226e+00  2.62179e+00
 2.38873e+00 -4.70041e+00  2.67807e+00
 3.23673e+00 -4.72862e+00  3.78944e+00
 2.48204e+00 -4.09604e+00  3.19749e+00
-4.89893e+00 -3.97959e+00  9.25140e-01
-3.07677e+00 -4.57535e+00  7.51442e-01
-3.81635e+00 -4.04681e+00  1.27013e+00
-4.02142e+00 -3.63762e+00  9.51872e-01
-3.55284e+00 -3.73735e+00  7.90952e-01
-3.66748e+00 -4.08370e+00  1.27437e+00
-3.66573e+00 -3.73927e+00  9.73776e-01
-3.05767e+00 -4.50740e+00  6.62039e-01
 3.58830e+00 -1.60619e+00  2.60567e-01
 4.64993e+00 -2.33274e+00 -8.64380e-01
 3.54884e+00 -1.35786e+00  6.22234e-02
 4.65334e+00 -2.03845e+00 -9.93696e-01
 6.98304e+00 -9.10344e-01 -1.92046e-01
 6.57345e+00 -1.55138e+00  1.79551e-01
 6.66226e+00 -8.38150e-01 -6.67039e-01
 6.93550e+00 -1.12860e+00  4.29743e-02
 2.65592e+00  3.56976e+00  4.98738e+00
 2.93001e+00  3.50561e+00  4.63998e+00
-2.69394e+00  5.20053e+00  2.32982e+00
-2.07347e+00  5.70924e+00  2.12829e+00
-2.70023e+00  5.95604e+00  1.42737e+00
-2.96342e+00  5.57926e+00  3.11204e+00
 5.81033e+00  1.51223e-01  3.01306e+00
 5.50732e+00 -2.18441e-02  2.54721e+00
 5.22661e+00  1.35586e+00  3.16747e+00
 6.01191e+00  4.87546e-01  2.95180e+00
 5.49655e+00  4.03326e-01  1.80683e+00
 6.00279e+00  1.00536e+00  2.06007e+00
 6.09013e+00  6.81744e-01  2.97158e+00
 5.45283e+00  5.01591e-01  1.76618e+00
 5.56259e+00  5.10619e-01  1.79160e+00
 4.23534e+00  1.07144e+00  1.39704e-01
 4.30979e+00  1.27290e+00 -3.25452e-02
 4.28053e+00  1.23856e+00 -3.61770e-02
-2.65950e+00  5.15425e+00 -4.59456e+00
-2.72422e+00  4.01941e+00 -4.32319e+00
-1.41410e+00  4.18998e+00 -4.12894e+00
-2.88832e+00  3.97487e+00 -4.59786e+00
-2.87247e+00 -6.82334e+00  5.87965e-01
-3.04307e+00 -6.81637e+00  5.39754e-01
 2.11643e+00  2.90114e+00 -1.28849e+00
 1.07160e+00  3.00672e+00 -8.94045e-01
 2.71491e+00  2.73742e+00 -1.62609e-01
 1.80317e+00  2.41200e+00 -5.12974e-01
 2.32977e+00  2.46491e+00  1.00386e-02
 2.17381e+00  2.92793e+00 -1.28141e+00
 1.45201e+00  3.37739e+00  2.69003e-02
 1.54290e+00  3.47943e+00  6.25153e-02
 1.30523e+00  2.51495e+00 -8.71680e-01
 1.48772e+00  2.42094e+00 -9.22729e-01
 1.40895e+00  3.63111e+00 -4.40478e-01
 1.19714e+00  3.42100e+00 -5.64758e-01
-3.24957e+00 -2.34772e+00 -3.52577e+00
-3.21731e+00 -2.07254e+00 -3.18175e+00
-3.22820e+00 -2.24257e+00 -2.98510e+00
-2.35035e+00 -1.97209e+00 -3.70310e+00
-3.27951e+00 -2.83119e+00 -2.92079e+00
-2.81207e+00 -3.36980e+00 -2.93680e+00
-2.38593e+00 -2.16778e+00 -3.93818e+00
-2.74589e+00 -2.41659e+00 -3.99900e+00
-1.85211e+00  5.53286e+00 -5.12918e-01
-2.39228e+00  5.79960e+00 -1.07037e+00
-1.81256e+00  5.26422e+00  9.14459e-02
-2.23880e+00  5.91400e+00 -1.10870e+00
-2.00712e+00  6.04607e+00 -1.12456e+00
-1.90224e+00  5.25682e+00  3.69203e-02
-1.82233e+00  5.36973e+00 -1.85343e-01
-3.91257e+00  5.85495e+00  6.84114e-01
-3.93860e+00  6.12699e+00  1.99751e-01
-4.00358e+00  5.85506e+00  6.66512e-01
-4.00417e+00  6.10564e+00  2.24838e-01
 2.80527e+00  1.57814e+00  5.90338e+00
 2.72386e+00  2.16542e+00  4.68353e+00
 4.13115e+00  2.30448e+00  4.45382e+00
 3.63393e+00  1.36325e+00  5.36948e+00
-2.79110e+00  5.75268e+00 -1.19338e+00
-1.64067e+00  5.44662e+00 -1.63756e+00
-2.72240e+00  4.97859e+00 -2.20581e+00
-1.79529e+00  5.25018e+00 -1.57243e+00
-2.78554e+00  5.26115e+00 -1.10321e+00
-1.79409e+00  6.00279e+00 -1.30588e+00
-1.99387e+00  5.65678e+00 -2.23319e+00
-2.86577e+00  5.28770e+00 -1.08802e+00
-2.66422e+00  5.27098e+00 -1.11817e+00
-1.64740e+00  5.40242e+00 -1.59444e+00
-5.89971e-01 -1.39746e-02  2.00270e+00
-3.37002e-01 -6.06688e-01  2.32247e+00
-5.64366e-01  1.74747e-02  2.02234e+00
 5.57017e-01 -9.84428e-01  1.96465e+00
 6.42740e-01 -9.74517e-01  1.85735e+00
 2.78090e-01  4.05758e+00 -3.43895e-01
 9.02238e-01  4.23132e+00  6.16993e-01
 6.46826e-01  4.39355e+00 -1.94621e-01
 5.19750e-02  3.55762e+00  9.10121e-01
 2.57017e-02  3.54964e+00  8.97056e-01
-6.12490e-02  4.16695e+00 -3.63203e-01
 1.04422e-01  4.17687e+00 -3.89906e-01
-1.04790e-01  4.19626e+00 -3.07197e-01
 7.16283e-01  4.44138e+00 -1.38789e-01
 7.57820e-01  4.68649e+00  2.26916e-01
 8.44683e-01  4.00133e+00  9.12080e-01
 4.37674e-01  3.56659e+00  8.61891e-01
-2.90174e-02  3.47185e+00  8.18766e-01
 1.07959e-01  3.52250e+00  8.94464e-01
-3.13758e+00  7.63439e-01  3.85317e+00
-2.73789e+00  4.58737e-01  3.95573e+00
-3.13143e+00  8.78804e-01  3.52338e+00
-1.78957e+00  1.83107e+00  3.88230e+00
-2.00074e+00  2.02907e+00  3.83266e+00
-2.16491e+00  2.16953e+00  3.74302e+00
-4.89657e+00  8.34667e-01 -4.45915e+00
-4.70082e+00  1.19478e+00 -5.04976e+00
-4.69223e+00  1.06436e+00 -5.20562e+00
 4.89140e+00  2.69538e+00  2.04958e-01
 6.20387e+00  3.46688e+00 -4.00974e-01
 6.35291e+00  3.49756e+00 -2.25337e-01
 4.84224e+00  2.79565e+00  1.47754e-01
 5.44663e+00  3.48265e+00  1.30833e-01
 6.01561e+00  3.48055e+00 -4.16967e-01
 5.66295e+00  3.63963e+00  7.73821e-02
 5.80289e+00  3.66179e+00  2.16202e-01
 5.58883e+00  2.65397e+00 -7.27862e-01
 5.53547e+00  2.70522e+00 -7.17221e-01
 6.00371e+00  2.51614e+00 -1.09513e-01
 5.31673e+00  3.35372e+00  1.28919e-01
 4.90672e+00  2.73816e+00  2.18689e-01
 5.35443e+00  2.12092e+00  2.76496e-01
 5.83293e+00  2.86470e+00  5.96404e-01
 6.33968e+00  3.56082e+00  1.82362e-02
 4.84233e+00  2.84615e+00  1.38792e-01
 4.84195e+00  2.83120e+00  1.45479e-01
 4.84524e+00  2.86594e+00  1.02515e-01
 4.84762e+00  2.84416e+00  7.88723e-02
-5.97973e-01 -4.65008e+00  4.41715e+00
-2.20598e-01 -4.22182e+00  5.70293e+00
-1.14303e-01 -3.17631e+00  4.96059e+00
 5.32133e-01 -3.44452e+00  4.99653e+00
-1.28905e+00 -4.38084e+00  4.47723e+00
-2.20356e-01 -4.19228e+00  5.72055e+00
-2.48659e-01 -4.21751e+00  5.70555e+00
 5.02557e-01 -3.56575e+00  5.08893e+00
 4.97404e-01 -3.61738e+00  4.83598e+00
-3.08384e-01  2.09964e+00  2.93106e+00
-8.19008e-01  6.81124e-01  2.59447e+00
-4.79609e-01  2.14232e+00  3.09094e+00
-1.14078e+00  1.96004e+00  1.73932e+00
-4.58076e-01  2.27454e+00  2.89078e+00
-4.83181e-01  2.28854e+00  2.90409e+00
-3.10007e+00 -1.02040e-01  2.64830e+00
-2.05877e+00 -2.83917e-01  3.08843e+00
-2.50122e+00 -2.34673e-01  3.13493e+00
-2.66378e+00 -7.31332e-02  1.95726e+00
-2.61003e+00  2.00022e-01  1.68240e+00
 2.20048e+00 -4.50793e+00  3.19224e+00
 2.03210e+00 -4.36651e+00  3.36606e+00
 1.88062e+00 -4.72973e+00  4.37776e+00
 2.66727e+00 -3.85223e+00  3.95162e+00
-3.22730e+00  2.06781e+00 -1.22942e+00
-3.22629e+00  2.10676e+00 -1.24909e+00
 1.29537e+00 -3.17984e+00 -3.93342e+00
 1.76996e+00 -2.95938e+00 -4.15852e+00
 1.32096e+00 -3.27500e+00 -3.85043e+00
 1.33814e+00 -4.29678e+00 -4.71386e+00
 1.30016e+00 -4.05629e+00 -4.52177e+00
 1.28688e+00 -3.23765e+00 -3.88152e+00
-3.34249e+00 -2.20811e+00 -2.65433e+00
-3.06637e+00 -4.80748e-01 -2.17929e+00
-2.93540e+00 -1.48803e+00 -3.16049e+00
-3.03481e+00 -5.13382e-01 -2.52324e+00
-2.97685e+00 -1.81149e+00 -2.52142e+00
-3.35142e+00 -2.19985e+00 -2.71128e+00
-3.33558e+00 -2.20400e+00 -2.65483e+00
-2.97529e+00 -1.51966e+00 -3.20361e+00
-3.36888e+00 -2.21859e+00 -2.67452e+00
-3.29121e+00 -1.95596e+00 -3.10782e+00
-4.42862e+00 -1.47631e+00 -2.04177e+00
-4.49965e+00 -1.42083e+00 -2.18324e+00
-3.63315e+00 -1.20619e+00 -3.32453e+00
-3.54875e+00 -1.28200e+00 -3.33418e+00
-3.58297e+00 -1.81205e+00 -3.18105e+00
-2.97681e+00  5.24082e+00 -8.82422e-01
-2.67887e+00  4.67408e+00 -1.22283e-01
-2.61438e+00  4.86788e+00 -7.64447e-01
-2.92376e+00  5.24074e+00 -1.00411e+00
 1.09410e+00  1.79034e-01 -7.26675e+00
 1.59608e+00  6.68340e-01 -7.41074e+00
 1.59556e+00  6.69981e-01 -7.41036e+00
-6.39971e+00 -9.15836e-02  2.28844e+00
-6.38640e+00 -1.20792e-01  2.31375e+00
-6.28735e+00 -6.51714e-01  3.63186e+00
-5.71769e+00 -2.18492e-01  3.60576e+00
-5.85360e+00  8.64448e-01  3.47770e+00
-1.33662e+00 -4.30515e-01 -4.20116e+00
-2.19847e+00 -1.16776e-01 -4.21071e+00
-1.81560e+00 -1.73609e-02 -5.18603e+00
-1.36202e+00 -3.31069e-01 -5.02603e+00
-1.07756e+00  1.64763e-01 -4.39315e+00
-1.13342e+00 -2.99457e-01 -4.61265e+00
-1.13977e+00 -8.15472e-02 -5.05200e+00
-9.68510e-01 -2.15481e-02 -4.81333e+00
-9.49411e-01  3.26923e-01 -4.59090e+00
-1.44607e+00  2.93786e-01 -5.20236e+00
-2.56082e+00  1.22096e+00 -4.53534e+00
-2.41605e+00  1.14932e+00 -4.47674e+00
-2.60260e+00  1.19645e+00 -4.54999e+00
-2.27098e+00  3.12663e+00 -3.43310e+00
-3.46361e+00  4.21165e+00 -3.00977e+00
-3.33185e+00  3.58111e+00 -2.83165e+00
-3.89843e+00  3.59138e+00 -3.15175e+00
-2.95962e+00  3.13524e+00 -4.65989e+00
-3.41325e+00  3.57700e+00 -2.81537e+00
-3.52815e+00  3.21131e+00 -2.98355e+00
-3.59972e+00  3.87107e+00 -2.87546e+00
-2.81423e+00  3.67232e+00 -4.63373e+00
-2.36508e+00  3.05503e+00 -3.33047e+00
-3.45868e+00  4.22949e+00 -3.02136e+00
-2.93781e+00  4.23966e+00 -3.41940e+00
 4.42386e+00 -2.06458e+00  4.83252e+00
 4.59879e+00 -1.86479e+00  4.90878e+00
 4.47945e+00 -2.26930e+00  3.79281e+00
 5.54704e+00 -1.73377e+00  4.68370e+00
 4.37502e+00 -2.11031e+00  3.88606e+00
 4.95217e+00 -2.76855e+00  3.59126e+00
 4.73494e+00 -2.64570e+00  3.66810e+00
 5.04717e+00 -2.90885e+00  3.69378e+00
 4.97413e+00 -2.96005e+00  3.86506e+00
 4.76466e+00 -2.62669e+00  3.60127e+00
 4.56737e+00  2.64878e-01  4.84315e-02
 4.88721e+00  7.97552e-02 -3.88856e-01
-3.37898e-01 -5.83796e+00 -2.40235e+00
-2.66048e-01 -5.89057e+00 -2.78599e+00
 4.64100e-01 -5.06481e+00 -1.61434e+00
 6.64180e-01 -5.41688e+00 -3.26943e+00
-2.88953e-01 -5.86341e+00 -2.79512e+00
 6.74587e-01 -5.01141e+00 -1.62279e+00
-5.74321e-01 -5.04357e+00 -2.79493e+00
 6.02988e-02 -5.76938e+00 -1.96166e+00
-4.76366e+00 -1.56040e+00  2.67620e+00
-6.24076e+00 -1.50415e+00  3.14982e+00
-5.97413e+00 -1.44397e+00  3.39731e+00
-5.33808e+00 -1.30406e+00  3.29470e+00
-5.15144e+00 -1.84558e+00  3.71868e+00
-4.83463e+00 -2.21644e+00  2.71124e+00
-5.10583e+00 -1.25716e+00  2.45884e+00
-5.17385e+00 -1.26841e+00  3.17662e+00
-6.21429e+00 -1.49862e+00  3.09002e+00
-5.69549e+00 -1.38895e+00  2.15720e+00
-1.25028e+00 -2.83958e+00  2.45939e+00
-8.91636e-01 -3.26272e+00  2.09658e+00
-1.43572e+00 -2.42581e+00  2.31240e+00
-1.01941e+00 -2.85559e+00  1.75887e+00
-8.91555e-01 -3.26365e+00  2.09607e+00
-1.26718e+00 -3.29375e+00  1.24799e+00
-1.37742e+00 -2.50283e+00  2.34808e+00
-1.39464e+00 -2.45599e+00  2.31821e+00
-1.44473e+00 -2.41981e+00  2.30806e+00
-9.65276e-01 -3.16819e+00  2.17496e+00
-1.24377e+00 -2.80185e+00  2.45418e+00
-1.22033e+00  2.12686e+00  6.31316e+00
-1.60729e+00  1.30383e+00  5.43484e+00
-7.60435e-01  2.00587e+00  5.68535e+00
-1.76605e+00  2.06545e+00  5.35221e+00
-1.71324e+00  1.35863e+00  5.49274e+00
-1.36311e+00  1.25233e+00  5.42821e+00
-4.93414e+00 -4.56429e+00 -2.02918e+00
-4.54448e+00 -4.35011e+00 -8.60024e-01
 4.58942e+00 -1.56541e+00  4.97085e+00
 3.83091e+00 -7.62126e-01  5.86936e+00
 1.18311e+00 -1.65505e+00  5.70065e-01
 1.18265e+00 -1.61813e+00  7.36813e-01
-4.70147e+00  4.08207e+00 -2.26254e+00
-4.99383e+00  4.02450e+00 -1.91311e+00
-4.91739e+00  4.00477e+00 -2.20391e+00
 5.20124e-01  2.79512e+00 -6.02754e+00
 5.67111e-01  3.22848e+00 -5.66541e+00
 7.79852e-01  2.26957e+00 -4.57425e+00
 3.54743e-01  2.78846e+00 -5.94022e+00
 9.26923e-01  3.26493e+00 -5.83569e+00
 1.46902e+00  3.28975e+00 -5.05822e+00
 2.60756e-01  2.54965e+00 -5.83354e+00
 4.07414e-01  2.43592e+00 -5.88192e+00
 9.14305e-01  2.14288e+00 -4.88049e+00
 1.50889e+00  2.74757e+00 -4.52893e+00
 1.52852e+00  2.81152e+00 -4.55548e+00
 1.48946e+00  2.76600e+00 -4.48450e+00
 1.24778e+00  2.73033e+00 -4.31971e+00
-3.96110e+00 -3.70242e+00  3.20978e+00
-3.16656e+00 -3.95207e+00  3.30591e+00
-3.30788e+00 -3.87460e+00  3.31531e+00
-3.69942e+00 -3.69166e+00  3.16219e+00
-3.27404e+00 -4.55029e+00  2.15734e+00
 2.22877e+00  2.92375e+00 -1.37821e+00
 2.29571e+00  2.95926e+00 -1.46240e+00
 1.79968e+00  3.44393e+00 -1.88064e+00
 1.32843e+00  3.72396e+00 -5.56504e-01
 1.20074e+00  3.57697e+00 -6.23337e-01
-1.93784e+00  6.06928e+00  9.10011e-01
-1.82376e+00  6.10621e+00  9.27808e-01
-1.84928e+00  6.02373e+00  8.92407e-01
-1.68877e+00  5.69812e+00  2.33740e+00
-8.01111e-01  6.05320e+00  1.40000e+00
-5.77147e-01  5.62056e+00  1.91763e+00
-4.85000e-01  5.41122e+00  1.36970e+00
-4.82251e-01  5.41616e+00  1.37240e+00
-5.79916e-01  5.26050e+00  1.31032e+00
-5.77619e-01  5.26358e+00  1.28398e+00
 3.13625e+00 -3.03616e+00  2.59642e+00
 3.95999e+00 -2.93282e+00  4.14696e+00
 3.14235e+00 -2.91305e+00  2.69604e+00
 3.63950e+00 -2.78847e+00  2.75022e+00
 3.66882e+00 -3.03607e+00  2.54591e+00
 3.04620e+00 -3.04474e+00  2.90544e+00
 3.05851e+00 -2.97437e+00  2.93127e+00
 3.14191e+00 -3.04745e+00  2.58669e+00
 3.15626e+00 -3.05564e+00  2.57866e+00
-2.13177e+00  5.06777e+00  6.56898e-02
-1.79231e+00  5.44831e+00 -4.31875e-01
-2.65940e+00  5.17792e+00 -1.08134e+00
-2.54160e+00  4.95641e+00 -9.02390e-01
-2.14955e+00 -6.85566e-01 -6.44779e+00
-7.48350e-01 -6.36537e-01 -6.38160e+00
-7.43035e-01 -5.45143e-01 -6.42791e+00
-6.57520e-01 -2.49762e-01 -5.61768e+00
-1.19378e+00  4.95747e-01 -6.04871e+00
-1.40789e+00  5.84139e-01 -6.01275e+00
-2.05510e+00 -8.14707e-01 -6.49566e+00
-5.12796e+00 -2.26740e+00 -8.25401e-01
-5.89293e+00 -2.64856e+00 -2.86266e-01
-5.95440e+00 -1.83026e+00 -1.26779e+00
-5.90598e+00 -2.65977e+00 -2.04010e-01
-6.09831e+00 -1.87796e+00 -1.19534e+00
-5.90111e+00 -1.84491e+00  2.60437e-01
-6.13348e+00 -2.36453e+00  8.78798e-02
-5.97512e+00 -2.21946e+00  2.71345e-01
-5.34980e+00 -2.04622e+00 -1.06950e+00
-5.60669e+00 -2.71330e+00 -2.37667e-01
-5.60866e+00 -2.71562e+00 -2.21521e-01
-5.38901e+00 -2.52899e+00  1.68708e-02
-5.60385e+00 -2.31284e+00  2.23402e-01
 2.56619e+00 -3.06859e+00  2.34504e+00
 2.21420e+00 -3.84410e+00  1.96732e+00
 1.97911e+00 -3.88031e+00  2.02695e+00
 3.13149e+00 -3.03634e+00  2.58578e+00
 7.61403e-01  5.34821e+00 -3.74395e+00
 8.54777e-01  5.11031e+00 -3.99956e+00
 8.21661e-01  5.48184e+00 -3.69977e+00
 4.60434e-01  5.13464e+00 -3.86239e+00
 1.12433e+00  5.11613e+00 -4.23303e+00
 1.37959e+00  5.63704e+00 -4.07876e+00
-2.99538e+00 -1.62652e+00  2.50490e+00
-2.99766e+00 -1.50230e+00  3.04019e+00
-2.25750e+00 -1.34902e+00  2.98928e+00
-3.14038e+00 -7.49452e-01  3.13742e+00
-3.42381e+00 -1.34813e+00  2.64499e+00
-3.31344e+00 -5.80505e-01  3.01174e+00
-3.13296e+00 -1.54851e+00  2.88356e+00
-1.76063e+00 -9.14828e-01  2.99111e+00
-2.92456e+00 -4.88803e-01  3.14616e+00
-2.99709e+00 -1.50136e+00  3.04110e+00
-2.84519e+00 -9.81952e-01  1.83228e+00
-3.52294e+00 -5.09144e-01  2.81601e+00
-2.87386e+00 -9.44976e-01  1.82624e+00
-3.62531e+00 -1.01700e+00  2.54268e+00
-3.42909e+00 -3.67758e-01  2.72668e+00
-2.89758e+00 -1.69820e+00  2.71135e+00
-2.82335e+00 -1.68328e+00  2.77712e+00
 6.96943e+00 -7.47634e-01 -2.61031e-01
 4.10034e+00 -6.02985e+00 -1.61702e-01
 3.60619e+00 -5.95704e+00  4.55337e-01
 4.14611e+00 -5.87955e+00 -2.08898e-02
 3.63038e+00 -5.94734e+00  4.65206e-01
 3.92635e+00 -6.01773e+00  9.87740e-02
 3.81348e+00 -5.94542e+00  3.55657e-01
 3.73419e+00 -5.93177e+00  4.40409e-01
 4.28278e+00 -4.61926e+00 -3.85684e-01
 3.65644e+00 -5.84228e+00  5.10562e-01
 3.48881e+00 -5.03445e+00  5.57060e-01
-3.32522e+00  2.98425e+00 -2.13907e+00
-4.29443e+00  2.26451e+00 -2.64327e+00
-4.22073e+00  2.14717e+00 -2.68159e+00
-4.44657e+00  2.45962e+00 -2.11370e+00
-3.53680e+00  3.08964e+00 -2.93716e+00
-4.17207e+00  2.77467e+00 -2.85303e+00
-4.31775e+00  2.67033e+00 -2.70757e+00
-3.84596e+00  2.29107e+00 -3.02998e+00
-3.29196e+00  2.95037e+00 -2.06407e+00
-3.60111e+00  2.54260e+00 -1.57081e+00
-5.08680e-01 -1.71360e-01  3.04514e-01
-4.91792e-01 -1.83019e-01  4.47662e-01
-4.25736e-01 -3.78319e-01  7.38507e-01
-9.39242e-01  1.46350e-01 -1.64131e-01
-1.42209e+00  5.10972e-01  6.03902e-01
-1.39192e+00  4.88540e-01  6.10809e-01
-8.14384e-01 -1.49353e-01  9.35439e-01
 4.77260e-04  4.28201e+00 -5.32855e-01
 5.62567e-02  4.45761e+00 -1.24991e+00
-5.45767e-01  3.57527e+00 -1.48260e+00
 8.25900e-02  4.04664e+00 -1.69760e+00
 9.14535e-01  4.06382e+00 -1.69215e+00
 9.99391e-02  4.07400e+00 -1.69203e+00
-4.86661e-01  3.48294e+00 -1.47466e+00
 8.09209e-01  3.99888e+00 -1.76860e+00
 5.90168e+00 -2.53150e+00 -1.85205e+00
 5.83606e+00 -2.85796e+00 -1.09283e+00
 5.43277e+00 -2.84714e+00 -2.28662e+00
 5.84083e+00 -3.32357e+00 -2.79449e+00
 5.68697e+00 -3.04961e+00 -9.65786e-01
 5.91703e+00 -3.12829e+00 -2.75891e+00
 5.91584e+00 -2.70822e+00 -1.29787e+00
-5.45375e+00  2.15985e+00  3.14006e-01
-5.69119e+00  2.43358e+00  2.43982e-02
-5.61891e+00  2.40371e+00 -7.92561e-02
-5.51521e+00  3.66811e+00  8.93611e-02
-5.32295e+00  2.69939e+00 -4.02227e-01
-5.52143e+00  2.18880e+00  8.35876e-01
-5.59364e+00  2.15439e+00  7.41638e-01
 5.25753e+00  3.28359e+00  1.64146e+00
-5.74574e+00  1.31816e+00  3.24165e+00
 3.36394e+00  5.13368e+00 -2.13376e+00
 3.42481e+00  5.16050e+00 -2.07055e+00
 3.87405e+00 -2.03412e+00  4.25737e+00
 4.58785e+00 -1.60595e+00  4.92912e+00
 4.54586e+00 -6.04615e-01  4.32268e+00
 4.89298e+00 -1.06439e+00  4.74284e+00
 4.59738e+00 -1.86218e+00  4.90990e+00
 4.22205e+00 -2.04112e+00  4.84839e+00
-5.11664e+00  1.80736e+00 -3.53324e+00
-4.96458e+00  8.23895e-01 -3.94332e+00
-5.08062e+00  1.85627e+00 -3.55470e+00
-4.82742e+00  1.76607e+00 -3.82206e+00
-5.78753e-01  5.25996e+00  1.28065e+00
 2.89856e-01  4.40610e+00  2.45768e+00
 1.88279e-01  4.26743e+00  2.38803e+00
 4.70691e-01  5.38563e+00  2.21668e+00
 6.26023e-02  5.47323e+00  1.93017e+00
 3.57214e-01  5.27955e+00  2.29298e+00
 4.77827e-01  4.38672e+00  2.36003e+00
 2.14107e-01  4.27835e+00  2.41231e+00
-5.95239e-01  5.08283e+00  1.34212e+00
-4.81541e-01  5.41605e+00  1.37204e+00
-2.05581e-01  5.52503e+00  1.63351e+00
-5.96951e-01  5.21189e+00  1.30548e+00
-2.25993e-01  5.50780e+00  1.21291e+00
 2.75559e-01  1.06804e+00  6.31420e+00
-6.02752e-01  7.51710e-01  5.26500e+00
 3.19938e-02 -8.62576e-02  5.70083e+00
-6.03351e-01  7.55335e-01  5.26632e+00
-7.36100e-01  8.41679e-01  5.57991e+00
-7.91385e-01  6.27599e-01  5.71820e+00
-2.46548e-01  1.07114e+00  5.27158e+00
 1.12254e-01  8.05253e-01  5.09098e+00
 3.83496e-01  7.80652e-01  5.25256e+00
-3.70992e+00  5.81617e+00 -2.29486e+00
-1.94091e+00  6.05316e+00 -1.17233e+00
 5.60806e-01  5.12133e+00  3.69836e+00
 6.44107e-01  5.09069e+00  3.68686e+00
 4.32511e+00  2.75306e+00 -1.13391e+00
 3.39294e+00  3.27861e+00 -7.93886e-01
 4.42040e+00  3.64175e+00 -6.30223e-01
 3.04175e+00  2.74512e+00 -3.51743e-01
 4.40062e+00  2.58147e+00 -4.11098e-01
 4.45221e+00  2.73463e+00 -1.12551e+00
 3.17467e+00  3.07462e+00 -5.73861e-01
 3.42445e+00  3.28378e+00 -8.15225e-01
 4.65873e+00  2.99373e+00 -5.57811e-01
 3.86371e+00  3.21011e+00 -1.05015e+00
 3.05856e+00  2.96713e+00 -1.59380e-01
 3.26008e+00  3.59743e+00 -3.36256e-01
 3.26077e+00  3.57648e+00 -3.65108e-01
 3.39917e+00  3.29413e+00 -7.93354e-01
 4.66518e+00  3.05035e+00 -1.00993e+00
-6.45239e+00 -1.34335e-01  2.04707e+00
-6.35017e+00 -6.38170e-01  1.99255e+00
 1.88067e-02  4.51238e+00 -6.86751e-01
 1.57531e-02  4.51555e+00 -7.03128e-01
 6.02363e-01  4.87536e+00 -5.70090e-01
-2.67098e-01  5.02155e+00 -1.12956e+00
 3.87944e-02  4.62485e+00 -9.94153e-01
 4.30239e-01  5.35029e+00  2.90111e-01
 7.87460e-01  5.06760e+00 -4.14550e-01
 1.45224e+00 -4.56844e+00 -4.64955e+00
 1.32932e+00 -4.39372e+00 -4.70388e+00
 3.14441e-01  2.64245e+00  2.61089e+00
 6.49448e-02  2.46374e+00  1.39623e+00
 6.26938e-01  2.49130e+00  2.10826e+00
 7.93204e-02  2.65654e+00  2.45129e+00
-8.17698e-01  2.25308e+00  1.21159e+00
-2.34173e-01  2.37306e+00  1.22652e+00
-8.85490e-01  2.12876e+00  1.26433e+00
-8.24847e-01  2.25213e+00  1.21433e+00
 3.29111e-01  2.57750e+00  2.74525e+00
 5.19356e-01  2.35459e+00  2.79663e+00
-9.85395e-01  1.93030e+00  1.34958e+00
 4.03812e-01  1.82849e+00  2.95876e+00
 4.76961e-01  1.83204e+00  2.95243e+00
-1.11797e+00  1.96254e+00  1.63968e+00
-1.15241e+00  2.31332e+00  1.92004e+00
-1.86231e+00 -2.45922e+00  3.42526e+00
-1.76034e+00 -2.19746e+00  3.61273e+00
-1.52486e+00 -9.92823e-01  3.22312e+00
-6.62545e-01 -1.65166e+00  2.77083e+00
-1.53602e+00 -9.93139e-01  3.21033e+00
-1.46268e+00 -1.96990e+00  3.83324e+00
-1.37785e+00 -1.10103e+00  2.87184e+00
-1.26024e+00 -2.72422e+00  2.52285e+00
-3.74288e-01 -1.79089e+00  3.82678e+00
-1.43928e+00 -2.42225e+00  2.31198e+00
-1.37405e+00 -2.41650e+00  2.32601e+00
-1.53211e+00 -9.92220e-01  3.21436e+00
-1.53167e+00 -1.09896e+00  2.84523e+00
-1.38038e+00 -1.12001e+00  3.46097e+00
-6.46761e-01 -1.43576e+00  3.65061e+00
-7.93200e-01 -1.22562e+00  3.15902e+00
-9.04864e-01 -1.23907e+00  2.89896e+00
-3.73419e-01 -1.82240e+00  3.84084e+00
-1.65043e+00 -1.03573e+00  3.03788e+00
-1.76005e+00 -1.16480e+00  3.04458e+00
-3.98999e-01 -1.59054e+00  3.43064e+00
-5.96832e-01 -1.36108e+00  3.36693e+00
-2.95286e-01 -1.53716e-01 -5.22614e+00
 1.26155e+00  6.12528e-01 -2.18507e+00
 1.21707e+00  2.48756e-01 -2.74312e+00
 1.35690e+00 -8.47566e-02 -2.98066e+00
 7.06860e-01 -7.30584e-01 -2.74102e+00
 7.01290e-01 -7.48778e-01 -2.73319e+00
 8.61994e-01  2.31196e-01 -2.60081e+00
 8.27725e-01 -2.47765e-01 -2.84154e+00
 1.18508e+00 -1.96265e-01 -2.96672e+00
 4.26572e-01 -9.49382e-01 -1.79888e+00
 9.76199e-01 -5.23100e-01 -2.85645e+00
 8.89310e-01 -8.49158e-01 -2.71783e+00
 2.96859e-01 -3.49387e+00 -4.21838e+00
 4.64802e-01 -3.57899e+00 -3.71447e+00
 5.12470e-01 -3.57990e+00 -3.67574e+00
 1.07263e+00 -3.23297e+00 -3.21359e+00
 1.02402e+00 -3.11077e+00 -3.11515e+00
-3.67882e-01 -2.83848e+00 -4.52248e+00
-2.14079e+00  1.24923e+00  5.80084e+00
-2.18604e+00  1.32335e+00  5.82150e+00
 8.64126e-01 -3.88031e+00  6.53429e-01
 1.24902e+00 -4.27352e+00  1.24161e+00
 2.02307e-01 -4.70623e+00  2.88651e-01
 7.60138e-01 -4.37007e+00  3.31065e-01
 7.36023e-01 -3.82529e+00  7.41038e-01
 3.38404e-01  1.10148e+00 -7.35549e+00
 2.87136e-01  1.11037e+00 -7.38772e+00
 4.67451e+00 -6.06333e-01 -1.33787e+00
 5.01751e+00 -2.35941e-01 -1.88182e+00
 4.87210e+00  3.25354e-01 -7.10152e-01
 5.18015e+00  7.38674e-02 -1.81907e+00
 4.55355e+00 -5.30675e-01 -8.61965e-01
 4.39251e+00  5.99802e-01 -8.42024e-01
-2.87602e+00  5.05171e+00 -2.55248e+00
-1.97241e+00  6.23415e+00 -2.76328e+00
-2.75601e+00  5.66728e+00 -3.89608e+00
-1.87988e+00  5.98590e+00 -3.00851e+00
-2.12660e+00  5.71827e+00 -2.52997e+00
 3.17652e+00 -3.30683e+00 -4.11988e+00
 3.67426e+00 -2.96624e+00 -3.64086e+00
-4.03886e+00  5.35300e-01  1.33018e+00
-3.51706e+00  1.20507e+00  1.57256e+00
 6.23789e+00  6.72374e-01  1.63879e+00
 6.28456e+00  8.56560e-02  7.22911e-01
 6.29323e+00  4.16298e-01  1.62710e+00
 6.19660e+00  7.54279e-01  1.38089e+00
 6.32521e+00  8.92007e-01  1.33833e+00
 6.58389e+00  9.66535e-01  1.68873e+00
 6.35437e+00  7.63633e-01  1.67233e+00
 1.84643e+00 -4.53110e+00 -2.02993e+00
 9.71511e-01 -4.26725e+00 -2.46571e+00
 6.66510e-01 -5.41703e+00 -3.27337e+00
 1.68932e+00 -4.49218e+00 -1.88484e+00
 2.00248e+00 -5.72613e+00 -2.55843e+00
 9.21497e-01 -4.90761e+00 -1.37789e+00
 3.32092e+00 -3.32209e+00  4.15363e-01
 2.66478e+00 -3.49150e+00  2.92896e-01
 2.25445e+00 -2.58447e+00  5.94071e-01
 2.50359e+00 -3.32280e+00  6.71372e-01
 3.32153e+00 -3.31418e+00  1.35205e+00
 2.44559e+00 -2.60100e+00  3.00916e-01
 3.37977e+00 -3.52982e+00  7.49935e-01
 3.27410e+00 -2.98565e+00  3.17935e-01
 3.24205e+00 -2.16971e+00  1.40696e+00
 3.41522e+00 -3.38323e+00  1.21931e+00
 2.77057e+00 -3.32983e+00  1.17619e-01
 2.65795e+00 -3.45719e+00  2.39255e-01
 3.22874e+00 -2.36480e+00  5.14151e-01
 3.29690e+00 -2.17349e+00  1.32731e+00
 2.25368e+00 -2.56728e+00  6.74916e-01
 2.72027e+00 -3.34080e+00  1.05304e-01
 2.30332e+00 -2.91016e+00  6.20422e-01
 2.23391e+00 -2.63094e+00  6.40768e-01
 3.11365e+00 -2.18188e+00  1.49555e+00
 3.16752e+00 -2.25448e+00  1.51997e+00
 3.55635e+00 -1.36169e+00 -5.66064e+00
-4.28383e+00 -2.18005e-02 -1.72648e+00
-4.68869e+00  1.03540e+00 -1.51612e+00
-3.93868e+00  2.24321e-01 -1.29671e+00
-4.69128e+00  8.11927e-01 -1.52106e+00
-4.52536e+00 -1.93841e-01 -2.25285e+00
-4.59298e+00 -2.03863e-02 -1.97078e+00
-3.74492e+00  8.83085e-01 -1.22395e+00
-6.87928e+00  2.33455e+00 -2.41835e-01
-6.87931e+00  2.33451e+00 -2.41736e-01
-6.17036e+00  2.16872e+00  6.04445e-01
-6.52540e+00  2.42686e+00 -3.54510e-01
 2.26213e-02 -1.53678e+00 -6.67398e+00
-1.46990e-01 -1.71601e+00 -6.62377e+00
 3.72134e+00  2.04388e+00 -1.62875e+00
 3.79876e+00  2.00324e+00 -1.55943e+00
 3.53045e+00  1.92263e+00 -2.26039e+00
 3.24214e+00  1.99562e+00 -1.35730e+00
 3.51813e+00  1.93973e+00 -2.24930e+00
 2.42269e+00  1.21559e+00 -1.27685e+00
 2.85302e+00  1.83831e+00 -2.17529e+00
 2.40138e+00  1.30743e+00 -1.72530e+00
-2.99447e-01  2.69702e+00  8.19435e-01
 1.34960e+00  2.56010e+00  6.98450e-01
 1.17090e+00  2.88100e+00  4.10299e-01
 5.96141e-01  3.23079e+00  1.29953e+00
 1.21379e+00  2.41391e+00  6.00803e-01
-9.89378e-02  2.70202e+00  9.93249e-01
 9.43555e-01  3.22381e+00  2.17916e-01
 8.07389e-01  2.89053e+00  1.53613e+00
 4.51693e-01  3.56687e+00  8.62540e-01
-3.72411e+00  4.71644e+00  3.31578e+00
 1.95289e+00  2.82458e+00  3.55213e+00
 1.42387e+00  1.64131e+00  2.82369e+00
 2.20829e+00  1.36636e+00  3.63149e+00
 2.00559e+00  2.02544e+00  2.47383e+00
 1.72324e+00  2.95177e+00  3.10553e+00
 1.06920e+00  2.10447e+00  3.14769e+00
 1.84555e+00  2.88858e+00  2.72385e+00
 1.31204e+00  2.61878e+00  3.05781e+00
 1.34102e+00  2.64573e+00  3.04163e+00
 1.67866e+00  2.93518e+00  2.99126e+00
 1.22238e+00  2.70749e-01  2.58638e+00
 4.62588e-01 -8.97757e-01  3.01611e+00
 7.56699e-01 -1.28841e+00  2.90037e+00
 8.56239e-01 -1.57597e-01  3.02570e+00
 1.55389e-01 -4.80361e-01  2.89218e+00
 8.91043e-01 -1.32122e+00  2.90743e+00
 7.46292e-01 -1.27575e+00  2.93469e+00
-4.74815e+00 -3.47953e+00 -3.48474e+00
-4.46116e+00 -3.08129e+00 -4.05890e+00
-4.95160e+00 -2.85776e+00 -3.14573e+00
-3.39405e+00 -3.05374e+00 -2.68777e+00
-4.67422e+00 -2.70922e+00 -3.94687e+00
-3.64967e+00 -2.14158e+00 -3.61604e+00
-4.21675e+00 -2.53382e+00 -4.04954e+00
-4.62229e+00 -2.70595e+00 -4.00735e+00
-4.72508e+00 -3.12945e+00 -2.81316e+00
-4.50144e+00 -2.54172e+00 -4.01107e+00
-4.66253e+00 -3.37650e+00 -3.72462e+00
-4.67982e+00 -3.38920e+00 -3.70038e+00
-3.44080e+00 -2.56497e+00 -2.54514e+00
-3.41847e+00 -2.94829e+00 -2.62554e+00
-3.51373e+00 -3.21290e+00 -2.69362e+00
-4.92318e+00 -3.11366e+00 -3.13557e+00
 3.06213e+00  2.35860e-01 -4.78249e+00
 3.52586e+00 -5.61602e-01 -5.41777e+00
 3.42702e+00 -3.63563e-01 -5.52429e+00
 3.09230e+00 -6.26953e-01 -4.58870e+00
 2.95839e+00 -1.03751e-01 -5.08677e+00
 4.48217e+00  4.55719e-01 -5.09099e+00
 4.61710e+00  2.21980e-01 -5.32349e+00
 4.55059e+00  2.26352e-01 -5.34822e+00
-5.40435e+00 -3.68233e+00 -1.82062e-01
-5.38257e+00 -3.59926e+00 -1.53578e+00
-5.25477e+00 -3.54675e+00 -1.35139e+00
-5.54128e+00 -3.67367e+00 -1.59287e+00
-4.76556e+00 -3.78677e+00 -8.60373e-01
-5.42862e+00 -3.71773e+00 -1.65070e+00
-5.56271e+00 -3.76027e+00 -1.67830e+00
-1.98492e+00 -2.06510e+00 -7.47874e-01
-1.94997e+00 -2.46260e+00 -6.84382e-01
-1.93569e+00 -2.47740e+00 -6.85286e-01
-1.42971e+00  3.63338e+00 -9.06926e-01
-1.95537e+00  3.38961e+00 -1.73384e+00
-2.15058e+00 -2.21262e+00 -4.26870e+00
-2.33292e+00 -2.04282e+00 -4.01474e+00
-5.33411e-02 -2.72065e+00  6.85212e+00
 7.97556e-01 -2.13349e+00  7.52260e+00
 2.03082e-01 -2.98492e+00  7.57730e+00
 1.05453e-01 -3.14330e+00  7.32708e+00
 5.48676e+00  1.50919e+00 -2.99749e+00
 5.68855e+00  1.77686e+00 -3.26228e+00
 5.37034e+00  1.17581e+00 -3.50697e+00
 6.08603e+00  9.41879e-01 -2.80402e+00
 6.13933e+00  9.93157e-01 -2.67858e+00
-4.89287e+00  1.82866e+00 -3.27510e+00
-4.69123e+00  3.17127e+00 -2.74205e+00
-4.78470e+00  2.93227e+00 -2.17514e+00
-4.48363e+00  2.47352e+00 -2.06058e+00
-4.83040e+00  3.13091e+00 -2.39632e+00
 1.66622e+00  6.14065e+00 -1.79371e+00
 5.17064e-01  6.50410e+00 -1.60047e+00
 1.56660e+00  5.99669e+00 -1.78725e+00
 1.59711e+00  6.18304e+00 -1.47163e+00
 1.75250e+00  6.33255e+00 -1.64921e+00
-3.51308e+00 -4.39726e+00  1.61339e+00
-3.60179e+00 -4.29526e+00  1.61949e+00
-3.00117e+00 -4.48291e+00  6.51767e-01
-2.83279e+00 -4.51562e+00  1.40659e+00
-3.04760e+00 -4.66484e+00  8.93258e-01
-2.87133e+00 -4.54708e+00  8.01674e-01
-3.08988e+00 -4.69149e+00  1.08964e+00
-3.16313e+00 -4.35513e+00  1.69151e+00
-2.85478e+00 -2.34789e+00 -2.16521e+00
-2.63039e+00 -1.79111e+00 -2.35632e+00
-2.86305e+00 -2.46457e+00 -2.02818e+00
-2.78285e+00 -2.61212e+00 -1.86271e+00
 5.85514e+00  8.52441e-01 -7.04602e-01
 1.07272e+00  4.01030e+00  8.88479e-01
 1.11505e+00  3.98499e+00  8.17010e-01
 1.27144e+00  3.47670e+00  1.65370e+00
 1.12099e+00  3.23348e+00  1.10166e-01
 1.07886e+00  4.00825e+00  8.62589e-01
 9.60551e-01  3.98195e+00  9.15858e-01
 9.88644e-01  3.99223e+00  9.30540e-01
 7.44490e-01  3.14442e+00  1.50781e+00
-3.27537e+00  5.69922e+00 -2.75198e-01
-3.25809e+00  5.63276e+00 -2.99165e-01
 3.30193e+00  2.58033e+00  3.11479e+00
 2.71427e+00  2.22826e+00  4.55143e+00
 3.79940e+00  2.42485e+00  3.03920e+00
 3.65945e+00  2.49966e+00  2.94984e+00
 3.85093e+00  2.56557e+00  3.21945e+00
-6.09040e+00  3.05537e+00 -1.51352e+00
-1.74187e+00 -1.69673e+00  8.15747e-01
 9.04638e-01  4.98340e+00 -4.04603e+00
-3.81963e-01  4.74640e+00 -4.48745e+00
-1.98077e-02  4.53998e+00 -3.87032e+00
 2.73776e-01  4.98502e+00 -3.83536e+00
 2.27872e-01  4.09375e+00 -4.02970e+00
-3.57371e-01  4.85687e+00 -4.20839e+00
 1.12761e-01  4.88304e+00 -3.82187e+00
-1.61683e-02  4.59265e+00 -3.85905e+00
 2.27820e-01  4.09367e+00 -4.02971e+00
 9.94739e-01  4.50365e+00 -4.74464e+00
 2.55128e-01  3.93353e+00 -4.25860e+00
 6.52394e-01  4.23261e+00 -4.84647e+00
-2.80114e+00  8.05370e-02 -2.83213e+00
 1.30330e+00 -4.46615e+00 -4.62605e+00
 5.22213e-01 -5.01453e+00 -4.03963e+00
 7.37000e-01 -4.91449e+00 -4.21344e+00
 3.69001e-01 -4.99110e+00 -4.18924e+00
 4.92036e-01 -4.97296e+00 -4.00145e+00
 1.33902e+00  5.51198e-01  2.88495e+00
 1.33810e+00  5.96894e-01  2.89933e+00
 1.57119e+00  6.26041e-01  2.94507e+00
-5.41647e+00  1.43346e+00 -2.44564e+00
-5.08922e+00  1.85957e+00 -3.54271e+00
-6.24693e+00  1.31555e+00 -2.32776e+00
-6.67064e+00  1.76486e+00 -2.28534e+00
-6.43011e+00  1.38264e+00 -2.30499e+00
-6.19089e+00  2.36654e+00 -2.37201e+00
-6.55582e+00  1.55449e+00 -2.29375e+00
-3.40860e+00 -3.06292e+00  2.22201e+00
-3.79492e+00 -3.13120e+00  2.86814e+00
-3.71995e+00 -3.10446e+00  2.34205e+00
-3.93481e+00 -3.40493e+00  2.27238e+00
-3.97874e+00 -3.45613e+00  2.29106e+00
-3.66622e+00 -4.29674e+00  1.64832e+00
-3.86101e+00 -3.13768e+00  2.82424e+00
-3.85660e+00 -3.13911e+00  2.88232e+00
 1.85960e+00 -1.77025e+00  5.87916e+00
 8.56712e-01 -2.32660e+00  4.24672e+00
 1.75582e+00 -1.30622e+00  5.52102e+00
 8.11477e-01 -2.19994e+00  4.19701e+00
 1.31195e+00 -9.11963e-01  5.31064e+00
 1.92435e+00 -1.55088e+00  5.44198e+00
 2.32459e-01 -1.90353e+00  4.29101e+00
-3.44668e-02 -1.84965e+00  4.46621e+00
 2.58195e-01 -1.90168e+00  4.27855e+00
 7.47478e-01 -1.72861e+00  4.12837e+00
-2.23740e+00 -7.62987e-01 -2.05193e+00
-2.26568e+00 -1.27640e+00 -3.19482e+00
 3.42478e+00  5.41850e+00  1.15383e+00
 3.39702e+00  5.22959e+00  8.53747e-02
 3.99989e+00  5.14484e+00  1.50224e+00
 4.01245e+00  4.35248e+00  3.99759e-01
 4.10943e+00  4.33674e+00  5.01429e-01
 4.50456e+00  4.71741e+00  5.24419e-01
 3.43366e+00  5.26520e+00  6.20617e-02
 3.90861e+00  5.68247e+00  1.34361e+00
 3.89315e+00  5.71510e+00  1.16163e+00
 4.55089e+00 -3.05502e+00 -3.85056e+00
 4.69609e+00 -2.79758e+00 -3.68808e+00
 4.62119e+00 -3.50458e+00 -3.49330e+00
 4.52756e+00 -2.69337e+00 -3.79733e+00
 4.10687e+00 -3.45011e+00 -3.80270e+00
 3.98449e+00 -3.48740e+00 -3.78002e+00
 4.03271e+00 -3.67682e+00 -3.39775e+00
 4.73367e+00 -3.44037e+00 -3.47987e+00
 4.74474e+00 -3.10701e+00 -3.71154e+00
 1.37576e+00 -1.80856e+00  2.75237e+00
 1.24877e+00 -2.29274e+00  2.49368e+00
-4.10102e+00  3.50855e+00 -3.13171e+00
-4.35110e+00  3.71359e+00 -2.51054e+00
-4.08578e+00  3.87758e+00 -2.42902e+00
-3.88391e+00  4.83922e+00 -3.29279e+00
-3.45739e+00  4.23471e+00 -3.01114e+00
 2.98614e+00 -4.71331e+00 -1.85279e+00
 2.14552e+00 -4.10557e+00 -1.93348e+00
 2.39770e+00 -3.96629e+00 -1.56434e+00
 2.53528e+00 -4.53360e+00 -2.05292e+00
 3.28305e+00 -4.35626e+00 -2.46901e+00
 3.52673e+00 -4.04176e+00 -2.82380e+00
 2.85876e+00 -4.73935e+00 -1.99172e+00
 3.54597e+00 -4.01017e+00 -2.80429e+00
-8.24349e-01 -2.85980e+00  4.75996e+00
-1.53585e+00 -3.76620e+00  4.72082e+00
-1.36784e+00 -3.34859e+00  4.75549e+00
-1.37297e+00 -3.58960e+00  4.51957e+00
-1.47970e+00 -4.35130e+00  5.13569e+00
-1.47277e+00 -3.87297e+00  4.46264e+00
-1.37783e+00 -4.32227e+00  4.45381e+00
-8.02444e-01 -2.62477e+00  5.25146e+00
-5.21205e-01 -2.52583e+00  5.12083e+00
-7.44721e-01 -2.58221e+00  4.96614e+00
-1.24037e+00  8.50487e-01 -6.67984e+00
-1.12210e+00  8.49632e-01 -6.96516e+00
-4.18659e+00 -1.73892e+00 -8.70583e-01
-3.29585e+00 -2.81861e+00  3.26453e-01
-2.87063e+00 -2.61755e+00 -1.03410e-01
-2.35714e+00  4.23386e+00  3.45302e+00
-2.41643e+00  4.03311e+00  3.32979e+00
 2.90973e+00  6.46349e+00 -1.55252e+00
 2.91247e+00  6.44833e+00 -1.53505e+00
 3.61549e+00  5.68441e+00 -6.09041e-01
 3.23500e+00  5.26031e+00 -1.57112e+00
 3.42630e+00  5.21993e+00 -1.22697e+00
 3.44106e+00  5.20255e+00 -1.23220e+00
 3.23806e+00  5.25215e+00 -1.58235e+00
 3.28192e+00  5.21262e+00 -2.01415e+00
 2.90053e+00  1.27735e+00  5.94579e+00
 3.13103e+00  7.91124e-01  6.40392e+00
 3.02358e+00  1.07196e+00  6.13082e+00
 2.46362e+00  1.43504e+00  5.91709e+00
 1.73210e+00 -4.37024e+00  3.41792e+00
 1.58673e+00 -4.70976e+00  4.36414e+00
 1.53845e+00 -4.58848e+00  3.23376e+00
-5.48537e+00 -1.46748e+00 -3.74067e+00
-4.53397e+00 -1.46776e+00 -4.82963e+00
-5.36293e+00 -2.84483e-01 -3.80286e+00
-5.21807e+00 -2.92830e-01 -3.82715e+00
-4.45230e+00 -1.38029e+00 -4.97089e+00
 4.76388e+00  4.23591e+00  5.09585e-01
 4.00462e+00  3.76205e+00  3.73610e-01
 4.59484e+00  3.63761e+00 -3.13776e-01
 4.50580e+00  3.58039e+00 -3.32382e-01
 4.61825e+00  4.25358e+00  6.58221e-01
 4.05033e+00  3.91330e+00  5.79294e-01
 4.04548e+00  4.01418e+00  5.55596e-01
 4.41695e+00  3.66211e+00 -6.13798e-01
 4.62823e-01  3.15431e+00  5.67704e+00
 6.61803e-01  3.07341e+00  5.69555e+00
 6.49750e-01  3.06173e+00  5.71575e+00
 3.07152e-01  3.35290e+00  5.48855e+00
 6.66260e-01  3.11058e+00  5.84350e+00
 7.02391e-01  3.08158e+00  5.82676e+00
 2.82679e-01  3.31829e+00  5.54359e+00
 1.90101e+00  4.64378e+00 -3.31154e+00
 2.36178e+00  4.40029e+00 -3.29049e+00
 1.34083e+00  5.77748e+00 -3.17891e+00
 2.52437e+00  4.32194e+00 -3.38693e+00
 1.43980e+00  5.59016e+00 -3.01571e+00
 2.33232e+00  5.30164e+00 -2.89237e+00
 1.83137e+00  4.73311e+00 -4.03623e+00
 2.50496e+00  4.58471e+00 -3.16666e+00
 2.53149e+00  5.13573e+00 -2.91063e+00
 4.41297e-01  2.95067e+00  2.94298e+00
 5.59418e-01  1.84549e+00  3.01864e+00
 5.07029e-01  1.77725e+00  3.35556e+00
 5.35816e-01  2.35940e+00  2.80907e+00
 1.28656e+00  2.62384e+00  3.04439e+00
 1.67867e-01  2.84135e+00  4.53771e+00
 1.74756e-01  2.76303e+00  4.55132e+00
-1.95517e+00 -5.89114e+00 -3.53714e+00
-1.96575e+00 -5.89255e+00 -3.54092e+00
-4.95070e+00 -3.20318e+00 -1.62723e+00
-4.39163e+00 -1.49950e+00 -1.36356e+00
-4.89271e+00 -3.19030e+00 -1.54788e+00
-3.46388e+00 -3.39403e+00 -1.11078e-01
-3.77178e+00 -3.61556e+00 -1.65101e-01
-3.48304e+00 -3.09356e+00  2.87375e-01
-4.00257e+00 -3.42603e+00  2.49033e-01
 5.43909e+00 -2.72499e-01 -1.94513e+00
 5.86884e+00 -3.99899e-01 -2.47594e+00
 6.04597e+00 -5.18076e-01 -2.64677e+00
-2.32551e+00 -6.34304e-02 -3.07534e+00
-2.09445e+00 -7.86336e-03 -3.08571e+00
-1.40437e+00 -3.96627e+00 -3.02673e+00
-9.18477e-01 -3.62190e+00 -3.78532e+00
-1.73598e+00 -3.67281e+00 -2.93638e+00
-1.30195e+00 -3.99199e+00 -3.15682e+00
-1.32153e+00 -3.55988e+00 -3.80428e+00
-4.99786e+00  1.82516e-01  1.27589e+00
-6.34703e+00  4.48564e-01  1.14651e+00
-5.93493e+00  4.63700e-01  1.06324e+00
-5.57090e+00  4.61200e-01  1.15496e+00
-6.22314e+00  3.77607e-01  9.83109e-01
-6.29833e+00  4.57297e-01  1.06435e+00
-5.04475e+00  1.65205e-01  1.70919e+00
-3.07562e-01 -5.48372e+00 -4.37546e+00
 5.46609e-01 -4.97145e+00 -3.82572e+00
 1.35459e-01 -5.60057e+00 -4.24356e+00
-4.43849e-01 -5.46434e+00 -4.34644e+00
 7.05157e-01 -5.13063e+00 -3.83725e+00
-6.02432e-01 -4.50097e+00 -3.41536e+00
 7.27210e-01 -5.39809e+00 -3.41561e+00
 7.31807e-01 -5.18078e+00 -3.79882e+00
-6.24044e-01 -5.12143e+00 -2.78320e+00
-5.58759e-01 -4.56483e+00 -3.80718e+00
 4.20786e-03 -5.25262e+00 -4.46002e+00
-5.64780e-01 -5.77760e+00 -2.93211e+00
-2.93445e-02 -5.22943e+00 -4.47813e+00
-4.72191e-01 -4.93893e+00 -4.41745e+00
 1.03614e+00  5.74081e+00 -2.69421e+00
-1.64522e+00 -5.32904e+00 -4.52012e+00
-1.41891e+00 -5.33859e+00 -4.34816e+00
-1.58705e+00 -5.29816e+00 -4.48577e+00
-1.42298e+00 -5.35803e+00 -4.34545e+00
 2.70713e+00 -3.39201e+00 -1.11116e-01
 2.70949e+00 -3.42220e+00 -9.46839e-02
 2.33753e+00 -4.01015e+00 -2.12734e-01
-3.31526e+00 -1.80799e+00 -5.96258e+00
-3.29947e+00 -1.83281e+00 -5.93715e+00
-3.30301e+00 -1.97878e+00 -5.41362e+00
 5.29538e-01 -1.26819e+00  3.15742e+00
-8.61585e-01 -1.12160e+00  2.62173e+00
-1.90849e-01 -1.74955e+00  1.85480e+00
 6.11153e-02 -4.53555e-01  2.89558e+00
-3.84899e-01 -8.88816e-01  3.14151e+00
-3.89811e-01 -1.68058e+00  2.04725e+00
 2.00494e+00 -5.75574e-01  6.67299e+00
 1.99126e+00 -5.91905e-01  6.69816e+00
 2.01869e+00 -6.00859e-01  6.65911e+00
 2.10053e+00 -6.75908e-01  6.62897e+00
 3.60174e-01  2.84041e+00 -2.17957e+00
 5.32823e+00 -5.09464e+00  8.67064e-01
 4.86817e+00 -5.29801e+00  1.04664e+00
 4.68548e+00 -5.22406e+00  1.18934e+00
 4.56130e+00 -5.27211e+00  1.92138e+00
 4.62334e+00 -5.32458e+00  2.04968e+00
 4.62682e+00 -5.03696e+00  1.31053e+00
 5.43819e+00 -4.87702e+00  9.02136e-01
 4.72202e+00 -4.51435e+00  2.52075e+00
 4.48979e+00 -4.86469e+00  1.87714e+00
 4.17905e+00 -5.80216e+00  1.53027e+00
 4.65232e+00 -5.27948e+00  1.09003e+00
 4.82040e+00 -5.34229e+00  9.68251e-01
 4.13973e+00 -5.79516e+00  1.91586e+00
-1.51130e+00  8.73478e-01 -3.95549e+00
-6.54047e-01  1.39668e+00 -3.22671e+00
-6.98368e-01  1.24787e+00 -3.29010e+00
-6.67557e-01  1.54649e+00 -3.20482e+00
-2.58437e-01  1.45887e+00 -4.21006e+00
-6.55348e-01  1.24985e+00 -3.30771e+00
-6.58244e-01  1.35859e+00 -3.23778e+00
-1.61547e+00  2.19781e+00 -3.75098e+00
-8.84400e-01  1.71657e+00 -4.90842e+00
 4.25829e+00 -6.10247e-02  3.19370e+00
 3.90606e+00 -1.72511e+00  3.13958e+00
 4.05483e+00 -1.12736e+00  2.58776e+00
 4.31372e+00 -1.34497e+00  2.60776e+00
 4.67579e+00  3.21016e-02  3.44437e+00
 3.92035e+00 -1.73062e+00  3.14613e+00
 4.65649e+00 -3.35510e-01  4.32920e+00
 4.31731e+00 -1.16288e+00  2.46378e+00
 8.31034e-01  4.64600e+00  3.31955e+00
 7.78007e-01  5.82769e+00  2.53567e+00
 3.00680e-01  4.99039e+00  3.66124e+00
 6.65998e-01  4.99132e+00  3.65443e+00
 4.86345e+00  6.47077e-01  4.98582e+00
 3.71302e+00  1.15258e+00  5.23208e+00
 4.23091e+00  1.34461e+00  4.63500e+00
 4.44892e+00  5.09194e-01  5.44540e+00
 4.81939e+00  5.61214e-01  5.11718e+00
-3.65594e+00 -3.08034e+00  2.86486e+00
-3.41533e+00 -6.51518e-01  5.69303e+00
-3.31417e+00 -6.72007e-01  5.75868e+00
-1.31346e+00 -4.79864e+00 -3.62725e+00
-6.98047e-01 -4.44892e+00 -3.54004e+00
-5.68480e-01 -2.32412e+00 -1.38694e+00
 1.00571e+00 -2.62861e+00 -3.29645e-01
 4.79243e+00  4.22882e+00  5.14624e-01
 4.77230e+00  4.22155e+00  8.30469e-01
 4.72075e+00  4.21785e+00  7.73055e-01
-2.62813e+00  2.32764e+00  4.98803e+00
-2.84705e+00  2.02594e+00  5.03493e+00
-3.58568e+00  1.69789e+00  5.44583e+00
-2.71198e+00  2.55197e+00  4.25043e+00
-4.72437e+00  1.78880e+00 -3.20760e+00
-4.79881e+00  1.45112e+00 -1.75481e+00
-5.18769e+00  1.91616e+00 -2.17222e+00
-5.11114e+00  1.14682e+00 -2.62561e+00
-4.78155e+00  1.28184e+00 -1.76668e+00
-4.79636e+00  1.29581e+00 -1.75779e+00
-4.47000e+00 -1.97684e+00 -4.69062e+00
-5.59450e+00  1.25263e+00  1.30760e+00
-5.78727e+00  1.50355e+00  1.04907e+00
-6.42876e+00  1.40203e+00  1.92960e+00
-6.37590e+00  1.27040e+00  2.11728e+00
-5.98292e+00  1.85240e+00  1.98498e+00
-6.36705e+00  1.33809e+00 -9.05779e-01
-6.34581e+00  1.38702e+00 -1.03164e+00
-6.39547e+00  1.42902e+00 -9.36431e-01
-6.30964e-01 -1.38367e+00  3.74023e+00
-1.53220e+00 -9.36587e-01  3.59326e+00
-1.57953e+00 -9.01607e-01  3.64153e+00
-1.56156e+00 -9.04465e-01  3.59312e+00
-3.71542e+00  6.04432e+00 -8.08043e-02
-3.48868e+00  5.18395e+00  1.16408e+00
-2.69662e+00  5.95470e+00  1.41295e+00
-3.37366e+00  5.78595e+00 -2.50806e-01
-3.87034e+00 -4.40014e+00 -1.74295e+00
-4.73497e+00 -3.20575e+00 -1.45448e+00
-4.63872e+00 -3.58180e+00 -1.01317e+00
-4.88898e+00 -3.40183e+00 -2.05774e+00
-3.17741e+00  3.12083e+00  2.21322e+00
-3.95506e+00  2.55300e+00  2.41849e+00
-3.92263e+00  2.24861e+00  2.26845e+00
-3.43323e+00  2.10387e+00  1.92277e+00
-2.44424e+00  2.81290e+00  2.01026e+00
-3.09474e+00  3.07603e+00  2.14605e+00
-2.76845e+00  2.56775e+00  1.77851e+00
-2.82888e+00  2.57136e+00  1.77455e+00
-3.06593e+00  3.24012e+00  2.91211e+00
 9.33447e-02  1.36714e+00 -5.76715e+00
 1.14358e-01  1.20065e+00 -5.88089e+00
 3.63999e-01  1.38343e+00 -5.77289e+00
-2.70672e-01 -5.76419e-02 -4.87080e+00
 5.25283e-01  6.46354e-01 -6.02877e+00
 5.83686e-01  6.61369e-01 -5.98384e+00
 5.06331e-01  7.45196e-01 -6.03598e+00
 1.14179e+00  6.10786e-01 -5.19656e+00
-6.39724e+00 -2.80832e+00 -1.24288e+00
-3.93875e+00 -3.48677e+00  3.73369e+00
-3.06997e+00 -3.28342e+00  4.55857e+00
-3.58961e+00 -1.32803e+00  2.60452e+00
-3.81959e+00 -1.12181e+00  2.51749e+00
-6.88410e+00  9.62595e-01  1.24146e+00
-6.87173e+00  2.20122e+00  1.86957e+00
-5.80447e+00  1.47572e+00  9.82922e-01
-6.58838e+00  2.48647e+00  1.77447e+00
-6.65525e+00  1.02475e+00  1.02003e+00
-6.61784e+00  1.29283e+00  1.90578e+00
-6.21622e+00  1.70682e+00  6.25034e-01
-5.59010e+00  2.04083e+00  7.50199e-01
-5.68200e+00  1.82052e+00  7.43479e-01
 2.89549e+00 -1.87151e-01  5.56755e+00
 2.69206e+00 -2.56184e-01  5.49419e+00
 1.89101e+00 -2.78138e-01  6.27557e+00
 3.18834e+00  9.79301e-02  6.46854e+00
 3.34934e+00 -9.52100e-01  5.83992e+00
 3.41662e+00 -5.83400e-01  5.78877e+00
 3.45242e+00 -6.69101e-01  5.83610e+00
 1.97921e+00 -5.41653e-01  6.55714e+00
 2.03318e+00 -6.29133e-01  6.62746e+00
 3.19813e+00 -4.73966e-01  5.60930e+00
 3.08782e+00 -5.71576e-01  5.55911e+00
 3.14183e+00  5.79084e-01  2.69406e+00
 3.22345e+00  5.48510e-01  2.56342e+00
 3.43717e+00 -4.88830e+00  3.73399e+00
 3.36747e+00 -4.77848e+00  3.80807e+00
 3.18764e+00 -6.29789e+00  3.82278e+00
 3.45766e+00 -6.14822e+00  3.67068e+00
-5.42121e-01  2.66021e+00  4.86401e+00
-4.04019e-01  2.56107e+00  4.86913e+00
-1.76217e+00  1.99491e+00  3.94469e+00
-1.19564e+00  2.69061e+00  4.12741e+00
-7.78277e-01  1.93930e+00  3.74220e+00
-3.57760e-01  2.61589e+00  4.84531e+00
-1.42605e+00  2.31171e+00  4.73345e+00
-5.28189e-01  2.75948e+00  4.83284e+00
-9.32951e-01  2.95166e+00  4.64841e+00
 6.08170e-01  2.08484e+00 -6.02779e+00
 1.05448e+00  1.70397e+00 -5.27529e+00
-3.74580e-01  2.06639e+00 -6.02172e+00
-2.96304e-01  1.89999e+00 -5.96117e+00
 5.86755e-01  1.69335e+00 -4.32106e+00
 6.56690e-01  2.02474e+00 -6.00590e+00
-5.06610e-01  2.19741e+00 -5.96649e+00
 1.06041e+00  1.74834e+00 -5.30757e+00
 1.06265e+00  1.75759e+00 -5.27880e+00
 5.03916e+00 -4.37210e+00 -5.12147e-01
 5.64573e+00 -4.43811e+00  7.31439e-01
 4.62546e+00 -4.61644e+00 -2.11557e-01
 4.96386e+00 -5.30695e+00  1.99497e-01
 4.61817e+00 -4.58711e+00 -1.37991e-01
 4.95368e+00 -5.25612e+00  3.58506e-01
 4.91636e+00 -4.22629e+00  2.02253e-02
 5.05325e+00 -4.31016e+00 -4.13572e-01
 5.62355e+00 -4.67032e+00  7.80518e-01
 5.79567e+00 -4.48887e+00  7.84917e-01
 5.07699e+00 -5.31982e+00  4.87004e-01
 5.41250e+00 -5.08562e+00  7.15911e-01
-3.82810e+00  1.48877e+00 -4.98430e+00
-3.83849e+00  1.33986e+00 -5.15577e+00
-3.27046e+00  1.89903e+00 -5.19232e+00
-5.79881e+00  2.64152e+00 -1.22432e+00
-4.57187e+00  2.74994e+00 -1.67792e+00
-6.23794e+00  2.41551e+00 -1.87547e+00
-5.89534e+00  2.27764e+00 -1.51781e+00
-6.12553e+00  2.95275e+00 -1.47940e+00
-4.64175e+00  2.81483e+00 -1.94334e+00
-5.75409e+00  2.66751e+00 -1.22043e+00
-4.77814e+00  2.89187e+00 -1.45330e+00
-4.48641e+00  2.58833e+00 -1.86621e+00
-6.00037e+00  2.92242e+00 -2.55863e+00
-3.30167e+00  3.36383e+00 -2.29568e+00
-4.47624e+00  2.71368e+00 -1.40111e+00
-3.11453e+00  3.19168e+00 -1.88327e+00
-4.41622e+00  2.50902e+00 -1.84073e+00
 3.81242e+00 -4.53453e+00  3.78075e+00
 3.66907e+00 -4.66174e+00  3.80022e+00
 4.21048e+00 -1.27240e-01  5.48435e+00
 3.80616e+00 -6.39674e-02  5.36992e+00
 4.02661e+00  6.34358e-02  5.19749e+00
 4.22195e+00  1.85760e-02  5.27351e+00
 3.96436e+00 -1.57981e-01  5.51514e+00
 4.72829e+00 -3.21518e-01  4.49060e+00
 4.69431e+00  1.05661e+00 -6.99026e-01
 4.95322e+00  2.13535e+00 -1.43086e+00
 5.17626e+00  1.14573e+00 -8.99887e-01
 4.87040e+00  1.08973e+00 -7.62945e-01
 4.69773e+00  1.13065e+00 -6.69024e-01
 4.47973e+00  2.11298e+00 -1.35529e+00
 4.69189e+00  1.42612e+00 -5.98493e-01
 4.29463e+00  1.96346e+00 -1.44581e+00
 4.33353e+00  2.08819e+00 -1.31167e+00
 3.45042e-01  1.97426e+00 -7.08285e+00
 2.15405e-01  2.18571e+00 -7.38671e+00
-9.19117e-01  9.73943e-01 -7.09438e+00
-4.67155e-01  1.25174e+00 -6.84138e+00
 1.15549e+00 -4.82897e+00  5.58086e+00
-3.87555e-01 -1.71159e+00  1.95587e+00
-1.59512e-01 -1.84954e+00  1.68169e+00
-1.64585e+00 -2.04723e+00  1.02210e+00
-1.84384e-01 -1.78841e+00  1.74048e+00
-2.72220e+00  5.31461e+00 -4.45014e+00
-2.71775e+00  5.27175e+00 -4.51671e+00
-2.90637e+00  3.75418e+00  1.91089e+00
-3.16331e+00  3.18075e+00  2.14038e+00
-2.40280e+00  2.85878e+00  1.98534e+00
-3.22286e+00  3.85910e+00  1.98296e+00
 2.85447e+00  2.68421e+00 -1.23868e+00
 2.94217e+00  2.67529e+00 -1.10992e+00
 2.94797e+00  2.61407e+00 -1.18684e+00
 3.59849e+00  2.78289e+00 -1.55473e+00
 3.70471e+00  3.20514e+00 -1.15144e+00
 4.38809e+00 -4.52544e+00 -2.93001e+00
 3.76219e+00 -4.26190e+00 -3.07479e+00
 3.57731e+00 -4.09265e+00 -2.87232e+00
 3.71545e+00 -4.21219e+00 -3.10216e+00
 4.76460e+00 -3.47717e+00 -3.46936e+00
 4.73645e+00 -3.55645e+00 -3.46480e+00
 3.60811e+00 -4.13682e+00 -2.89901e+00
 2.08981e+00 -4.82067e+00  2.89741e+00
 1.55089e+00 -4.36438e+00  2.54312e+00
 2.05384e+00 -4.81897e+00  2.90579e+00
 1.40792e+00 -3.76176e+00  2.29298e+00
 4.84251e+00 -5.38589e+00  7.35998e-01
 3.79312e+00 -5.93037e+00  4.31961e-01
 4.62432e+00 -5.33899e+00  6.82096e-01
-2.49937e+00 -1.55234e+00 -6.31749e+00
-3.57132e+00 -1.72749e+00 -4.99740e+00
-2.79885e+00 -1.93883e+00 -5.16006e+00
-3.26872e+00 -1.88187e+00 -4.96250e+00
-3.26432e+00 -1.87638e+00 -4.95672e+00
-2.38759e+00 -1.01748e+00 -6.42842e+00
-2.48376e+00 -1.49014e+00 -4.67639e+00
-2.41053e+00 -1.02592e+00 -6.44602e+00
-2.50297e+00  2.00733e+00 -6.26106e+00
-2.86513e+00  1.55063e+00 -6.22175e+00
-1.48040e+00  7.62071e-01 -5.51874e+00
-2.09996e+00  2.08915e+00 -5.93751e+00
-2.85140e+00  1.77332e+00 -6.24758e+00
-2.38496e+00  2.15979e+00 -6.15936e+00
-1.43157e+00  1.57959e+00 -5.43582e+00
 5.29161e+00  3.61190e+00 -3.74695e+00
 5.39683e+00  3.48730e+00 -3.77994e+00
 3.31636e+00  4.00366e-01  5.30230e+00
 2.92688e+00  1.03891e+00  5.84244e+00
 2.14214e+00  2.17040e-01  5.28368e+00
 2.47004e+00  1.10814e-01  5.31078e+00
 2.83293e+00  2.20079e-01  5.44488e+00
 2.00553e+00  6.04164e-01  4.50218e+00
 3.61870e+00  5.25830e-01  5.09553e+00
 1.85650e+00  4.88814e-01  4.85744e+00
 1.91540e+00  5.56835e-01  4.66664e+00
 1.99657e+00  6.68330e-01  4.47404e+00
 2.07234e+00  7.80345e-01  4.32558e+00
 4.91190e+00 -1.62997e-01  4.43584e+00
 6.14811e+00 -4.12750e-01  3.82089e+00
 5.67832e+00 -1.54212e+00  4.84711e+00
 6.03576e+00 -9.13582e-01  4.90442e+00
 5.81302e+00 -4.35116e-01  4.96939e+00
 5.70236e+00 -1.37576e+00  4.94762e+00
 3.40422e+00  9.32546e-02 -6.14840e+00
 4.38189e+00  2.56930e-01 -5.69896e+00
 3.74578e+00  9.60878e-01 -5.93761e+00
 3.71465e+00  1.28849e+00 -6.20590e+00
 3.58166e+00 -6.94391e-02 -6.07960e+00
 4.04069e+00 -2.28964e-04 -3.04608e+00
 4.34108e+00 -2.97595e-01 -2.27218e+00
 4.15036e+00 -2.28679e+00  1.54944e+00
 3.88783e+00 -2.90309e+00  2.36726e+00
 3.49169e+00 -2.04940e+00  1.24464e+00
 4.31929e+00 -3.82257e+00  2.06214e+00
 2.98331e-01  3.66394e+00  2.49082e+00
-4.19013e-01  3.49250e+00  1.75746e+00
 2.70074e-01  3.45753e+00  2.22242e+00
-5.70631e-01  2.71687e+00  3.08950e+00
 3.46007e-01  3.05888e+00  2.91610e+00
 3.37361e-01  3.38494e+00  2.84524e+00
-2.19951e-03  3.61961e+00  1.97331e+00
-1.01934e-01  4.09673e+00  2.65087e+00
 7.95462e-02  3.96548e+00  2.47677e+00
-1.42625e+00  1.02090e+00  6.52983e-01
-7.65583e-01  3.80984e-01 -4.09702e-01
-1.84647e-01  4.26361e-01 -3.45272e-01
-1.04722e+00  1.10197e+00  8.08711e-02
-1.28035e+00  1.05677e+00  7.00627e-01
-4.92468e-01 -1.56620e-01  2.90171e-01
-4.84409e-01 -1.77512e-01  4.48184e-01
-1.73489e-01  5.58035e+00  1.77589e+00
-2.15997e+00  2.82076e+00 -2.28217e+00
-2.22907e+00  3.13413e+00 -2.89076e+00
-2.22692e+00  3.32024e+00 -2.26820e+00
-2.19726e+00  3.19827e+00 -1.96828e+00
-6.68899e+00  1.77683e+00 -2.12392e+00
-4.33267e+00  5.52335e-01 -8.49063e-02
-4.47067e+00  4.00202e-01  1.39423e+00
-4.64907e+00  3.81101e-01  1.21250e+00
-4.54158e+00  3.14133e-01  1.36611e+00
-4.42515e+00  6.45667e-01  7.62140e-02
-4.62890e+00  2.89486e-01  1.28576e+00
-4.49098e+00  3.66006e-01  1.39154e+00
-2.88893e+00  1.27931e-01  4.09700e+00
-2.72225e+00  1.48391e-01  4.08022e+00
-3.73905e+00  3.97063e-02  4.27149e+00
-3.43086e+00  2.25815e-01  5.05747e+00
-2.66432e+00  2.76880e-01  4.74318e+00
-4.20478e+00 -5.36105e-01  4.51868e+00
-2.97233e+00 -9.75904e-01  4.42888e+00
-2.87444e+00 -9.60365e-01  4.46286e+00
 9.77064e-01  7.43739e-01  4.54732e+00
 1.20483e-01  2.04544e+00  4.79924e+00
 9.80453e-01  2.21650e+00  5.41233e+00
 6.79092e-01  8.76946e-01  4.19282e+00
 8.91631e-01  2.25342e+00  5.35562e+00
 5.09256e-01  2.32736e+00  5.12268e+00
 8.45484e-02  9.14844e-01  5.06040e+00
 5.90683e-02  1.90643e+00  4.91519e+00
 9.77745e-02  2.16886e+00  4.90330e+00
 8.86679e-01  1.23715e+00  4.23793e+00
 9.19361e-01  8.81592e-01  4.33914e+00
 6.85088e-01  1.16090e+00  4.13169e+00
 1.00101e+00  2.23416e+00  5.39908e+00
 5.66076e+00 -2.95306e+00 -8.35814e-01
-3.69407e+00 -1.05856e+00 -3.48067e+00
-4.86699e+00 -1.12742e+00 -2.22945e+00
-4.53629e+00 -1.98806e-01 -2.25347e+00
 1.35078e+00 -4.94341e+00 -4.17129e+00
 1.33381e+00 -4.84460e+00 -4.33900e+00
 1.72106e+00  4.45009e-02  6.30012e+00
 3.78091e-01 -2.96981e-01  6.34530e+00
 3.96813e-01 -2.75314e-01  6.32016e+00
 6.80087e-01 -2.69888e-01  6.63721e+00
 4.68298e-01 -3.34724e-01  6.35499e+00
 8.14328e-01 -2.30417e-01  6.16297e+00
 7.14161e-01 -1.48443e-01  6.11534e+00
 2.31295e+00  3.03872e+00 -5.40090e+00
 3.14387e+00  3.25335e+00 -4.67196e+00
-2.16081e+00 -7.79806e-01 -6.50815e+00
-2.37745e+00 -1.01051e+00 -6.43484e+00
-2.50622e+00  3.44442e+00 -5.67346e+00
-2.25168e+00  3.41702e+00 -5.85339e+00
-2.57189e+00  3.17429e+00 -5.70739e+00
 1.16091e+00  1.30113e+00 -5.14324e+00
 8.97786e-01  2.12733e+00 -6.30111e+00
 1.81641e+00  9.87677e-01 -6.66938e+00
 1.12989e+00  3.87125e-01 -5.90550e+00
 1.77093e+00  1.18536e+00 -6.83540e+00
 5.52513e-01  1.07225e+00 -6.34887e+00
 2.01679e+00  9.03459e-01 -6.32721e+00
 1.27419e+00  1.21301e+00 -5.20480e+00
 1.25726e+00  1.83524e+00 -5.55694e+00
 1.35799e+00  1.91768e+00 -5.78559e+00
 2.00886e+00  1.12091e+00 -6.44671e+00
 7.39207e-01  2.07534e+00 -6.14816e+00
 1.89781e+00 -2.89309e+00  1.11052e+00
 2.01884e+00 -3.77770e+00  1.60175e+00
 2.12603e+00 -2.76139e+00  7.32262e-01
 2.10326e+00 -4.87296e+00 -2.22283e+00
 2.87351e+00 -5.34413e+00 -1.89432e+00
 2.95042e+00 -5.27234e+00 -1.81794e+00
 2.99752e+00 -4.72631e+00 -1.83832e+00
 1.95219e+00 -4.53940e+00 -2.11425e+00
 1.22907e+00 -1.21130e+00 -6.76842e+00
 1.54873e+00 -5.58485e-01 -6.47099e+00
 6.48137e+00 -1.46959e+00  5.25975e-01
 6.84975e+00 -6.30069e-01 -7.30587e-02
 6.86926e+00 -1.13256e+00  1.88796e-01
 6.51173e+00 -1.58758e+00  2.61903e-01
 4.71003e+00  3.84125e+00  1.57410e+00
 4.69237e+00  3.85836e+00  1.20885e+00
 4.73250e+00  3.91002e+00  1.62133e+00
 4.91018e+00  3.73555e+00  1.33214e+00
 4.74644e+00  4.11597e+00  8.98038e-01
 4.74851e+00  4.12490e+00  8.90361e-01
 4.75099e+00  4.12042e+00  8.92301e-01
 7.01555e+00 -6.50151e-01  9.57913e-01
 6.17711e+00  3.31329e-02  1.65448e+00
 6.96825e+00  8.58415e-02  4.58565e-01
 6.58351e+00 -7.56271e-01  1.19952e+00
-4.21605e+00 -4.20803e-01  3.67770e+00
-5.13922e+00 -7.96193e-01  3.24888e+00
-4.26246e+00 -2.83768e-01  3.67526e+00
-5.34390e+00 -6.05096e-01  3.44527e+00
-4.35131e+00 -4.47341e-02  3.90916e+00
 1.00392e+00 -5.03745e+00 -3.66806e+00
 1.34000e+00 -4.94231e+00 -4.16409e+00
 1.36723e+00 -4.89356e+00 -3.66484e+00
 7.67596e-01 -5.14222e+00 -3.81698e+00
 2.39780e+00 -6.25628e+00  2.97435e+00
 2.46907e+00 -6.29792e+00  2.99680e+00
 2.02609e+00 -5.19192e+00  2.97751e+00
 1.90380e+00 -5.61793e+00  2.69633e+00
 2.53514e+00 -6.38480e+00  3.18503e+00
 2.05055e+00 -5.16535e+00  2.94036e+00
 1.86752e+00 -5.50292e+00  2.86156e+00
 1.96894e+00 -5.58436e+00  2.63831e+00
 1.95012e+00 -5.69034e+00  2.68816e+00
 7.22753e-01  2.82796e+00 -6.88089e+00
 2.30338e+00  2.93886e+00 -1.45997e+00
 2.38965e+00  2.94465e+00 -1.64026e+00
 2.28328e+00  2.99566e+00 -2.22798e+00
 2.26773e+00  2.91844e+00 -1.41440e+00
 2.34950e+00  2.59382e+00 -2.11498e+00
 1.35071e-01  9.65573e-01  3.88239e+00
-1.24180e-01 -2.63061e-01  3.14639e+00
-7.16316e-02 -2.46959e-01  3.10334e+00
 1.99628e-01  7.87414e-01  4.06921e+00
 2.19189e+00  5.78355e+00 -1.93781e-01
 2.94055e+00  5.47182e+00 -2.45196e-01
 2.80827e+00  5.83070e+00 -4.77486e-01
 2.30412e+00  6.26716e+00  4.22723e-01
 2.97821e+00  5.69012e+00 -4.33684e-01
 3.36358e+00  6.13063e+00 -2.38745e-01
 3.49349e+00  5.75810e+00 -3.69653e-01
 2.19985e+00  5.82512e+00 -2.29988e-01
 3.25745e+00  5.18494e+00  9.17863e-02
 3.21478e+00  5.94802e+00 -4.63845e-01
 3.41525e+00  5.78452e+00 -4.12643e-01
 3.50797e+00 -1.29639e+00  1.22863e-01
 3.80161e+00 -1.07264e+00  1.05004e-01
 3.85534e+00 -9.47982e-01  8.22244e-02
 3.97345e+00 -9.99266e-01  5.84028e-02
 1.23732e+00 -2.74621e+00  1.31298e+00
 1.62996e+00 -3.01657e+00  1.11172e+00
 2.19624e+00 -2.47954e+00  4.06302e-01
-3.72137e+00 -1.68276e+00 -4.93099e+00
-3.56701e+00 -9.39821e-01 -3.90394e+00
-3.60415e+00 -8.75147e-01 -4.40479e+00
 3.82738e+00  2.44350e+00 -1.68653e+00
 4.39110e+00  2.49914e+00 -1.30285e+00
 4.37853e+00  2.49556e+00 -1.30751e+00
 4.32294e+00  3.90674e+00 -1.55796e+00
 1.12207e+00 -6.40826e+00  2.73850e+00
 1.23739e+00 -6.50067e+00  2.69751e+00
 1.25481e+00 -6.78548e+00  2.36378e+00
 8.03262e-01  5.24297e+00 -2.93773e+00
 1.14376e+00  4.37655e+00 -3.12662e+00
 9.88966e-01  4.77095e+00 -2.69834e+00
 1.12017e+00  4.43589e+00 -3.56145e+00
 1.64777e+00  4.00455e+00  4.73530e+00
 1.63965e+00  4.68974e+00  3.79789e+00
 1.62054e+00  3.94674e+00  4.71830e+00
 1.63946e+00  3.97603e+00  4.74555e+00
 1.65355e+00  4.67395e+00  3.80604e+00
 1.71345e+00  4.79168e+00  3.85684e+00
 1.37835e+00 -4.22698e+00 -3.20902e+00
 1.92284e+00 -3.59583e+00 -3.16621e+00
 1.32811e+00 -4.84384e+00 -4.33553e+00
 1.35631e+00 -3.45283e+00 -3.29627e+00
 9.57986e-01 -7.08330e-01 -5.37793e+00
-2.96049e+00  2.49868e+00 -5.16796e+00
-2.70818e+00  3.81546e+00 -4.81399e+00
-1.97683e+00  5.67177e+00  2.10521e+00
 5.30581e+00  2.04499e+00 -2.27902e+00
 4.62494e+00  2.22446e+00 -2.89347e+00
 4.63111e+00  2.22944e+00 -2.89085e+00
 5.24670e+00  1.49465e+00 -2.44929e+00
 5.29324e+00  1.58077e+00 -2.38673e+00
 5.03282e+00  2.54406e+00 -1.49571e+00
 4.94591e+00  1.45868e+00 -2.65865e+00
 5.10396e+00  1.50802e+00 -2.58401e+00
-6.81846e+00  1.21580e+00  2.86473e+00
-7.04608e+00  1.46430e+00  2.89485e+00
-7.03812e+00  1.57345e+00  2.93699e+00
 1.50045e+00  3.94721e+00  3.35226e+00
 1.38763e+00  4.41875e+00  3.33461e+00
 1.52850e+00  4.13323e+00  3.34624e+00
 1.41360e+00  3.54558e+00  2.84956e+00
 1.77587e-01  4.24311e+00  2.42252e+00
-5.83166e+00 -2.57095e+00  8.41286e-01
-4.94410e+00 -2.17003e+00  9.13631e-01
-4.89671e+00 -2.39184e+00  9.52867e-01
-4.94399e+00 -2.16995e+00  9.14560e-01
-4.94324e+00 -2.17188e+00  9.14026e-01
-5.10908e+00 -3.33528e+00  1.05882e+00
-5.74866e+00 -2.80917e+00  8.88150e-01
-5.88992e+00 -2.59386e+00  9.18902e-01
-5.75795e+00 -2.80377e+00  8.95267e-01
-5.83101e+00 -2.87145e+00  1.42156e+00
-5.91560e+00 -2.59979e+00  1.05404e+00
-5.09870e+00 -2.75400e+00  1.71451e+00
 1.22177e-01 -6.71380e+00 -1.27820e+00
 1.87206e-01 -6.65481e+00 -1.52283e+00
-7.81152e-03 -6.59236e+00 -1.51549e+00
-8.53443e-01  6.45971e-01  4.92138e+00
-1.37804e+00 -3.30114e+00  9.25161e-01
-2.05795e+00 -3.20839e+00  8.65808e-01
-1.71030e+00 -2.02245e+00  1.01805e+00
-5.21395e+00  2.60248e-01 -1.67614e+00
-4.40677e+00 -1.18107e-01 -7.59771e-01
-4.78595e+00 -3.87862e-01 -1.31376e+00
-4.55465e+00 -1.84392e-01 -6.30174e-01
-5.21321e+00  3.71796e-01 -1.61925e+00
-4.58330e+00 -2.45781e-01 -7.46703e-01
-4.91989e+00  8.36552e-01 -1.45285e+00
-5.04025e+00  5.10660e-01 -1.07682e+00
-4.90458e+00  8.41691e-01 -1.45394e+00
-5.22522e+00  5.23748e-01 -1.46861e+00
-5.13973e+00 -2.26928e-01 -1.94343e+00
 4.31772e+00 -2.31358e+00  1.93579e+00
 4.59705e+00 -2.31179e+00  2.05310e+00
 5.17245e+00 -2.28753e+00  2.06131e+00
 2.59600e+00  2.08140e+00 -2.31080e+00
 4.01979e+00  1.26942e+00  3.03383e+00
 4.49018e+00  1.03383e+00  2.58695e+00
 3.44674e+00  1.07966e+00  2.35863e+00
 3.17880e+00  1.29297e+00  2.81557e+00
-5.46336e+00  1.18354e-01 -2.00922e+00
-4.73921e+00  1.05839e+00 -1.49981e+00
-5.19293e+00 -2.99260e-01 -2.01392e+00
-5.23661e+00 -2.47688e-01 -1.95540e+00
-5.20929e+00 -2.74741e-01 -1.97011e+00
-4.79653e+00  1.10507e+00 -1.50962e+00
-4.80157e-01 -1.08991e+00 -4.59363e+00
 2.77679e+00  6.53344e+00 -1.46966e+00
 2.37802e+00  5.39438e+00 -1.10922e+00
 2.01698e+00  6.02485e+00 -9.84140e-01
 2.19817e+00  6.07185e+00 -8.08005e-01
 2.71566e+00  5.33193e+00 -8.79615e-01
 3.74126e+00 -5.58589e+00  6.62739e-01
 3.92710e+00 -6.11304e+00  2.25736e+00
 3.15864e+00 -6.06605e+00  1.92735e+00
-9.28385e-01  3.99319e+00  4.81923e+00
-1.01254e+00  3.99330e+00  4.90044e+00
-5.06457e+00  4.77620e-01  9.73828e-01
-5.58581e+00  9.01915e-01  1.02798e+00
-4.92062e+00  2.05356e-01  1.22596e+00
-4.71154e+00  4.43551e-01  1.14260e+00
-5.31965e+00  5.95100e-01  9.27204e-01
-5.57461e+00  5.52932e-01  1.05558e+00
-4.34790e+00  6.33953e-01  1.49934e+00
-3.55490e+00 -4.86534e+00 -1.62402e+00
-3.50066e+00 -4.78946e+00 -1.44858e+00
-3.55826e+00 -4.47405e+00 -1.24114e+00
 4.56995e+00  8.01781e-01 -6.33057e-01
 4.87411e+00  3.47297e-01 -6.97413e-01
 4.73779e+00  5.76742e-01 -4.26904e-01
 4.34828e+00  1.18278e+00 -1.19033e-01
 4.91809e+00  2.84929e-01 -6.75335e-01
 2.52244e+00 -8.54273e-01  7.94288e-01
 2.22025e+00 -2.42788e+00  2.20464e-01
 5.36677e+00  8.32917e-01  7.61061e-01
 4.90396e+00  1.07523e+00  2.19815e-01
 5.26689e+00  7.89035e-01  8.41759e-01
 5.59305e+00  9.08577e-01  3.52782e-01
 5.42281e+00  1.08880e+00  5.61393e-01
 5.04612e+00  1.26547e+00  6.37292e-01
 6.59449e+00  1.05868e+00  1.75133e+00
 6.54729e+00  1.33595e+00  1.84491e+00
-2.48884e+00 -4.90524e+00 -2.74176e+00
-2.99713e+00 -4.28764e+00 -2.71986e+00
-2.84715e+00 -4.47882e+00 -2.29124e+00
 9.03881e-01  6.81801e+00  1.97839e+00
 8.96542e-01  6.80837e+00  1.98960e+00
 1.06098e+00  6.76994e+00  1.97657e+00
-4.03026e+00  5.66075e+00  7.76704e-01
-4.05722e+00  5.94014e+00  5.89560e-02
 4.38325e+00 -5.26320e+00  7.69320e-01
 4.44792e+00 -4.80398e+00  1.86675e+00
 4.22341e+00 -5.11653e+00  7.21441e-01
 4.60203e+00 -5.00155e+00  1.31630e+00
 4.24981e+00 -3.88262e+00  2.35852e+00
 4.32691e+00 -3.93482e+00  2.42847e+00
-2.51106e-01  3.44801e-01 -2.29596e+00
 4.87847e-03  8.68468e-01 -2.50973e+00
-5.37913e-01  4.15051e-01 -9.64378e-01
-1.04620e-01 -3.59404e-01 -1.38039e+00
-6.67792e-01  4.05020e-01 -9.82819e-01
-3.85519e-01 -5.62672e-01 -1.52977e+00
-8.88762e-01  1.18257e+00 -1.78485e+00
-9.34200e-01  2.65917e-01 -1.35345e+00
-4.04183e-01 -2.90761e-01 -1.83479e+00
-3.84559e-01 -5.63312e-01 -1.52788e+00
-3.86277e-01 -5.62885e-01 -1.52779e+00
-6.20484e+00 -1.78442e+00  1.29046e+00
-6.32521e+00 -2.26594e+00  7.01715e-01
 2.64564e+00 -6.29379e+00  1.67662e+00
 2.01752e+00 -6.11178e+00  2.62983e+00
 2.47947e+00 -6.36323e+00  2.82883e+00
 2.75117e+00 -6.35426e+00  2.22562e+00
 2.57444e+00 -6.35717e+00  1.78910e+00
 2.22200e+00 -6.36784e+00  2.29939e+00
 2.41850e+00 -6.36164e+00  1.94400e+00
 2.26854e+00 -5.30874e+00  2.05652e+00
-4.49821e+00  1.10176e+00 -5.22387e+00
 1.25164e+00 -4.20769e+00 -3.16232e+00
-1.87621e+00  2.10746e+00 -6.04027e+00
-1.51649e+00  3.38608e+00 -5.62935e+00
-2.29096e+00  2.18291e+00 -6.26044e+00
-1.87210e+00  3.51192e+00 -5.84313e+00
 1.93865e+00  5.43942e+00  2.59250e-01
 1.97138e+00  6.05427e+00 -6.79402e-01
 1.66803e+00  5.98599e+00 -8.86233e-01
-5.06043e+00 -9.60623e-01 -9.49581e-01
-4.97964e+00 -8.51724e-01 -9.83813e-01
-5.33052e+00 -7.50116e-01 -1.53743e+00
-5.12609e+00 -9.19018e-01 -2.10763e+00
 4.57571e-01  3.73802e+00  5.16504e+00
 3.50265e-01  3.98683e+00  5.08106e+00
-2.67035e+00 -5.02581e+00  1.90754e+00
-2.39877e+00 -4.87115e+00  1.73912e+00
-2.36944e+00 -4.95090e+00  1.88947e+00
-2.64776e+00 -4.85611e+00  1.61949e+00
 4.99635e+00  3.99984e+00 -2.44251e+00
 5.44187e+00 -3.23531e-01 -3.09851e+00
 5.61198e+00 -6.74106e-01 -3.35581e+00
 5.02132e+00 -2.46493e-01 -3.04405e+00
 5.61839e+00 -4.21311e-01 -3.16958e+00
-4.32006e+00 -1.74857e+00 -4.97919e+00
-2.08489e+00  1.11363e+00  5.64924e+00
-2.27845e+00  7.59857e-01  5.86845e+00
-2.09271e+00  1.07464e+00  5.64893e+00
 1.50973e+00 -1.98761e+00  7.87482e+00
 2.34127e+00  2.22315e+00  1.08866e-02
 2.35077e+00  2.23653e+00  2.08658e-02
 2.36854e+00  2.19382e+00  1.75027e-02
 2.35090e+00  1.43322e+00  2.11390e-01
-9.32700e-01  3.20260e+00  4.67233e+00
 3.56607e-02  2.70450e+00  4.62580e+00
-4.88249e-01  2.13242e+00  3.18812e+00
-1.94638e-01  2.01228e+00  3.91054e+00
-2.72640e-01  2.63999e+00  4.86108e+00
-2.30189e-01  1.95160e+00  3.80885e+00
-6.07679e-02  2.61249e+00  4.77038e+00
-3.85137e-02  2.34632e+00  4.36987e+00
-2.71393e-01  1.94351e+00  3.82647e+00
-5.43394e-01  2.81756e+00  4.83623e+00
-9.15594e-01  3.16391e+00  4.70105e+00
 6.93769e+00 -1.12202e+00  6.09021e-01
 6.50052e+00 -1.46704e+00  6.47502e-01
 5.65453e+00  2.41021e+00 -2.42827e+00
 5.79616e+00  2.20947e+00 -2.78688e+00
 5.53778e+00  1.94444e+00 -2.37467e+00
 5.74467e+00  2.17142e+00  3.48514e+00
-4.13467e+00 -2.51504e+00  2.16803e+00
-4.00639e+00 -3.02144e+00  2.97261e+00
-3.66117e+00 -1.35637e+00  2.62461e+00
-3.85948e+00 -2.73639e+00  1.89024e+00
-3.99221e+00 -3.03061e+00  3.02272e+00
-3.95780e+00 -2.96298e+00  3.06966e+00
-4.19629e+00 -2.97081e+00  1.61022e+00
-4.88342e+00 -2.28957e+00  8.92386e-01
-3.97050e+00 -2.41602e+00  1.55171e+00
-3.92706e+00 -2.69509e+00  1.77028e+00
-4.27606e+00 -2.98720e+00  9.67408e-01
-4.21735e+00 -3.06209e+00  1.18763e+00
-4.32030e+00 -3.12994e+00  1.06424e+00
 4.58514e+00 -1.41877e+00 -2.48867e+00
 4.76267e+00 -1.64350e+00 -2.46579e+00
 4.29546e+00 -1.56216e+00 -2.24325e+00
 4.11878e+00  2.10343e+00 -1.36282e+00
 4.28819e+00  2.11877e+00 -1.29566e+00
 4.34112e+00  1.21268e+00 -9.40834e-02
 9.46633e-01 -2.30930e+00  4.10290e+00
 1.01567e+00 -2.52070e+00  4.19509e+00
-3.27428e-01 -1.81715e+00  3.89511e+00
-1.41995e-01 -1.88060e+00  4.20974e+00
-6.91577e+00  7.94489e-01  8.25566e-01
-6.98606e+00  8.87362e-01  3.92148e-01
-6.93194e+00  6.70644e-01  2.59546e-01
-5.70790e+00  1.66611e+00  3.03353e+00
-6.82036e+00  2.11656e+00  3.07764e+00
-5.68892e+00  1.56904e+00  3.01164e+00
-7.03172e+00  1.95809e+00  3.02830e+00
 5.69404e+00  2.45393e+00 -9.99475e-01
 5.70227e+00  2.43293e+00 -1.00470e+00
 6.19344e+00 -2.01664e+00 -4.59794e+00
 8.41338e-01 -3.86193e+00 -6.02216e-01
 1.15325e+00 -3.40438e+00 -8.32411e-01
 9.32665e-01 -3.74705e+00 -5.06055e-01
 2.10571e+00  4.29466e+00  3.04423e+00
 2.07983e+00  3.98194e+00  3.46476e+00
 1.73420e+00  4.23731e+00  3.50965e+00
 1.59472e+00  3.90338e+00  3.53406e+00
 1.63966e+00  4.20473e+00  3.52341e+00
-8.84533e-01 -3.26490e+00  2.10287e+00
-8.86184e-01 -3.26449e+00  2.10120e+00
-8.83806e-01 -3.26493e+00  2.10301e+00
-2.52932e+00 -2.53474e+00 -3.32904e-01
-2.71212e+00 -2.64117e+00 -1.38770e-01
 7.67107e-01 -4.67764e+00 -3.86707e-01
 9.93706e-01 -3.91361e+00 -3.42848e-01
 1.68612e+00 -4.13480e+00  1.40516e+00
 1.68511e+00 -4.13556e+00  1.40517e+00
 2.22655e+00 -4.18387e+00  1.07329e+00
 1.41408e+00 -4.56810e+00  1.24579e+00
 9.75591e-01 -3.69620e+00  2.58571e-01
 9.12303e-01 -3.75680e+00  5.78191e-01
 5.22402e+00 -1.78448e+00 -2.14312e+00
 4.97067e+00 -2.20664e+00 -2.44839e+00
 3.98440e-01 -8.79934e-01 -2.97259e+00
-1.32630e-02 -1.00423e+00 -3.59114e+00
 3.34557e-02 -1.13265e+00 -3.91682e+00
 8.91810e-01 -9.25986e-01 -2.77296e+00
 6.83802e-01 -7.46285e-01 -2.73964e+00
 4.07513e-01  3.48828e+00  5.18909e+00
 1.95603e-01  3.17898e+00  5.55755e+00
-7.59306e-01  3.90236e+00  4.67192e+00
-1.31043e-01  2.81312e+00  5.30485e+00
-8.82150e-02  4.13910e+00  4.88729e+00
-7.89257e-01  3.89894e+00  4.71706e+00
-5.06347e-01  4.00733e+00  4.75038e+00
 2.85998e-02  3.14894e+00  5.62034e+00
-9.46809e-01  3.76882e+00  4.91355e+00
-8.62665e-02  2.69778e+00  5.13713e+00
-7.44101e-02  2.70608e+00  5.14022e+00
-7.76774e-01  3.07115e+00  5.00570e+00
-6.24983e-01  2.91619e+00  4.89365e+00
-9.50990e-01  3.21495e+00  4.71751e+00
-1.01961e+00  3.29630e+00  4.97065e+00
-1.02852e+00  3.29364e+00  4.86638e+00
-9.41033e-01  3.19612e+00  4.72457e+00
-9.68458e-01  3.22446e+00  4.74805e+00
-1.41745e+00  5.93737e-01 -1.74645e+00
-2.58421e-01 -5.49977e-01 -2.45832e+00
-6.28660e+00  1.18233e+00 -1.88351e+00
-5.64196e+00  1.95684e+00 -1.19394e+00
-6.05642e+00  1.31745e+00 -1.40799e+00
-6.34137e+00  1.25997e+00 -2.16939e+00
-4.94087e+00  1.41657e+00 -1.31101e+00
-5.12539e+00  1.51458e+00 -1.15133e+00
-6.45878e+00  1.41714e+00 -1.81116e+00
-4.88260e+00  1.20816e+00 -1.48635e+00
-6.62576e+00  1.64763e+00 -2.02977e+00
 2.97139e+00  2.80971e+00  2.96548e+00
 1.71098e+00  6.05738e+00  1.02086e+00
 1.79362e+00  5.93980e+00  9.72732e-01
 1.71782e+00  6.13093e+00  1.02698e+00
 1.61561e+00  5.49236e+00  1.18228e+00
 1.67549e+00  6.56700e+00  1.46672e+00
 1.72307e+00  6.47064e+00  1.18347e+00
-1.95644e+00 -2.46486e+00 -6.87001e-01
-1.94709e+00  6.31629e+00 -2.65138e+00
-1.91795e+00  6.28137e+00 -2.77734e+00
 4.20671e+00  3.78239e+00  8.33562e-01
 4.02186e+00  3.60724e+00  5.78676e-01
 4.01418e+00  3.81137e+00  6.57370e-01
 3.98450e+00  3.83140e+00  6.90540e-01
 3.91329e+00  3.06357e+00  6.80511e-01
 3.65490e+00  3.12392e+00  6.55686e-01
 3.78755e+00  4.24804e+00  2.01053e+00
 3.74934e+00  4.24994e+00  1.96064e+00
 3.47332e+00  3.42384e+00  5.87432e-01
 3.97273e+00  3.68088e+00  5.61690e-01
-2.67847e+00 -2.64936e+00  3.84484e+00
-2.62572e+00 -2.67424e+00  3.87488e+00
-2.40268e+00 -2.43718e+00  4.10608e+00
 1.05149e+00  1.81524e+00 -3.75674e+00
 4.61833e+00 -1.08898e+00 -2.41203e+00
 4.65366e+00 -5.16066e-01 -2.43270e+00
-2.20994e+00 -4.25745e+00  5.85911e+00
-1.57754e+00 -4.39794e+00  5.28083e+00
-2.25739e+00 -4.16416e+00  5.83512e+00
-2.36387e+00 -3.81547e+00  5.82714e+00
 3.32913e+00 -3.60729e-01 -5.68722e+00
 3.87056e+00 -6.76030e-01 -7.05608e+00
 3.28315e+00 -1.03508e+00 -5.96457e+00
 3.96156e+00 -4.40879e-01 -7.12439e+00
-4.65134e+00  1.71126e+00 -3.91175e+00
-4.48594e+00  1.54519e+00 -4.01824e+00
-4.67638e+00  6.09671e-01 -3.83896e+00
-4.88415e+00  8.43592e-01 -3.97561e+00
-6.75559e+00  2.18271e+00  2.98921e+00
 2.08738e+00 -3.46543e+00 -2.95701e+00
 3.34876e+00 -4.13769e+00 -3.24383e+00
 3.21164e+00 -3.89613e+00 -2.88974e+00
 1.76537e+00 -4.33357e+00 -3.07507e+00
-1.60248e+00  6.49028e+00 -1.89425e-01
-1.56022e+00  6.54175e-01  4.74911e+00
 3.31161e+00 -4.13456e+00 -3.52833e+00
 3.94694e+00 -3.50772e+00 -3.81295e+00
 3.54513e+00 -4.18211e+00 -3.44436e+00
 4.03306e+00 -3.48525e+00 -3.98776e+00
 4.01881e+00 -3.50769e+00 -3.92456e+00
 4.25630e+00 -2.55616e+00 -4.64768e+00
 3.91781e+00 -3.47165e+00 -4.06361e+00
 4.48393e+00 -3.07705e+00 -4.08068e+00
 3.13347e+00 -3.22764e+00 -4.70769e+00
 3.14604e+00 -3.20876e+00 -4.71661e+00
 4.01374e+00 -3.50894e+00 -3.92233e+00
 4.40975e+00 -2.48170e+00 -4.11171e+00
-2.48728e-01  1.36312e+00  5.16172e+00
-2.96032e-01  1.31139e+00  5.13031e+00
-2.47286e-01  1.26103e+00  5.17729e+00
 2.33507e-02  9.69713e-01  3.92450e+00
-8.95089e-03  2.15360e+00  4.16853e+00
 1.89502e-01  1.81176e+00  3.67763e+00
 4.56808e-01  1.42876e+00  3.65791e+00
 8.29365e-01  5.23731e+00 -2.66980e+00
 8.01338e-01  4.67166e+00 -2.49877e+00
 9.53315e-01  4.91289e+00 -2.54619e+00
 9.06340e-02  4.79316e+00 -2.89630e+00
-1.46262e-01  4.16808e+00 -3.56217e+00
 3.24598e-01  4.92057e+00 -2.66316e+00
-1.48819e-01  4.27138e+00 -3.37403e+00
-1.63509e-01  4.24182e+00 -3.46040e+00
-4.69668e+00  3.35914e+00 -2.48813e+00
-4.46142e+00  1.58929e+00 -4.05520e+00
-4.57933e+00  1.73729e+00 -3.98842e+00
-4.33972e+00  2.54167e+00 -4.00509e+00
-4.51471e+00  1.51373e+00 -4.73499e+00
 3.29550e-01 -6.53884e+00 -1.03037e+00
 1.47418e-01 -6.64292e+00 -1.06885e+00
 3.74024e+00 -5.84169e+00  2.76459e+00
 5.21452e+00  3.89312e+00 -2.57713e+00
 4.99821e+00  4.05591e+00 -3.07249e+00
-7.48751e-01  3.93704e-01 -8.14025e-01
-1.53106e+00  1.62005e+00 -1.55501e+00
-1.14014e+00  1.42057e+00 -2.99603e-01
-1.05131e+00  1.71100e+00 -5.62348e-01
-1.25494e+00  1.49472e+00 -2.78194e-01
 4.36443e+00 -2.08903e+00  1.99896e+00
 4.35682e+00 -1.42884e+00  1.85452e+00
 4.56045e+00 -1.24381e+00  1.81887e+00
-1.32632e+00 -4.78064e+00 -3.62105e+00
-1.91221e+00 -4.31887e+00 -3.12395e+00
-7.87187e-01 -4.13913e+00 -3.43837e+00
 5.71156e+00  2.40473e+00 -9.97137e-01
 3.10315e+00 -9.92447e-01  1.03459e+00
 2.76730e+00 -8.34495e-01  1.21858e+00
 4.08509e+00 -8.95907e-01  1.14031e+00
 2.75866e+00 -8.36626e-01  1.22823e+00
 2.70910e+00 -7.78400e-01  1.39542e+00
 5.12354e+00  1.02937e+00 -8.45116e-01
 5.25006e+00  2.10199e-01 -1.90694e+00
-2.63448e+00 -6.42339e+00 -8.35147e-01
-2.62970e+00 -6.43075e+00 -8.40351e-01
-2.88618e+00 -6.84164e+00 -5.21863e-01
-2.38448e+00 -2.93657e+00  3.62828e+00
 3.50297e+00 -1.33243e+00  1.89481e-01
 6.96184e-01 -4.65457e+00 -5.07034e-01
 4.11096e+00  8.57313e-01 -3.24811e+00
 4.64975e+00  9.76930e-01 -3.14649e+00
 5.06739e+00  6.66536e-01 -3.39715e+00
 4.47499e+00  1.06906e+00 -3.29120e+00
 4.70861e+00  6.83220e-01 -3.05259e+00
 4.62391e+00  9.90825e-01 -3.12824e+00
 4.20666e+00  4.84062e-01 -3.17876e+00
 4.56617e+00  8.40775e-01 -2.99383e+00
 4.24505e+00  4.04031e-01 -3.15126e+00
 4.44972e+00  7.98828e-01 -3.00830e+00
 4.80088e+00  1.33057e+00 -3.14311e+00
 4.41801e+00  2.56091e+00 -3.17036e+00
 1.33431e+00 -8.46512e-01  5.33444e+00
 2.11681e+00 -1.32298e-01  5.50150e+00
 1.81208e+00 -2.41790e-01  4.38978e+00
 1.59514e+00 -6.44819e-01  4.14273e+00
 2.58039e+00 -3.57449e-01  5.32357e+00
 1.71038e+00 -6.55931e-01  5.59388e+00
 1.73539e+00  8.35207e-02  4.75829e+00
 2.43757e+00 -1.73900e-01  5.38846e+00
 2.15565e+00  5.93088e-02  5.32654e+00
-2.65923e-01  2.13646e+00  5.25460e+00
-3.10293e-01  2.14209e+00  5.23226e+00
 1.34409e+00  5.57798e-01  4.77334e+00
 1.92115e+00  7.64291e-01  4.33580e+00
 1.82291e+00  4.74823e-01  4.81451e+00
 3.89739e+00 -1.77103e+00  3.12497e+00
 1.15180e+00  1.03431e+00 -3.64255e+00
 1.13110e+00  1.02134e+00 -3.98675e+00
-5.19733e-01  9.87860e-01 -3.30739e+00
-6.55874e-01  1.39467e+00 -3.21021e+00
-1.65590e-01  6.09625e-01 -3.09913e+00
 1.13193e+00  1.08879e+00 -3.58600e+00
-3.61385e-02  4.09558e-01 -3.74918e+00
-5.96474e-01  1.09476e+00 -3.33561e+00
 1.10213e+00  1.14371e+00 -3.92499e+00
 1.12894e+00  1.07361e+00 -3.94717e+00
 6.44632e-02  3.19721e-01 -3.48314e+00
-6.31195e+00 -2.32608e+00  6.71826e-01
-6.08104e+00 -2.50897e+00  8.74884e-01
 7.20794e-01  4.43578e+00 -1.77114e-01
 1.08867e+00  4.01605e+00  8.51215e-01
-5.01394e+00  1.01813e+00  4.92941e-01
-5.01108e+00  8.56387e-01  4.85490e-01
-5.01505e+00  1.02128e+00  5.03057e-01
-5.02132e+00  8.27429e-01  5.85323e-01
 1.20771e+00 -3.05874e+00 -2.97487e+00
 9.07612e-01 -2.23545e+00 -2.09987e+00
 8.97038e-01 -2.18826e+00 -2.17533e+00
 1.01732e+00 -2.01151e+00 -2.09910e+00
 1.29075e+00 -2.17191e+00 -2.88134e+00
 1.20572e+00 -2.09434e+00 -2.78271e+00
 9.98992e-01 -2.39406e+00 -2.90466e+00
 1.34815e+00 -3.75237e+00 -1.58155e+00
-4.92234e+00 -4.01655e+00  9.70419e-01
-2.29353e+00  1.79748e+00 -2.28851e+00
 9.52691e-01  2.08955e+00  5.62997e+00
-6.62275e+00  6.04128e-01  1.05327e+00
-6.48173e+00  2.27464e-01  4.83865e-01
-3.40550e-01  4.36854e+00 -3.06240e+00
-1.45941e-02  4.91362e+00 -2.73951e+00
-2.34409e-01  3.92843e+00 -2.27367e+00
 1.43865e-01  4.78707e+00 -2.47759e+00
-1.27325e+00  4.57167e+00 -2.57331e+00
-6.21192e-01  4.35592e+00 -3.06765e+00
-1.23049e+00  4.08204e+00 -2.64320e+00
 1.00965e-01  4.88708e+00 -2.69966e+00
 4.15581e-02  4.84397e+00 -2.78157e+00
 1.99095e+00 -3.86672e+00  1.64170e+00
 1.99583e+00 -3.92231e+00  1.70129e+00
 2.11215e+00  3.32076e+00 -5.28059e+00
 1.90478e+00  3.28206e+00 -5.02950e+00
 1.90752e+00  3.40116e+00 -5.77398e+00
 1.81234e+00  3.42120e+00 -5.89499e+00
 1.82023e+00  3.42018e+00 -5.88898e+00
 2.87086e+00  5.70453e+00 -2.13232e+00
 2.31905e+00  5.71622e+00 -2.11945e+00
 2.77933e+00  6.54815e+00 -1.49367e+00
 2.90462e+00  6.46954e+00 -1.55404e+00
 1.40057e+00  4.44075e+00  9.67880e-01
 1.38200e+00  4.33522e+00  7.43819e-01
 1.36203e+00  5.06418e+00  3.06694e-01
 9.01126e-01  4.95573e+00  9.24787e-02
 4.96874e+00 -4.13612e-01 -2.14909e+00
 2.05249e+00  1.42461e+00 -9.80094e-01
 1.91896e+00  1.15195e+00 -1.39130e-01
 1.83321e+00  6.63860e-01 -1.08207e+00
 1.90537e+00  1.13693e+00 -9.10666e-02
 2.04114e+00  1.35712e+00 -1.11858e+00
 1.70956e+00 -5.64586e+00  2.68186e+00
 1.60352e+00 -5.63503e+00  2.71040e+00
 1.53991e+00 -5.64745e+00  2.72519e+00
 1.75167e+00 -6.19989e+00  2.60270e+00
 4.38306e+00  6.98242e-01  2.90210e+00
 4.12776e+00  2.28726e-01  2.95554e+00
 4.02695e+00  1.15239e+00  3.08922e+00
 4.19669e+00  1.33111e+00  3.70583e+00
 3.85587e+00  1.12126e+00  4.15650e+00
-1.08126e+00  6.59286e+00 -2.35473e+00
-6.78034e-01  6.45231e+00 -2.29150e+00
-1.07004e+00  6.59518e+00 -2.34131e+00
-8.41019e-01  6.56553e+00 -2.21149e+00
 3.38507e+00 -3.50533e+00 -4.90130e+00
 3.27590e+00 -3.41083e+00 -4.86947e+00
 3.14046e+00 -3.24153e+00 -4.72546e+00
 2.45543e+00  3.32569e+00  4.86898e+00
 2.44730e+00  3.35474e+00  4.91404e+00
-5.62207e+00 -1.28270e+00  2.06839e+00
-5.05115e+00 -7.27618e-01  2.37009e+00
-5.07943e+00 -6.92782e-01  2.35279e+00
-5.08203e+00 -1.14007e+00  2.31380e+00
-5.36856e+00 -1.16159e+00  2.10741e+00
-6.24727e+00 -1.50202e+00  3.15101e+00
 3.34275e+00  5.43908e-01  2.38240e+00
 2.59566e+00  4.84797e+00 -1.86615e+00
 2.91122e+00  4.98099e+00 -2.16708e+00
 3.21703e+00  5.15954e+00 -2.12509e+00
-2.51016e+00 -2.80145e+00  3.55508e+00
-2.32999e+00 -2.81743e+00  3.65557e+00
-2.41436e+00 -2.83991e+00  3.64534e+00
-5.49923e+00  2.37754e+00 -9.15838e-01
-5.82692e+00  2.29480e+00 -6.54361e-01
-5.54175e+00  2.32801e+00 -9.03547e-01
-5.62577e+00  2.28346e+00 -6.21094e-01
-5.55224e+00  2.32925e+00 -9.09186e-01
-3.10634e+00 -6.69317e+00  6.22528e-02
-3.06584e+00 -6.80599e+00  5.26892e-01
-3.14000e+00 -6.46450e+00  2.75746e-01
-1.15518e+00 -9.95539e-01  2.51811e+00
-6.70078e-01  5.19445e-01  2.43612e+00
-9.02332e-01 -1.09798e+00  2.59419e+00
-6.02260e-01  3.31055e-01  2.21022e+00
-4.70729e-01  3.69915e-01  2.23719e+00
-3.93069e-01  3.07094e-01  2.20145e+00
-1.53061e+00 -9.86439e-01  3.22380e+00
-1.53349e+00 -9.78357e-01  3.22433e+00
-1.53276e+00 -9.89486e-01  3.21703e+00
-3.84008e+00 -4.10102e-01  2.93009e+00
-3.86058e+00 -1.16297e+00  2.54171e+00
-3.83848e+00 -1.12357e+00  2.51988e+00
-4.04580e+00 -3.53977e-01  3.37451e+00
 4.62349e+00  3.85197e+00  1.07799e+00
 4.45631e+00 -2.24894e+00 -4.52997e+00
-4.62448e+00 -4.74307e-01  2.36501e+00
-5.57858e+00 -1.25919e+00  1.72526e+00
 3.93909e+00 -4.67885e+00 -4.29700e+00
-3.19156e+00  3.20199e+00  2.15793e+00
 8.12736e-01  2.95642e+00 -6.47140e+00
-4.40034e-01  3.34459e+00 -6.33909e+00
 8.26949e-01  2.90443e+00 -6.32446e+00
 1.04097e+00  3.13300e+00 -6.25705e+00
 8.64188e-01  2.90263e+00 -6.35878e+00
 1.03701e+00  3.07514e+00 -6.31770e+00
 4.28955e-01  6.74740e+00  2.08224e+00
-3.01567e+00 -1.01952e+00  4.40101e+00
 4.21952e+00  3.54081e-01 -3.15160e+00
-2.45386e+00  4.49484e+00  3.50698e+00
-2.33834e+00  4.24970e+00  3.43138e+00
 2.71042e+00  1.46356e+00 -5.35081e+00
 2.02049e+00  2.53528e+00 -5.13426e+00
 1.99579e+00  2.38446e+00 -5.63838e+00
 1.83344e+00  2.45057e+00 -4.90547e+00
 2.56372e+00  1.11080e+00 -5.15071e+00
 2.14457e+00  2.13668e+00 -5.73016e+00
 1.62965e+00  2.08559e+00 -5.69974e+00
 2.49165e+00  9.75598e-01 -5.07398e+00
 1.05721e+00 -4.68840e-01  6.05457e+00
 1.77410e+00 -3.51520e-01  6.11648e+00
 1.81123e+00 -4.99583e-01  6.25382e+00
-1.10715e+00  3.27254e+00  4.83885e+00
-1.67692e+00  2.53367e+00  4.93729e+00
-1.27174e+00  3.22875e+00  4.91704e+00
-1.97230e+00  2.29390e+00  5.49100e+00
-2.71869e+00  5.27212e+00 -4.51616e+00
 2.76111e+00  1.05795e+00 -5.53434e+00
 2.51135e+00  6.87113e-01 -5.20125e+00
 2.66511e+00  9.18907e-01 -5.38348e+00
 2.85973e+00  1.40405e+00 -5.64523e+00
 2.22029e+00  6.51372e-01 -6.12734e+00
-3.48472e+00  1.14184e+00  5.08390e+00
-3.81940e+00  2.22270e-01  4.10650e+00
-3.80119e+00  1.43396e-01  4.13741e+00
-4.05110e+00 -1.44702e-01  2.94103e+00
-4.19662e+00 -2.42354e-01  3.54946e+00
 2.71799e+00 -3.37441e+00  3.29759e-03
 2.44104e+00 -2.59415e+00  2.90005e-01
-4.77147e+00  4.39465e-01 -2.13309e-01
-5.38057e+00  4.23133e-01  8.84858e-03
-5.19636e+00  6.49724e-01  1.75793e-01
-4.61137e+00 -2.38257e-01 -4.78631e-01
-5.15742e+00  6.11595e-01  7.84931e-01
-5.76272e+00 -1.34822e+00  1.83226e+00
 5.30276e+00  3.54092e+00  3.87908e-01
 5.11589e+00  3.53806e+00  1.28298e+00
 4.92769e+00  3.46458e+00  8.11587e-01
 5.80478e+00  3.66355e+00  2.18466e-01
 3.14705e-01  9.64774e-02 -3.97902e-01
-6.89063e-02  4.38001e-01 -4.25031e-01
-2.49908e+00 -4.95859e+00 -2.74075e+00
 1.07695e+00 -2.04336e+00  7.76224e+00
 2.95089e+00  2.74089e+00 -8.75598e-01
 2.96878e+00  2.51321e+00 -1.19923e+00
 2.37642e+00  2.89528e+00 -1.39931e+00
 2.76118e+00  2.71607e+00 -1.30111e+00
 2.31790e+00  1.49347e+00 -7.56086e-01
-3.50079e+00  5.18420e+00  1.16159e+00
-1.39718e+00 -5.70059e+00  2.01163e+00
 3.79700e+00 -2.76847e+00  4.23185e+00
 3.79293e+00 -2.79752e+00  4.23631e+00
 1.15086e+00  5.96063e-01  3.17853e+00
 1.28172e+00  1.41358e+00  2.68768e+00
 1.86591e+00  7.25777e-01  3.06327e+00
 1.86167e+00  6.67266e-01  3.07067e+00
 4.75976e-01  1.74753e+00  3.35713e+00
 1.37393e+00  1.47431e+00  2.71996e+00
 5.24339e-01  1.81301e+00  3.00032e+00
 4.92614e-01  1.77819e+00  3.08420e+00
 5.42632e+00  3.47511e+00  1.31931e-01
 5.35140e+00  3.62618e+00  3.85280e-02
 4.83727e+00  2.84719e+00  1.47157e-01
-2.28274e+00  2.14871e+00 -6.33637e+00
-1.31295e+00  7.85556e-01 -6.34365e+00
-2.17416e+00  2.13398e+00 -6.74813e+00
-1.34324e+00  7.69232e-01 -6.30083e+00
-2.22074e+00  2.15325e+00 -6.71855e+00
 2.86707e+00 -1.15726e+00 -6.03498e+00
 2.43086e+00 -9.32000e-01 -5.96466e+00
-2.25838e+00  2.15219e+00  5.80062e-01
-1.36141e+00  1.67987e+00  1.12095e+00
-1.54855e+00  1.66105e+00  9.01856e-01
-9.88119e-01  1.92660e+00  1.34212e+00
 5.55363e+00  3.74744e+00  2.44580e-03
 1.50104e+00 -7.49028e-01  7.71396e+00
 1.53040e+00 -7.52389e-01  7.70113e+00
 5.26687e+00 -2.16402e-01 -2.51052e+00
 5.37457e+00 -2.52723e-01 -1.96549e+00
 5.51776e+00 -2.91171e-01 -2.75997e+00
 5.93755e+00 -9.92528e-01 -3.12946e+00
-2.29184e+00 -5.38750e+00  2.08268e+00
-1.51259e+00 -5.28014e+00  2.64409e+00
-2.01752e+00 -2.25977e+00 -5.30847e+00
-2.44734e+00 -3.14022e+00  2.10058e-01
-2.58112e+00 -4.14444e+00  3.14393e-02
 4.54433e+00  2.29441e+00  3.59009e-01
 5.34868e+00  1.97176e+00  3.33273e-01
 4.70042e+00  2.06838e+00  4.94187e-01
-2.80431e+00  4.93895e+00 -2.26244e+00
-9.16482e-01 -3.63039e+00 -3.82536e+00
-2.07830e+00 -4.71956e+00 -4.37094e+00
-2.26254e+00 -4.49719e+00 -4.66208e+00
-1.72326e+00 -5.18628e+00 -4.50843e+00
-7.79888e-01 -4.03747e+00 -3.48405e+00
-2.21671e+00  2.16885e+00 -6.73233e+00
 2.86332e+00  3.46448e+00  4.04550e+00
 5.54882e+00  6.59151e-01 -2.92802e+00
 5.52630e+00  6.29113e-01 -3.02181e+00
 6.09686e+00  9.91867e-01 -2.58576e+00
 5.17508e+00  8.93696e-01 -3.46708e+00
 5.32082e+00  1.52905e+00 -2.71596e+00
-3.09096e+00 -5.96492e+00  1.75831e-01
-2.85624e+00 -5.91129e+00 -2.81719e-02
 1.28601e+00  6.84547e+00  1.38244e+00
 1.69293e+00  6.45771e+00  1.01460e+00
-1.70461e+00  3.88505e+00 -5.15893e+00
-1.69279e+00  3.69963e+00 -5.54513e+00
-6.25461e+00  6.90122e-01 -1.82536e+00
-6.26215e+00  6.41811e-01 -1.87908e+00
-2.08039e+00  3.25611e+00 -3.26632e+00
 3.08810e+00  5.24846e+00 -2.20830e+00
 2.81948e+00  5.05994e+00 -2.23254e+00
 2.58997e+00  5.04569e+00 -2.59780e+00
-3.10184e+00 -5.40310e+00  1.05198e+00
 2.49586e+00 -1.87492e-01  5.39184e+00
 1.83908e+00 -2.39927e-01  6.16905e+00
 1.68023e+00 -6.60791e+00  2.20552e+00
 1.72914e+00 -6.56860e+00  2.20850e+00
 5.50567e+00  1.90101e+00 -2.36082e+00
-3.78897e+00  5.09459e+00 -3.38347e+00
-1.31406e+00  1.91670e+00 -5.95914e+00
-3.25725e+00  3.88010e+00  2.00582e+00
 2.02692e+00  1.75884e+00  1.86621e+00
 2.42995e+00  1.36251e+00  1.80913e+00
-4.53892e+00  4.00126e+00  3.75791e+00
-5.26615e+00  2.62761e+00  3.60849e+00
-5.24692e+00 -3.23813e+00 -3.12431e+00
-4.98020e+00 -2.85168e+00 -3.14545e+00
-5.90993e+00 -3.71850e+00 -2.29386e+00
-6.17848e+00 -3.13528e+00 -2.47688e+00
-5.24990e+00 -3.23456e+00 -3.12441e+00
 1.32652e-02  4.48931e+00 -6.73737e-01
-2.69616e+00  2.55658e+00  4.24595e+00
-1.62612e-01  4.15166e+00  4.80101e+00
-3.35260e+00 -2.69819e+00 -2.38002e+00
-4.35409e+00 -3.05036e+00 -1.24280e+00
 2.61997e+00 -7.84873e-01  9.07006e-01
 2.65798e+00 -7.80100e-01  8.90053e-01
 3.38004e+00 -1.02289e+00 -7.01669e+00
 2.05846e+00 -4.99613e+00  2.92741e+00
-4.86043e-01  2.05106e+00 -6.15338e+00
-5.50855e-01  2.05999e+00 -6.20468e+00
-6.22454e+00 -1.27769e+00 -2.28726e+00
-5.39165e+00 -1.20571e+00 -2.47565e+00
-5.81010e+00 -1.45512e+00 -2.14778e+00
-6.28983e+00  1.82676e-02 -2.05814e+00
-5.66915e+00 -7.75451e-01 -1.13265e+00
-5.31954e+00 -1.23155e+00 -2.40364e+00
-5.39907e+00 -1.28338e+00 -2.38973e+00
-2.16480e+00 -5.89807e+00 -3.74157e+00
-2.28613e+00 -2.42370e+00  4.10002e+00
-2.32778e+00 -2.41536e+00  4.11731e+00
-2.26213e+00 -2.39559e+00  4.16649e+00
 2.05045e+00  2.51218e+00 -5.69147e+00
 9.96649e-01  2.39315e+00 -6.42320e+00
 1.38996e+00  2.69542e+00 -6.34322e+00
 9.92814e-01  3.18398e+00  5.26869e+00
 1.80474e+00  3.87824e+00  4.98221e+00
 1.70214e+00  3.94384e+00  4.79526e+00
 1.24246e+00 -1.77624e-01  3.49217e+00
 9.35763e-01  4.94343e-02  3.27745e+00
 1.09539e+00  2.62627e-01  3.16646e+00
-1.92574e+00  4.42654e+00 -1.15423e+00
-1.98439e+00  4.49733e+00 -1.73170e+00
-2.03928e+00  4.27032e+00 -1.34704e+00
-1.69304e+00  4.98640e+00 -1.51525e+00
-6.65131e-01  1.44220e+00 -3.16171e+00
 5.80855e+00 -3.39159e+00 -3.06954e+00
 5.93817e+00 -3.06538e+00 -2.90325e+00
 5.81496e+00 -3.37342e+00 -3.09718e+00
 5.00285e+00  3.33094e-02  1.05736e+00
 1.47232e+00 -1.01578e+00  7.15960e+00
-5.30207e+00  1.46336e+00 -2.79299e-01
-5.15808e+00  1.59317e+00 -5.56912e-01
-5.24200e+00  1.56778e+00 -3.08122e-01
-5.37528e+00  1.29088e+00 -6.09693e-02
-5.23464e+00  1.56617e+00 -2.53234e-01
-4.49245e+00  1.16958e+00 -1.09818e+00
-5.31779e+00  1.36021e+00  3.54996e-02
-4.29054e+00  1.72519e+00 -5.20199e-01
-4.87615e+00  1.65696e+00 -9.62474e-01
 1.98127e+00 -3.93621e+00  1.64724e+00
-1.26359e+00  4.52287e+00  2.17691e+00
-5.24218e-02  2.60505e+00  4.81009e+00
-8.27658e-02  2.68629e+00  5.12423e+00
 7.97058e-02  2.73169e+00  4.61005e+00
-1.02057e-01  2.59144e+00  4.96783e+00
 8.18256e-01 -1.67362e+00  4.04880e+00
-6.44602e+00  1.75556e+00 -5.50351e-01
-6.23290e+00  1.08882e+00 -2.79738e-01
-5.54117e+00  1.76414e+00  6.48058e-01
-6.61523e+00  1.40086e+00  2.12434e-01
-5.53254e+00  1.17917e+00 -2.10582e-01
 2.16446e+00  3.70247e+00  5.07731e+00
 2.00203e+00  3.83418e+00  5.01032e+00
 1.08535e+00  2.48744e+00  5.59233e+00
 5.57655e+00  2.08066e+00 -3.27976e+00
 5.64252e+00  1.87884e+00 -3.15855e+00
 4.52498e+00  2.56445e+00 -3.09384e+00
 4.62046e+00  2.61215e+00 -3.18172e+00
 5.66419e+00  2.65018e+00 -3.02522e+00
 5.61280e+00 -4.35778e+00  7.33561e-01
-4.59177e+00  2.59621e+00 -1.14292e+00
-4.50084e+00  2.73712e+00 -1.29041e+00
-1.68665e+00  1.37330e+00  8.67275e-01
 5.76773e+00 -3.41255e+00 -3.15595e+00
 1.02098e+00  6.33532e+00 -8.25661e-02
-9.93271e-01  6.57760e+00 -1.99551e+00
-6.07284e+00  4.35820e-01 -1.99448e+00
 2.34053e+00  2.03182e+00 -3.98282e+00
 2.35050e+00  1.66178e+00 -4.07168e+00
 2.07883e+00  3.91977e+00 -2.97129e+00
 1.65359e+00  4.52175e+00 -3.02509e+00
 1.94408e+00  4.33999e+00 -2.97854e+00
 1.05272e+00  4.98259e+00 -2.48305e+00
-5.61644e+00 -2.44693e+00 -3.47566e+00
-5.83407e+00 -2.12512e+00 -2.83108e+00
 5.71258e+00  2.11914e+00  3.50467e+00
 1.43236e-01 -6.69701e+00 -1.17673e+00
 5.95346e+00 -4.33097e+00  8.83542e-01
 2.27135e+00 -8.57011e-01 -5.96355e+00
 2.26468e+00 -8.60637e-01 -5.98604e+00
 2.09699e+00 -1.14934e+00 -5.70378e+00
 2.96303e+00  4.27552e-01 -4.80864e+00
-6.81073e+00  8.33855e-01  1.03540e+00
 3.84075e+00  4.72028e+00  2.72471e+00
 5.20786e+00  3.39675e+00  1.38003e+00
 5.22102e+00  1.83088e+00  5.23305e-01
 5.38108e+00  1.92176e+00  3.98336e-01
-5.77747e+00 -1.35195e+00  1.91372e+00
-5.77371e+00 -1.35413e+00  1.91488e+00
 3.78996e+00 -2.14010e+00  3.00609e+00
 4.62301e+00 -4.25962e+00  2.59104e+00
 1.93648e+00  1.14905e+00 -9.44930e-02
-3.22241e+00 -3.99558e+00 -1.21149e+00
-3.09570e+00 -3.74955e+00 -2.72388e+00
 6.48064e-01 -1.25997e+00  6.80910e+00
 1.26118e+00 -8.37790e-01  7.57480e+00
-1.23025e+00  4.09895e+00 -4.78782e+00
-1.20163e+00  4.13262e+00 -4.81033e+00
-1.48398e+00  1.04698e+00  6.80984e-01
-1.15050e+00  1.12202e+00  7.81794e-01
 1.03115e-02  8.58633e-01 -2.52205e+00
 5.39273e-02  1.36628e-01 -2.85978e+00
 2.01021e-01 -1.03290e-01 -2.93702e+00
-1.64030e+00  4.52783e+00 -1.02337e+00
-1.92408e+00  4.42136e+00 -1.14782e+00
-1.33880e+00  4.94735e+00 -1.19138e+00
-1.52742e+00  5.14555e+00 -1.53767e+00
-1.03474e+00  4.17958e+00 -3.72302e+00
-3.71863e-01  4.09260e+00 -3.53353e+00
-1.37621e+00  4.03886e+00 -2.95317e+00
-1.29498e+00  4.06283e+00 -2.89119e+00
 2.23979e-02  2.46020e+00  5.00544e+00
-8.22417e-03  2.47694e+00  5.03693e+00
-5.77310e-02  2.52255e+00  5.03925e+00
-2.00156e+00 -1.30596e+00  3.02878e+00
-2.15998e+00 -1.02408e+00  4.40809e+00
-2.90959e+00 -1.61236e+00  3.80192e+00
 2.49213e+00  1.19870e+00  2.24167e+00
-3.95869e+00 -2.96183e+00  3.07189e+00
-4.10053e+00 -3.56730e+00  3.34615e+00
-3.99865e+00 -3.02918e+00  3.03065e+00
-4.31853e+00 -2.92680e+00  3.07196e+00
 3.52842e+00  1.37530e+00 -5.69568e+00
 3.33693e+00  1.60584e+00 -5.74688e+00
 3.66337e+00  1.37928e+00 -6.14012e+00
 3.32131e+00  1.66629e+00 -5.84160e+00
 3.53042e+00  1.37375e+00 -5.69703e+00
 3.60743e+00  1.44283e+00 -6.02822e+00
 2.38150e+00  2.83445e-01 -6.11814e+00
-4.32997e+00 -3.81617e-02  3.86690e+00
-4.08362e+00  7.11244e-02  4.03104e+00
 3.53247e+00  1.37368e+00 -5.69220e+00
 4.02489e+00  1.04937e+00 -5.10125e+00
-4.72731e-01  2.43445e+00  6.33666e+00
-9.32626e-01  2.64046e+00  6.48186e+00
-9.97244e-01  2.65244e+00  6.49541e+00
-4.51940e+00 -2.39427e+00  2.25935e+00
-4.30907e+00 -2.92768e+00  3.04671e+00
 4.19253e-01  2.86813e+00  6.53525e+00
 1.98944e+00 -3.93359e+00  1.68113e+00
 2.37295e+00  5.17804e+00 -2.20506e+00
 2.25483e+00  5.27555e+00 -2.18738e+00
 1.49952e+00  5.48944e+00 -1.86794e+00
-1.51434e-01  7.19829e-02 -3.78338e+00
 5.41002e-02  4.53536e+00 -1.21029e+00
-3.67000e-01  2.56765e+00  6.26270e+00
 5.26353e-02  2.87559e+00  6.45111e+00
-3.66008e-01  2.56861e+00  6.26263e+00
-1.72402e-01  2.91449e+00  6.29567e+00
 7.56535e-01  1.28473e+00 -7.01408e+00
-3.36167e+00  1.53557e+00  5.73138e+00
-3.55309e+00  1.16460e+00  5.25957e+00
-2.64037e+00  1.83493e+00  5.36299e+00
-2.24317e+00  7.46517e-01  5.46086e+00
-2.44021e+00  8.07252e-01  5.00305e+00
-3.53675e+00  1.53387e+00  5.57346e+00
-3.57385e+00  1.67554e+00  5.48251e+00
-3.32952e+00  1.47987e+00  5.78305e+00
-3.59323e+00  1.22593e+00  5.25946e+00
-1.96162e+00  4.41499e+00 -1.86231e+00
-1.37008e+00  5.15284e+00 -1.73509e+00
-4.86017e+00  1.89890e+00  3.62361e+00
-4.25365e+00  1.59130e+00  3.46453e+00
-4.81558e+00  2.35546e+00  3.92475e+00
-1.06788e+00  6.52480e+00 -1.80115e+00
 2.97324e+00 -1.51105e-01 -7.39813e+00
 2.65572e+00 -5.16152e-01 -7.32244e+00
-4.94095e+00  1.66932e+00 -1.02010e+00
-5.03062e+00  1.66827e+00 -9.98527e-01
-6.97673e-02  2.44590e+00  5.09386e+00
-3.66505e-01  2.56767e+00  6.26224e+00
-6.62929e+00  3.66718e-01 -1.50817e-01
-1.09684e+00  3.83671e+00 -4.64847e+00
-1.00607e+00  3.92821e+00 -4.71097e+00
-1.84947e+00  3.04925e+00  3.79195e+00
-1.49341e+00  3.19764e+00  3.93777e+00
-2.36377e+00  4.07667e+00  3.26819e+00
 2.10694e-01  4.92307e+00 -2.64047e+00
-2.02123e+00  3.53026e+00 -2.02271e+00
-2.86769e+00  4.55509e+00 -2.79547e+00
-2.08396e+00  3.55058e+00 -2.24416e+00
 5.51224e+00  1.19101e+00  5.25842e-01
 1.67228e+00  3.18000e+00 -6.15765e+00
 1.53191e+00  3.07994e+00 -6.27319e+00
-6.69017e-01  5.08161e+00  1.35091e+00
 1.92057e+00  3.33526e+00 -5.85603e+00
-9.86537e-02 -1.50466e-01  7.80530e-01
-1.12055e+00  6.63121e+00 -1.57068e+00
 2.31809e+00  1.32445e+00  2.46145e+00
 1.92828e+00  1.75733e+00  2.30366e+00
 2.23893e+00  3.03278e+00 -5.41977e+00
 2.60681e+00  2.32019e+00 -3.72509e+00
 2.22323e+00  2.96108e+00 -5.60307e+00
 1.98293e+00  3.22159e+00 -5.87222e+00
-2.21318e+00  5.57714e-01  5.24676e+00
-1.92664e+00  3.55650e+00 -1.94310e+00
-1.24634e+00  4.02694e+00 -2.62950e+00
 1.43956e+00  1.05276e+00 -2.93904e+00
 1.38192e+00  7.99081e-01 -3.02179e+00
-3.15688e+00 -4.93296e+00  1.00066e+00
 5.24657e+00 -3.43509e+00 -3.72370e+00
 5.17217e+00 -3.30361e+00 -3.77818e+00
 5.06850e+00 -3.51094e+00 -3.58876e+00
 1.21382e+00 -4.55979e+00  5.66277e+00
 1.15109e+00  1.25275e+00 -3.11167e+00
 1.30997e+00  1.01550e+00 -3.07922e+00
-3.13832e+00 -4.89901e+00  9.59107e-01
 5.47762e+00  3.42347e+00 -3.61314e+00
 5.52253e+00  3.53234e+00 -2.64965e+00
 5.53343e+00  3.19676e+00 -3.22784e+00
-1.48539e+00 -5.32861e+00  2.72588e+00
 1.31536e+00 -5.35082e+00  1.98964e+00
 1.13985e+00 -5.18159e+00  2.37242e+00
 8.18035e-01 -5.00580e+00  2.45515e+00
-1.78911e+00  3.82770e+00 -2.86894e+00
-2.55735e+00  4.54435e+00 -3.06886e+00
 1.52933e+00 -5.60527e+00  2.66084e+00
-3.71673e+00  5.83573e+00 -2.62869e-01
-3.77049e+00  5.90770e+00 -2.08817e-01
-6.86304e-01 -2.42898e+00  4.81181e+00
 5.29470e+00 -2.32100e+00 -3.45193e+00
 5.52375e+00 -2.38810e+00 -3.21760e+00
 5.39367e+00 -3.51313e+00 -3.58009e+00
 5.12078e+00 -2.86511e+00 -3.74723e+00
-1.89866e-01  5.14709e+00 -2.73256e+00
 1.22327e+00 -6.48552e-01  7.48032e+00
-2.08314e+00 -5.86704e+00 -3.83700e+00
-1.03570e+00  7.42330e-01 -6.91104e+00
 2.78436e-02 -5.38862e+00  2.00843e+00

POLYGONS 2382 14771
6      1     21     25     24      9     20
4     11     26     23     22
7     29     28     36     39     48     34     50
5     29     50     59     58     30
4     34     48     47     54
6     34     54     51     61     59     50
5     35     58     59     61     60
3     36     57     39
6     39     57     63     62     47     48
5     51     53     52     60     61
3    199    204    208
6    213    234    235    236    224    221
10    213    218    222    225    219    215    216    214    220    234
3    213    221    218
5    214    237    239    238    220
6    214    216    223    232    231    237
6    215    219    226    228    233    229
4    215    229    223    216
4    217    227    225    222
5    217    212    228    226    227
7    217    222    218    221    224    230    212
4    219    225    227    226
4    220    238    235    234
4    223    229    233    232
6    224    236    239    237    231    230
6    228    212    230    231    232    233
4    235    238    239    236
4    310    329    331    330
4    313    326    323    315
5    313    315    321    331    329
5    392    393    399    388    394
4    393    406    405    399
9    412     21      1    418    416    430    417    419    415
4    415    419    420    409
6    417    430    431    424    422    421
4    417    421    420    419
4    436    444    441    447
3    437    443    442
6    437    442    446    447    441    440
8    469    480    481    230    231    476    472    468
6    469    471    474    475    477    480
7    469    468    478    473    479    470    471
7    470    479    228    212    483    475    474
3    470    474    471
6    472    476    232    233    473    478
3    472    478    468
5    230    481    482    483    212
4    473    233    228    479
4    475    483    482    477
3    476    231    232
4    477    482    481    480
4    532    554    553    546
5    532    546    545    536    555
3    536    556    555
3    543    547    549
6    543    550    545    546    553    547
8    331    575    579    587    574    578    589    329
5    331    330    580    585    575
6    573    578    574    586    583    582
6    573    572    581    588    589    578
3    573    582    572
3    574    587    586
4    575    585    584    579
5    576    584    585    580    577
6    576    583    586    587    579    584
6    576    577    581    572    582    583
6    577    580    330    310    588    581
4    588    310    329    589
5    591    594    603    601    600
4    595    601    603    602
5    595    597    599    600    601
7    608    621    609    617    618    612    606
4    611    618    617    619
3    612    616    606
4    624    640    639    626
4    656    667    674    657
6    656    658    662    664    673    667
5    656    657    655    675    658
10    657    674    668    666    663    660    672    670    676    655
7    658    675    676    670    669    661    662
6    659    665    666    668    673    664
7    659    661    669    671    660    663    665
4    659    664    662    661
3    660    671    672
3    663    666    665
4    667    673    668    674
4    669    670    672    671
3    675    655    676
4    678    702    701    694
4    678    681    693    702
9    678    694    697    677    683    680    686    695    681
4    679    692    689    690
8    679    684    682    683    677    704    687    692
7    679    690    693    681    695    696    684
4    680    688    685    686
4    680    683    682    688
5    682    684    696    685    688
4    685    696    695    686
4    687    691    689    692
4    687    704    703    691
9    689    691    703    698    699    701    702    693    690
5    694    701    699    700    697
6    697    700    698    703    704    677
3    698    700    699
6    723    724    729    739    738    731
4    723    740    727    724
5    723    731    744    745    740
6    724    727    742    743    722    729
4    725    741    745    744
5    725    733    732    728    741
6    725    744    731    738    736    733
3    726    735    730
7    726    722    743    734    728    732    735
6    726    730    737    739    729    722
7    727    740    745    741    728    734    742
6    730    735    732    733    736    737
3    734    743    742
4    736    738    739    737
6    798    797    804    800    805    806
6    798    801    808    803    802    797
5    798    806    799    809    801
3    799    810    809
4    799    806    805    810
7    800    807    808    801    809    810    805
5    800    804    802    803    807
3    802    804    797
3    803    808    807
8    870    881    887    888    896    894    885    872
5    870    879    873    871    881
6    870    872    883    892    889    879
5    871    873    877    878    875
7    871    875    876    869    884    887    881
3    872    885    883
7    873    879    889    890    882    897    877
3    874    880    891
8    874    869    876    878    877    897    898    880
8    874    891    893    895    896    888    884    869
3    875    878    876
6    880    898    882    890    893    891
3    882    898    897
5    883    885    894    886    892
3    884    888    887
4    886    894    896    895
6    886    895    893    890    889    892
4    956    988    963    990
5    956    982    981    974    988
6    956    990    989    971    977    982
6    957    985    986    960    967    975
8    957    976    966    980    978    972    962    985
3    957    975    976
7    958    984    983    973    986    985    962
5    958    972    978    964    984
3    958    962    972
4    959    960    986    973
5    959    961    968    967    960
9    959    973    983    987    989    990    963    969    961
5    961    969    970    965    968
5    963    988    974    970    969
7    964    955    977    971    987    983    984
5    964    978    980    979    955
7    965    970    974    981    979    980    966
6    965    966    976    975    967    968
3    971    989    987
5    977    955    979    981    982
3   1027   1036   1038
4   1034   1049   1050   1047
4   1171   1174   1186   1175
7   1171   1183   1185   1182   1191   1179   1174
6   1171   1175   1189   1187   1184   1183
5   1172   1180   1179   1191   1190
8   1172   1178   1181   1195   1189   1175   1186   1180
6   1172   1190   1176   1170   1177   1178
7   1173   1193   1194   1195   1181   1177   1170
3   1173   1192   1193
8   1173   1170   1176   1182   1185   1197   1188   1192
4   1174   1179   1180   1186
4   1176   1190   1191   1182
3   1177   1181   1178
5   1183   1184   1196   1197   1185
7   1184   1187   1194   1193   1192   1188   1196
4   1187   1189   1195   1194
3   1188   1197   1196
6   1211   1223   1224   1227   1231   1225
3   1211   1225   1230
7   1212   1219   1233   1220   1215   1226   1213
5   1213   1226   1227   1224   1221
7   1215   1220   1232   1222   1230   1225   1231
4   1215   1231   1227   1226
3   1220   1233   1232
6   1298   1301   1305   1312   1306   1309
4   1301   1295   1307   1305
8   1353   1357   1367   1370   1371   1372   1366   1365
4   1353   1359   1360   1357
5   1353   1365   1361   1363   1359
4   1354   1355   1358   1352
4   1354   1356   1369   1355
8   1354   1352   1364   1361   1365   1366   1368   1356
8   1355   1369   1049   1050   1367   1357   1360   1358
7   1356   1368   1362   1374   1034   1049   1369
6   1358   1360   1359   1363   1364   1352
3   1361   1364   1363
4   1362   1373   1375   1374
5   1362   1368   1366   1372   1373
4   1050   1047   1370   1367
6   1047   1034   1374   1375   1371   1370
4   1371   1375   1373   1372
4   1482   1485   1489   1492
4   1528   1540   1531   1530
4   1664   1677   1678   1665
6   1664   1670   1671   1674   1684   1677
4   1664   1665   1666   1670
8   1665   1678   1663   1675   1685   1686   1680   1666
5   1666   1680   1676   1671   1670
5   1667   1675   1663   1682   1668
5   1667   1673   1679   1685   1675
6   1667   1668   1672   1683   1669   1673
4   1668   1682   1681   1672
6   1669   1676   1680   1686   1679   1673
5   1669   1683   1674   1671   1676
5   1672   1681   1684   1674   1683
6   1677   1684   1681   1682   1663   1678
3   1679   1686   1685
4   1691   1700   1707   1695
11   1691    806    805   1709   1701   1702   1704   1705   1698   1697   1700
4   1691   1695    799    806
5   1692   1710   1711   1713   1712
6   1692   1708   1709    805    810   1710
7   1692   1712   1693   1694   1702   1701   1708
3   1693   1712   1713
6   1693   1713   1711   1706   1696   1694
7    810    799   1695   1707   1706   1711   1710
7   1694   1696   1690   1699   1703   1704   1702
6   1696   1706   1707   1700   1697   1690
4   1697   1698   1699   1690
4   1698   1705   1703   1699
3   1701   1709   1708
3   1703   1705   1704
6   1756   1765    606    612   1773   1759
7   1756   1764   1769   1763   1761   1762   1765
4   1756   1759   1760   1764
7   1757   1773    612    616   1766    549    543
5   1757   1768   1760   1759   1773
7   1757    543    547   1767   1772   1770   1768
3   1758   1762   1761
6   1758   1766    616    606   1765   1762
8   1758   1761   1763   1771   1767    547    549   1766
5   1760   1768   1770   1769   1764
5   1763   1769   1770   1772   1771
3   1767   1771   1772
3   1784   1783   1786
7   1784   1788   1787   1797   1798   1791   1783
5   1784   1786   1794   1789   1788
4   1785   1789   1794   1793
6   1785   1800   1790   1787   1788   1789
6   1785   1793   1792   1796   1799   1800
6   1786   1783   1791   1792   1793   1794
6   1787   1790   1799   1796   1795   1797
3   1790   1800   1799
5   1791   1798   1795   1796   1792
3   1795   1798   1797
4   1907   1911   1910   1908
5   1907   1912    392    394   1911
9   1485   1482   1939   1943   1940   1944   1938   1933   1949
7   1934   1948   1947   1944   1940   1945   1946
3   1938   1944   1947
3   1940   1943   1945
4   1990   2004   2013   2012
6   1994    639    640   2001   2012   2013
5   2039   2057   2058   2043   2070
5   2039   2045   2055   2044   2057
5   2039   2070   2071   2042   2045
5   2040   2056   2069   2068   2049
8   2040   2060   2061   2038   2043   2058   2067   2056
6   2040   2049   2064   2072   2062   2060
5   2041   2044   2055   2054   2048
7   2041   2051   2066   2067   2058   2057   2044
4   2041   2048   2052   2051
6   2042   2047   2046   2054   2055   2045
5   2042   2071   2059   2065   2047
5   2043   2038   2059   2071   2070
6   2046   2047   2065   2073   2063   2050
6   2046   2050   2053   2052   2048   2054
6   2049   2068   2053   2050   2063   2064
6   2051   2052   2053   2068   2069   2066
4   2056   2067   2066   2069
7   2059   2038   2061   2062   2072   2073   2065
3   2060   2062   2061
4   2063   2073   2072   2064
3   2075   2097   2098
6   2075   2089   2081   2087   2086   2097
5   2077   2079   2098   2097   2086
5   2077   1685   1679   2090   2079
7   2077   2086   2087   2091   2094   1686   1685
5   2099   2108   2118     53     51
7   2099   2112   2103   2114    323    326   2108
4   2099     51     54   2112
6   2101     47     62   2110   2109   2102
5   2101   2103   2112     54     47
3   1761   1763   2248
3   2247   2259   2258
6   2247   2258   2248   1763   1771   2251
3   1767    547    553
6   1767    553    554   2250   2251   1771
4   2273   2301   2300   2296
4   2273   2280   2297   2301
7   2273   2296   2284   2279   2291   2272   2280
7   2274   2293   2294   2292   2299   2295   2287
4   2274   2288   2285   2293
5   2274   2287   2289   2286   2288
5   2275   2290   2291   2279   2283
7   2275   2277   2276   2297   2280   2272   2290
6   2275   2283   2281   2282   2278   2277
6   2276   2277   2278   2285   2288   2286
6   2276   2286   2289   2300   2301   2297
5   2278   2282   2294   2293   2285
7   2279   2284   2298   2299   2292   2281   2283
4   2281   2292   2294   2282
7   2284   2296   2300   2289   2287   2295   2298
3   2290   2272   2291
3   2295   2299   2298
6   2430   2434   2437   2091   2087   2433
5   2087   2081   2436   2432   2433
6   2443   2447   1354   1355   2450   2445
4   2447   2449   1352   1354
6   1786   1783   2485   2498   2502   2503
4   1786   2503   2496   1794
4   1783   1791   2488   2485
6   2483   2492   2494   2502   2498   2499
8   2483   2501   2484   2489   2486   2505   2482   2492
7   2483   2499   2497   2487   2491   2500   2501
4   2484   2501   2500   2490
9   2484   2490   2491   2487   2495   2488   1791   1792   2489
6   2485   2488   2495   2497   2499   2498
7   2486   1793   1794   2496   2493   2504   2505
4   2486   2489   1792   1793
3   2487   2497   2495
3   2490   2500   2491
5   2492   2482   2504   2493   2494
5   2493   2496   2503   2502   2494
3   2504   2482   2505
5   2631   2641   2633   2643   2642
3   2631   2648   2641
4   2633   2636   2639   2643
5   2650   2655   2654   2668   2666
7   2650   2651   2649   2659   2658   2657   2655
7   2650   2666   2665   2661   2669   2652   2651
4   2651   2652   2656   2649
6   2652   2669   2670   2664   2663   2656
5   2653   2660   2662   2663   2664
7   2653   2667   2668   2654   2657   2658   2660
6   2653   2664   2670   2661   2665   2667
3   2654   2655   2657
5   2656   2663   2662   2659   2649
4   2658   2659   2662   2660
3   2661   2670   2669
4   2665   2666   2668   2667
4   2702   2706   2701   2714
9   2702   2711    981    982   2705   2709   2713   2707   2706
9   2702   2714   2715   2721   2716   2717    955    979   2711
6   2703    977    955   2717   2719   2708
4   2703   2705    982    977
6   2703   2708   2710   2704   2709   2705
4   2704   2712   2713   2709
7   2704   2710   2718   2720   2721   2715   2712
3   2706   2707   2701
6   2707   2713   2712   2715   2714   2701
4   2708   2719   2718   2710
3    981   2711    979
3   2716   2721   2720
5   2716   2720   2718   2719   2717
6   2761   2769   2784   2787   2762   2786
6   2761   2786   2772   1709   1708   2788
6   2762   2785   2770   2764   2772   2786
7   2763   1701   1709   2772   2764   2790   2789
3   2770   2785   2780
4   2842   2844   2845   2846
3   1357   1367   2870
6   1357   2870   2871   2884   2881   1353
9   1353   2881   2888   2889   2879   2880   2877   2887   1365
5   2871   2870   1367   1370   2873
6   2871   2873   2876   2882   2875   2884
5   2872   2885   2886   2880   2879
5   2872   2878   1371   1372   2885
8   2872   2879   2889   2874   2883   2882   2876   2878
5   2873   1370   1371   2878   2876
3   2874   2889   2888
6   2874   2888   2881   2884   2875   2883
3   2875   2882   2883
3   1366   1365   2887
6   1366   2887   2877   2886   2885   1372
3   2877   2880   2886
5   1673   2898   2891   2090   1679
5   1673   1669   2896   2897   2898
4   2892   1680   1686   2094
4   2929   2941   2928   2937
7   2929   2933   2936   2719   2717   2943   2941
4   2929   2937   2934   2933
5   1672   2938   2939   2940   1683
7   1672   1681   2716   2720   2942   2931   2938
7   2930   2934   2937   2928   1674   1683   2940
6   2930   2932   2935   2936   2933   2934
4   2930   2940   2939   2932
5   2931   2935   2932   2939   2938
6   2931   2942   2718   2719   2936   2935
3   2720   2718   2942
5   2716   1681   1684   2943   2717
5   2941   2943   1684   1674   2928
6   2983   2984   2993   2990   2991   2985
4   2983   2987   2988   2984
8   2984   2988   3000   3001    409    420   2992   2993
5   2990   2993   2992    421    422
3   2992    420    421
6   3007    436    444   3008   3016   3013
7   3007   3017   3010   3021   3009    447    436
4   3007   3013   3014   3017
7   3008   3006   2484   2501   3019   3018   3016
5   3008    444    441   3015   3006
7    441    447   3009   3012   2500   2490   3015
4   3009   3021   3011   3012
6   3010   3020   3018   3019   3011   3021
4   3010   3017   3014   3020
5   3011   3019   2501   2500   3012
5   3013   3016   3018   3020   3014
4   2490   2484   3006   3015
4   3030   1663   1678   3041
10   3030   3039   3037   3035   2702   2714   3046   3036   1682   1663
6   3030   3041   3032   3043   3042   3039
8   1677   3033    964    978   3034   3032   3041   1678
4   1677   1684   2943   3033
3   3031   3044   3045
7   3031   2711   2702   3035   3038   3040   3044
8   3031   3045   3043   3032   3034    980    979   2711
5   3033   2943   2717    955    964
3   3034    978    980
3   3035   3037   3038
5   3036   2721   2716   1681   1682
4   3036   3046   2715   2721
3   2714   2715   3046
5   3037   3039   3042   3040   3038
5   3040   3042   3043   3045   3044
4   3085   3089   2432   2436
5   3178   3190   3188   3196   3195
5   3238   3244   3245   2443   2445
5   3306   3318   3323   3322   3321
6   3306   3311   3326   3315   3317   3318
5   3306   3321   3307   3308   3311
5   3307   3309   3312   3313   3308
5   3307   3321   3322   3316   3309
7   3308   3313   3314   3320   3310   3326   3311
4   3309   3316   3319   3312
5   3310   3320   3328   3327   3325
4   3310   3325   3315   3326
5   3312   3319   3305   3314   3313
4   3314   3305   3328   3320
5   3315   3325   3327   3324   3317
8   3316   3322   3323   3324   3327   3328   3305   3319
4   3317   3324   3323   3318
7   3329   3330   3334    208    199   3338   3331
5   3329   3332   3319   3316   3330
6   3329   3331   3335   3342   3343   3332
6   3330   3316   3322   3333   3336   3334
4   3305   3343   3342   3328
4   3305   3319   3332   3343
4   3331   3338   3340   3335
7   3328   3342   3335   3340   3339   3341   3327
3   3333   3322   3323
7   3333   3323   3324   3341   3339   3337   3336
5   3334   3336   3337    204    208
3   3327   3341   3324
6   3337   3339   3340   3338    199    204
6   1307   3443   3436   3447   3434   1305
5   3436   3443   3445   3449   3448
5   3436   3448   3444   3446   3447
3   1312   1305   3434
5   3437   3449   3445   3438   3441
4   3439   3446   3444   3442
3    412     25     21
4   3475   3478   3490   3491
5   3475   3486   3501   3500   3478
7   3475   3491   3494   3484   3502   3492   3486
6   3476   3485   3506   3505   3488   3483
6   3476   3493   3492   3502   3503   3485
3   3476   3483   3493
7   3477   3482   3495   3474   3504   2298   2295
7   3477   3479   3481   3487   3489   3496   3482
8   3477   2295   2299   3494   3491   3490   3480   3479
6   3478   3500   3487   3481   3480   3490
3   3479   3480   3481
7   3482   3496   3499   3497   3505   3506   3495
6   3483   3488   3501   3486   3492   3493
5   3484   3494   2299   2298   3504
5   3484   3504   3474   3503   3502
5   3485   3503   3474   3495   3506
8   3487   3500   3501   3488   3505   3497   3498   3489
4   3489   3498   3499   3496
3   3497   3499   3498
5   3508   3509   3518   3516   3515
5   3539   3544   3546   3547   3541
4   3539   3552   3545   3544
6    546   3598   2931   2938   3593    532
7    546    545   3601   3599   3602   3603   3598
6   3036   3596   3604   3606   1668   1682
9   3036   2721   2720   2942   3603   3602   3595   3605   3596
4   3594   3601    545    536
5   3594   3608   3600   3599   3601
10   3594    536    555   3593   2938   1672   1668   3606   3607   3608
6   3595   3597   3607   3606   3604   3605
5   3595   3602   3599   3600   3597
3   3596   3605   3604
4   3597   3600   3608   3607
3    532   3593    555
4   3598   3603   2942   2931
4   3610   3619   3626   3625
8   3610   3475   3486   3621   3620   1790   1800   3619
6   3610   3625   3617   3613   3478   3475
5   3650   3653   3657   3659   3654
6   3714   3724   2988   2987   3725   3719
4   3714   3717   3715   3724
5   3714   3719   3716   3718   3717
5   3715   3723   3000   2988   3724
6   3751   3756   3758   3763   3761   3759
5   3752   3760   3764   3765   3762
5   3752   3762   3763   3758   3749
4   3761   3763   3762   3765
5   3776   3790   3789   3778   3788
4   3887   3909   3894   3906
6   3887   3886   3888   3893   3908   3909
7   3887   3906   3890   3751   3756   3899   3886
9   3888   3903   3892   3897   3891   3911   3901   3889   3893
5   3888   3886   3899   3902   3903
8   3759   3890   3906   3894   3895   3898   3904   3761
3   3759   3751   3890
5   3889   3896   3907   3908   3893
6   3889   3901   3910   3905   3900   3896
4   3891   3897   3758   3763
7   3891   3763   3761   3904   3905   3910   3911
3   3892   3903   3902
6   3892   3902   3899   3756   3758   3897
5   3894   3909   3908   3907   3895
5   3895   3907   3896   3900   3898
4   3898   3900   3905   3904
3   3901   3911   3910
8   1187   1184   3941   3943   3958   3957   3944   3940
5   1187   3940   3952   3951   1189
6   3937   3935   3943   3941   3938   3949
4   3938   3941   1184   1183
3   3724   3714   3978
8   3724   3978    658    662   3968   3971   3972   3715
9   3715   3972   3973   3974   3982   3975   3976   3969   3717
7    662    664   3967   3981   3982   3974   3968
7   3717   3969   3977    656    658   3978   3714
4   3968   3974   3973   3971
5   3969   3976   3979   3980   3977
4    664    673   3970   3967
5   3970    673    667   3980   3979
6   3970   3979   3976   3975   3981   3967
3   3971   3973   3972
3   3975   3982   3981
4   3977   3980    667    656
4   4017   4035   4029   4024
3   4072   4074   4073
6   4110   4103   4128   4119   4121   4125
3   4119   4128   4127
5   4120   4122   4126   4125   4121
5   4017   4024   4134   4129   4133
4   4151   2054   2046   4155
4   4151   4150   2048   2054
7   4151   4155   4152   4157   4153   4154   4150
4   4152   4155   2046   2050
5   4152   2050   2053   4156   4157
3   4153   4157   4156
5   4153   4156   2053   2052   4154
4   2048   4150   4154   2052
8   4159   4166   4172   4174   4175   2258   2259   4158
8   1762   1761   2248   4173   4174   4172   4163   4162
3   4173   4175   4174
4   4173   2248   2258   4175
6   2433   2087   2086   4193   1227   1224
6   2433   1224   1221   4194   3089   2432
3   4193   2086   2097
8   4193   2097   2075   4200   4199   4197   1226   1227
5   2075   2089   4127   4119   4200
9   2089   2081   2436   3085   4198   4196   4195   4128   4127
4    594    603   4196   4198
6    594   4198   3085   3089   4194    591
5   4194   1221   1213    600    591
6   4195   4196    603    601   4197   4199
5   4195   4199   4200   4119   4128
5   4197    601    600   1213   1226
5   4220   3718   3716   1298   1309
5   4294   4308   4309   4299   4298
4   4296   4299   4309   4302
7    597    599   4318   4310   4319   2784   2787
6    597   2787   2762   4314   4317    595
4   4310   4318   1212   1219
7   4310   1219   1233   4320   2761   2769   4319
7   4311   4315   2786   2761   4320   4321   4322
4   4311   4312   4313   4315
7   4311   4322   1215   1226   4197   4316   4312
5   4312   4316   4317   4314   4313
5   4313   4314   2762   2786   4315
5    599    600   1213   1212   4318
5    595   4317   4316   4197    601
3   4319   2769   2784
4   4320   1233   1220   4321
4   1215   4322   4321   1220
6   4324   4333   4340   1193   1192   4326
5   4324   4323   4327   4325   4333
7   4324   4326   1188   1196   4332   4330   4323
8   4325   2651   2650   4337   4339   4334   4340   4333
4   4325   4327   2652   2651
3   4326   1192   1188
8   4327   4323   4330   4328   4341   4336   2669   2652
6   1187   1194   4334   4339   4335   3940
5   2650   2666   4342   4338   4337
5   2665   4331   4329   4342   2666
3   2665   2661   4331
4   4328   3943   3958   4341
5   4328   4330   4332   3941   3943
6   4329   3944   3940   4335   4338   4342
7   4329   4331   2661   2669   4336   3957   3944
4   1184   3941   4332   1196
4   4334   1194   1193   4340
4   4335   4339   4337   4338
4   4336   4341   3958   3957
3   4376   4396   4395
7   4376   4385   4377   4389   4387   4388   4396
7   4376   4395   4379   4382   4384   4392   4385
4   4377   4390   4391   4389
5   4377   4385   4392   4394   4390
7   4378   4381   4387   4389   4391   4393   4386
10   4378   4380   4383   4397   4398   4379   4395   4396   4388   4381
3   4378   4386   4380
4   4379   4398   4375   4382
7   4380   4386   4393   4394   4392   4384   4383
3   4381   4388   4387
5   4382   4375   4397   4383   4384
4   4390   4394   4393   4391
3   4397   4375   4398
5   4426   4425   4433   4452   4450
6   4426   4439   4448   4427   4438   4425
6   4426   4450   4431    589    578   4439
5   4427   4448   4435   4459   4443
3   4427   4443   4438
8   4428   4440   4431   4450   4452   4451   4456   4429
5   4428   4430    581    588   4440
9   4428   4429   4461   4462   4445   4441    573    572   4430
4   4429   4456   4449   4461
3   4430    572    581
8    573   4441   4442   4447   4435   4448   4439    578
4   4431   4440    588    589
8   4432   4458   4457   4462   4461   4449   4434   4455
10   4432   4453   4433   4425   4438   4443   4459   4460   4436   4458
3   4432   4455   4453
6   4433   4453   4455   4434   4451   4452
4   4434   4449   4456   4451
5   4435   4447   4444   4460   4459
4   4436   4454   4457   4458
6   4436   4460   4444   4437   4446   4454
5   4437   4442   4441   4445   4446
4   4437   4444   4447   4442
5   4445   4462   4457   4454   4446
5   4482   4498   4485   4497   4493
5   4482   4502   4484   4499   4498
4   4485   4501   4500   4497
8   4485   4498   4499   4480   4494   4489   4490   4501
4   4490   4496   4500   4501
4   4384   4382   4649   4663
9   4384   4663   4651   4652   4656   4650   4659   4665   4383
6   4650   4656   4657   2065   2073   4653
5   4650   4653   4662   4660   4659
6   4651   4655   2047   2065   4657   4652
5   4651   4663   4649   4661   4655
3   4652   4657   4656
4   2063   4662   4653   2073
5   2063   2050   4152   4660   4662
9   4654   4658   4375   4397   4665   4659   4660   4152   4155
3   4654   4664   4658
7   4654   4155   2046   2047   4655   4661   4664
6   4658   4664   4661   4649   4382   4375
3   4397   4383   4665
5   4696   4699   4706   3901   3910
5   4696   4704   4700   4695   4699
4   4696   3910   3905   4704
3   4697   4698   4701
6   4697   4702   4703   4695   4700   4698
5   4697   4701   3900   3896   4702
6   4698   4700   4704   3905   3900   4701
5   4699   4695   4703   4705   4706
5   4702   3896   3889   4705   4703
4   3901   4706   4705   3889
6   4298   4772   1948   1934   4774   4294
5   4806   4807   4815   4816   4808
4    990   4856   4855    989
4    990    963   4847   4856
6    640   2001    959    973   4857    624
6   4845   4844   4850   4858   4852   4854
5   4845   4846   4849   4851   4844
6   4845   4854   4855   4856   4847   4846
5    626    624   4857   4858   4850
6    626   4850   4844   4851   1994    639
6    989   4855   4854   4852   4853    987
8   4846   4847    963    969   4848   2012   2013   4849
3    969    961   4848
5   4848    961    959   2001   2012
4   4849   2013   1994   4851
6    973    983   4853   4852   4858   4857
3    987   4853    983
5   4882   4887   4892   4891   4889
5   4882     28     29   4881   4887
5     29     30   4884   4898   4881
5   4887   4881   4898   4897   4892
4   2103   4909   4912   2101
7   2103   2112   4918   4907   4905   4908   4909
8     34   4919   4904   4910   4917   4918   2112     54
3     34     48   4919
4   4904   4906   4913   4910
8   4904   4919     48     47   2101   4912   4914   4906
8   4905   4907   4917   4910   4913   4915   4916   4911
4   4905   4911   4903   4908
4   4906   4914   4915   4913
3   4907   4918   4917
7   4908   4903   4916   4915   4914   4912   4909
3   4911   4916   4903
4   4942   4945   4958   4957
9   4942   3479   3480   4946   4954   4943   4951   4948   4945
6   4945   4948   4952   4949   4955   4958
4   4946   4129   4134   4954
5   4976   4981   2636   2639   4978
5   4976    583    582   4979   4981
7   4976   4978   4982   3903   3892    586    583
6   4977    574    586   3892   3897   4986
4   4977   4439    578    574
5   4977   4986   4987   4448   4439
6   4978   2639   2643   3893   3888   4982
7   3889   3893   2643   2633   4983   4984   4705
8   4979   4980    727    740   4983   2633   2636   4981
7   4979    582    573   4441    734    742   4980
3   4980    742    727
4    740    745   4984   4983
3   4982   3888   3903
4    734   4441   4442    728
5   3891   4985   4987   4986   3897
3   3891   3911   4985
7   4705   4984    745    741   4447   4435   4706
7   3911   3901   4706   4435   4448   4987   4985
4    728   4442   4447    741
4   4989   5006   5005   4992
5   5029   5037   5034   5043   5035
4   5029   5055   5041   5037
3   5031   5048   5042
5   5032   5028   5043   5034   5038
8   5034   5037   5041   5042   5048   5049   5040   5038
7    668    673   3970   5125   5124   5121   5117
3    668   5117    666
7   5117   5121   2285   2278   5118    665    666
4   2282   5120   5118   2278
5   2282   2294   5119   5122   5120
5   5118   5120   5122    659    665
4   3967   5123   5125   3970
6   3967    664    659   5122   5119   5123
4   2285   5121   5124   2293
6   2293   5124   5125   5123   5119   2294
3   2641   2633   4983
8   2641   4983   4984   5165   5166   4121   4125   2631
5   4119   4121   5166   5170   4200
4   5164   5170   5166   5165
5   5164   5168   4199   4200   5170
6   5164   5165   4984   4705   4703   5168
4   4128   4195   5167   4103
5   4110   5163   2642   2631   4125
7   4110   4103   5167   5169   3907   3908   5163
7   5167   4195   4199   5168   4703   4702   5169
4   5169   4702   3896   3907
5   2643   2642   5163   3908   3893
7   5200   5205   4856    990    956   5207   5203
5   5200   5209   5204   5206   5205
6   5200   5203   5211   5201   5208   5209
3   5201   5211   5210
7   5201   5210   2276   2286   5206   5204   5208
6   5202   2300   2301    988    963   4847
3   5202   2289   2300
7   5202   4847   4856   5205   5206   2286   2289
6   5203   5207   2297   2276   5210   5211
3   5204   5209   5208
5   2297   5207    956    988   2301
4   2251   2935   2932   2250
6   2251   1771   1772   3598   2931   2935
5   1772   1767    553    546   3598
6    532    554   2250   2932   2939   3593
3   2939   2938   3593
6   4426   5240   4908   4905   5241   4425
6   4426   4439   4977   5244   5243   5240
5   4986   5245   5242   5244   4977
6   4986   4987   5246    876    875   5245
8    876   5246   4427   4438   5239   4911   4903    878
4   5239   4438   4425   5241
4   5239   5241   4905   4911
8   4908   5240   5243   5242   5245    875    878   4903
4   4427   5246   4987   4448
3   5242   5243   5244
6   5257   5264   1178   1177   5263   5261
4   5257   5259   5260   5264
5   5257   5261   1301   1295   5259
7   5258   5263   1177   1181   5262   3443   3436
7   5258   5265   3434   1305   1301   5261   5263
4   5258   3436   3447   5265
6   5259   1295   1307   3443   5262   5260
5   1178   5264   5260   5262   1181
3   3447   3434   5265
6   3244   3238   5269   5268    883    872
5   3952   5286   5289   5288   3951
6   5295   5306   5302   5297   5303   5301
8   5295   3604   3596   3046   2714   2701   5299   5306
4   5295   5301   3605   3604
6   5296   5299   2701   2707   5307   5304
5   5296   5294   5302   5306   5299
5   5296   5304   5305   5300   5294
3   5297   5298   5303
5   5297   5302   5294   5300   5298
10   5298   5300   5305   2712   2715   3046   3596   3605   5301   5303
5   5304   5307   2713   2712   5305
3   2707   2713   5307
6   5309   5315   5323   5322   5324   5325
5   5309   5318   5314   5316   5315
4   5309   5325   5317   5318
3   5315   5316   5323
5   5317   5325   5324   5308   5319
6   5333   5348   5351   1990   2012   4848
5   5333   4848    961    968   5335
5   5335    968    967   5349   5346
6   5366   5377   5376   5365   5369   5373
7   5366   5379   5381   5368   5375   5378   5377
4   5366   5373   5380   5379
5   5367     20      1    418   5383
5   5367   5375   5368      9     20
7   5367   5383    416    430   5374   5378   5375
3    430    417   5374
7   5368   5381   5382   5372   5371     24      9
6   5369   5371   5372   5370   5380   5373
7   5369   5365    415    412     25     24   5371
5   5370   5382   5381   5379   5380
3   5370   5372   5382
6   5374    417    419   5376   5377   5378
4    415   5365   5376    419
3    416   5383    418
6   3509   3508   5393   5398   5399   5395
5   5391   5395   5399   5394   5392
4   5394   5399   5398   5396
5   2039   2290   2275   5424   2070
8   2039   2057   5419   5427   5428   5421   2272   2290
4   2275   2277   5425   5424
7   5211   5418   5426   2058   2043   5423   5210
5   5211   5203   5422   5417   5418
5   2277   2276   5210   5423   5425
8   5417   5422   5207   2297   2280   5421   5428   5420
6   5417   5420   5427   5419   5426   5418
3   5207   5422   5203
4   2057   2058   5426   5419
3   5420   5428   5427
3   5421   2280   2272
5   5423   2043   2070   5424   5425
10   5481   5490   5489   5482   3493   3476   5488   5483   3790   3776
3   5481   5492   5490
4   5482   5489   5487   5486
5   5487   5489   5490   5492   5493
8     23   5371   5369   5533   5531   5532   5534     22
6   5531   5533   5365    415    409   3001
3   5533   5369   5365
7   5391   5542   5541   5540   5548   5543   5395
9   5536   5550   5538   5545   5546   5540   5541   5549   5539
7   5537   3518   3509   5395   5543    738    739
5   1912   1907   5549   5541   5542
4   1908   5539   5549   1907
6   5540   5546   5547    737    736   5548
4   5543   5548    736    738
3   5545   5547   5546
6   5551   5561   5554   5560   5562   5559
5   5551   5539   5536   5567   5561
5   5551   5559   5566   5549   5539
5   5552   5564   5567   5536   5550
9   5552   5565   5545   5546   5553   5562   5560   5563   5564
4   5552   5550   5538   5565
5   5553   5546   5540   5558   5557
6   5553   5557   5556   5566   5559   5562
3   5554   5563   5560
5   5554   5561   5567   5564   5563
5   5555   5541   5549   5566   5556
4   5555   5558   5540   5541
4   5555   5556   5557   5558
3   5538   5545   5565
6   5572   5573   4854   4855   5205   5206
4   5572   5575   5576   5573
5   5572   5206   2286   2288   5575
7   2288   2274   5579   5574   5577   5576   5575
8   2289   5202   4846   4845   5578   5574   5579   2287
6   5573   5576   5577   5578   4845   4854
3   5574   5578   5577
3   4855   4856   5205
3   4847   4846   5202
3   5579   2274   2287
5   5625   5629   5632   5631   5636
5   5625   5627   5638   5628   5629
7   5625   5636   5637   5635   3485   3503   5627
8   1990   2004   5634   3495   3506   5626   5633   5351
4   5626   3506   3485   5635
8   5626   5635   5637   5631   5632   5333   5348   5633
7    969   4848   5333   5632   5629   5628    970
4   2013   4849   5634   2004
7   3503   3474   2296   2273   5630   5638   5627
8   4846   5202   2300   2296   3474   3495   5634   4849
3   5348   5351   5633
5   5628   5638   5630    974    970
5   5630   2273   2301    988    974
3   5631   5637   5636
3   5655   5676   5675
3   1362   1368   5695
8   1362   5695   5685   5691   5693   5694   5682   1373
3   5678   2887   2877
9   5678   5688   5683   5679   5685   5695   1368   1366   2887
7   5678   2877   2886   5687   5677   5680   5688
7   5679   5684   5689   5692   5686   5691   5685
3   5679   5683   5684
5   5680   5677   2498   2485   5690
6   5680   5690   5689   5684   5683   5688
7   2497   2885   1372   1373   5682   5681   2495
5   2497   2499   5687   2886   2885
3   5681   2488   2495
8   5681   5682   5694   5692   5689   5690   2485   2488
4   5686   5692   5694   5693
3   5686   5693   5691
4   5687   2499   2498   5677
7     26     11   5721   5716   5715   5370   5372
7   5705   5708   5701   5382   5370   5715   5710
3   5708   5725   5701
5   1784   5730   5729   2503   1786
7   1784   1783   2485   5690   5732   5731   5730
6   2503   5729   5733   5734   5735   2502
7   5728   5732   5690   5680   5740   5738   5739
4   5728   5727   5731   5732
6   5728   5739   5737   5734   5733   5727
5   5729   5730   5731   5727   5733
7   2502   5735   5736   5738   5740   5677   2498
4   5734   5737   5736   5735
4   5736   5737   5739   5738
3   5677   5740   5680
8   5741   5578   5574   5744   4945   4958   5746   5743
4   5741   4844   4845   5578
5   5741   5743   5742   4851   4844
4   3474   3504   2284   2296
7   4945   5744   5579   2287   2295   3477   4942
7   5742   5745   5748   5750   5634   4849   4851
4   5742   5743   5746   5745
3   5579   5744   5574
5   5634   5750   5749   3482   3495
6   3482   5749   5747   4957   4942   3477
6   5745   5746   4958   4957   5747   5748
4   5747   5749   5750   5748
3   2298   2284   3504
5   3308   5308   5324   5768   3313
7   5324   5322   5776   5770   5771   5772   5768
6   3312   3313   5768   5772   5775   5765
7   5811   1492   1489   5818   5813   5636   5631
6   5812   5823   5637   5636   5813   5821
5   5813   5818   5817   5822   5821
5   5850   2891   2898   5854   5853
6   5851    405    406   5854   2898   2897
5   5860   5864   5865   4651   4663
5   5860   2483   2492   5863   5864
6   5860   4663   4649   5687   2499   2483
7   5861   5866   5740   5677   5687   4649   4661
4   5861   5736   5738   5866
6   5861   4661   4655   5862   5735   5736
4   2494   2502   5735   5862
7   2494   5862   4655   4651   5865   5863   2492
3   5863   5865   5864
3   5738   5740   5866
3   5925   5939   5935
8   5925   5932   5933   5927   5937   3317   3315   5939
6   5925   5935   5929   5924   5931   5932
6   5926   5936   3325   3327   3341   5930
4   5926   5924   5929   5936
5   5926   5930   5928   5931   5924
4   5927   5933   5938   5934
3   5927   5934   5937
8   5928   5930   3341   3324   3317   5937   5934   5938
5   5928   5938   5933   5932   5931
6   5929   5935   5939   3315   3325   5936
6   5952   1670   1664   5954   5953   5960
4   5952   5955   1666   1670
6   5952   5960   5961   5957   5959   5955
3   5953   5961   5960
6   5953   5954   5956   5958   5957   5961
5   5954   1664   1665   5951   5956
7   5955   5959   1211   1225   5951   1665   1666
5   5956   5951   1225   1230   5958
5   5957   5958   1230   1211   5959
4   6049   3445   3443   5262
4   6049   6050   3438   3445
5   4850   4844   5741   6124   6120
4   5743   6122   6124   5741
5    956    982   2705   5422   5207
8   5421   6126   6130   6127   6131   5630   2273   2280
4   5421   5428   6125   6126
5   5307   5420   5417   2709   2713
10   5307   2707   2706   3035   3038   6128   6129   6125   5428   5420
3   3035   2706   2702
4   5422   2705   2709   5417
4   6125   6129   6130   6126
6   5630   6131   3031   2711    981    974
6   6127   6130   6129   6128   3040   3044
4   6127   3044   3031   6131
3   6128   3038   3040
9   6158   6165   6167   3306   3318   5937   5927   6155   6163
3   6174   6179   6178
4   6186     52     53   2118
9   6191   6209   6197   6192   6204   6203   6210   6213   6196
3   6197   6209   6208
4   6202   6211   6210   6203
4   6210   6211   6212   6213
5   6220   6229   6227   6224   6221
5   6220   5393   5398   6226   6229
5   6220   6221   3515   3508   5393
6   6221   6224   6228   6230   3516   3515
4   5395   5543   6223   5399
5    731   6222   6223   5543    738
6    731    723   6227   6229   6226   6222
5   6222   6226   5398   5399   6223
5    739   5537   6225   6231    729
4    729   6231   6232    724
6   6224   6227    723    724   6232   6228
5   6225   5537   3518   3516   6230
5   6225   6230   6228   6232   6231
3   6270   6285   6284
8   6270   6277   6282   6279   6272   6286   6274   6285
4   6270   6284   6278   6277
6   6271   6275   6278   6284   6285   6274
5   6271   6276   6269   6273   6275
7   6271   6274   6286   6287    687    704   6276
4   6272   6280   6287   6286
4   6272   6279   6283   6280
5   6273   6269   2069   2068   6281
6   6273   6281   6282   6277   6278   6275
6   6276    704    703   2056   2069   6269
4    703    691   2040   2056
6   6279   6282   6281   2068   2049   6283
7   6280   6283   2049   2040    691    687   6287
6   6303   6312   6307   6305   6314   6309
10   6303    682    683   6311   6310   6306   6271   6274   6313   6312
5   6303   6309   6304    684    682
3   6304    679    684
6   6304   6309   6314   6315    692    679
3   6305   6315   6314
6   6305   6307   6287    687    692   6315
3   6271   6306   6276
6   6306   6310   6308    677    704   6276
5   6307   6312   6313   6286   6287
4    683    677   6308   6311
3   6308   6310   6311
3   6274   6286   6313
9   6330     57     39   6339   6333   6334   4395   4396   6337
5   6330   4889   4882     36     57
7   6330   6337   6336   6335   6340   4891   4889
7   6331   6345   6332   4665   4397   4398   6338
8   6331   6339     39     36   4882   4887   6344   6345
4   6331   6338   6333   6339
4   6332   4380   4383   4665
8   6332   6345   6344   6346   6341   6343   4378   4380
3   4379   4395   6334
5   4379   6334   6333   6338   4398
4   4396   4388   6336   6337
4   4887   4892   6346   6344
7   4388   4381   6343   6341   6342   6335   6336
3   6335   6342   6340
6   4891   6340   6342   6341   6346   4892
3   4378   6343   4381
5   6354   6357   6368   6367   6359
7   6354   5055   5041   6355   6356   6361   6357
5   6354   6359   6365   5029   5055
8   5029   6365   6366   6358   6362   6363   6364   5037
5   5037   6364   6353   6355   5041
3   6355   6353   6356
6   6356   6353   6364   6363   6360   6361
6   6357   6361   6360   6362   6358   6368
4   6358   6366   6367   6368
4   6359   6367   6366   6365
3   6360   6363   6362
4   5294   6486   6489   5302
6   5294   5300    472    478   6488   6486
4   6486   6488   6487   6489
4   5298    468    472   5300
6   5298   5297   6487   6488    478    468
4   6487   5297   5302   6489
5   6499   6501   6505   6504   6500
7   6499   6502   2487   2495   5681   6503   6501
6   6499   6500   3015   2490   2491   6502
5   2488   1791   1798   6503   5681
7   6500   6504   1796   1792   2489   3006   3015
5   6501   6503   1798   1795   6505
3   6502   2491   2487
4   1796   6504   6505   1795
3   2489   2484   3006
6    884    887   6543   3752   3762   6538
5    884   6538   6539   6540    869
4   6537   6542   6536   6544
5   6537   6541    881    871   6542
6   6537   6544   3749   3752   6543   6541
4    869   6540   5246    876
5   5246   6540   6539   4985   4987
6   3763   3891   4985   6539   6538   3762
4   6541   6543    887    881
5   6542    871    875   5245   6536
7   4986   3897   3758   3749   6544   6536   5245
8   6566   6591   6592   6570   6588   6587   6568   6589
4   6581   6587   6588   6584
3   6582   6592   6591
4   6602   6608   3339   3340
4   6602   6607   6600   6608
8   3314   6622   4449   4461   6623   6625   3343   3305
4   3314   3313   5768   6622
4   5772   5775   6618   6616
6   5772   6616   4456   4449   6622   5768
6   3312   3319   3332   6617   6619   5765
5   5765   6619   6620   6618   5775
6   6616   6618   6620   6621   4429   4456
5   6617   6624   6621   6620   6619
6   6617   3332   3343   6625   6626   6624
6   4429   6621   6624   6626   6623   4461
3   6623   6626   6625
5   6628   6632   6203   6204   6638
4   6628   5493   5492   6632
8   5481   6633   6627   6634   6202   6203   6632   5492
5   5481   3776   3788   6636   6633
6   6633   6636   6637   1528   1530   6627
3   6665   6672   6675
5   6677   4913   4910   6678   6679
5   6677   5688   5678   4906   4913
6   6677   6679   5866   5740   5680   5688
7   5678   2877   2880   6334   6333   4904   4906
5   4658   6680   6338   4398   4375
7   4658   4664   5861   5866   6679   6678   6680
7   2880   2886   5687   4649   4382   4379   6334
3   5861   4664   4661
6   4910   4904   6333   6338   6680   6678
7   6707   3039   3042   4311   4312   6713   6709
4   6707   6712   3037   3039
6   6707   6709   6716   6711   6719   6712
7   6708   6710   6711   6716   6713   4312   4313
3   6708   6717   6710
7   6708   4313   4315    807    803   6715   6717
3   6709   6713   6716
8    808    807   4315   4311   3042   3040   6128   6714
5    808   6714   6718   6715    803
6   6710   6717   6715   6718   6719   6711
7   6712   6719   6718   6714   6128   3038   3037
6   6733   6742   6744   6745   6740   6741
6   6733   6741   3446   3439   6731   6735
6   3446   6741   6740   6737   5265   3447
5   6737   1306   1312   3434   5265
7    660    671   6765   2038   2043   5423   6762
8    660   6762   6766   4340   1193   1173   6763    672
4    703    698   2067   2056
3   2038   6765   2061
5    691   2040   2060   6764    689
7    671    672   6763   6764   2060   2061   6765
4    701   5418   5426    699
7    701    702   6767   6768   5201   5211   5418
6   6762   5423   5210   5201   6768   6766
5   4333   6767    702    693   4324
5   4333   4340   6766   6768   6767
7   6763   1173   1192   4326    690    689   6764
4   4326   4324    693    690
5   2067    698    699   5426   2058
3    446   3009    447
4   3021   6772   6771   3010
4   6774   6787   6786   6780
6   6774   2992    420    419   5376   6787
10   6774   6780   6773   6784   6785   6783   5374    417    421   2992
7   6775   6777   6786   6787   5376   5377   6781
6   6775   6776   6782   6784   6773   6777
5   6775   6781   6778   6779   6776
5   6776   6779   6783   6785   6782
4   6777   6773   6780   6786
5   6778   5378   5374   6783   6779
4   6778   6781   5377   5378
3   6782   6785   6784
7   6833   6718   6719   6843   6841   6834   6836
7   6833   6832   6838   6840   6835   6715   6718
3   6833   6836   6832
7   4427   5246   6540   6840   6838   6837   4443
5   6834   6837   6838   6832   6836
6   6834   6841   6842   4459   4443   6837
5   6835   6840   6540   6539   6839
4   6835   6839   6717   6715
4   6711   6710   4696   4699
8   6711   4699   4706   4435   4459   6842   6843   6719
8   6717   6839   6539   4985   3911   3910   4696   6710
3   6841   6843   6842
4   6845   6848   6847   6844
4   6845   4341   4328   6848
5   3935   6847   6848   4328   3943
8    797    804   6861   6862    896    895   6860   6857
3    797   6857    798
7    895    886   6859   6858   1700   1691   6860
5   6857   6860   1691    806    798
3   6858   1697   1700
4   6858   6859   1698   1697
4   2772    800    805   1709
5   2772   2764   6861    804    800
6   6859    886    894   6863   1705   1698
5    894    896   6862   6864   6863
4   1702   1704   2789   2763
3   1702   2763   1701
5   6861   2764   2790   6864   6862
6   2790   2789   1704   1705   6863   6864
4   2649   4325   4327   2656
3   2649   2651   4325
3   4327   2652   2656
5   3605   5301   6869   6867   3595
5   6865    224    236   6868   6866
4   6865    481    230    224
7   6865   6866   3602   3595   6867    480    481
5    469    480   6867   6869   6870
5    469   6870   5303   5298    468
4   6866   6868   3603   3602
4   5301   5303   6870   6869
6   2712   2704    237    231    476   5305
7   6868    236    239   2710   2718   2942   3603
4   5300   5305    476    472
3   3046   3596   3036
4    237   2704   2710    239
3   6893   6892   6895
8   6893   5553   5546   5547    730    735   6894   6892
7   6893   6895   6903   6904   6900   5557   5553
5   6894    735    732   6901   6897
6   6894   6897   6896   6903   6895   6892
4   5557   6900   6899   5558
3    730   5547    737
5   5558   6899   6898   5548   5540
3   6896   6904   6903
8   6896   6897   6901   6902   6898   6899   6900   6904
4    733   6902   6901    732
5    733    736   5548   6898   6902
5   6717   6708   6908   6905   6839
7   6905   6906   6861    804    802   6835   6839
6   6905   6908   6909   6911   6907   6906
6   4313   4314   6912   6909   6908   6708
4   6715   6835    802    803
6   6906   6907   6910   2770   2764   6861
4   2785   6912   4314   2762
6   2785   2770   6910   6911   6909   6912
3   6907   6911   6910
5    800   2772   2786   4315    807
7    724   6232   3552   3539   6939   4980    727
4   6939   6940   4979   4980
5   6939   3539   3541   6938   6940
6   4983   2641   2648   6227    723    740
4   4296   6948   6953   4302
7   4296   4299   6951   5957   5959   6950   6948
7   6949   5960   5961   6952   4309   4302   6953
3   6949   5952   5960
6   6949   6953   6948   6950   5955   5952
3   5959   5955   6950
4   5961   5957   6951   6952
4   6951   4299   4309   6952
6   4772   4298   4299   6951   6954   6956
5   1230   1222   6956   6954   5958
6   2430   1223   1211   5959   6950   2434
4   6951   5957   5958   6954
5   2294   2292   6961   6957   5119
8   3490   4946   4954   6959   6957   6961   6958   3491
3   3490   3480   4946
5   6957   6959   6964   5123   5119
3   4942   3479   3477
5   2292   2299   3494   6958   6961
3   6958   3494   3491
5   4945   5744   6963   6962   4948
5   5124   5125   6960   6962   6963
6   5124   6963   5744   5579   2274   2293
4   6959   4954   4943   6964
6   5125   5123   6964   4943   4951   6960
4   6960   4951   4948   6962
8   6986   6994   6992   6988   6996   6998   6999   6987
6   6986     58     30   4884   6993   6994
5   6986   6987   6989     59     58
6   6987   6999   6995   6991   6990   6989
5   6988   4898   4881   6997   6996
5   6988   6992   6993   4884   4898
4   6989   6990     50     59
6   6990   6991   6997   4881     29     50
5   6991   6995   6998   6996   6997
3   6992   6994   6993
3   6995   6999   6998
6   7056   7062   2985   2991   7060   7057
3   7056   7059   7062
8   7131   7134   7135   7132   7139     60     52   6186
4     35     60   7139   7138
5   7132   7130   7137   7138   7139
7    474   6896   6903   7192   7195   7201    470
6    474    471   7191   7199   6897   6896
6   7188   6625   6623   4462   4457   7196
6   7188   7190   7189   7202   6626   6625
8   7188   7196   7195   7192   6895   6892   7194   7190
9   7189   7193   6894   6897   7199   7197   4446   4445   7202
4   7189   7190   7194   7193
6   4454   7200   7201   7195   7196   4457
5   4454   4446   7197   7198   7200
5   4462   6623   6626   7202   4445
6   7191    471    470   7201   7200   7198
4   7191   7198   7197   7199
3   7192   6903   6895
4   7193   7194   6892   6894
4   7243   6956   1222   1232
5   7243   1947   1948   4772   6956
8   7243   1232   1233   4320   7251   7246   1938   1947
4   2761   2788   7251   4320
3   1938   7246   1933
5    672   6763   7258   7259    670
4   7252   6780   6774   7256
7   7252   7253   6764   2060   2062   6786   6780
5   7252   7256   7254   7255   7253
5   6764   7253   7255   7258   6763
4   7254   7259   7258   7255
8   7254   7256   6774   6787   7257    669    670   7259
6   6787   6786   2062   2061   6765   7257
4    669   7257   6765    671
3   7273   7279   7278
6   7273   7274   7280   5939   5935   7279
6   7273   7278   6353   6356   7275   7274
5   7274   7275   7276   7281   7280
5   5939   7280   7281   7277   5925
6   7275   6356   6355   5042   5031   7276
5   5048   7277   7281   7276   5031
9   5048   5042   6355   6353   7278   7279   5935   5925   7277
4   5244   7354   7353   5243
7   7343   6542   6536   5242   5243   7353   7347
3   4480   7382   4499
4   4480   4494   7381   7382
4   3967   3981   6964   5123
5   6959   4490   4501   7387   6957
6   6959   6964   3981   3982   4489   4490
9   3974   3968   7389   7390   7391   4498   4499   7382   7381
5   3974   7381   4494   4489   3982
5   4498   7391   7385   7386   4485
6   3968    662    661   7383   7388   7389
5   5122   7384   7383    661    659
7   5122   5119   6957   7387   7386   7385   7384
6   7383   7384   7385   7391   7390   7388
4   4485   7386   7387   4501
3   7388   7390   7389
5   7426   7429   6940   6939   7428
5   7426   7430   7425   7427   7429
4   7426   7428   7431   7430
5   7427   7434   6938   6940   7429
6   7427   7425   7433   3546   3547   7434
6   7428   6939   3539   3544   7432   7431
4   3544   3546   7433   7432
5   7430   7431   7432   7433   7425
4   3547   3541   6938   7434
5   7461   7469   7468   5576   5575
5   7461   7466   7467   7464   7469
7   7461   5575   2288   2285   5121   7462   7466
3   7462   7467   7466
8   7462   5121   5124   6963   7470   7471   7464   7467
7   7463   7465   7470   6963   5744   5574   5577
6   7463   7468   7469   7464   7471   7465
4   7463   5577   5576   7468
3   7465   7471   7470
6   5035   7485   4073   4074   6365   5029
5    589   4431   7493    313    329
4   7493   2108    326    313
10   7493   4431   4440   3178   3195   7494   7131   6186   2118   2108
6   1309   4220   3969   3977   6737   1306
7   3978   3714   3719   5261   5263    655    675
3   3978    675    658
5   3716   1298   1301   5261   3719
4   3718   3717   3969   4220
6   5258   5265   6737   3977    656    657
4   5258    657    655   5263
8   3593    555    556   5851   2897   2896   2940   2939
7   7533   5488   3476   3485   5635   5823   5812
5   7470   7471   6733   6742   7604
4   7470   7604   6962   6963
3   5117   7462   5121
5   5117    668    674   7467   7462
7   7467    674    667   3980   6740   6741   7464
4   6733   7471   7464   6741
4   6740   3980   3979   6745
6   3979   3970   5125   6960   6744   6745
5   6962   7604   6742   6744   6960
3   7648   7657   7656
5   3654   3659   7704   6124   6122
3   7702   6570   6592
6   7702   6592   6582   6120   6124   7704
3   3723   3715   3972
3   3973   3974   7381
7   7734   7739   5710   5705   7744   7745   7735
6   7734   7743   7737   7738   7736   7739
6   7734   7735   4377   4390   7742   7743
4   7735   7745   4389   4377
5   7736   7738   5380   5370   5715
4   7736   5715   5710   7739
8   5380   7738   7737   7742   4390   4391   7740   5379
3   7737   7743   7742
4   5705   5708   7741   7744
6   7740   4391   4389   7745   7744   7741
6   7740   7741   5708   5701   5381   5379
3   5381   5701   5382
6   7780    686    695   7782    213    218
9   7780    222    225   7779   7781   6308   6311    680    686
3   7780    218    222
4    678    694    214    220
5    678    220    234   7783    681
4    697    216    214    694
6    697    677   6308   7781    215    216
4    681   7783   7782    695
4   7781   7779    219    215
3    680   6311    683
4    213   7782   7783    234
3    219   7779    225
9   7785   7792   7786   7784   4387   4381   6343   7795   7794
4   7787   7797   7796   7788
6   7789   6336   4388   4387   7784   7790
5   6343   6341   7796   7797   7795
4   5317   7840   7841   5319
7   5317   5325   7839   6277   6270   7836   7840
6   6270   6284   3326   3311   7838   7836
5   5768   6622   7839   5325   5324
4   7836   7838   7841   7840
3   7837   3320   3310
7   7837   6278   6277   7839   6622   3314   3320
5   7837   3310   3326   6284   6278
6   7838   3311   3308   5308   5319   7841
7   7842   7845   7846   6624   6617   6675   6665
6   7842   7844   7843   7190   7189   7845
6   7842   6665   6672   3329   3331   7844
5   7843   3335   3342   7188   7190
4   7843   7844   3331   3335
5   3329   6672   6675   6617   3332
4   6625   7188   3342   3343
4   6626   6624   7846   7202
4   7845   7189   7202   7846
5   4908   4909   7852   7851   5240
5   5241   4425   4433   4918   4907
3   5241   4907   4905
5   4433   4452   2099   2112   4918
5   7851   7852   2114    323    315
7   7851    315    313   7493   4450   4426   5240
4   7852   4909   2103   2114
5   7493   2108   2099   4452   4450
6   3898   3904   7860   7862   7861   7863
4   3765   7860   3904   3761
4   3765   3764   7862   7860
7    394   1911   7941   7950   7942   7945    388
9   5549   5566   7949   7943   7947   7951   7941   1911   1907
6   5542   7946   3608   3600   5555   5541
5   5542   1912    392    393   7946
3   5566   5556   7949
5   7942   7944   3599   3601   7945
6   7942   7950   7951   7947   7948   7944
3   7943   7948   7947
8   7943   7949   5556   5555   3600   3599   7944   7948
5    393    399   3594   3608   7946
5    399    388   7945   3601   3594
3   7950   7941   7951
7   2659   2662    238    220    678    702   6767
7   2659   6767   6768   5208   5209   7963   2658
8   2709   5417   5418    701    694    214    237   2704
6   2705   2703   7962   5200   5203   5422
6   7962   2703   2708   2660   2658   7963
4   7962   7963   5209   5200
6   2710    239    238   2662   2660   2708
3   6768   5201   5208
3   7985   7734   7739
9   7985   7986   4807   4806   7987   3016   3018   7735   7734
4   7745   7989   7988   7744
7   7745   7735   3018   3020   6178   6179   7989
7   4166   4159   8035   5655   5675   8034   8033
7   7432   7433   8056   8047   8043   8053   8055
3   7432   8055   7431
4   8044   8059   8058   8049
4   8044   8052   8045   8059
8   8044   8049   8047   8056   8054   8048   8046   8052
8   8045   8050   7194   7193   8053   8043   8058   8059
7   8045   8052   8046   8051   7844   7843   8050
3   8046   8048   8051
4   8047   8049   8058   8043
6   8048   8054   8057   7842   7844   8051
4   8050   7843   7190   7194
7   8053   7193   7189   7845   7430   7431   8055
5   8054   8056   7433   7425   8057
5   7430   7845   7842   8057   7425
7   5296   6843   6842   4460   4444   6486   5294
6   5296   5304   8081   8084   6841   6843
8   8081   5304   5305    476    232    223   8083   8082
5   8081   8082   8086   8085   8084
5   6488   7198   7200    473    478
6   6488   6486   4444   4437   7197   7198
9   7200   4454   4436   8085   8086   8087    229    233    473
6   6842   6841   8084   8085   4436   4460
4   8082   8083   8087   8086
4   8083    223    229   8087
3   7197   4437   4446
8   6179   7989   7784   7790   8088   8089   8092   6174
5   3019   4385   4377   7735   3018
5   3019   3011   8094   4376   4385
8   5006   8090   8094   3011   3021   6772   8091   4989
8   5006   5005   8089   8088   7789   6336   6337   8090
3   7789   8088   7790
5   7989   7745   4389   4387   7784
6   5005   4992   8093   8095   8092   8089
5   4396   4376   8094   8090   6337
7   6174   8092   8095   6771   3010   3020   6178
4   8091   8093   4992   4989
5   8091   6772   6771   8095   8093
3   8160   4484   4502
6   8176   8184   7840   5317   5318   8179
4   8176   8178   8185   8184
6   8176   8179   8177   6782   6785   8178
6   7840   8184   8185   8188   8187   7836
6   8177   8181   6279   6272   6784   6782
8   8177   8179   5318   5309   8190   8183   8180   8181
8   8178   6785   6784   6272   6286   6313   8188   8185
5   6277   6282   8186   8189   7839
3   8180   8183   8182
6   8180   8182   8186   6282   6279   8181
5   8182   8183   8190   8189   8186
4   6270   7836   8187   6285
5   6274   6285   8187   8188   6313
5   5325   7839   8189   8190   5309
4    612   1773   8198    618
8   5559   8200   8201   8194   8207   8197   8203   5562
8   5559   5551    617    618   8198   7947   7943   8200
4   7948   8201   8200   7943
7   7948   7947   8198   1773   1759   8194   8201
5   5551   5561   8191    609    617
7   1759   1756   8211   8212   8206   8207   8194
5   8192   8196    621    609   8191
9   8192   5554   5560   8210   8195   8202   8193   8204   8196
4   8192   8191   5561   5554
5   8193   8202   8197   8207   8206
5   8193   8206   8212   8205   8204
5   5562   8203   8209   8210   5560
3   8195   8210   8209
5   8195   8209   8203   8197   8202
7   8196   8204   8205   8199   8208    608    621
4   8199   8205   8212   8211
5   8199   8211   1756   1765   8208
4    606    608   8208   1765
7   5627   8224   8218   8222   6127   6131   5638
7   5627   3503   3502   8216   8221   8223   8224
5   8214   5730   5731   8219   8215
7   8214   3484   3504   2284   2279   5729   5730
5   8214   8215   8216   3502   3484
6   5727   5733   2291   2272   5421   6126
9   5727   6126   6130   8222   8218   8217   8220   8219   5731
4   5729   2279   2291   5733
3   5638   6131   5630
5   8215   8219   8220   8221   8216
3   6130   6127   8222
4   8217   8218   8224   8223
4   8217   8223   8221   8220
4   1946   8229   4774   1934
3   4952   8244   4949
4   1492   5811   1939   1482
7   4979    582    572   4430   8253   7429   6940
5   4980   6939   7428    743    742
4   6621   8254   4428   4429
7   6621   6624   7846   7426   7429   8253   8254
4   4430   4428   8254   8253
8   7426   7846   7202   4445   4441    734    743   7428
3   4461   4462   6623
6   8270   8285   8284   8279   8283   8273
3   8270   8282   8285
7   8270   8273   8280   8281   8276   8286   8282
6   7354   5244   4977    574    587   8295
3   5242   6536   5245
8   4134   4954   6959   4490   4496   8303   4029   4024
5   4500   8305   8302   8303   4496
9   4500   4501   7387   8307   8309   3610   3625   8308   8305
6   4129   4133   3613   3478   3490   4946
6   4133   4017   4035   8304   3617   3613
5   3475   3610   8309   6958   3491
6   8303   8302   8306   8304   4035   4029
4   6957   6961   8307   7387
5   8304   8306   8308   3625   3617
4   8305   8308   8306   8302
4   6961   6958   8309   8307
4   8310   6998   6996   8315
5   8310   4662   4660   6995   6998
6   8310   8315   6776   6775   4653   4662
11   6996   6997   6344   6346   7796   7797   8313   8317   6779   6776   8315
6   6995   4660   4659   6332   6345   6991
3   6778   6779   8317
8   6778   8317   8313   8318   8316   8312   8311   6781
6   6775   6781   8311   8314   4650   4653
3   8311   8312   8314
8   8312   8316   4386   4380   6332   4659   4650   8314
4   8313   7797   7795   8318
6   4386   8316   8318   7795   6343   4378
3   7796   6346   6341
4   6345   6344   6997   6991
4   2991   2990   8323   7060
9   2990    422    424   8326   8328   8327   8325   8321   8323
8   6304   8330   8333   6360   6363   8334    696    684
7   6304    679    690   4326   1188   1197   8330
8   6362   6360   8333   4332   4330   8335   8336   8331
4   6362   8331   8334   6363
5   8330   1197   1196   4332   8333
7   8331   8336   8332   7782    695    696   8334
6   7782   8332   8335   4330   4323   7783
3   8332   8336   8335
5   4324    693    681   7783   4323
6   5299   6712   3037   3035   2706   2701
5   5299   5306   8368   6707   6712
9   3039   6707   8368   8369   8370   2098   2097   4193   3030
4   8369   8368   5306   5295
9   8369   5295   3604   3606   1667   1675   2077   2079   8370
3   3606   1668   1667
6   2077   1675   1663   3030   4193   2086
3   2098   8370   2079
3   2110   2109   8372
7   2110   8372   2881   2888   8371     63     62
5   2102   2101   4912   1363   1359
6   2102   1359   1353   2881   8372   2109
4     48     39   6339   4919
6   4906   5678   2887   1365   1361   4914
4   1363   4912   4914   1361
6   2888   2889   8090   6337   6330   8371
4   6333   4904   4919   6339
4   8371   6330     57     63
6   2880   6334   4395   4376   8094   2879
4   2889   2879   8094   8090
5   6716   6709   5168   4703   4695
7   6716   4695   4700   8403   4317   4316   6713
6   6713   4316   4197   4199   5168   6709
7   4317   8403   4698   4697   8402    602    595
5   4702   5169   8404   8402   4697
6   8402   8404   8405   4196    603    602
3   4700   4698   8403
4   8404   5169   5167   8405
4   4196   8405   5167   4195
6   8317   8414   8409   5375   5378   6778
3   8317   8313   8414
4   6781   5377   5366   8311
7   5701   5381   5368   8407   8411   8408   5725
5   5368   5375   8409   8413   8407
8   8318   8316   8410   7740   7741   8408   8411   8412
6   8318   8412   8413   8409   8414   8313
4   8407   8413   8412   8411
3   8312   8410   8316
6   8312   8311   5366   5379   7740   8410
4   8408   7741   5708   5725
6   6902   8423   6487   6489    725    733
5   6902   6901   7199   7191   8423
5   6488   6487   8423   7191   7198
7   7197   7199   6901    732    728   4442   4437
6   6486   4444   4447    741    725   6489
4   6543   8436   3760   3752
4   7258   6763   1173   1170
4   7258   1170   1176   7255
5   6764   7253   6315    692    689
7   7253   7255   1176   1182   8444   6314   6315
4   6309   6314   8444   8443
5   6309   8443   8442   8330   6304
4   8330   8442   1185   1197
5   8442   8443   8444   1182   1185
3   8463   8469   8468
8   6366   6365   4074   4072   8467   8466   8468   8469
5   3904   7860   8470   4704   3905
9   6912   2785   2780   8471   7861   7863   4701   4698   8403
6   6912   8403   4700   4704   8470   6909
4   3898   3900   4701   7863
5   8470   7860   7862   6911   6909
5   8471   6910   6911   7862   7861
4   8471   2780   2770   6910
4   4163   4172   8491   8490
7   4331   2661   2670   8491   4172   4166   8033
5   8490   8491   2670   2669   4336
7   4126   8519   6229   6227   2648   2631   4125
5   8567   8325   8327   8570   8569
6   8436   6543    887    888   8586   8585
4    896   6862   8586    888
4   3245   3244    872    870
4   4317   8403   6912   4314
8   4857   8618   8619   2842   2846   8620    986    973
4   4655   5862   2042   2047
8   2054   2055   5737   5736   5861   4664   4654   4151
5   5735   5734   2045   2042   5862
4   2055   2045   5734   5737
3   4654   4155   4151
7   8212   8628   8627   8334   8331   8624   8211
3   8212   8206   8628
3   8624   8331   8336
6   8624   8336   8332   1764   1756   8211
4   8625   8207   8194   8629
8   8625   7780    686    685   8627   8628   8206   8207
6   8625   8629   8626    221    218   7780
7   8332   7782    213    221   8626   1760   1764
5   8626   8629   8194   1759   1760
4   8627    685    696   8334
4   6500    440    437   6499
4   6500   3015    441    440
5   3012   2500   2491   6502   8634
5   3012   8634    442    446   3009
5    442   8634   6502   6499    437
8   1038   8652   8649   8651   5695   1362   1374   1027
10   7657   8655   1369   1356   8651   8649   8654   8650   8648   7656
4   1356   1368   5695   8651
6   8649   8652   6191   6196   8653   8654
3   8650   8654   8653
5   8659   3437   3441   5289   5286
5   1665   5951   8679   3041   1678
5    978   3034   5956   5954    972
5   5951   5956   3034   3032   8679
3   3032   3041   8679
7   1677   3033   8680    958    972   5954   1664
4    964    984   8680   3033
3    984    958   8680
4   5043   8703   7485   5035
7   5043   5028   6600   6607   8706   8704   8703
5   5771   8719   8721   6616   5772
5   6616   8721   8722   8718   6618
4    722    726   8053   8055
7    722   8055   7432   3544   3545   6231    729
7   5547   5545   5565   8043   8053    726    730
5   8757   1172   1178   5264   8758
4   1195   6049   5262   1181
6   1195   1189   3951   5288   6050   6049
3   6165   8767   6167
6   1036   8776   6208   6209   8652   1038
3   6191   8652   6209
4   6867   8834   3597   3595
6   6867    480    477   6900   6899   8834
5    482    481   6865   8835   8832
9    482   8832   8201   8200   7949   5556   5557   6900    477
5   7944   8833   6866   3602   3599
6   7944   7948   8201   8832   8835   8833
3   8200   7943   7949
4   6866   8833   8835   6865
6   3600   3597   8834   6899   5558   5555
5   7130   7132   8721   8719   8840
4   7135   8722   8721   7132
3   8842   8843   8844
4   4158   8857   8035   4159
3   8276   8281   8904
5   8179   8176   8908   8912   8907
6   8179   8907   6992   6994   5314   5318
5   6870   5303   5297   6487   8423
5   6870   8423   7191    471    469
4   7201   7200    473    479
3   7201    479    470
6   2041   2048   4150   8918   8916   8917
5   2041   8917   8920   8921   2051
5   8916   8084   8081   8920   8917
5   8916   8918   8915   8085   8084
5   8918   4150   4154   8919   8915
7   2052   2051   8921   8082   8086   8919   4154
4   8081   8082   8921   8920
4   8085   8915   8919   8086
5   2668   8282   8286   4342   2666
6   2668   2667   8988   8990   8285   8282
7   8989   8988   2667   2665   4331   8033   8034
3   8285   8990   8284
6   4385   4392   5860   2483   2501   3019
5   4807   4815   9033   9032   7986
4   9033   4815   4816   9036
6   9033   9036   2486   2505   9035   9032
8   2489   2486   9036   4816   4808   9034   3008   3006
4   4806   7987   9034   4808
4   7986   9032   9035   7985
4   3016   3008   9034   7987
6   2505   2482   7743   7734   7985   9035
5   7743   2482   2492   5863   7742
5   7742   5863   5864   4394   4390
4   5864   5860   4392   4394
4   6364   6353   7278   9039
5   6364   9039   9038   5034   5037
6   5038   5931   5932   9037   9040   5040
5   5038   5034   9038   5924   5931
5   9037   7277   5048   5049   9040
4   9037   5932   5925   7277
6   5924   9038   9039   7278   7279   5929
3   6355   5041   5042
3   5929   7279   5935
3   5049   5040   9040
7   6124   5741   5578   5577   7463   9052   7704
7   6962   4948   4952   8244   3650   3653   7604
7   3653   3657   9055   9054   7465   7470   7604
8   3650   8244   4949   4955   5746   5743   6122   3654
6   9052   9053   9055   3657   3659   7704
5   9052   7463   7465   9054   9053
3   4958   5746   4955
3   9053   9054   9055
4   7949   8200   5559   5566
5   1911   1910    619    611   7941
3   7947   7951   8198
6    619   1910   1908   5539   5551    617
5   8198   7951   7941    611    618
4   9056   9057   2933   2936
5   9056   2653   2667   8988   9057
6   9056   2936   2719   2708   2660   2653
3   2658   7963   2657
10    983    984   8680   2941   2929   8990   8285   8270   9058   4853
4   2703    977    971   7962
5   8990   2929   2933   9057   8988
5   8282   2668   2654   9058   8270
4   2941   8680   3033   2943
8   7962    971    987   4853   9058   2654   2657   7963
5   1760   1768   8833   8835   8626
5   2664   4175   4174   8491   2670
9   2664   2663    235    236   6868   1770   1769   4173   4175
4   8490   6845   4341   4336
10   8490   8491   4174   4173   1769   1764   8332   8335   6848   6845
7   2663   2656   4327   4323   7783    234    235
5   1768   1770   6868   6866   8833
5    221   8626   8835   6865    224
4   4328   6848   8335   4330
4   9119   7946   3608   3607
6   9119   9120   5392   5391   5542   7946
9   9119   3607   3597   8834   9121   6223   5399   5394   9120
4   6899   6898   9121   8834
3   9120   5394   5392
5   9121   6898   5548   5543   6223
3   1785   3619   1800
7   1785   1793   2486   9036   9136   3626   3619
7   7059   9140   9139   3725   2987   2983   7062
3   2985   7062   2983
6   2655   2657   7963   5209   5204   9173
7   2655   9173   5572   5573   9174   9058   2654
4   4852   9174   5573   4854
4   4852   4853   9058   9174
6   7962    971    989   4855   5205   5200
4   9173   5204   5206   5572
6   5739   9199   9201   6679   5866   5738
4   5739   5728   9200   9199
4   5689   9198   5732   5690
4   5689   5684   9197   9198
8   5732   9198   9197   9205   9202   9206   9200   5728
6   9197   5684   5683   9203   9204   9205
7   9199   9200   9206   9207   6833   6836   9201
7   6679   9201   6836   6832   9204   9203   6677
4   5688   6677   9203   5683
3   9202   9207   9206
6   9202   9205   9204   6832   6833   9207
5   2073   4653   6775   6777   2072
3   4650   4656   8314
3   9247   9249   9248
8   9247   4657   2065   2059   9250   7388   7390   9249
8   9247   9248   5373   5366   8311   8314   4656   4657
4   6786   2062   2072   6777
5   2059   2038   6765   7257   9250
7   5373   9248   9249   7390   7389   5533   5369
8   5376   5365   5533   7389   7388   9250   7257   6787
6   8767   6165   6158   9259   9256   9253
4   5552   8058   8043   5565
8   1765   1762   4162   9287   8463   8468   9289   8208
4   8466   9290   9289   8468
5   5952   1670   1671   9301   6949
5   5954   5953   9302    962    972
5   2928   9303   9301   1671   1674
7   2928   2941   8680    958    962   9302   9303
6   5953   5960   6949   9301   9303   9302
3    431   8326    424
6    556    536   3594    399    405   5851
6   7945   3601    545    550   9311   9310
3   9310   9311   9309
3   4126   8519   4122
5   5166   4121   4120   9313   9312
6   5166   9312   6222    731    744   5165
6   8519   6229   6226   9313   4120   4122
4    744    745   4984   5165
4   6222   9312   9313   6226
3   9310   7942   7945
4   9310   9309   7950   7942
5   9315   8620   2846   2845   9320
5   9325   9326   1531   1530   6627
6   9325   9324   9327   5813   5818   9326
7   9325   6627   6633   8223   8217   9328   9324
4   6636   6637   5822   5821
7   6636   5821   5813   9327   8224   8223   6633
5   5818   5817   1540   1531   9326
5   1540   5817   5822   6637   1528
5   9327   9324   9328   8218   8224
3   8218   9328   8217
6    799    809   9348   9205   9197   1695
5   5683   9203    882    890   5679
8    890    893   6860   1691   1695   9197   5684   5679
4   6860    893    891   6857
9    880   9347   9204   9205   9348    801    798   6857    891
3    880    898   9347
3    801   9348    809
5   9203   9204   9347    898    882
9    809    810   1710   8222   6130   6129   9206   9202   9348
6    808    801   9348   9202   9207   6714
4   3043   4322   4311   3042
4   3043   3045   4321   4322
5   6129   6128   6714   9207   9206
9   4321   3045   3044   6127   8222   1710   1692   7251   4320
4   2788   7251   1692   1708
6   3032   3043   4322   1215   1231   8679
3   4316   4312   6713
6   3030   3041   8679   1231   1227   4193
5   5168   6709   6707   8368   5164
5   8369   9365   5170   5164   8368
3   8369   8370   9365
6   2075   4200   5170   9365   8370   2098
4   5534   5532   9373   9376
7   6499   6501   1375   1371   2878    443    437
8   9381   8776   1036   1027   1374   1375   6501   6505
4   3341   3339   6608   5930
3   3318   3317   5937
6   5928   5930   6608   6600   5028   5032
6   2487   6502   8634   2872   2885   2497
4   4392   5860   4663   4384
6   2872   8634   3012   3011   8094   2879
10   9259   6163   6155   9418   9037   7277   7281   9421   9420   9256
9   4911   5239   6837   6838   9347    898    897   9441   4916
9   4907   4917   9444   9442   9440   6834   6837   5239   5241
4   9440   9201   6836   6834
6   9440   9442   9443   6678   6679   9201
7   4913   4915   9441    897    882   9203   6677
3   9441   4915   4916
3   9442   9444   9443
5   9443   9444   4917   4910   6678
4   6838   6832   9204   9347
4   1669   2896   2940   1683
7   9119   5854   2898   1673   1667   3606   3607
5   9119   7946    393    406   5854
4   4337   9455   9456   4339
7   4337   4338   6568   6587   9452   9453   9455
6   8659   4335   4339   9456   3449   3437
6   3442   3444   9452   6587   6581   9454
4   9452   3444   3448   9453
5   9453   3448   3449   9456   9455
6   6587   6588   9463   7468   7469   9452
6   3446   3444   9452   7469   7464   6741
4   3442   3439   6731   9454
7   9454   6731   6735   9054   9053   6584   6581
4   9463   9052   7463   7468
5   9463   6588   6584   9053   9052
5   6735   6733   7471   7465   9054
5   9480   6357   6368   3937   3949
6   3788   3778   7533   5812   5821   6636
3   3790   3789   5483
5   3492   3502   8216   5489   5482
3   3492   5482   3493
5   5488   5483   3789   3778   7533
5   6633   5481   5490   8221   8223
4   5625   9327   8224   5627
4   5625   5636   5813   9327
3   5823   5637   5635
4   5489   8216   8221   5490
8   5693   9497   9492   6628   6632   9502   9496   5686
9   5693   5691   9495   8649   8652   6209   6197   9500   9497
5   9492   9501   9493   6638   6628
4   9492   9497   9500   9501
5   9493   9501   9500   6197   6192
4   9493   6192   6204   6638
8   9494   9499   8653   8654   9495   5691   5686   9496
5   9494   9498   6210   6213   9499
4   9494   9496   9502   9498
3   9495   8654   8649
5   9498   9502   6632   6203   6210
4   9499   6213   6196   8653
8   7744   7741   8408   9506   7785   7792   9505   7988
4   7795   7794   8412   8318
5   7784   7989   7988   9505   7786
4   4393   8410   7740   4391
4   4393   4386   8316   8410
3   7786   9505   7792
3   8408   8411   9506
5   7785   9506   8411   8412   7794
5   8254   3190   3178   4440   4428
6   5346   5335   9515   1943   1945   9511
4   5346   9511   9518   5349
5   9512   9513   9514    965    966
9   9512    976    975   9518   9511   1945   1940   9517   9513
3   9512    966    976
4   9513   9517   9516   9514
6   9514   9516   9515   5335    968    965
5   9515   9516   9517   1940   1943
4    975    967   5349   9518
4   4173   2248   1763   1769
5   1772   3598   3603   6868   1770
5   9056   2936   2935   2251   2247
6   9056   2247   2258   4175   2664   2653
4   2662   2663    235    238
5    871   6542   7343   9520    873
5   2443   3245    870    879   2447
5   2447    879    873   9520   2449
5   8035   5655   5676   9534   8857
8   2259   4158   8857   9534   9533   9057   9056   2247
3   8491   4172   4174
4   8988   9057   9533   8989
6   9533   9534   5676   5675   8034   8989
6   4774   8229   9511   9518   4308   4294
7   2283   9551   9553   2496   2503   5729   2279
6   2283   2275   5424   9552   9550   9551
6   2045   2039   2290   2291   5733   5734
8   5862   2494   2493   9549   9550   9552   2071   2042
4   2493   2496   9553   9549
4   5424   2070   2071   9552
4   9549   9553   9551   9550
5   7130   8840   5770   5776   7137
5   3438   6050   5288   5289   3441
4   5264   5257   9578   8758
5   8634   2872   2878    443    442
3   5681   6503   5682
5   1373   5682   6503   6501   1375
4    227   9593   9595    217
12    227    225   7779   9596   9594   5936   5926   9600   9601   8202   8197   9593
4   9038   9039   8627   8628
8   9038   8628   8206   8193   9599   9600   5926   5924
5   9593   8197   8207   8625   9595
5    222    217   9595   8625   7780
5   7779   7781   9598   9597   9596
11   9594   9597   9598   6310   6311    680    688   7273   7279   5929   5936
3   9594   9596   9597
4   8193   8202   9601   9599
4   6308   6310   9598   7781
6    685   8627   9039   7278   7273    688
3   9599   9601   9600
4   5629   9516   9515   5632
4   5629   5628   9514   9516
4    970    965   9514   5628
4   5333   5632   9515   5335
7   7134   7494   3195   3196   8718   8722   7135
5   8659   4335   3940   3952   5286
3   4339   9456   4334
7   3445   6049   1195   1194   4334   9456   3449
7   9649   8618   4857   4858   9650   8273   8283
6   6120   6582   6591   9650   4858   4850
5   8280   8273   9650   6591   6566
4   6906   8586   6862   6861
4   6906   6907   8585   8586
4   2430   2433   1224   1223
4   8920   8917   9662   9661
7   8920   9661   5427   5420   5307   5304   8081
6   8916   9440   9201   9199   9662   8917
5   8916   8084   6841   6834   9440
7   9661   9662   9199   9200   6125   5428   5427
4   6714   9207   6833   6718
5   5299   6712   6719   6843   5296
4   6125   9200   9206   6129
4   2892   2437   2091   2094
7   2892   1680   1666   5955   6950   2434   2437
4   5951   8679   1231   1225
3   1675   1685   2077
6   9315   9303   9302    985    986   8620
6   5953   5961   6952    957    985   9302
6    957   6952   4309   4308   9518    975
5   9665   9667   9668   8842   8843
8   9665   4493   4482   7736   7739   7985   9035   9667
6   9665   8843   8844   9666   4497   4493
10   4485   4497   9666   9668   9667   9035   2505   2504   9669   7386
4   9666   8844   8842   9668
7   7391   9249   9248   7738   7736   4482   4498
9   7391   7385   9669   2504   2482   7743   7737   9247   9249
4   9247   7737   7738   9248
3   9669   7385   7386
5   9421   7281   7280   9681   9678
6   9674   8443   6309   6303   7274   7275
3   9675   6307   6305
8   9675   9679   8321   8325   8567   9680   6312   6307
7   9675   6305   6314   8444   9677   9676   9679
6   7274   6303   6312   9680   9681   7280
6    884   6538   6905   6906   8586    888
4    869    874   6840   6540
7    802   6835   6840    874    891   6857    797
4   6539   6839   6905   6538
3    893    895   6860
7   6987   6989   9694   9693   9695   8182   8183
6   6987   8183   8190   5315   5316   6986
4   7139   9692     61     60
9   7139   7138   5323   5315   8190   8189   9693   9694   9692
5     59     61   9692   9694   6989
6   6986   5316   5323   7138     35     58
4   9693   8189   8186   9695
3   8182   9695   8186
9   9706   9313   9312   9365   8370   2079   2090   2891   5850
4   5170   9365   9312   5166
5   6271   6275   9597   9598   6306
5   6303    682    688   7273   7274
3   9598   6310   6306
8   5939   3315   3326   6284   6285   8187   9681   7280
4   8187   8188   9680   9681
5   6278   7837   9594   9597   6275
5   3325   5936   9594   7837   3310
4   6312   9680   8188   6313
4   1369   8655   2450   1355
3   7494   7134   7131
3   7383   7388   9250
5   7383   9250   7257    669    661
5   7389   3968   3971   5531   5533
5   6774   2992   2993   9745   7256
4   7256   9745   9746   7254
4   9745   2993   2984   9746
9   7254   9746   2984   2988   3724   3978    675    676   7259
6   5531   3971   3972   3723   3000   3001
3    676    670   7259
6   2655   9173   9759   9455   4337   2650
4   7702   6570   6588   9463
9   7702   9463   7468   5576   5573   9174   9650   6591   6592
5   6566   8280   8281   8904   6589
4   9759   9760   9453   9455
6   9759   9173   5572   5575   7461   9760
7   8904   8276   8286   4342   4338   6568   6589
5   7461   7469   9452   9453   9760
5   9650   9174   9058   8270   8273
4   7702   7704   9052   9463
3    579    587   8295
8    579   8295   7354   7353   7851    315    321    575
4   5240   7851   7353   5243
3    575    321    331
3   7493   4450   4431
4   7426   7846   7845   7430
3   6897   7199   6901
5   8053   7193   6894    735    726
5    722    743   7428   7431   8055
7   6905   6538   3762   3765   7860   8470   6908
6   4704   4696   6710   6708   6908   8470
6   7275   6356   6361   9783   9784   9674
5   9782   9783   6361   6357   9480
3   9782   9784   9783
5   5269   5268   8648   7656   7648
7   5269   7648   7657   8655   2450   2445   3238
5   5268    883    892   8650   8648
4   9789   8651   8649   9495
7   9789    889    879   2447   1354   1356   8651
6   9789   9495   8654   8650    892    889
3    877   9441    897
8    877    873   9520   1364   1361   4914   4915   9441
4   9789   5685   5695   8651
5   9789    889    890   5679   5685
4   2449   1352   1364   9520
8   8284   8990   2929   2937   9320   2845   2844   8279
4    217    212    483   9595
7    475   6904   6903   7192   9593   9595    483
4    475    474   6896   6904
5   7201    479    228    226   7195
5   7192   7195    226    227   9593
3   6762    663    660
9   6762   6766   9759   9760   7466   7462   5117    666    663
9   5258    657    674   7467   7466   9760   9453   3448   3436
7    676    655   5263   1177   1170   7258   7259
6   9455   9759   6766   4340   4334   9456
7   6279   8181   8310   4662   2063   2064   6283
8   4152   4660   6995   6999   8180   8182   9695   4157
6   4157   9695   8186   6282   6281   4156
4   4156   6281   2068   2053
5   6998   8310   8181   8180   6999
3   2049   6283   2064
5   6956   7243   9513   9512   6954
4   8229   9511   1945   1946
6    976    957   6952   6951   6954   9512
5   7243   1947   1944   9517   9513
3   9517   1944   1940
5   9315   9320   2937   2928   9303
5   6363   6364   9039   8627   8334
9   8703   7485   4073   4072   8467   9290   9289   8199   8205
7   8703   8205   8212   8628   9038   5034   5043
7   8211   8199   9289   8468   8469   9810   8624
4   6366   6358   9810   8469
5   8331   8624   9810   6358   6362
3   8466   9290   8467
5   3492   5482   5486   3621   3486
7   1933   7246   1712   1693   9325   9326   1949
5   6627   9325   1693   1694   6634
4   1692   1712   7246   7251
5   5323   5322   5776   7137   7138
4   8719   8840   5770   5771
3   5309   5315   8190
7   8189   9693   9827   4434   4449   6622   7839
7   7139   7132   8721   6616   4456   4451   9692
5   4451   4434   9827   9694   9692
3   9693   9694   9827
5     11     22   5534   9376   5721
3   8619   8618   9649
5   6197   6208   8776   9381   9500
6    483   9595   8625   8629   8832    482
4   8832   8629   8626   8835
7   3973   7381   7382   9373   5532   5531   3971
6   2282   5120   9856   9550   9551   2281
3   2283   2281   9551
3   9550   9856   9552
4   5118   2278   2277   5425
6   5118   5425   5424   9552   9856   5120
4   6986   5316   5314   6994
8   4150   4151   4654   4658   6680   9443   9442   8918
7   4432   9863   8915   8918   9442   9444   4453
9   4432   4455   9827   9693   9695   4157   4153   9864   9863
4   6987   6999   8180   8183
11   6680   6338   6331   6990   6989   9694   9827   4455   4453   9444   9443
3   4659   6332   4665
4   8915   9863   9864   8919
4   8919   9864   4153   4154
4   6331   6345   6991   6990
8   6489   5302   5306   8368   5164   5165    744    725
4   6716   6711   4699   4695
3   4460   4459   6842
5   5728   5727   6126   6125   9200
5   5731   5732   9198   9865   8219
6   9198   9197   1695   1707   9866   9865
4   1707   1706   9867   9866
5   8219   9865   9866   9867   8220
6   9867   1706   1711   9328   8217   8220
5   9328   1711   1710   8222   8218
3   9205   9202   9348
9   3340   3335   7843   8050   8209   8195   9601   9600   6602
5   8706   6607   6602   9600   9599
5   8050   8045   9879   8210   8209
7   8198   7951   7950   9309   9311   1757   1773
4    543   1757   9311    550
5   9140   9139   9578   8758   8757
7   9140   8757   1172   1190   9882   7056   7059
6   7062   7056   9882   9746   2984   2983
6   9746   9882   1190   1176   7255   7254
6   3719   5261   5257   9578   9139   3725
4   9037   9418   5933   5932
4   5931   5928   5032   5038
4   6155   5927   5933   9418
4   8703   8205   8204   8704
5   5926   5930   6608   6602   9600
5   8204   8193   9599   8706   8704
6   6893   8203   8209   8050   7194   6892
4   6893   5553   5562   8203
5   5563   5564   8059   8045   9879
4   5563   9879   8210   5560
4   8059   5564   5552   8058
6   4451   9692     61     51   2099   4452
5   8718   6618   6620   3188   3196
5   6620   6621   8254   3190   3188
4   9325   1693   1713   9324
7   6632   5492   5490   8221   8220   9867   9502
6   9502   9867   1706   1696   9908   9498
6   9908   1696   1694   6634   6202   6211
4   9908   6211   6210   9498
4   9328   9324   1713   1711
4   4887   6344   6997   4881
6     34     50   6990   6331   6339   4919
3     28     36   4882
5   5398   6226   9313   9706   5396
4   5853   5854   9119   9120
9   6222   9312   9365   8369   5295   5301   6869   9121   6223
4   6869   6867   8834   9121
6   5850   9706   5396   5394   9120   5853
6   8912   8908   8414   8313   7797   7787
9   8312   8410   4393   4394   5864   5865   4652   4656   8314
3   4652   5865   4651
5   1489   1485   1949   9326   5818
6   9173   9759   6766   6768   5208   5204
5   2659   6767   4333   4325   2649
4   8310   8181   8177   8315
6   6996   8315   8177   8179   8907   6988
3   8907   6992   6988
4   9867   9866   9496   9502
3   9908   1690   1696
6   9908   9498   9494   6858   1697   1690
6   1700   6858   9494   9496   9866   1707
6    886    892   8650   8653   9499   6859
6   1699   1698   6859   9499   6213   6212
7   8176   8178   6783   6779   8317   8414   8908
10   8326    431    430   5374   6783   8178   8185   8569   8570   8328
6   9951   8083    223    216    697    700
6   9951   2066   2069   6269   8087   8083
5   9951    700    698   2067   2066
8    215    229   8087   6269   6276   6306   9598   7781
6   5739   5737   2055   2044   9662   9199
5   2057   5419   9661   9662   2044
3   5419   5427   9661
6   7256   9745   9954   9679   9675   7252
4   9953   9676   9679   9954
6   9953   9882   1190   1191   9677   9676
5   9953   9954   9745   9746   9882
5   7252   9675   6305   6315   7253
4   8444   9677   1191   1182
4   3626   9136   8308   3625
4   8917   9662   2044   2041
4   9951   8921   2051   2066
8   9951    700    699   5426   5419   9661   8920   8921
6   1943   1939   5811   5631   5632   9515
6   8490   6845   6844   9287   4162   4163
5   6346   4892   4897   7788   7796
6   8469   8463   9287   6844   6847   9810
6   9810   6847   3935   3937   6368   6358
4   2493   9549   9669   2504
3   9249   7391   7390
7   9552   2071   2059   9250   7383   7384   9856
7   9247   4657   4652   5865   5863   7742   7737
6   7385   9669   9549   9550   9856   7384
6   1788   8214   8215   9963   9962   1787
7   1788   1789   8309   6958   3494   3484   8214
5   3610   8309   1789   1785   3619
6   3620   9962   9963   5487   5486   3621
4   3620   1790   1787   9962
5   5489   5487   9963   8215   8216
3   9421   9678   9420
7   6988   8907   8912   7787   7788   4897   4898
8   9596   9594   7837   3320   3328   3342   7188   7196
6   9596   7196   7195    226    219   7779
6   7192   6895   6893   8203   8197   9593
3   8202   8195   9601
6   7736   5715   5716   8160   4502   4482
3   9035   9667   9032
4   6231   6232   3552   3545
5   8567   8569   8185   8188   9680
8   9253   9256   9420   9678   9681   8187   7836   7838
4     23   5371   5372     26
8   7382   9373   9376   5721   5716   8160   4484   4499
4   7738   5380   5373   9248
7   6505   1795   1797   9969   9497   9500   9381
5   1787   9962   9970   9969   1797
4   9969   9970   9492   9497
7   7942   7944   8833   1768   1757   9311   9310
6   6870   6869   9121   6898   6902   8423
4   4497   4500   8305   9666
4   9882   7056   7057   9953
9   7196   4457   4458   9863   9864   6273   6275   9597   9596
6   8086   8087   6269   6273   9864   8919
5   8085   8915   9863   4458   4436
4   8177   6782   6776   8315
3   8178   6783   6785
3   9302    985    962
6   9649   8619   2842   2844   8279   8283
4   4858   9650   9174   4852
4   9674   8443   8442   9784
4   8333   6360   6361   9783
5   8333   9783   9784   8442   8330
4   8918   8916   9440   9442
3   6678   6680   9443
4   6900   6904    475    477
5   7060   7057   9953   9954   8323
5   9745   2993   2990   8323   9954
6   1185   1183   3938   9782   9784   8442
6   9783   9782   3938   3941   4332   8333
7   6954   9512    966    980   3034   5956   5958
6   5425   5118    665    663   6762   5423
3   7466   7461   9760
3   6908   8470   6909
6   9253   8767   6167   3306   3311   7838
3   9259   6163   6158
6   8309   1789   1794   2496   9553   8307
7   9036   9136   8308   8305   9666   9668   9033
6   8307   9553   9549   9669   7386   7387
4   9668   9667   9032   9033
5   4156   6281   6273   9864   4153
4   8921   8082   8083   9951
4   7353   7851   7852   7347
11   7246   1712   1713   9324   9327   5625   5629   9516   9517   1944   1938
4   6280   6272   6784   6773
6   6280   6773   6777   2072   2064   6283
3   9827   4434   4455
3   4458   9863   4432
5   6212   6211   9908   1690   1699
4   8629   8832   8201   8194
8   7343   7347   7852   4909   4912   1363   1364   9520
4   1788   1784   5730   8214
6   8307   6961   2292   2281   9551   9553
4   9499   9494   6858   6859
5   4903   4916   9441    877    878
4   4438   4443   6837   5239
5   4917   9444   4453   4433   4918
7   6911   7862   3764   3760   8436   8585   6907
4   9954   8323   8321   9679
5    874    880   9347   6838   6840
7   6307   9675   7252   6780   6773   6280   6287
3   8327   8570   8328
8   9969   5694   5692   9865   8219   8215   9963   9970
6   9969   1797   1798   6503   5682   5694
3   9970   9963   9962
4   5692   5689   9198   9865
4   6737   6740   3980   3977
3   8208   8199   9289
6   9810   8624   8336   8335   6848   6847
6   6628   5493   5487   9963   9970   9492
4   5693   9497   9969   5694
5   9865   9866   9496   5686   5692
4   3949   9480   9782   3938
4   5685   9789   9495   5691
4   9856   7384   5122   5120
11   1220   1232   7243   9513   9514   5628   5638   6131   3031   3045   4321

